<?xml version="1.0"?>
<!DOCTYPE vortaro SYSTEM "../dtd/vokoxml.dtd">

<vortaro>
<art mrk="$Id: a1.xml,v 1.20 2019/03/03 19:10:17 revo Exp $">
<kap>
  <ofc>*</ofc><ofc>7</ofc><rad>a</rad> <fnt> <bib>PV</bib></fnt>
</kap>
<drv mrk="a1.0.vokalo">
  <kap><tld/></kap>
  <uzo tip="fak">LIN</uzo>
  <uzo tip="fak">GRA</uzo>
  <uzo tip="fak">FON</uzo>
  <snc>
     <dif>
        La unua <ref tip="super"
        cel="liter.0o.propra">litero<sncref/></ref>, de la
        Esperanta alfabeto:
      <ekz>
        A (minuskle a) estas la unua litero de la latina alfabeto, kaj
        de preska&ubreve; &ccirc;iuj alfabetoj 
        devenintaj de la latina, inkluzive de la esperanta alfabeto
        <fnt>
          <bib>Viki</bib>
          <lok><url
          ref='https://eo.wikipedia.org/?curid=8850'>A</url></lok>
        </fnt>
      </ekz>; cetere unu el la kvin <ref tip="super"
      cel="vokal.0o">vokaloj</ref>; 
        kaj uzata i.a. kiel:
     </dif>
     <subsnc>
       <uzo tip="fak">MUZ</uzo>
       <dif>
       (maj.) nomo de la sesa tono de la C-ma&jcirc;ora
       gamo (440 Hz; absolut-solfe&gcirc;a la), konvencie uzata kiel bazo por
       agordi instrumenton kaj por kunagordi la instrumentojn de
       orkestro:<ekz> <tld lit="A"/> bemola
       <fnt>
          <bib>Viki</bib>
          <lok><url ref='https://eo.wikipedia.org/?curid=259'>Anton&iacute;n
          Dvo&rcaron;&aacute;k</url></lok>
        </fnt>, diesa</ekz>;
       </dif>
       <trd lng="ca">la</trd>
       <trd lng="da">a<klr> (tone)</klr></trd>
       <trd lng="es">la</trd>
       <trd lng="fr">la</trd>
       <trd lng="nl">la<klr> (muzieknoot)</klr></trd>
     </subsnc>
     <subsnc>
       <uzo tip="fak">KEM</uzo>
       <dif>
       (maj.) simbolo de argono &gcirc;is 1957:<ekz> <tld
       lit="A"/></ekz>;
       </dif>
       <trd lng="ca">arg&oacute;</trd>
       <trd lng="es">arg&oacute;n<klr> (desde 1959 Ar)</klr></trd>
       <trd lng="fr">argon</trd>
       <trd lng="nl">argon</trd>
       <trd lng="no">argon</trd>
     </subsnc>
     <subsnc>
       <uzo tip="fak">ELE</uzo>
       <dif>
       (maj.) simbolo de ampero:<ekz> <tld lit="A"/></ekz>;
       </dif>
       <trd lng="ca">A<klr> (ampere)</klr></trd>
       <trd lng="da">A<klr> (Ampere)</klr></trd>
       <trd lng="es">Amperio</trd>
       <trd lng="fr">Amp&egrave;re</trd>
     </subsnc>
     <subsnc>
       <uzo tip="fak">TIP</uzo>
       <dif>
       (maj.) kodo de normigitaj formatoj de folioj: <ekz><tld
       lit="A"/>4
       (297 &#215; 210 mm)</ekz>;
       </dif>
       <trd lng="ca">A4</trd>
       <trd lng="da">A4</trd>
       <trd lng="es">A4</trd>
       <trd lng="fr">A4</trd>
       <trd lng="nl">A4</trd>
       <trd lng="no">A4</trd>
     </subsnc>
     <subsnc>
       <uzo tip="fak">GEOG</uzo>
       <dif>
       (min.) simbolo de aro: <ekz><tld/></ekz>;
       </dif>
       <trd lng="ca">&agrave;rea<klr> (unitat de superf&iacute;cie)</klr></trd>
       <trd lng="da">ar<klr> (fladem&aring;l)</klr></trd>
       <trd lng="es">&aacute;rea<klr> (unidad de surperficie de
       100m&quadrat;)</klr></trd>
       <trd lng="fr">are<klr> (unit&eacute; de surface)</klr></trd>
     </subsnc>   
     <trd lng="ca">a<klr> (lletra)</klr></trd>
     <trd lng="da">a<klr> (bogstav)</klr></trd>
     <trd lng="es">a<klr> (letra)</klr></trd>
     <trd lng="fr">a<klr> (lettre)</klr></trd>
     <trd lng="nl">a<klr> (letter)</klr></trd>
     <trd lng="no">a<klr> (bokstav)</klr></trd>
     <trd lng="pt">a<klr> (letra)</klr></trd>
  </snc>
  <ref tip="hom" cel="a.0">-<tld/> (fina&jcirc;o)</ref>
</drv>

<drv mrk="a1.0.volvita">
  <kap><tld/> volvita   
        <fnt>
          <vrk><url
          ref='http://www.eventoj.hu/steb/vortaroj/askio.html'>La signoj
          de Askio (ASCII) - eventoj.hu</url></vrk>
        </fnt>
  </kap>
  <snc>
    <uzo tip="fak">KOMP</uzo>
    <uzo tip="fak">TIP</uzo>
    <refgrp tip="dif">
      <ref cel="po.0_signo">po-signo</ref>,
      <ref cel="helik.0o.ascii">heliko</ref>
    </refgrp>
    <dif>
    </dif>
  </snc>
 <trdgrp lng="ca">
   <trd>arrova</trd>,
   <trd>@</trd>
 </trdgrp> 
 <trd lng="da">snabel-a</trd>
 <trdgrp lng="es">
   <trd>arroba</trd>,
   <trd>@</trd>
 </trdgrp>
 <trdgrp lng="fr">
   <trd>arobase</trd>,
   <trd>@</trd>
 </trdgrp>
 <trd lng="nl">apestaart</trd>
 <trdgrp lng="no">
   <trd>kr&oslash;llalfa</trd>,
   <trd>alfakr&oslash;ll</trd>
 </trdgrp>
 <trd lng="pt">arroba</trd>
</drv>
</art>

<!--
$Log: a1.xml,v $
Revision 1.20  2019/03/03 19:10:17  revo
Marc Rausell: trd ca

Revision 1.19  2018/09/02 20:10:26  revo
Michel Cantigneaux: teknika ripareto de indikiloj

Revision 1.18  2018/08/06 09:10:16  revo
Michel Cantigneaux: "a" aperas unue en PV (1934), klare fundamenta per
7OA (1958)

Revision 1.17  2018/04/18 09:10:15  revo
Guillermo Molleda Jimena: trd es

Revision 1.16  2018/03/07 09:10:14  revo
Damien Brucker: -eraro cxe cel en ref

Revision 1.15  2017/11/29 10:10:13  revo
Michel Cantigneaux: aldonita kaj fundamenta per 7a OA

Revision 1.14  2016/12/11 13:10:13  revo
Wolfram Diestel: kor. ref-tip

-->
</vortaro>
