<?xml version="1.0"?>
<!DOCTYPE vortaro SYSTEM "../dtd/vokoxml.dtd">

<vortaro>
<art mrk="$Id: abajxur.xml,v 1.12 2016/11/19 18:10:13 revo Exp $">
<kap>
  <rad>aba&jcirc;ur</rad>/o <fnt><bib>NePiv</bib></fnt>
</kap>
<drv mrk="abajxur.0o">
  <kap><tld/>o</kap>
  <uzo tip="stl">ARK</uzo>
  <snc mrk="abajxur.0o.MEB">
    <dif>
      <ref tip="dif" cel="sxirm.lum0ilo.MEB">Lum&scirc;irmilo
        <sncref/></ref>:
      <ekz>
        en milda lumo de ru&gcirc;a <tld/>o staras &scirc;irmite de
        vesto&scirc;ranko 
        viro
        <fnt>
          <aut>P. Kuusberg, trad. A. Lekko</aut>,
          <vrk><url
          ref="http://miresperanto.narod.ru/biblioteko/somermeze.htm">
          Somermeze</url></vrk>,
          <lok>1981</lok>
        </fnt>.
      </ekz>
    </dif>
  </snc>
  <trd lng="be">&c_a;&c_b;&c_a;&c_zh;&c_u;&c_r;</trd>
  <trd lng="ca">pantalla</trd>
  <trd lng="en">lampshade</trd>
  <trdgrp lng="it">
    <trd>paralume</trd>,
    <trd>abat-jour</trd>
  </trdgrp>
  <trd lng="nl">lampenkap<klr tip="ind"> (arch.)</klr></trd>
  <trd lng="pl">aba&zdot;ur</trd>
  <trd lng="pt">abajur</trd>
  <trd lng="fr">abat-jour</trd>
  <trd lng="da">lampesk&aelig;rm</trd>
</drv>
</art>

<!--
$Log: abajxur.xml,v $
Revision 1.12  2016/11/19 18:10:13  revo
Wolfram Diestel: dif chirkau ref-dif

Revision 1.11  2016/10/24 14:10:15  revo
Lars Raarup Knudsen: aldono de danaj tradukoj

Revision 1.10  2015/10/08 13:10:16  revo
Cindy Moon McKee: +trd en

Revision 1.9  2015/09/11 02:10:23  revo
Evandro Avellar: +trd pt

Revision 1.8  2013/03/30 14:10:11  revo
Dmitri Gabinski: +trd be

Revision 1.7  2012/08/10 14:12:03  revo
Marc Rausell: + trd ca

Revision 1.6  2011/04/16 11:10:23  revo
Nicolas Bros: +trd fr

Revision 1.5  2010/06/06 16:31:05  revo
-->
</vortaro>
