<?xml version="1.0"?>
<!DOCTYPE vortaro SYSTEM "../dtd/vokoxml.dtd">

<vortaro>
<art mrk="$Id: abandon.xml,v 1.19 2016/10/24 20:10:13 revo Exp $">
<kap>
  <rad>abandon</rad>/i
</kap>
<drv mrk="abandon.0i">
  <kap><tld/>i</kap>
  <uzo tip="fak">EKON</uzo>
  <uzo tip="fak">JUR</uzo>
  <snc>
    <dif>
Cedi asekuritan objekton a&ubreve; tion, kio restis de &gcirc;i post
difekti&gcirc;o
al la asekuristo kontra&ubreve; postulo de la asekurita monsumo.
    </dif>
  </snc>
  <trdgrp lng="bg">
    <trd>&c_o;&c_t;&c_k;&c_a;&c_z;&c_v;&c_a;&c_m; &c_s;&c_je; &c_o;&c_t;</trd>,
    <trd>&c_n;&c_a;&c_p;&c_u;&c_s;&c_k;&c_a;&c_m;</trd>
  </trdgrp>
  <trd lng="ca">abandonar<klr> (dr. civ.)</klr></trd>
  <trd lng="cs">p&rcaron;enechat po&scaron;kozenou v&ecaron;c poji&scaron;&tcaron;ovn&ecaron;</trd>
  <trd lng="da">abandonere</trd>
  <trdgrp lng="de">
    <trd>abandonnieren</trd>,
    <trd>&uuml;berlassen</trd>
  </trdgrp>
  <trd lng="en">relinquish</trd>
  <trd lng="es">abandonar</trd>
  <trdgrp lng="fi">
    <trd>suorittaa abandoni</trd>,
    <trd>luopua (vakuutuksen kohteesta)</trd>
  </trdgrp>
  <trd lng="fr">faire un <ind>abandonnement</ind></trd>
  <trd lng="hu">
&aacute;tenged
<klr tip="ind">
(biztos&iacute;t&oacute;nak)</klr></trd>
  <trd lng="it">abbandonare</trd>
  <trd lng="nl">afstand doen van</trd>
  <trd lng="pl">
zg&lstroke;osi&cacute; <ind>abandon</ind>
</trd>
  <trdgrp lng="pt">
    <trd>ceder</trd>,
    <trd>abrir m&atilde;o de</trd>
    <trd>abandonar</trd>
  </trdgrp>
  <trdgrp lng="ru">
<trd>
&c_a;&c_b;&c_a;&c_n;&c_d;&c_o;&c_n;&c_i;&c_r;&c_o;&c_v;&c_a;&c_t;&c_mol;
</trd>,
<trd>
&c_o;&c_t;&c_k;&c_a;&c_z;&c_a;&c_t;&c_mol;&c_s;&c_ja; &c_o;&c_t;
&c_p;&c_r;&c_a;&c_v; &c_n;&c_a; 
&c_z;&c_a;&c_s;&c_t;&c_r;&c_a;&c_h;&c_o;&c_v;&c_a;&c_n;&c_n;&c_o;&c_je;
&c_i;&c_m;&c_u;&c_shch;&c_je;&c_s;&c_t;&c_v;&c_o;
</trd>
  </trdgrp>
  <trd lng="sk">prenecha&tcaron; po&scaron;koden&uacute; vec pois&tcaron;ovni</trd>
  <trd lng="sv">abandonera</trd>
</drv>

<drv mrk="abandon.0o">
  <kap><tld/>o</kap>
  <uzo tip="fak">EKON</uzo>
  <uzo tip="fak">JUR</uzo>
  <snc>
    <dif>
      Ago <tld/>i.
    <ekz>
    mencii rajton pri <tld/>o <fnt>PIV2</fnt>
    </ekz>
    </dif>
  </snc>
  <trd lng="bg">&c_i;&c_z;&c_o;&c_s;&c_t;&c_a;&c_v;&c_ja;&c_n;&c_je;</trd>
  <trd lng="ca">aband&oacute;</trd>
  <trdgrp lng="cs">
    <trd>abandon</trd>,
    <trd>p&rcaron;enech&aacute;n&iacute; po&scaron;kozen&eacute; v&ecaron;ci poji&scaron;&tcaron;ovn&ecaron;</trd>
  </trdgrp>
  <trd lng="da">abandonering</trd>
  <trdgrp lng="de">
    <trd>Abandon</trd>,
    <trd>&Uuml;berlassung</trd>
  </trdgrp>
  <trd lng="en">relinquishment</trd>
  <trd lng="es">abandono</trd>
  <trd lng="fi">abandoni</trd>
  <trd lng="fr">
abandonnement
<klr tip="ind"> (cession d'un bien
assur&eacute; contre l'indemnit&eacute; pr&eacute;vue par
l'assurance)
</klr></trd>
  <trdgrp lng="hu">
    <trd>&aacute;tenged&eacute;s<klr tip="ind">
(biztos&iacute;t&oacute;nak)</klr></trd>,
    <trd>abandon</trd>
  </trdgrp>
  <trd lng="it">abbandono</trd>
  <trd lng="nl">afstandsverklaring</trd>
  <trd lng="pl">abandon</trd>
  <trd lng="ru">
&c_a;&c_b;&c_a;&c_n;&c_d;&c_o;&c_n;</trd>
  <trdgrp lng="sk">
    <trd>abandon</trd>,
    <trd>prenechanie po&scaron;kodenej veci pois&tcaron;ovni</trd>
  </trdgrp>
  <trd lng="sv">abandonering</trd>
</drv>
<adm>
  (1) Mi dubas, cxu tia transakcio plu estas farebla (ekz-e en franca
juro).
  (2) PIV donas al la radiko substantivan karakteron.
  (3) Sxajnas al mi, ke kelkaj tradukoj pli rilatas al "forlasi", ol
      al "abandoni".
  (4) PIV2 konas ankaux derivajxon ~ismo kun psikologia senco,
      tute senrilata kun la financa senco de "abandoni".
  <aut>MB</aut>
</adm>
</art>
<!--
$Log: abandon.xml,v $
Revision 1.19  2016/10/24 20:10:13  revo
Lars Raarup Knudsen: aldono de danaj tradukoj

Revision 1.18  2015/07/04 08:37:29  revo
aldono de trd cs per skripto de M. von Laer

Revision 1.17  2015/06/28 09:39:18  revo
aldono de trd sk per skripto de M. von Laer

Revision 1.16  2013/08/08 18:10:12  revo
Joop Eggen: +trd bg nl

Revision 1.15  2012/08/10 14:12:04  revo
Marc Rausell: + trd ca

Revision 1.14  2010/07/10 16:30:32  revo
Agustin Garcia Lopez: +trd es

Revision 1.13  2008/11/06 16:55:15  revo
Harri Laine: +trd fi

Revision 1.12  2008/09/13 16:30:24  revo
-->
</vortaro>
