<?xml version="1.0"?>
<!DOCTYPE vortaro SYSTEM "../dtd/vokoxml.dtd">

<vortaro>
  <art mrk="$Id: abas.xml,v 1.17 2019/02/12 19:10:36 revo Exp $">
    <kap>
      <rad>Abas</rad>/o
    </kap>

    <drv mrk="abas.0o">
      <kap><tld/>o</kap>
      <uzo tip="fak">NOM</uzo>
      <snc>
	<dif>
	  Vira <ref tip="lst" cel="nom.antaux0o"
      lst="voko:personaj_nomoj">anta&ubreve;nomo</ref> arabdevena (la&ubreve;vorte
<ctl>severa</ctl>,
	  <ctl>malserena</ctl>), uzata precipe en la islama mondo.
	</dif>
      </snc>
      <trd lng="be">&c_A;&c_b;&c_a;&c_s;</trd>
      <trd lng="ca">'Abbas</trd>
      <trd lng="da">Abbas</trd>
      <trd lng="de">Abbas</trd>
      <trd lng="en">Abbas</trd>
      <trd lng="es">Abb&aacute;s</trd>
      <trd lng="fa">&a_ayn;&a_b;&a_A;&a_s;</trd>
      <trd lng="fr">Abbas</trd>
      <trd lng="hu">Abbasz</trd>
      <trd lng="it">Abbas</trd>
      <trd lng="pl">Abbas</trd>
      <trd lng="pt">Abas</trd>
      <trd lng="ru">&c_A;&c_b;&c_b;&c_a;&c_s;</trd>
    </drv>

    <drv mrk="abas.0ido">
      <kap><tld lit="a"/>ido</kap>
      <uzo tip="fak">HIS</uzo>
      <snc>
	<dif>
	  Ano de la dua dinastio da 
          <ref tip="vid" cel="kalif.0o">&hcirc;alifoj</ref>
	  (749&ndash;1298), rektaj posteuloj de <tld/>o la onklo de
	  <ref cel="muhama.0o.profeto">Muhamado</ref>.
	</dif>
      </snc>
      <trd lng="be">&c_a;&c_b;&c_a;&c_s;&c_ib;&c_d;</trd>
      <trd lng="ca">abb&agrave;ssida</trd>
      <trd lng="da">abbasid</trd>
      <trd lng="de">Abbaside</trd>
      <trd lng="en">Abbasid</trd>
      <trdgrp lng="es">
	<trd>abas&iacute;</trd>,
	<trd>abasida</trd>
      </trdgrp>
      <trdgrp lng="fa">
        <trd>&a_ayn;&a_b;&a_A;&a_s;&f_y;</trd>,
        <trd>&a_b;&a_n;&f_y;&zwnj;&a_ayn;&a_b;&a_A;&a_s;</trd>
      </trdgrp>
      <trd lng="fr">Abbasside<klr tip="ind"> (subst.)</klr></trd>
      <trd lng="hu">Abbasszida</trd>
      <trd lng="it">Abbasside</trd>
      <trd lng="pl">Abbasyda</trd>
      <trd lng="pt">ab&aacute;ssida</trd>
      <trd lng="ru">&c_a;&c_b;&c_b;&c_a;&c_s;&c_i;&c_d;</trd>
    </drv>
  </art>
  <!--
  $Log: abas.xml,v $
  Revision 1.17  2019/02/12 19:10:36  revo
  Wolfram Diestel: kor. ref

  Revision 1.16  2016/10/26 18:10:15  revo
  Lars Raarup Knudsen: aldono de danaj tradukoj

  Revision 1.15  2016/10/25 18:10:51  revo
  Lars Raarup Knudsen: aldono de danaj tradukoj

  Revision 1.14  2015/02/26 20:11:28  revo
  Wolfram Diestel: lst antaunomoj

  Revision 1.13  2012/08/10 14:12:05  revo
  Marc Rausell: + trd ca

  Revision 1.12  2011/09/28 12:10:10  revo
  Antonio Codazzi: +trd it

  Revision 1.11  2010/04/25 16:30:26  revo
  Behnam Tabatabai: +trd fa

  Revision 1.10  2008/11/16 17:31:00  revo
  Wieland Pusch: entoj por unikodo

  Revision 1.9	2007/05/09 16:30:19  revo
  Sebastian Cyprych: +trd pl

  Revision 1.8	2005/12/23 17:31:19  revo
  Sergio Pokrovskij: TEZ

  Revision 1.7	2005/02/02 17:32:09  revo
  Marc Bavant: +trd fr

  Revision 1.6 2004/06/01 17:23:30 revo
  Dmitri Gabinski: +trd be

  Revision 1.5 2003/01/28 17:31:36 revo
  Ulrich Fellmann: + 2 trd = de

  Revision 1.4 2003/01/24 17:30:58 revo
  Tulio Flores: +trd pt

  Revision 1.3 2002/10/24 16:32:35 revo
  Jose Martin del Pozo: ald chiuj hisp trd

  Revision 1.2 2002/08/21 17:31:28 revo
  Jozefo Horvath: +trd hu

  Revision 1.1 2002/08/18 18:00:07 revo
  Sergio Pokrovskij: nova artikolo

  -->
</vortaro>
