<?xml version="1.0"?>
<!DOCTYPE vortaro SYSTEM "../dtd/vokoxml.dtd">

<vortaro>
<art mrk="$Id: abat.xml,v 1.45 2019/02/12 19:10:30 revo Exp $">
<kap>
  <ofc>*</ofc>
  <rad>abat</rad>/o
</kap>

<drv mrk="abat.0o">
  <kap><ofc>*</ofc><tld/>o</kap>
  <uzo tip="fak">KAT</uzo>
  <snc>
    <dif>
      <ref tip="super" cel="monahx.0ejestro">Mona&hcirc;ejestro</ref>
      de <tld/>ejo:
      <ekz>
        en tiu &ccirc;i minuto preteriras la <tld/>o de la mona&hcirc;ejo
        <fnt>
          <bib>FK</bib>
        </fnt>;
      </ekz>
      <ekz>
        ekfloris okcidente &leftquot;<nom>Volap&uuml;k</nom>&rightquot; de l' <tld/>o <nom>&Scirc;lejer</nom> el Konstanco
        <fnt>
          <bib>VivZam</bib>
        </fnt>;
      </ekz>
      <ekz>
        <nom>MacRegol</nom> estis <tld/>o de la mona&hcirc;ejo de <nom>Birr</nom>, kiu mortis en 822
        <fnt>
          <bib>Monato</bib>
          <aut>Garbhan MacAoidh</aut>
          <vrk><url ref="http://www.monato.net/2007/009180.php">Ornamitaj manuskriptoj</url></vrk>
        </fnt>.
      </ekz>
    </dif>
    <rim>
      La titolon plej ofte uzas la <ref tip="vid" cel="benedikt.0ano">benediktanoj</ref>
      kaj aliaj ordenoj samdevenaj; en aliaj romkatolikaj ordenoj la sama funkcio ofte nomi&gcirc;as
      alie, ekz-e <ref cel="prior.0o">prioro</ref>.
    </rim>
  </snc>
  <trd lng="be">&c_a;&c_b;&c_a;&c_t;</trd>
  <trd lng="br">abad</trd>
  <trd lng="ca">abat</trd>
  <trd lng="cs">opat</trd>
  <trd lng="da">abbed</trd>
  <trd lng="de">Abt</trd>
  <trd lng="en">abbott</trd>
  <trd lng="es">abad</trd>
  <trdgrp lng="fa">
    <trd>&a_r;&a_A;&a_h;&a_b; &a_b;&a_z;&a_r;&f_g;</trd>,
    <trd>&a_r;&a_y_hamza;&f_y;&a_s; &a_d;&a_kasra;&f_y;&a_r;</trd>
  </trdgrp>
  <trd lng="fr">abb&eacute;</trd>
  <trd lng="hu">ap&aacute;t</trd>
  <trd lng="nl">abt</trd>
  <trd lng="oc">abat</trd>
  <trdgrp lng="pl">
    <trd>opat<klr> (tytu&lstroke; wy&zdot;szych prze&lstroke;o&zdot;onych wklasztorach
    katolickich)
    </klr></trd>
        <trd>archimandryta</trd>
        <trd>
    humen<klr> (w ko&sacute;ciele bizantyjskim)
    </klr></trd>
        <trd>
    humion<klr> (w ko&sacute;ciele bizantyjskim)
    </klr></trd>
        <trd>
    ihumen<klr> (w ko&sacute;ciele bizantyjskim)
    </klr></trd>
  </trdgrp>
  <trd lng="pt">abade</trd>
  <trd lng="ru">&c_a;&c_b;&c_b;&c_a;&c_t;</trd>
  <trd lng="sk">op&aacute;t</trd>
  <trd lng="sv">abbot</trd>
  <trd lng="it">abate</trd>
</drv>

<drv mrk="abat.0ino">
  <kap><tld/>ino</kap>
  <uzo tip="fak">KAT</uzo>
  <snc>
    <dif>
      <ref tip="super" cel="monahx.0inejestrino">Mona&hcirc;inejestrino</ref> 
      de <tld/>inejo:
      <ekz>
        en la jaro 1136 la <tld/>ino de la mona&hcirc;inejo mortis kaj <nom>Hildegard</nom> transprenis ties taskojn
        <fnt>
          <bib>Viki</bib>
          <lok><url ref="https://eo.wikipedia.org/?curid=6667">Hildegard de Bingen</url></lok>
        </fnt>.
      </ekz>
    </dif>
  </snc>
  <trd lng="be">
&c_a;&c_b;&c_a;&c_t;&c_y;&c_s;&c_a;</trd>
  <trd lng="br">abadez</trd>
  <trd lng="ca">abadessa</trd>
  <trd lng="cs">abaty&scaron;e</trd>
  <trd lng="da">abedisse</trd>
  <trd lng="de">&Auml;btissin</trd>
  <trd lng="en">abbess</trd>
  <trd lng="es">abadesa</trd>
  <trdgrp lng="fa">
    <trd>&a_r;&a_A;&a_h;&a_b;&a_h;&a_hamza_sure; &a_b;&a_z;&a_r;&f_g;</trd>,
    <trd>&a_r;&a_y_hamza;&f_y;&a_s;&a_h;&a_hamza_sure; &a_d;&a_kasra;&f_y;&a_r;</trd>
  </trdgrp>
  <trd lng="fr">abbesse</trd>
  <trd lng="hu">ap&aacute;tn&odblac;</trd>
  <trd lng="nl">abdis</trd>
  <trd lng="oc">abadessa</trd>
  <trdgrp lng="pl">
    <trd>ksieni<klr> (tytu&lstroke; prze&lstroke;o&zdot;onych w klasztorach
    mniszek)</klr></trd>
    <trd>
    humenia<klr> (w ko&sacute;ciele bizantyjskim)</klr></trd>
    <trd>
    ihumenia<klr> (w ko&sacute;ciele bizantyjskim)</klr></trd>
    <trd>
    humenica<klr> (w ko&sacute;ciele bizantyjskim)</klr></trd>
  </trdgrp>
  <trd lng="pt">abadessa</trd>
  <trd lng="sk">abati&scaron;a</trd>
<trd lng="ru">
&c_a;&c_b;&c_b;&c_a;&c_t;&c_i;&c_s;&c_a;</trd>
  <trd lng="it">badessa</trd>
</drv>

<drv mrk="abat.0ejo">
  <kap><tld/>ejo</kap>
  <uzo tip="fak">KAT</uzo>
  <snc>
    <dif>
      <ref cel="cenobit.0o">Cenobita</ref> <ref tip="super" cel="monahx.0ejo">mona&hcirc;ejo</ref>,
      a&ubreve;tonoma, la&ubreve;kanone fondita kaj oficialigita, en kiu
      membras almena&ubreve; 12 mona&hcirc;oj:
      <ekz>
        ekzistas nur 6 <tld/>ejoj, kiuj solaj en la mondo rajtas produkti trapistan bieron
        <fnt>
          <bib>Monato</bib>
          <aut>Lode Van De Velde</aut>
          <vrk><url ref="http://steloj.de/esperanto/monato2/007144.html">Bierlando Belgio</url></vrk>
        </fnt>;
      </ekz>
      <ekz>
        vizitindas deko da cisterciaj kaj benediktaj <tld/>ejoj, kiujn la historio postlasis
        <fnt>
          <bib>Monato</bib>
          <aut>Marc Gassion</aut>
          <vrk><url ref="http://www.esperanto.be/fel/2003/007934.html">Aude</url></vrk>
        </fnt>;
      </ekz>
      <ekz>
        la koron de la forpasinto oni entombigis en Hungario, en la <tld/>ejo <nom>Pannonhalma</nom>
        <fnt>
          <bib>Monato</bib>
          <aut>Evgeni Georgiev</aut>
          <vrk><url ref="http://www.monato.net/2011/010463.php">Forpasas granda e&ubreve;ropano</url></vrk>
        </fnt>.
      </ekz>
    </dif>
  </snc>
  <trd lng="be">&c_a;&c_b;&c_a;&c_c;&c_t;&c_v;&c_a;<klr tip="amb">
(&c_m;&c_u;&c_zh;&c_ch;&c_y;&c_n;&c_s;&c_k;&c_a;&c_je;)</klr></trd>
  <trd lng="br">
abati<klr tip="ind"> (menec'h)</klr></trd>
  <trd lng="ca">abadia</trd>
  <trd lng="cs">opatstv&iacute;</trd>
  <trdgrp lng="da">
    <trd>abbedi</trd>,
    <trd>kloster</trd>
  </trdgrp>
  <trd lng="de">Abtei</trd>
  <trd lng="en">abbey</trd>
  <trd lng="es">abad&iacute;a</trd>
  <trdgrp lng="fa">
    <trd>&a_d;&a_kasra;&f_y;&a_r;</trd>,
    <trd>&a_S;&a_w;&a_m;&a_ayn;&a_h;</trd>,
    <trd>&a_r;&a_damma;&a_h;&a_b;&a_A;&a_n;&f_g;&a_A;&a_h;</trd>
  </trdgrp>
  <trd lng="fr">
abbaye<klr tip="ind"> (de moines)</klr></trd>
  <trd lng="hu">ap&aacute;ts&aacute;g</trd>
  <trd lng="nl">abdij</trd>
  <trd lng="oc">abadi&aacute;</trd>
  <trd lng="pl">opactwo</trd>
  <trd lng="pt">abadia</trd>
  <trd lng="ru">
&c_a;&c_b;&c_b;&c_a;&c_t;&c_s;&c_t;&c_v;&c_o;
<klr tip="amb">
  (&c_m;&c_u;&c_zh;&c_s;&c_k;&c_o;&c_je;)
</klr></trd>
  <trd lng="sk">op&aacute;tstvo</trd>
  <trd lng="it">abbazia</trd>
</drv>

<drv mrk="abat.0inejo">
  <kap><tld/>inejo</kap>
  <uzo tip="fak">KAT</uzo>
  <snc>
    <dif>
      <ref cel="cenobit.0o">Cenobita</ref> <ref tip="super" cel="monahx.0inejo">mona&hcirc;inejo</ref>,
      a&ubreve;tonoma, la&ubreve;kanone fondita kaj oficialigita, en kiu
      membras almena&ubreve; 12 mona&hcirc;inoj:
      <ekz>
        la Pre&gcirc;ejo de Sankta Mikaelo, de la 12-a jarcento, kun proksima benedikta <tld/>inejo, rekonstrui&gcirc;is en la 17-a jarcento la&ubreve; la baroka stilo
        <fnt>
          <bib>Viki</bib>
          <lok><url ref="https://eo.wikipedia.org/?curid=75655">Mazara del Vallo</url></lok>
        </fnt>.
      </ekz>
    </dif>
  </snc>
  <trd lng="be">&c_a;&c_b;&c_a;&c_c;&c_t;&c_v;&c_a;
  <klr tip="amb">
  (&c_zh;&c_a;&c_n;&c_o;&c_ch;&c_a;&c_je;)
  </klr></trd>
  <trd lng="br">abati<klr tip="amb"> (leanezed)</klr></trd>
  <trd lng="ca">abadia<klr tip="amb"> (de monjes)</klr></trd>
  <trd lng="da">nonnekloster</trd>
  <trd lng="de">Abtei<klr tip="amb"> (von Nonnen)</klr></trd>
  <trd lng="en">abbey</trd>
  <trd lng="es">abad&iacute;a<klr> (de monjas)</klr></trd>
  <trdgrp lng="fa">
    <trd>&a_d;&a_kasra;&f_y;&a_r;</trd>,
    <trd>&a_S;&a_w;&a_m;&a_ayn;&a_h;</trd>,
    <trd>&a_r;&a_damma;&a_h;&a_b;&a_A;&a_n;&f_g;&a_A;&a_h;</trd>
  </trdgrp>
  <trd lng="fr">abbaye<klr tip="amb"> (de nonnes)</klr></trd>
  <trd lng="hu">ap&aacute;caz&aacute;rda</trd>
  <trd lng="nl">abdij<klr tip="amb"> (vrouwenklooster)</klr></trd>
  <trd lng="oc">abadi&aacute;<klr tip="amb"> (de monjas)</klr></trd>
  <trd lng="ru">
    &c_a;&c_b;&c_b;&c_a;&c_t;&c_s;&c_t;&c_v;&c_o;
    <klr tip="amb">
    (&c_zh;&c_je;&c_n;&c_s;&c_k;&c_o;&c_je;)
    </klr></trd>
  <trd lng="it">convento</trd>
</drv>
</art>
<!--
$Log: abat.xml,v $
Revision 1.45  2019/02/12 19:10:30  revo
Wolfram Diestel: kor. ref-cel

Revision 1.44  2018/09/12 15:10:14  revo
Wolfram Diestel: +ekz-oj

Revision 1.43  2016/10/25 15:10:13  revo
Lars Raarup Knudsen: aldono de danaj tradukoj

Revision 1.42  2015/04/20 16:10:16  revo
Carlos Garcia: +trd es -ino -ejo -inejo

Revision 1.41  2013/03/25 02:10:08  revo
Benito Subejrano: + trd ca oc

Revision 1.40  2013/03/14 19:10:12  revo
Benito Subejrano: + trd oc

Revision 1.39  2010/06/21 16:30:18  revo
Guillem Sevilla: Aldonitaj tradukoj en la kataluna

Revision 1.38  2009/11/08 17:30:28  revo
-->
</vortaro>
