<?xml version="1.0"?>
<!DOCTYPE vortaro SYSTEM "../dtd/vokoxml.dtd">

<vortaro>
<art mrk="$Id: abdome.xml,v 1.35 2018/08/16 18:10:18 revo Exp $">
<kap>
  <rad>abdomen</rad>/o <fnt><bib>PV</bib></fnt>
</kap>
<drv mrk="abdome.0o">
  <kap><tld/>o</kap>
  <snc mrk="abdome.0o.ANA">
    <uzo tip="fak">ANA</uzo>
    <dif>
      Parto de la <ref tip="malprt" cel="korp.0o.ANA">korpo</ref>, 
      inter la torako kaj la pelvo, kiu entenas 
      la intestojn:
      <ekz>
        la graso, kiu situas &ccirc;irka&ubreve; la visceroj de la <tld/>o
        <fnt>
          <bib>Monato</bib>
          <aut>Roberto Pigro</aut>
          <vrk><url ref="http://www.monato.net/2013/011124.php">Atentu la koron</url></vrk>
        </fnt>.
      </ekz>
    </dif>
  <trdgrp lng="da">
    <trd>abdomen</trd>,
    <trd>underliv</trd>
    <trd>vom</trd>
  </trdgrp>
  <trdgrp lng="pl">
  	<trd>abdomen</trd>,
    <trd>brzuch</trd>
  </trdgrp>
  </snc>
  <snc mrk="abdome.0o.ZOO">
    <uzo tip="fak">ZOO</uzo>
    <dif>
      La malanta&ubreve;a parto de la korpo de diversaj 
      senvertebruloj.
    </dif>
    <ref tip="vid" cel="torak.0o">torako</ref>
    <trd lng="pl">odw&lstroke;ok</trd>
  </snc>
  <trdgrp lng="be">
    <trd>&c_b;&c_r;&c_u;&c_sh;&c_y;&c_n;&c_a;</trd>,
    <trd>&c_b;&c_r;&c_u;&c_sh;&c_n;&c_a;&c_ja; &c_p;&c_o;&c_l;&c_a;&c_s;&c_mol;&c_c;&c_mol;</trd>
  </trdgrp>
  <trdgrp lng="bg">
    <trd>&c_k;&c_o;&c_r;&c_je;&c_m;</trd>
    <trd>&c_k;&c_o;&c_r;&c_je;&c_m;&c_ch;&c_je;</trd>
  </trdgrp>
  <trd lng="br">abdomen</trd>
  <trd lng="ca">abdomen</trd>
  <trd lng="cs">zadn&iacute; &ccaron;&aacute;st t&ecaron;la hmyzu</trd>
  <trd lng="da">abdomen</trd>
  <trdgrp lng="de">
    <trd>Unterleib</trd>,
    <trd>Bauch</trd>,
    <trd>Abdomen</trd>
  </trdgrp>
  <trd lng="en">abdomen</trd>
  <trd lng="es">abdomen</trd>
  <trdgrp lng="fa">
    <trd>&a_b;&a_T;&a_n;</trd>,
    <trd>&a_sh;&f_k;&a_m;</trd>
  </trdgrp>
  <trd lng="fr">abdomen</trd>
  <trd lng="hu">has</trd>
  <trd lng="it">addome</trd>
  <trd lng="nl">abdomen</trd>
  <trdgrp lng="pt">
    <trd>abd&ocirc;men</trd>,
    <trd>abdome</trd>
  </trdgrp>
  <trdgrp lng="ru">
    <trd>&c_b;&c_r;&c_ju;&c_sh;&c_n;&c_a;&c_ja; &c_p;&c_o;&c_l;&c_o;&c_s;&c_t;&c_mol;</trd>,
    <trd>&c_b;&c_r;&c_ju;&c_sh;&c_i;&c_n;&c_a;</trd>
  </trdgrp>
  <trdgrp lng="sk">
    <trd>brucho</trd>,
    <trd>zadn&aacute; &ccaron;as&tcaron; tela hmyzu</trd>
  </trdgrp>
  <trdgrp lng="sv">
    <trd>mage</trd>,
    <trd>buk</trd>,
    <trd>abdomen</trd>
  </trdgrp>
  <trd lng="tr">kar&inodot;n</trd>
</drv>
</art>
<!--
$Log: abdome.xml,v $
Revision 1.35  2018/08/16 18:10:18  revo
Wolfram Diestel: +ekz

Revision 1.34  2016/10/26 19:10:13  revo
Lars Raarup Knudsen: aldono de danaj tradukoj

Revision 1.33  2016/10/24 20:10:14  revo
Lars Raarup Knudsen: aldono de danaj tradukoj

Revision 1.32  2015/07/04 08:37:29  revo
aldono de trd cs per skripto de M. von Laer

Revision 1.31  2015/06/28 12:03:35  revo
aldono de trd sk per skripto de M. von Laer

Revision 1.30  2010/04/25 16:30:27  revo
Behnam Tabatabai: +trd fa

Revision 1.29  2009/08/23 16:32:32  revo
Emmanuel Debanne: +trd tr

Revision 1.28  2009/03/19 18:17:24  revo
-->

</vortaro>
