<?xml version="1.0"?>
<!DOCTYPE vortaro SYSTEM "../dtd/vokoxml.dtd">

<vortaro>
<art mrk="$Id: abeled.xml,v 1.13 2018/08/15 16:10:14 revo Exp $">
<kap>
  <rad>abeled</rad>/oj
</kap>
<drv mrk="abeled.0oj">
  <kap>
    <tld/>oj
  </kap>
  <uzo tip="fak">ZOO</uzo>
  <snc>
    <dif>
      <ref tip="lst" cel="famili.0o.BIO"
      lst="voko:zoologiaj_familioj">Familio</ref> el la ordo
      <ref tip="malprt" cel="himeno.0oj">himenopteroj</ref>
      (<trd lng="la">Apidae</trd>):
      <ekz>
        senpikilaj <ref tip="super" cel="abel.0o">abeloj</ref>
        <klr>[&#8230;]</klr> apartenas al la familio <tld/>oj,
        kaj estas tre proksime rilataj al la komunaj mielabeloj, &ccirc;arpentabeloj, orkidabeloj, 
        kaj <ref tip="super" cel="burd.0o">burdoj</ref>
        <fnt>
          <bib>Viki</bib>
          <lok><url ref="https://eo.wikipedia.org/?curid=537738">Meliponino</url></lok>
        </fnt>.
      </ekz>
    </dif>
  </snc>
  <trd lng="be">&c_p;&c_ch;&c_a;&c_l;&c_ib;&c_n;&c_y;&c_ja; <klr
tip="amb">(&c_s;&c_ja;&c_m;'&c_ja;)</klr></trd>
  <trd lng="ca">&Agrave;pids</trd>
  <trdgrp lng="de">
     <trd>Apoidea</trd>,
     <trd>Hautfl&uuml;gler</trd>
  </trdgrp>
  <trd lng="en">Apidae</trd>
  <trd lng="fr">apid&eacute;s</trd>
  <trd lng="hu">m&eacute;hf&eacute;l&eacute;k</trd>
  <trd lng="it">apidi</trd>
  <trd lng="oc">Apids</trd>
  <trd lng="pl">pszczo&lstroke;owate</trd>
  <trd lng="ru">&c_n;&c_a;&c_s;&c_t;&c_o;&c_ja;&c_shch;&c_i;&c_je;
<ind>&c_p;&c_ch;&c_jo;&c_l;&c_y;</ind> <klr
tip="amb">(&c_s;&c_je;&c_m;&c_je;&c_j;&c_s;&c_t;&c_v;&c_o;)</klr></trd>
</drv>
</art>
<!--
$Log: abeled.xml,v $
Revision 1.13  2018/08/15 16:10:14  revo
Wolfram Diestel: +ekz kun ref-oj

Revision 1.12  2013/08/31 15:10:36  revo
Wolfram Diestel: referenco al listo zoo familioj

Revision 1.11  2011/01/17 16:10:10  revo
Antonio Codazzi: +trd it

Revision 1.10  2010/06/28 17:53:06  revo
Guillem Sevilla: +trd ca, oc

Revision 1.9  2007/05/10 16:30:38  revo
Sebastian Cyprych: +trd pl

Revision 1.8  2004/07/06 16:35:11  revo
Dmitri Gabinski: +trd be
Revision 1.7  2002/09/19 16:31:53  revo
Christopher Zervic: + trd ang
Revision 1.6  2002/09/09 19:45:43  revo
Ulrich Fellmann: + 1 plia trd de
Revision 1.5  2001/11/21 17:35:35  revo
-->
</vortaro>
