<?xml version="1.0"?>
<!DOCTYPE vortaro SYSTEM "../dtd/vokoxml.dtd">

<vortaro>
<art mrk="$Id: abel.xml,v 1.75 2019/03/01 10:10:20 revo Exp $">
<kap>
  <ofc>*</ofc><rad>abel</rad>/o
</kap>

<drv mrk="abel.0o">
  <kap><ofc>*</ofc><tld/>o</kap>
  <snc mrk="abel.0o.ZOO">
    <uzo tip="fak">ZOO</uzo>
    <dif>
      <ref tip="lst" cel="genr.0o.BIO"
      lst="voko:zoologiaj_genroj">Genro</ref>
       el la familio
      <ref tip="malprt" cel="abeled.0oj"><tld/>edoj</ref>
      (<trd lng="la">Apis</trd>), el kiu unu specio
      (<trd lng="la">Apis mellifera</trd>) estas bredata
      pro la <ref cel="miel.0o">mielo</ref>:
      <ekz>
        kiu havas <tld/>ojn, havas mielon
        <fnt>
          <bib>PrV</bib>
        </fnt>;
      </ekz>
      <ekz>
        ili pelis vin tiel, kiel faras la <tld/>oj
        <fnt>
          <bib>MT</bib>
          <lok>Readmono 1:44</lok>
        </fnt>;
      </ekz>
      <ekz>
        jen svarmamaso da <tld/>oj
        <fnt>
          <bib>MT</bib>
          <lok>Ju&gcirc;istoj 14:8</lok>
        </fnt>;
      </ekz>
      <ekz>
        ili &ccirc;irka&ubreve;is min kiel <tld/>oj
        <fnt>
          <bib>MT</bib>
          <lok>Psalmaro 118:12</lok>
        </fnt>;
      </ekz>
      <ekz>
        unu el la <tld/>oj pikis lin en la mano, tiel ke li elfaligis la florpoton
        <fnt>
          <bib>Fab2</bib>
          <lok>Elfo de la rozo</lok>
        </fnt>;
      </ekz>
      <ekz>
        li sciis, ke inter la <klr>[&#8230;]</klr> <tld/>oj trovi&gcirc;as re&gcirc;ino
        <fnt>
          <bib>Fab2</bib>
          <lok>Ne&gcirc;a re&gcirc;ino</lok>
        </fnt>;
      </ekz>
      <ekz>
        fervore laboradi kiel <tld/>oj
        <fnt>
          <bib>BdV</bib>
        </fnt>.
      </ekz>
    </dif>
    <bld
       lok="&WCU;/thumb/1/1d/European_honey_bee_extracts_nectar.jpg/304px-European_honey_bee_extracts_nectar.jpg"
       prm="PD"
       >E&ubreve;ropa mielabelo (Apis mellifera) prenante nektaron el asterofloro
         <fnt>
           <aut>John Severns (Severnjc)</aut>
           <lok><url ref="&WCW;/File:European_honey_bee_extracts_nectar.jpg">&WCW;/File:European_honey_bee_extracts_nectar.jpg</url></lok>
         </fnt>
    </bld>
  </snc>
  <rim>
    <ref tip="hom" cel="abel1.0o">Abelo</ref>
    nomi&gcirc;as anka&ubreve; norvega matematikisto.
  </rim>
  <trd lng="be">&c_p;&c_ch;&c_a;&c_l;&c_a;</trd>
  <trd lng="bg">&c_p;&c_ch;&c_je;&c_l;&c_a;</trd>
  <trd lng="br">gwenanenn</trd>
  <trd lng="ca">abella</trd>
  <trd lng="cs">v&ccaron;ela</trd>
  <trd lng="da">bi</trd>
  <trd lng="de">Biene</trd>
   <trd
   lng="el">&my;&epsilon_ton;&lambda;&jota;&sigma;&sigma;&alfa;</trd>
  <trd lng="en">bee</trd>
  <trd lng="es">abeja</trd>
  <trdgrp lng="fa">
    <trd>&a_z;&a_n;&a_b;&a_w;&a_r; &a_ayn;&a_s;&a_l;</trd>,
    <trd>&a_z;&a_n;&a_b;&a_w;&a_r;</trd>
  </trdgrp>
  <trd lng="fr">abeille</trd>
  <trd lng="he">&dalet;&bet;&vav;&resh;&he;</trd>
  <trd lng="hu">m&eacute;h</trd>
  <trd lng="io">abelo</trd>
  <trd lng="ja">&#12511;&#12484;&#12496;&#12481;
  [<ind>&#12415;&#12388;&#12400;&#12385;</ind>]</trd>
  <trd lng="nl">bij</trd>
  <trd lng="it">ape</trd>
  <trd lng="oc">abelha</trd>
  <trd lng="pl">pszczo&lstroke;a</trd>
  <trd lng="pt">abelha</trd>
  <trd lng="ru">&c_p;&c_ch;&c_je;&c_l;&c_a;</trd>
  <trd lng="sk">v&ccaron;ela</trd>
  <trd lng="sv">bi</trd>
  <trd lng="uk">&c_b;&c_d;&c_zh;&c_o;&c_l;&c_a;</trd>
  <trdgrp lng="tr">
    <trd>bal ar&inodot;s&inodot;</trd>,
    <trd>ar&inodot;</trd>
  </trdgrp>
  <trd lng="vo">bien</trd>
</drv>

<drv mrk="abel.0ujo">
  <kap><tld/>ujo</kap>
  <snc mrk="abel.0ujo.HOR">
    <uzo tip="fak">HOR</uzo>
    <dif>
      Dometo konstruita de <tld/>oj, a&ubreve; korbo a&ubreve; kesteto
      konstruita de homo por lo&gcirc;igi <tld/>ojn:
      <ekz>
        en <tld/>ujon ne blovu
        <klr>(ne incitu koleremulon)</klr>
        <fnt><bib>PrV</bib></fnt>;
      </ekz>
      <ekz>
        <tld/>ujon ne incitu, amason ne spitu
        <fnt>
          <bib>PrV</bib>
        </fnt>;
      </ekz>
      <ekz>
        <uzo tip="stl">FIG</uzo>
        li memoris <klr>[&#8230;]</klr> la zumadon, murmuradon kaj sonoradon de la <tld/>ujoj
        de la grandaj urboj
        <fnt>
          <bib>Fab4</bib>
          <lok>Historio el la dunoj</lok>
        </fnt>;
      </ekz>
      <ekz>
        <uzo tip="stl">FIG</uzo>
        la granda urbo aperis anta&ubreve; la okuloj de &scirc;ia imago en la formo de grandega
        <tld/>ujo, en kiu movi&gcirc;is, bolis per vivo kaj pelado, multo da homaj
        ekzista&jcirc;oj
        <fnt>
          <bib>Marta</bib>
        </fnt>.
      </ekz>
    </dif>
  </snc>
  <trd lng="be">&c_v;&c_u;&c_l;&c_je;&c_j;</trd>
  <trd lng="bg">&c_k;&c_o;&c_sh;&c_je;&c_r;</trd>
  <trdgrp lng="br">
    <trd>ruskenn</trd>, <trd>kestenn</trd>
  </trdgrp>
  <trdgrp lng="ca">
    <trd>rusc</trd>, 
    <trd>buc</trd>,
    <trd>seguer</trd>,
    <trd>bresca</trd>
    <trd>arna</trd>
  </trdgrp>
  <trd lng="cs">&uacute;l</trd>
  <trdgrp lng="da">
    <trd>bistade</trd>,
    <trd>bikube</trd>
  </trdgrp>
  <trdgrp lng="de">
    <trd>Bienenkorb</trd>, <trd>Bienenstock</trd>
  </trdgrp>
  <trdgrp lng="en">
    <trd>beehive</trd>, <trd>hive</trd>
  </trdgrp>
  <trd lng="es">colmena</trd>
  <trd lng="fa">&f_k;&a_n;&a_d;&a_w;</trd>
  <trd lng="fr">ruche</trd>
  <trd lng="he">&kaf;&vav;&vav;&resh;&tav;</trd>
  <trd lng="hu">kapt&aacute;r</trd>
  <trd lng="io">abeluyo</trd>
  <trd lng="it">alveare</trd>
  <trd lng="ja">&#12511;&#12484;&#12496;&#12481;&#12398;&#24035;&#31665;
  [<ind>&#12415;&#12388;&#12400;&#12385;&#12398;&#12377;&#12400;&#12371;</ind>]</trd>
  <trd lng="nl">bijenkorf</trd>
  <trdgrp lng="oc">
    <trd>bornat</trd>, 
    <trd>bornhon</trd>,
    <trd>buc</trd>,
    <trd>brusc</trd>
  </trdgrp>
  <trd lng="pl">ul</trd>
  <trdgrp lng="pt">
    <trd>colm&eacute;ia</trd>,
    <trd>corti&ccedil;o</trd>
  </trdgrp>
  <trd lng="ru">&c_u;&c_l;&c_je;&c_j;</trd>
  <trd lng="sk">&uacute;&lcaron;</trd>
  <trd lng="sv">bikupa</trd>
  <trdgrp lng="th">
    <trd>&#3585;&#3621;&#3656;&#3629;&#3591;&#3648;&#3621;&#3637;&#3657;&#3618;&#3591;&#3612;&#3638;&#3657;&#3591;</trd>,
    <trd>&#3621;&#3633;&#3591;&#3648;&#3621;&#3637;&#3657;&#3618;&#3591;&#3612;&#3638;&#3657;&#3591;</trd>,
    <trd>&#3627;&#3637;&#3610;&#3648;&#3621;&#3637;&#3657;&#3618;&#3591;&#3612;&#3638;&#3657;&#3591;</trd>
  </trdgrp>
  <trd lng="tr">kovan</trd>
  <trd lng="vo">bienadomil</trd>
</drv>

<drv mrk="abel.0ejo">
  <kap><tld/>ejo</kap>
  <snc mrk="abel.0ejo.HOR">
    <uzo tip="fak">HOR</uzo>
    <dif>
      Loko, kie <tld/>bredisto aran&gcirc;is <tld/>ujojn:
      <ekz>
        <uzo tip="stl">FIG</uzo>
        balda&ubreve; en Malsupra Egipto &ccirc;io komencis zumi, kvaza&ubreve; en <tld/>ejo
        <fnt>
          <bib>Far3</bib>
          <lok>&Ccirc;apitro XIII</lok>
        </fnt>.
      </ekz>
    </dif>
  </snc>
  <trdgrp lng="be">
    <trd>&c_p;&c_a;&c_s;&c_je;&c_k;&c_a;</trd>,
    <trd>&c_p;&c_ch;&c_a;&c_l;&c_mol;&c_n;&c_ib;&c_k;</trd>
  </trdgrp>
  <trd lng="bg">&c_k;&c_o;&c_sh;&c_je;&c_r;</trd>
  <trd lng="br">gwenaneg</trd>
  <trd lng="ca">abellar</trd>
  <trd lng="cs">v&ccaron;el&iacute;n</trd>
  <trd lng="da">big&aring;rd</trd>
  <trd lng="de">Bienenstand</trd>
  <trd lng="en">apiary</trd>
  <trdgrp lng="es">
    <trd>colmenar</trd>,
    <trd>abejera</trd>
  </trdgrp>
  <trd lng="fa">&f_k;&a_n;&a_d;&a_w;&a_kh;&a_A;&a_n;&a_h;</trd>
  <trd lng="fr">rucher</trd>
  <trd lng="he">&mem;&kaf;&vav;&vav;&resh;&tav;</trd>
  <trd lng="hu">m&eacute;hes</trd>
  <trd lng="io">abeleyo</trd>
  <trd lng="it">arnia</trd>
  <trd lng="ja">&#39178;&#34562;&#22580;
  [<ind>&#12424;&#12358;&#12411;&#12358;&#12376;&#12423;&#12358;</ind>]</trd>
  <trdgrp lng="nl">
    <trd>bijenschans</trd>,
    <trd>bijenstal</trd>
  </trdgrp>
  <trd lng="pl">pasieka</trd>
  <trdgrp lng="pt">
    <trd>colmeal</trd>
  </trdgrp>
  <trd lng="ru">&c_p;&c_a;&c_s;&c_je;&c_k;&c_a;</trd>
  <trd lng="sk">v&ccaron;el&iacute;n</trd>
  <trdgrp lng="th">
    <trd>&#3619;&#3633;&#3591;&#3612;&#3638;&#3657;&#3591;</trd>,
    <trd>&#3619;&#3623;&#3591;&#3612;&#3638;&#3657;&#3591;</trd>
  </trdgrp>
</drv>

<drv mrk="abel.0isto">
  <kap><tld/>isto</kap>
  <snc mrk="abel.0isto.HOR">
    <uzo tip="fak">HOR</uzo>
    <dif>
      Homo kiu prizorgas <tld/>ujojn kaj
      forprenas mielon kaj <ref cel="vaks.0o">vakson</ref>:
      <ekz>
        en <tld/>isto-rondeto <nom>Vytautas</nom> konati&gcirc;is kun <nom>Juozas Bacevi&ccaron;ius</nom>
        <fnt>
          <bib>Monato</bib>
          <aut>Laimius Stra&zcaron;nickas</aut>
          <vrk><url ref="https://www.monato.net/2003/007861.html"
              >Sekretaj vortoj de kura&gcirc;a presisto</url></vrk>
        </fnt>.
      </ekz>
    </dif>
  </snc>
  <trdgrp lng="be">
    <trd>&c_p;&c_ch;&c_a;&c_l;&c_ja;&c_r;</trd>,
    <trd>&c_b;&c_o;&c_r;&c_t;&c_n;&c_ib;&c_k;</trd>
  </trdgrp>
  <trd lng="bg">&c_p;&c_ch;&c_je;&c_l;&c_a;&c_r;</trd>
  <trd lng="br">gwenaner</trd>
  <trdgrp lng="ca">
    <trd>apicultor</trd>,
    <trd>abellaire</trd>
  </trdgrp>
  <trd lng="cs">v&ccaron;ela&rcaron;</trd>
  <trd lng="da">biavler</trd>
  <trd lng="de">Imker</trd>
  <trd lng="en">beekeeper</trd>
  <trd lng="es">apicultor</trd>
  <trdgrp lng="fa">
    <trd>&f_k;&a_n;&a_d;&a_w;&a_d;&a_A;&a_r;</trd>,
    <trd>&a_z;&a_n;&a_b;&a_w;&a_r;&a_d;&a_A;&a_r;</trd>
  </trdgrp>
  <trd lng="fr">apiculteur</trd>
  <trd lng="he">&kaf;&vav;&vav;&resh;&fnun;</trd>
  <trd lng="hu">m&eacute;h&eacute;sz</trd>
  <trd lng="it">apicoltore</trd>
  <trd lng="ja">&#39178;&#34562;&#23478;
  [<ind>&#12424;&#12358;&#12411;&#12358;&#12363;</ind>]</trd>
  <trdgrp lng="nl">
    <trd>imker</trd>,
    <trd>bijenhouder</trd>
  </trdgrp>
  <trdgrp lng="oc">
    <trd>apicultor</trd>,
    <trd>abelhaire</trd>
  </trdgrp>
  <trd lng="pl">pszczelarz</trd>
  <trdgrp lng="pt">
     <trd>apicultor</trd>
  </trdgrp>
  <trdgrp lng="ru">
    <trd>&c_p;&c_ch;&c_je;&c_l;&c_o;&c_v;&c_o;&c_d;</trd>,
    <trd>&c_p;&c_a;&c_s;&c_je;&c_ch;&c_n;&c_i;&c_k;</trd>
  </trdgrp>
  <trd lng="sk">v&ccaron;el&aacute;r</trd>
  <trd lng="th">&#3588;&#3609;&#3648;&#3621;&#3637;&#3657;&#3618;&#3591;&#3612;&#3638;&#3657;&#3591;</trd>
  <trd lng="vo">bienan</trd>
</drv>

<drv mrk="abel.0ino">
  <kap><tld/>ino</kap>
  <snc mrk="abel.0ino.ZOO">
    <uzo tip="fak">ZOO</uzo>
    <dif>
      Inseksa individuo el la genro <tld/>oj.
    </dif>
    <refgrp tip="sub">
      <ref cel="abel.0regxino"><tld/>re&gcirc;ino</ref>,
      <ref cel="abel.labor0o">labor<tld/>o</ref>
    </refgrp>
    <trd lng="th">&#3612;&#3638;&#3657;&#3591;&#3605;&#3633;&#3623;&#3648;&#3617;&#3637;&#3618;</trd>
  </snc>
  <trd lng="ca">abella femella</trd>
  <trd lng="cs">v&ccaron;ela <klr>(d&ecaron;lnice)</klr></trd>
  <trd lng="da">hun-bi <klr>(dronning el. arbejder)</klr></trd>
  <trd lng="fa">&a_z;&a_n;&a_b;&a_w;&a_r; &a_m;&a_A;&a_d;&a_h;</trd>
  <trd lng="fr">abeille femelle</trd>
  <trd lng="hu">n&odblac;st&eacute;ny <ind>m&eacute;h</ind></trd>
  <trd lng="io">abelino</trd>
  <trd lng="nl">wijfjes<ind>bij</ind></trd>
  <trdgrp lng="pt">
     <trd>abelha f&ecirc;mea</trd>
  </trdgrp>
  <trd lng="ru">&c_s;&c_a;&c_m;&c_k;&c_a;
<ind>&c_p;&c_ch;&c_je;&c_l;&c_y;</ind>
  </trd>
  <trd lng="sk">v&ccaron;ela <klr>(robotn&iacute;&ccaron;ka)</klr></trd>
  <trd lng="vo">jibien</trd>
</drv>

<drv mrk="abel.0regxino">
  <kap><tld/>re&gcirc;ino</kap>
  <snc>
    <uzo tip="fak">ZOO</uzo>
    <dif>
      En <tld/>a familio, la sola <tld/>ino kun plene evoluintaj
      seksaj organoj:
      <ekz>
        kaj tien flugis la <tld/>re&gcirc;ino kun sia svarmo kaj demetis
        vakson kaj mielon
        <fnt><bib>Fab3</bib>, <lok>Elfo de la rozo</lok></fnt>;
      </ekz>
      <ekz>
        la <tld/>re&gcirc;ino kun la tuta <tld/>svarmo brue enflugis
        <fnt>
          <bib>Fab2</bib>
          <lok>Elfo de la rozo</lok>
        </fnt>.
      </ekz>
    </dif>
  </snc>
  <trd lng="bg">&c_p;&c_ch;&c_je;&c_l;&c_a;
  &c_m;&c_a;&c_j;&c_k;&c_a;</trd>
  <trd lng="br">mamm-wenan</trd>
  <trd lng="ca">abella reina</trd>
  <trd lng="da">bidronning</trd>
  <trd lng="de">Bienenk&ouml;nigin</trd>
  <trd lng="en">queen</trd>
  <trd lng="es">reina</trd>
  <trdgrp lng="fa">
    <trd>&a_m;&a_l;&f_k;&a_h;<klr tip="ind">
    (&a_z;&a_n;&a_b;&a_w;&a_r;)</klr></trd>,
    <trd>&a_z;&a_n;&a_b;&a_w;&a_r; &a_m;&a_l;&f_k;&a_h;</trd>
  </trdgrp>
  <trd lng="fr">reine<klr tip="ind"> (abeille)</klr></trd>
  <trd lng="hu">m&eacute;hkir&aacute;lyn&odblac;</trd>
  <trd lng="it"><ind>ape</ind> regina</trd>
  <trd lng="nl">bijenkoningin</trd>
  <trd lng="oc">abelha reina</trd>
  <trdgrp lng="pl">
    <trd>kr&oacute;lowa</trd>, <trd>pszczo&lstroke;a
    <ind>matka</ind></trd>
  </trdgrp>
  <trdgrp lng="pt">
    <trd>abelha-mestra</trd>,
    <trd>rainha</trd>
  </trdgrp>
  <trd lng="ru">&c_p;&c_ch;&c_je;&c_l;&c_i;&c_n;&c_a;&c_ja;
<ind>&c_m;&c_a;&c_t;&c_k;&c_a;</ind></trd>
  <trdgrp lng="th">
    <trd>&#3612;&#3638;&#3657;&#3591;&#3619;&#3634;&#3594;&#3636;&#3609;&#3637;</trd>,
    <trd>&#3612;&#3638;&#3657;&#3591;&#3609;&#3634;&#3591;&#3614;&#3597;&#3634;</trd>
  </trdgrp>
  <trd lng="vo">bienajireg</trd>
</drv>

<drv mrk="abel.vir0o">
  <kap>vir<tld/>o</kap>
  <snc mrk="abel.vir0o.ZOO">
    <uzo tip="fak">ZOO</uzo>
    <dif>
      Virseksa individuo el la genro <tld/>oj,
      kiu ne laboras kaj kies
      nura funkcio estas fekundigi la re&gcirc;inon:
      <ekz>
        la <tld/>oj &ccirc;iam laboremas, sed la vir<tld/>o sufi&ccirc;e
        bone man&gcirc;adas, kaj tute ne laboras
        <fnt>
        <aut>M. K. Gandhi, trad. A Giridhar Rao</aut>,
        <vrk><url
        ref="http://esperanto.enxarxa.com/GANDHI%20Eksperimentoj%20kun%20la%20Vero.pdf">
        Eksperimentoj kun la Vero</url></vrk>,
        <lok>[vidita en 2017]</lok>
        </fnt>.
      </ekz>
    </dif>
    <trd lng="th">&#3612;&#3638;&#3657;&#3591;&#3605;&#3633;&#3623;&#3612;&#3641;&#3657;</trd>
  </snc>
  <trd lng="be">&c_t;&c_r;&c_u;&c_c;&c_je;&c_n;&c_mol;</trd>
  <trd lng="bg">&c_t;&c_malmol;&c_r;&c_t;&c_je;&c_j;</trd>
  <trd lng="br">tad-gwenan</trd>
  <trd lng="ca">abellot</trd>
  <trd lng="cs">trubec</trd>
  <trd lng="da">drone</trd>
  <trd lng="de">Drohne</trd>
  <trd lng="en">drone</trd>
  <trd lng="es">z&aacute;ngano</trd>
  <trd lng="fa">&a_z;&a_n;&a_b;&a_w;&a_r; &a_n;&a_r;</trd>
  <trdgrp lng="fr">
    <trd>abeille m&acirc;le</trd>,
    <trd>faux-bourdon</trd>
  </trdgrp>
  <trd lng="hu">herem&eacute;h</trd>
  <trd lng="io">abelulo</trd>
  <trd lng="it">fuco</trd>
  <trd lng="nl">mannetjes<ind>bij</ind></trd>
  <trdgrp lng="oc">
    <trd>abelha mascla</trd>,
    <trd>abelhard</trd>,
    <trd>fals <ind>bordon</ind></trd>
  </trdgrp>
  <trd lng="pl">trute&nacute;</trd>
  <trdgrp lng="pt">
    <trd>zang&atilde;o</trd>,
    <trd>z&acirc;ng&atilde;o</trd>
  </trdgrp>
  <trd lng="ru">&c_t;&c_r;&c_u;&c_t;&c_je;&c_n;&c_mol;</trd>
  <trd lng="sk">tr&uacute;d</trd>
  <trd lng="vo">hibien</trd>
</drv>

<drv mrk="abel.labor0o">
  <kap>labor<tld/>o</kap>
  <snc mrk="abel.labor0o.ZOO">
    <uzo tip="fak">ZOO</uzo>
    <dif>
      En <tld/>a familio, <tld/>ino sen la reprodukta funkcio,
      kiu sen&ccirc;ese laboras:
      <ekz>
        interesa aspekto de la evoluado estas, ke la distingo
        inter labor<tld/>oj kaj <tld/>re&gcirc;inoj bazi&gcirc;as nur
        sur nutra&jcirc;o
        <fnt><aut>J. Adcock, trad. D. Rogers</aut>,
        <vrk><url ref="http://www.esperanto.org.nz/kiekiel.html"
        >De kie? Kien? Kaj kiel?</url></vrk>,
        <lok>[1993?]</lok></fnt>.
      </ekz>
    </dif>
  </snc>
  <trd lng="br">labourerez<klr tip="ind"> (gwenanenn)</klr></trd>
  <trd lng="ca">abella <klr tip="ind">obrera</klr></trd>
  <trd lng="cs">v&ccaron;ela d&ecaron;lnice</trd>
  <trd lng="da">arbejderbi</trd>
  <trd lng="de">Arbeiterin<klr tip="ind"> (Biene)</klr></trd>
  <trd lng="en">worker<klr tip="ind"> (bee)</klr></trd>
  <trd lng="es"><klr tip="ind">(abeja) </klr>obrera</trd>
  <trd lng="fa">&a_z;&a_n;&a_b;&a_w;&a_r;
  &f_k;&a_A;&a_r;&f_g;&a_r;</trd>
  <trd lng="fr">ouvri&egrave;re<klr tip="ind"> (abeille)</klr></trd>
  <trd lng="hu">dolgoz&oacute;<klr tip="ind"> (m&eacute;h)</klr></trd>
  <trd lng="it"><ind>ape</ind> operaia</trd>
  <trd lng="nl">werkster<klr tip="ind"> (bij)</klr></trd>
  <trd lng="pl">pszczo&lstroke;a <ind>robotnica</ind></trd>
  <trdgrp lng="pt">
    <trd>abelha-oper&aacute;ria</trd>
  </trdgrp>
  <trd lng="ru">&c_r;&c_a;&c_b;&c_o;&c_ch;&c_a;&c_ja;
&c_p;&c_ch;&c_je;&c_l;&c_a;</trd>
  <trd lng="sk">v&ccaron;ela robotnica</trd>
  <trd lng="th">&#3612;&#3638;&#3657;&#3591;&#3591;&#3634;&#3609;</trd>
</drv>
</art>
<!--
$Log: abel.xml,v $
Revision 1.75  2019/03/01 10:10:20  revo
Wolfram Diestel: pliaj ekz-oj, rim hom Abelo (matematikisto)

Revision 1.74  2018/10/06 16:10:17  revo
Wolfram Diestel: pli bona bildo el Wikimedia Commons

Revision 1.73  2017/09/07 10:10:17  revo
Jeromo Vasxe: - superflua fnt F (= *)

Revision 1.72  2017/07/10 06:10:14  revo
Warut Bunprasert: +trd th

Revision 1.71  2016/12/03 17:10:16  revo
Robin van der Vliet: +trd

Revision 1.70  2016/10/28 20:10:18  revo
Lars Raarup Knudsen: aldono de danaj tradukoj

Revision 1.69  2016/10/25 16:10:13  revo
Lars Raarup Knudsen: aldono de danaj tradukoj

Revision 1.68  2016/10/24 17:10:41  revo
-->

</vortaro>
