<?xml version="1.0"?>    

<!DOCTYPE vortaro SYSTEM "../dtd/vokoxml.dtd">

<vortaro>
<art mrk="$Id: abi.xml,v 1.37 2018/08/16 18:10:17 revo Exp $">
<kap>
  <ofc>*</ofc>
  <rad>abi</rad>/o
</kap>

<drv mrk="abi.0o">
  <kap><ofc>*</ofc><tld/>o</kap>
  <snc mrk="abi.0o.BOT">
    <uzo tip="fak">BOT</uzo>
    <dif>
      &Ccirc;iamverda arbo el <ref tip="lst" cel="konifer.0o" 
      lst="voko:koniferoj">koniferoj</ref> kun starantaj konusoj kaj
      pingloformaj maldikaj, iom flekseblaj folioj, ofte havantaj
      malsupre du 
      helajn striojn, kaj elkreskantaj kun piedeto rekte el la bran&ccirc;oj;
      <ref tip="lst" cel="genr.0o"
      lst="voko:botanikaj_genroj">genro</ref> el familio <ref
      tip="malprt" cel="pinac.0oj">pinacoj</ref>
      (<trd lng="la">Abies</trd>):
      <ekz>
        cikonio havas sian lo&gcirc;ejon sur <tld/>oj
        <fnt>
          <bib>MT</bib>
          <lok>Psalmaro 104:17</lok>
        </fnt>;
      </ekz>
      <ekz>
        cipreso, <tld/>o, kaj bukso kuni&gcirc;os, por ornami la lokon
        <fnt>
          <bib>MT</bib>
          <lok>Jesaja 60:13</lok>
        </fnt>;
      </ekz>
      <ekz>
        &ccirc;e <tld/>o oni povas precize kalkuli la jarojn de &gcirc;ia kreskado, se oni kalkutas, kiom da fojoj &gcirc;i ricevis novan trunkidon
        <fnt>
          <bib>Fab2</bib>
          <lok>Abio</lok>
        </fnt>;
      </ekz>
      <ekz>
        la <tld/>o aspektis tre bonfarte: &gcirc;i estis kvaza&ubreve; iomete da poezio inter la ruba&jcirc;oj
        <fnt>
          <bib>Fab4</bib>
          <lok>Turgardisto Ole</lok>
        </fnt>;
      </ekz>
      <ekz>
        la altaj, ne&gcirc;kovritaj Alpoj, kun nuboj kaj mallumaj <tld/>oj
        <fnt>
          <bib>Fab1</bib>
          <lok>&Gcirc;ardeno de la paradizo</lok>
        </fnt>;
      </ekz>
      <ekz>
        helegaj lumoj, ekbruligitaj inter la verdaj bran&ccirc;oj de la kristnaskaj <tld/>oj
        <fnt>
          <bib>Marta</bib>
        </fnt>.
      </ekz>
    </dif>
    <ref tip="sub" cel="arb.kristnask0o">kristnaskarbo</ref>
  </snc>
  <trd lng="be">&c_je;&c_l;&c_k;&c_a;</trd>
  <trdgrp lng="bg">
    <trd>&c_je;&c_l;&c_a;</trd>,
    <trd>&c_je;&c_l;&c_h;&c_a;</trd>
  </trdgrp>
  <trdgrp lng="br">
     <trd>saprenn</trd>, 
     <trd>gwezenn-sapr</trd>
  </trdgrp>
  <trd lng="ca">avet</trd>
  <trd lng="cs">jedle</trd>
  <trd lng="da">&aelig;delgran</trd>
  <trd lng="de">Tanne</trd>
  <trd lng="el">&epsilon_ton;&lambda;&alfa;&tau;&omikron;</trd>
  <trd lng="en">fir</trd>
  <trd lng="es">abeto</trd>
  <trd lng="fa">&a_n;&a_r;&a_A;&a_d;</trd>
  <trd lng="fr">sapin</trd>
  <trd lng="hu">jegenyefeny&odblac;</trd>
  <trd lng="id">cemara</trd>
  <trd lng="it">abete</trd>
  <trd lng="ja">&#12514;&#12511; [<ind>&#12418;&#12415;</ind>]</trd>
  <trd lng="nl">spar</trd>
  <trd lng="oc">avet</trd>
  <trd lng="pl">jod&lstroke;a</trd>
  <trd lng="pt">pinheiro</trd>
  <trd lng="ru">&c_p;&c_i;&c_h;&c_t;&c_a;</trd>
  <trd lng="sk">jed&lcaron;a</trd>
  <trd lng="sv">gran</trd>
  <trd lng="tr">g&ouml;knar</trd>
</drv>
</art>
<!--
$Log: abi.xml,v $
Revision 1.37  2018/08/16 18:10:17  revo
Wolfram Diestel: +ekz-oj, ref al kristnaskarbo

Revision 1.36  2017/09/07 11:10:14  revo
Jeromo Vasxe: - superflua fnt F (= *)

Revision 1.35  2016/10/28 20:10:20  revo
Lars Raarup Knudsen: aldono de danaj tradukoj

Revision 1.34  2015/07/04 08:37:29  revo
aldono de trd cs per skripto de M. von Laer

Revision 1.33  2014/11/09 15:10:17  revo
Eko Nur Syah Hidayat: +trd id

Revision 1.32  2013/10/26 16:10:35  revo
Wolfram Diestel: prilaboris dif, ref al koniferoj

Revision 1.31  2013/08/30 14:10:32  revo
Wolfram Diestel: kor. lst-ref

Revision 1.30  2013/08/28 13:10:30  revo
-->
</vortaro>
