<?xml version="1.0"?>
<!DOCTYPE vortaro SYSTEM "../dtd/vokoxml.dtd">

<vortaro>
<art mrk="$Id: abidarm.xml,v 1.9 2016/10/28 20:10:21 revo Exp $">
<kap>
  <rad>Abidarm</rad>/o <fnt><bib>NePiv</bib></fnt>
</kap>
<drv mrk="abidarm.0o">
  <kap><tld/>o</kap>
  <snc mrk="abidarm.0o.BUD">
    <uzo tip="fak">BUD</uzo>
    <dif>
      Pri<ref tip="vid" cel="darm.0o.BUD">darmaj</ref> klarigoj
      kaj <ref tip="vid" cel="sutr.0o.BUD">sutro</ref>komentoj,
      kolektitaj kiel tria korbo de la <ref tip="malprt"
      cel="tripitak.0o.BUD">tripitako</ref>:
      <ekz>
	la&ubreve; palia tradicio, sutro diras malrekte, <klr>...</klr> 
	<tld/>o rekte
	<fnt>
	  <vrk><url 
	  ref="http://www.tejo.org/uea/budhisma_terminaro">Budhisma 
	  Terminaro</url></vrk>,
	  <lok>2006-07-10</lok>
	</fnt>;
      </ekz>
      <ekz>
	li perfekte primajstris <klr>...</klr> sutron, vinajon kaj 
	<tld/>on
	<fnt>
	  <vrk><url
ref="http://es.chinabroadcast.cn/chinaabc/chapter17/chapter170411.htm">Xuanzang
</url></vrk>,
	  <lok>&Ccirc;ina abc, [vidita en 2006-10]</lok>
	</fnt>.
      </ekz>
    </dif>
  </snc>
  <trd lng="ca">abhidharma</trd>
  <trd lng="cs">Abhidharma</trd>
  <trd lng="da">Abhidharma</trd>
  <trd lng="de">Abhidhammapitaka</trd>
  <trdgrp lng="en">
    <trd>abhidharma <klr>(Sanskrit)</klr></trd>,
    <trd>abhidhamma <klr>(Pali)</klr></trd>
  </trdgrp>
  <trd lng="fr">abhidharma</trd>
  <trd lng="hu">abhidharma</trd>
  <trdgrp lng="it">
    <trd><ind>abhidharma</ind> pitaka</trd>,
    <trd><ind>abhidhamma</ind> pitaka</trd>
  </trdgrp>
  <trdgrp lng="nl">
    <trd>abhidhamma</trd>,
    <trd>abhidhamma-pitaka</trd>
  </trdgrp>
  <trd lng="sk">Abhidharma</trd>
</drv>
</art>

<!--
$Log: abidarm.xml,v $
Revision 1.9  2016/10/28 20:10:21  revo
Lars Raarup Knudsen: aldono de danaj tradukoj

Revision 1.8  2015/07/04 08:37:29  revo
aldono de trd cs per skripto de M. von Laer

Revision 1.7  2015/06/28 12:03:35  revo
aldono de trd sk per skripto de M. von Laer

Revision 1.6  2013/08/16 11:10:12  revo
Joop Eggen: +trd nl en

Revision 1.5  2012/08/10 14:12:06  revo
Marc Rausell: + trd ca

Revision 1.4  2011/01/17 16:10:13  revo
Antonio Codazzi: +trd it

Revision 1.3  2008/11/14 17:31:33  revo
Wieland Pusch: +trd de

Revision 1.2  2007/05/07 16:30:19  revo
-->
</vortaro>
