<?xml version="1.0"?>
<!DOCTYPE vortaro SYSTEM "../dtd/vokoxml.dtd">

<vortaro>
<art mrk="$Id: abism.xml,v 1.44 2017/11/26 15:10:14 revo Exp $">
<kap>
  <ofc>1</ofc>
  <rad>abism</rad>/o
</kap>
<drv mrk="abism.0o">
  <kap><tld/>o</kap>
  <snc>
    <dif>
      Profundega&jcirc;o:
      <ekz>
        la &scirc;ipo, renkontinte glacitavolegon,
        en<tld/>i&gcirc;is.
      </ekz>
    </dif>
    <trd lng="ca">abisme</trd>
    <trd lng="cs">propast</trd>
    <trd lng="de">Tiefe</trd>
    <trd lng="en">abyss</trd>
    <trd lng="hu">m&eacute;lys&eacute;g</trd>
    <trd lng="nl">afgrond</trd>
    <trd lng="oc">abisme</trd>
    <trdgrp lng="pl">
      <trd>czelu&sacute;&cacute;</trd>,
      <trd>przepa&sacute;&cacute;</trd>,
      <trd>otch&lstroke;a&nacute;</trd>
    </trdgrp>
  </snc>
  <snc>
    <uzo tip="stl">FIG</uzo>
    <dif>
      Plena, &gcirc;isfunda ruini&gcirc;o:
      <ekz>
        miaj esperoj forfalis en la
        <tld/>on<fnt>Z</fnt>.
      </ekz>
    </dif>
    <trd lng="en">oblivion</trd>
    <trd lng="nl">afgrond</trd>
    <trd lng="hu">t&ouml;nk</trd>
    <trdgrp lng="pl">
      <trd>przepa&sacute;&cacute;</trd>,
      <trd>niebyt</trd>,
      <trd>nico&sacute;&cacute;</trd>
    </trdgrp>
  </snc>
  <snc>
    <uzo tip="stl">FIG</uzo>
    <dif>
      Plena, esenca neakordigebla malsameco:
      <ekz>
        estas <tld/>o inter amba&ubreve; opinioj;
      </ekz>
      <ekz>
        fremda animo estas <tld/>o sen limo
        <fnt><bib>PrV</bib></fnt>.
      </ekz>
    </dif>
    <refgrp tip="vid">
      <ref cel="fauxk.0o">fa&ubreve;ko</ref>,
      <ref cel="fund.0o">fundo</ref>,
      <ref cel="mar.0o">maro</ref>,
      <ref cel="fund.sen0ajxo">senfunda&jcirc;o</ref>,
      <ref cel="glut.0ejo">glutejo</ref>.
    </refgrp>
    <trd lng="hu">szakad&eacute;k</trd>
    <trd lng="nl">kloof</trd>
    <trd lng="pl">przepa&sacute;&cacute;</trd>
  </snc>
  <adm>
    Reverkenda.
    <aut>MB</aut>
  </adm>
  <trdgrp lng="be">
    <trd>&c_b;&c_je;&c_z;&c_d;&c_a;&c_n;&c_mol;</trd>,
    <trd>&c_p;&c_r;&c_o;&c_r;&c_v;&c_a;</trd>
  </trdgrp>
  <trdgrp lng="br">
    <trd>isfont</trd>,
    <trd>islonk</trd>
  </trdgrp>
  <trd lng="ca">abisme</trd>
  <trd lng="de">Abgrund</trd>
  <trd lng="es">abismo</trd>
  <trdgrp lng="fa">
    <trd>&a_q;&a_ayn;&a_r;</trd>,
    <trd>&f_zh;&a_r;&a_f;&a_n;&a_A;</trd>
  </trdgrp>
  <trdgrp lng="fr">
    <trd>ab&icirc;me</trd>,
    <trd>abysse</trd>,
    <trd>gouffre</trd>,
    <trd>pr&eacute;cipice</trd>,
    <trd>tr&eacute;fonds</trd>
  </trdgrp>
  <trd lng="it">abisso</trd>
  <trd lng="pt">abismo</trd>
  <trd lng="ro">abis</trd>
  <trdgrp lng="ru">
    <trd>&c_p;&c_r;&c_o;&c_p;&c_a;&c_s;&c_t;&c_mol;<klr tip="ind">
    (&c_s;&c_u;&c_shch;.)</klr></trd>,
    <trd>&c_b;&c_je;&c_z;&c_d;&c_n;&c_a;</trd>
  </trdgrp>
  <trd lng="sk">priepas&tcaron;</trd>
  <trd lng="sv">avgrund</trd>
  <trd lng="tr">u&ccedil;urum</trd>
</drv>

<drv mrk="abism.0a">
  <kap><tld/>a</kap>
  <snc>
    <dif>
      Rilata al <tld/>o.
    </dif>
  </snc>
  <trd lng="be">&c_b;&c_ja;&c_z;&c_d;&c_o;&c_n;&c_n;&c_y;</trd>
  <trd lng="br">islonkus</trd>
  <trd lng="ca">abismal</trd>
  <trd lng="cs">propastn&yacute;</trd>
  <trd lng="da">afgrundsdyb</trd>
  <trdgrp lng="fr">
    <trd>abyssal</trd>,
    <trd>illimit&eacute;<klr tip="ind"> (insondable)</klr></trd>,
    <trd>incommensurable<klr tip="ind"> (insondable)</klr></trd>,
    <trd>insondable<klr tip="ind"> (abyssal)</klr></trd>,
    <trd>infini<klr tip="ind"> (tr&egrave;s profond)</klr></trd>,
    <trd>profond<klr tip="ind"> (insondable)</klr></trd>
  </trdgrp>
  <trd lng="it">abissale</trd>
  <trdgrp lng="pl">
    <trd>czelustny</trd>,
    <trd>przepastny</trd>,
    <trd>bezdenny</trd>
  </trdgrp>
  <trd lng="ru">&c_b;&c_je;&c_z;&c_d;&c_o;&c_n;&c_n;&c_y;&c_j;</trd>
  <trd lng="sk">priepastn&yacute;</trd>
</drv>
</art>
<!--
$Log: abism.xml,v $
Revision 1.44  2017/11/26 15:10:14  revo
Vito Redsky: + trd ro

Revision 1.43  2016/10/29 18:10:15  revo
Lars Raarup Knudsen: aldono de danaj tradukoj

Revision 1.42  2015/07/04 08:37:29  revo
aldono de trd cs per skripto de M. von Laer

Revision 1.41  2015/06/28 12:03:35  revo
aldono de trd sk per skripto de M. von Laer

Revision 1.40  2013/03/01 07:10:12  revo
Dmitri Gabinski: redakto: +trd be

Revision 1.39  2012/08/22 10:10:11  revo
Marc Rausell: ++ trd ca

Revision 1.38  2011/01/17 16:10:15  revo
Antonio Codazzi: ++trd it

Revision 1.37  2010/06/28 17:53:12  revo
-->

</vortaro>
