<?xml version="1.0"?>
<!DOCTYPE vortaro SYSTEM "../dtd/vokoxml.dtd">

<vortaro>
<art mrk="$Id: abitur.xml,v 1.32 2017/05/22 09:10:13 revo Exp $">
<kap>
  <ofc>4</ofc>
  <rad>abiturient</rad>/o
  <fnt>Z</fnt>
</kap>

<drv mrk="abitur.0o">
  <kap><tld/>o</kap>
  <uzo tip="fak">PED</uzo>
  <snc>
    <dif>
      Mezgrada diplomito, kiu finis la gimnazian kursaron, sukcese
      plenuminte la koncernan ekzamenon:
      <ekz>
	havi sian <tld/>an diplomon.
      </ekz>
    </dif>
    <refgrp tip="vid">
      <ref cel="bakala.0o">bakala&ubreve;ro</ref>.
    </refgrp>
  </snc>
  <trd lng="be">&c_v;&c_y;&c_p;&c_u;&c_s;&c_k;&c_n;&c_ib;&c_k;</trd>
  <trd lng="bg">&c_a;&c_b;&c_i;&c_t;&c_u;&c_r;&c_i;&c_je;&c_n;&c_t;</trd>
  <trd lng="br">bachelour<klr tip="ind"> (eil derez)</klr></trd>
  <trd lng="ca">batxiller</trd>
  <trdgrp lng="cs">
    <trd>abiturient</trd>,
    <trd>absolvent &scaron;koly</trd>,
    <trd>maturant</trd>
  </trdgrp>
  <trd lng="da">student</trd>
  <trd lng="de">Abiturient</trd>
  <trdgrp lng="en">
    <trd>high-school graduate</trd>, <trd>G.E.D. holder</trd>
  </trdgrp>
  <trd lng="es">bachiller</trd>
  <trd lng="fr">bachelier<klr tip="ind"> (personne re&ccedil;ue &agrave;
  l'examen de fin d'&eacute;tudes secondaires)</klr></trd>
  <trd lng="hu">&eacute;retts&eacute;gizett</trd>
  <trdgrp lng="it">
    <trd>maturo<klr> (diplomato)</klr></trd>,
    <trd>diplomato<klr> (scuola secondaria superiore)</klr></trd>
  </trdgrp>
  <trdgrp lng="pl">
    <trd>abiturient</trd>,
    <trd>maturzysta</trd>
  </trdgrp>
  <trd lng="pt">pr&eacute;-universit&aacute;rio<klr> (estudante que terminou o ensino
  m&eacute;dio)</klr></trd>
  <trd lng="ro">bacalaureat</trd>
  <trd lng="ru">&c_v;&c_y;&c_p;&c_u;&c_s;&c_k;&c_n;&c_i;&c_k;</trd>
  <trdgrp lng="sk">
    <trd>absolvent</trd>,
    <trd>maturant</trd>
  </trdgrp>
</drv>

<drv mrk="abitur.0aekzameno">
  <kap><tld/>a ekzameno</kap>
  <snc>
    <dif>
      Mezgrada diplomo fine de la gimnazia kursaro.
      <ekz>
	<tld lit="A"/>a ekzameno finas la mezgradan instruon.
      </ekz>
    </dif>
  </snc>
  <trd lng="bg">&c_m;&c_a;&c_t;&c_u;&c_r;&c_a;</trd>
  <trd lng="ca">selectivitat</trd>
  <trdgrp lng="cs">
    <trd>maturitn&iacute; zkou&scaron;ka</trd>,
    <trd>zkou&scaron;ka dosp&ecaron;losti</trd>
  </trdgrp>
  <trd lng="de">Abitur</trd>
  <trd lng="da">studentereksamen</trd>
  <trdgrp lng="es">
    <trd>selectividad</trd>,
    <trd>rev&aacute;lida</trd>
  </trdgrp>
  <trd lng="fr">baccalaur&eacute;at</trd>
  <trd lng="hu">&eacute;retts&eacute;gi vizsga</trd>
  <trdgrp lng="it">
    <trd><ind>esame</ind> di maturit&agrave;</trd>,
    <trd><ind>esame</ind> di stato<klr> (ex-maturit&agrave;)</klr></trd>
  </trdgrp>
  <trdgrp lng="pl">
    <trd>matura</trd>,
    <trd>egzamin <ind>maturalny</ind></trd>,
    <trd>egzamin dojrza&lstroke;o&sacute;ci</trd>
  </trdgrp>
  <trd lng="sk">maturitn&aacute; sk&uacute;&scaron;ka</trd>
</drv>


</art>
<!--
$Log: a  revo
Alan ar Gall: +trd br

Revision 1.16  2005/02/03 17:31:37  revo
Marc Bavant: mod trd fr, -adm

Revision 1.15  2003/10/25 16:31:56  revo
Dmitri Gabinski: +trd be

Revision 1.14  2003/05/12 20:11:04  revo
Viliam Bur: +trd sk

Revision 1.13  2002/12/15 19:52:45  revo
Jeromo Vasxe: + fak ped

Revision 1.12 2002/09/19 16:31:59 revo
Christopher Zervic: + trd ang

Revision 1.11 2002/04/16 16:31:48 revo
Alejandro Mejia Greene: ald his trd

Revision 1.10 2002/02/14 17:36:54 revo
Yury Finkel: +trd ru

Revision 1.9 2001/07/09 18:16:29 revo
Marc Bavant: mod ref tip al bakalauxro

Revision 1.8 2001/06/09 18:48:29 revo
Jozefo Horvath: hungara traduko

Revision 1.7 2001/04/04 16:18:13 revo
Helio Jaques: rlatoj > rilatoj en
<adm>
  Revision 1.6 2001/01/12 17:10:47 revo
  Dennis Wibrow: aldono de germana traduko
  Revision 1.5 2000/12/01 17:10:54 revo
  Marc Bavant: +ofc, +adm
  Revision 1.4 2000/08/30 19:06:13 revo
  Marc Bavant: aldono de franca traduko
  -->
  </vortaro>
