<?xml version="1.0"?>
<!DOCTYPE vortaro SYSTEM "../dtd/vokoxml.dtd">

<vortaro>
<art mrk="$Id: ablaci.xml,v 1.9 2016/03/13 12:10:21 revo Exp $">
<kap>
  <rad>ablaci</rad>/o <fnt><bib>PIV1</bib></fnt>
</kap>
<drv mrk="ablaci.0o">
  <kap><tld/>o</kap>
  <snc mrk="ablaci.0o.GEOL">
    <uzo tip="fak">GEOL</uzo>
    <dif>
      Surfaca <ref tip="vid" cel="erozi.0o">erozio</ref>.
    </dif>
  </snc>
  <snc mrk="ablaci.0o.glacio">
    <uzo tip="fak">GEOL</uzo>
    <uzo tip="fak">EKOL</uzo>
    <dif>
      Fandi&gcirc;o kaj elvapori&gcirc;o de glaciejo:
      <ekz>
        <tld/>o estas masperdo de la gla&ccirc;ero dum la metamorfozproceso
        <fnt>
          <bib>Viki</bib>,
          <vrk><url
          ref="https://eo.wikipedia.org/wiki/Gla%C4%89ero#Ablacio">Gla&ccirc;ero</url></vrk>.
        </fnt>
      </ekz>
    </dif>
    <rim>
     erozio <em>de</em> glaciejo.
    </rim>
  </snc>
  <snc mrk="ablaci.0o.rokoj">
    <uzo tip="fak">GEOL</uzo>
    <dif>
      Forporto de rokoj fare de glaciejo.
    </dif>
    <rim>
     erozio <em>fare de</em> glaciejo.
    </rim>
  </snc>
  <snc mrk="ablaci.0o.MED">
    <uzo tip="fak">MED</uzo>
    <uzo tip="fak">KIR</uzo>
    <dif>
      <ref tip="vid" cel="hxirur.0a.MED">&Hcirc;irurgia</ref> forigo: 
      <ekz>
        <tld/>o de reno;
      </ekz>
      <ekz>
        <tld/>o de dentotartro
      </ekz>.
    </dif>
  </snc>
  <snc mrk="ablaci.0o.AST">
    <uzo tip="fak">AST</uzo>
    <dif>
      <ref tip="vid" cel="erozi.0o">Erozio</ref> a&ubreve; elvapori&gcirc;o
      pro frotado tra la atmosfero.  
    </dif>
  </snc>
  <trd lng="ca">ablaci&oacute;</trd>
  <trdgrp lng="cs">
    <trd>ablace</trd>,
    <trd>kon&ccaron;etiny</trd>,
    <trd>odn&ecaron;t&iacute; tk&aacute;n&ecaron;</trd>,
    <trd>org&aacute;nu</trd>
  </trdgrp>
  <trdgrp lng="de">
    <trd>Ablation</trd>,
    <trd>Abtrag</trd>,
    <trd>Abschmelzen</trd>
  </trdgrp>
  <trd lng="en">ablation</trd>
  <trd lng="es">ablaci&oacute;n</trd>
  <trd lng="fr">ablation</trd>
  <trd lng="it">ablazione</trd>
  <trd lng="pl">ablacja</trd>
  <trd lng="ro">abla&tcedil;iune</trd>
  <trdgrp lng="sk">
    <trd>abl&aacute;cia</trd>,
    <trd>od&ncaron;atie tkaniva</trd>,
    <trd>org&aacute;nu</trd>
  </trdgrp>
</drv>

<drv mrk="ablaci.0agxo">
 <kap><tld/>a a&gcirc;o
   <fnt>Astronomia Terminaro</fnt>
  </kap>
  <snc mrk="ablaci.0agxo.AST">
    <uzo tip="fak">AST</uzo>
    <dif>
      Tempoda&ubreve;ro ekde la fandi&gcirc;o de la vitra surfaco de
      aer&scirc;tono pro &gcirc;ia enirado tra la atmosfero.
    </dif>
  </snc>
  <trd lng="ca">temps d'ablaci&oacute;</trd>
  <trd lng="en">ablation age</trd>
  <trd lng="it">tempo di ablazione</trd>
  <trd lng="pl">wiek lodowcowy</trd>
</drv>
</art>
<!--
$Log: ablaci.xml,v $
Revision 1.9  2016/03/13 12:10:21  revo
Wolfram Diestel: +ekz, - url  AT, +trd de, mrk-oj

Revision 1.8  2015/07/04 08:37:29  revo
aldono de trd cs per skripto de M. von Laer

Revision 1.7  2015/06/28 12:03:35  revo
aldono de trd sk per skripto de M. von Laer

Revision 1.6  2013/10/27 09:10:10  revo
Vito Redsky: +trd  pl ro

Revision 1.5  2012/08/22 10:10:12  revo
Marc Rausell: ++ trd ca

Revision 1.4  2010/06/28 17:53:14  revo
Guillem Sevilla: +trd ca

Revision 1.3  2010/01/13 17:30:23  revo
Jeromo Vasxe: kor. 1 fnt 1 ref, - kk ref, + kk mrk, + formalajxoj

Revision 1.2  2008/12/11 17:30:53  revo
-->
</vortaro>
