<?xml version="1.0"?>
<!DOCTYPE vortaro SYSTEM "../dtd/vokoxml.dtd">

<vortaro>
<art mrk="$Id: abnega.xml,v 1.30 2016/03/13 12:10:22 revo Exp $">
<kap>
  <ofc>2</ofc>
  <rad>abnegaci</rad>/o
</kap>
<drv mrk="abnega.0o">
  <kap><tld/>o
    <fnt><bib>PV</bib></fnt>
  </kap>
  <snc>
    <dif>
      Volonta forgeso pri sia propra utilo a&ubreve; bonstato:
      <ekz>
        Gandhi <klr>[...]</klr> fondis du bienojn por provi kaj praktiki
        siajn idealojn pri sendependeco, sinregado, <tld/>o kaj digno
        pro laboro
        <fnt><aut>A. Giridhar Rao</aut>: <vrk>La formi&gcirc;o de
        Mahatmo</vrk>, <bib>Monato</bib><lok>jaro 1997a, numero 7a, p.
        26a</lok></fnt>.
      </ekz>
    </dif>
    <refgrp tip="sin">
      <ref cel="rezign.0emo">rezignemo</ref>
    </refgrp>
    <refgrp tip="vid">
      <ref cel="altrui.0o">altruismo</ref>,
      <ref cel="don.sin0o">sindono</ref>,
      <ref cel="ofer.sin0o">sinofero</ref>.
    </refgrp>
  </snc>
  <trdgrp lng="be">
    <trd>&c_s;&c_a;&c_m;&c_a;&c_a;&c_d;&c_d;&c_a;&c_n;&c_a;&c_s;&c_mol;&c_c;&c_mol;</trd>,
    <trd>&c_s;&c_a;&c_m;&c_a;&c_a;&c_h;&c_v;&c_ja;&c_r;&c_n;&c_a;&c_s;&c_mol;&c_c;&c_mol;</trd>
  </trdgrp>
  <trdgrp lng="ca">
    <trd>abnegaci&oacute;</trd>,
    <trd>renunciament</trd>,
    <trd>sacrifici</trd>
  </trdgrp>
  <trdgrp lng="cs">
    <trd>od&rcaron;&iacute;k&aacute;n&iacute;</trd>,
    <trd>vzd&aacute;n&iacute; se</trd>,
    <trd>z&rcaron;eknut&iacute; se</trd>
  </trdgrp>
  <trdgrp lng="de">
    <trd>Entsagung</trd>,
    <trd>Selbstverleugnung</trd>
  </trdgrp>
  <trdgrp lng="en">
    <trd>renunciation</trd>,
    <trd>abnegation</trd>
  </trdgrp>
  <trd lng="es">abnegaci&oacute;n</trd>
  <trdgrp lng="fa">
    <trd>&a_f;&a_d;&a_A;&f_k;&a_A;&a_r;&f_y;</trd>,
    <trd>&a_A;&a_z;&a_kh;&a_w;&a_d;&f_g;&a_dh;&a_sh;&a_t;&f_g;&f_y;</trd>,
    <trd>&a_A;&f_y;&a_th;&a_A;&a_r;</trd>
  </trdgrp>
  <trdgrp lng="fr">
    <trd>abn&eacute;gation</trd>,
    <trd>d&eacute;sint&eacute;ressement</trd>,
    <trd>renoncement</trd>,
    <trd>sacrifice</trd>
  </trdgrp>
  <trdgrp lng="hu">
    <trd>&ouml;nmegtagad&aacute;s</trd>,
    <trd>&aacute;ldozatk&eacute;szs&eacute;g</trd>,
    <trd>lemond&aacute;s</trd>
  </trdgrp>
  <trd lng="it">abnegazione</trd>
  <trd lng="nl">zelfverloochening</trd>
  <trdgrp lng="oc">
    <trd>abnegacion</trd>,
    <trd>renonciament</trd>,
    <trd>sacrifici</trd>
  </trdgrp>
  <trd lng="pl">abnegacja</trd>
  <trd lng="pt">abnega&ccedil;&atilde;o</trd>
  <trd lng="ru">&c_s;&c_a;&c_m;&c_o;&c_o;&c_t;&c_v;&c_je;&c_r;&c_zh;&c_je;&c_n;&c_n;&c_o;&c_s;&c_t;&c_mol;</trd>
  <trdgrp lng="sk">
    <trd>odriekanie</trd>,
    <trd>sebazaprenie</trd>,
    <trd>zrieknutie sa</trd>
  </trdgrp>
  <trd lng="tr">vazge&ccedil;me</trd>
</drv>

<drv mrk="abnega.0i">
  <kap><tld/>i
  </kap>
  <snc>
    <gra><vspec>tr</vspec></gra>
    <dif>
      Ne atenti propran utilon kaj bonstaton:
      <ekz>
        kaj li diris al &ccirc;iuj, se iu volas veni post mi li <tld/>u sin 
        kaj levu sian krucon &ccirc;iutage kaj sekvu min
        <fnt><bib>NT</bib>, <lok>Luko 9:23</lok></fnt>
      </ekz>
    </dif>
  </snc>
</drv>  

<drv mrk="abnega.0a">
  <kap><tld/>a</kap>
  <snc>
    <dif>
      Ne atenta al propra utilo a&ubreve; pla&ccirc;o:
      <ekz>
        beda&ubreve;rinde post la morto de ties <tld/>a redaktoro la
        revuo aperas nur unu fojon jare
        <fnt><aut>Anatolo Gon&ccirc;arov</aut>: <vrk>Via sano
        en viaj manoj</vrk>, <bib>Monato</bib>
        <lok>jaro 2002a, numero 3a, p. 17-19a</lok></fnt>.
      </ekz>
    </dif>
    <refgrp tip="vid">
      <ref cel="altrui.0a">altruisma</ref>,
      <ref cel="don.sin0a">sindona</ref>
    </refgrp>
  </snc>
  <trdgrp lng="be">
    <trd>&c_s;&c_a;&c_m;&c_a;&c_a;&c_d;&c_d;&c_a;&c_n;&c_y;</trd>,
    <trd>&c_s;&c_a;&c_m;&c_a;&c_a;&c_h;&c_v;&c_ja;&c_r;&c_n;&c_y;</trd>
  </trdgrp>
  <trd lng="ca">abnegat</trd>
  <trd lng="cs">od&rcaron;&iacute;kav&yacute;</trd>
  <trdgrp lng="de">
    <trd>entsagungsvoll</trd>,
    <trd>selbstverleugnerisch</trd>
  </trdgrp>
  <trdgrp lng="fa">
    <trd>&a_f;&a_d;&a_A;&f_k;&a_A;&a_r;</trd>,
    <trd>&a_A;&a_z;&a_kh;&a_w;&a_d;&f_g;&a_dh;&a_sh;&a_t;&a_h;</trd>,
    <trd>&a_A;&f_y;&a_th;&a_A;&a_r;&f_g;&a_r;</trd>
  </trdgrp>
  <trdgrp lng="fr">
    <trd>d&eacute;sint&eacute;ress&eacute;<klr tip="ind"> (qui fait
    preuve de d&eacute;sint&eacute;ressement)</klr></trd>,
    <trd>d&eacute;tach&eacute;<klr tip="ind">
    (d&eacute;sint&eacute;ress&eacute;)</klr></trd>
  </trdgrp>
  <trd lng="hu">&aacute;ldozatk&eacute;sz</trd>
  <trd lng="pl">oddany</trd>
  <trd lng="sk">odriekav&yacute;</trd>
</drv>
</art>
<!--
$Log: abnega.xml,v $
Revision 1.30  2016/03/13 12:10:22  revo
Wolfram Diestel: mislokita turka trd, fnt PV, + drv ~i

Revision 1.29  2015/07/04 08:37:29  revo
aldono de trd cs per skripto de M. von Laer

Revision 1.28  2015/06/28 12:03:35  revo
aldono de trd sk per skripto de M. von Laer

Revision 1.27  2011/01/17 17:10:11  revo
Antonio Codazzi: +trd it

Revision 1.26  2010/06/28 17:53:16  revo
Guillem Sevilla: +trd ca, oc

Revision 1.25  2010/04/25 16:30:28  revo
Behnam Tabatabai: +trd fa

Revision 1.24  2009/08/23 16:32:35  revo
Emmanuel Debanne: +trd tr

Revision 1.23  2009/02/01 17:30:19  revo
-->
</vortaro>
