<?xml version="1.0"?>
<!DOCTYPE vortaro SYSTEM "../dtd/vokoxml.dtd">

<vortaro>
<art mrk="$Id: abolic.xml,v 1.26 2016/10/29 19:10:18 revo Exp $">
<kap>
  <rad>abolici</rad>/i
</kap>
<drv mrk="abolic.0i">
  <kap><tld/>i</kap>
  <gra><vspec>tr</vspec></gra>
  <uzo tip="fak">JUR</uzo>
  <snc>
    <dif>
      Per jura akto definitive nuligi le&gcirc;on a&ubreve;
      forigi kutimon:
      <ekz>
        sklaveco estis <tld/>ita en Usono nur en 1865.
      </ekz>
    </dif>
    <ref tip="sin" cel="abol.0i">aboli</ref>
    <ref tip="vid" cel="nul0.0igi">nuligi</ref>
  </snc>
  <trdgrp lng="be">
    <trd>&c_a;&c_d;&c_m;&c_ja;&c_n;&c_ib;&c_c;&c_mol;</trd>,
    <trd>&c_s;&c_k;&c_a;&c_s;&c_a;&c_v;&c_a;&c_c;&c_mol;</trd>
  </trdgrp>
  <trd lng="br">terri&ntilde;<klr tip="ind"> (ul lezenn)</klr></trd>
  <trd lng="ca">abolir</trd>
  <trdgrp lng="cs">
    <trd>vym&yacute;tit zvyk</trd>,
    <trd>zastavit soudn&iacute; &rcaron;&iacute;zen&iacute;</trd>,
    <trd>zru&scaron;it z&aacute;kon</trd>
  </trdgrp>
  <trdgrp lng="da">
    <trd>afskaffe</trd>,
    <trd>oph&aelig;ve</trd>
  </trdgrp>
  <trdgrp lng="de">
    <trd>aufheben</trd>,
    <trd>abschaffen</trd>,
    <trd>einstellen</trd>
  </trdgrp>
  <trd lng="en">abolish</trd>
  <trd lng="es">abolir</trd>
  <trdgrp lng="fa">
    <trd>&a_l;&a_gh;&a_w; &f_k;&a_r;&a_d;&a_n;</trd>,
    <trd>&a_b;&a_r;&f_ch;&f_y;&a_d;&a_n;</trd>
  </trdgrp>
  <trdgrp lng="fr">
    <trd>abolir</trd>,
    <trd>abroger</trd>,
    <trd>annuler<klr tip="ind"> (par un acte juridique)</klr></trd>
  </trdgrp>
  <trd lng="hu">elt&ouml;r&ouml;l</trd>
  <trd lng="it">abrogare</trd>
  <trd lng="nl">afschaffen</trd>
  <trd lng="oc">abolir</trd>
  <trdgrp lng="pl">
    <trd>umorzy&cacute;</trd>,
    <trd>uchyli&cacute;</trd>,
    <trd>znie&sacute;&cacute;</trd>
  </trdgrp>
  <trd lng="pt">abolir, anular, extinguir, revogar</trd>
  <trdgrp lng="ru">
    <trd>&c_o;&c_t;&c_m;&c_je;&c_n;&c_i;&c_t;&c_mol;</trd>,
    <trd>&c_u;&c_p;&c_r;&c_a;&c_z;&c_d;&c_n;&c_i;&c_t;&c_mol;</trd>
  </trdgrp>
  <trdgrp lng="sk">
    <trd>dekr&eacute;t</trd>,
    <trd>zru&scaron;i&tcaron; <klr>(z&aacute;kon,
oby&ccaron;aj)</klr></trd>,
    <trd>zru&scaron;i&tcaron; z&aacute;kon</trd>
  </trdgrp>
</drv>
</art>
<!--
$Log: abolic.xml,v $
Revision 1.26  2016/10/29 19:10:18  revo
Lars Raarup Knudsen: aldono de danaj tradukoj

Revision 1.25  2015/07/04 08:37:29  revo
aldono de trd cs per skripto de M. von Laer

Revision 1.24  2015/06/28 12:03:35  revo
aldono de trd sk per skripto de M. von Laer

Revision 1.23  2011/09/28 12:10:11  revo
Antonio Codazzi: +trd it

Revision 1.22  2010/06/28 17:53:18  revo
Guillem Sevilla: +trd ca, oc

Revision 1.21  2010/06/15 16:30:31  revo
Evandro Avellar: +trd pt

Revision 1.20  2009/11/08 17:30:33  revo
Behnam Tabatabai: +trd fa

Revision 1.19  2008/09/20 07:21:55  revo
-->

</vortaro>
