<?xml version="1.0"?>
<!DOCTYPE vortaro SYSTEM "../dtd/vokoxml.dtd">

<vortaro>
<art mrk="$Id: abomen.xml,v 1.47 2016/11/03 01:10:15 revo Exp $">
<kap>
  <ofc>*</ofc>
  <rad>abomen</rad>/i
</kap>

<drv mrk="abomen.0i">
  <kap><ofc>*</ofc><tld/>i</kap>
  <gra><vspec>tr</vspec></gra>
  <snc>
    <dif>
      Malamegi pro fizike na&ubreve;zaj a&ubreve; morale
      malpla&ccirc;egaj
      ecoj:
      <ekz>
        <tld/>i odoron, la ostrojn, la mensogon, la militon;
      </ekz>
      <ekz>
        <tld/>i trinki akvon
        <fnt><bib>MT</bib>, <lok>&Eli; 7:18</lok></fnt>;
      </ekz>
      <ekz>
        ni deziras forigi de ni tion, kion ni <tld/>as.
      </ekz>
    </dif>
  </snc>
  <trd lng="be">&c_a;&c_d;&c_ch;&c_u;&c_v;&c_a;&c_c;&c_mol;
  <ind>&c_a;&c_g;&c_ib;&c_d;&c_u;</ind></trd>
  <trdgrp lng="bg">
    <trd>&c_m;&c_r;&c_a;&c_z;&c_ja;</trd>,
    <trd>&c_n;&c_je;&c_n;&c_a;&c_v;&c_i;&c_zh;&c_d;&c_a;&c_m;</trd>,
    <trd>&c_o;&c_t;&c_v;&c_r;&c_a;&c_shch;&c_a;&c_v;&c_a;&c_m;
    &c_s;&c_je;</trd>
  </trdgrp>
  <trdgrp lng="br">
    <trd>heugi&ntilde;</trd>,
    <trd>do&ntilde;jeri&ntilde;</trd>
  </trdgrp>
  <trdgrp lng="ca">
    <trd>abominar</trd>,
    <trd>execrar</trd>,
    <trd>detestar</trd>,
    <trd>odiar</trd>
  </trdgrp>
  <trdgrp lng="cs">
    <trd>hnusit si</trd>,
    <trd>protivit si n&ecaron;co</trd>
  </trdgrp>
  <trd lng="da">afsky</trd>
  <trd lng="de">verabscheuen</trd>
  <trdgrp lng="en">
    <trd>abominate</trd>,
    <trd>abhor</trd>,
    <trd>loathe</trd>
  </trdgrp>
  <trd lng="es">abominar</trd>
  <trdgrp lng="fa">
    <trd>&a_n;&a_f;&a_r;&a_t; &a_d;&a_A;&a_sh;&a_t;&a_n;</trd>,
    <trd>&a_m;&a_t;&a_n;&a_f;&a_r; &a_b;&a_w;&a_d;&a_n;</trd>,
    <trd>&a_b;&f_y;&a_z;&a_A;&a_r; &a_b;&a_w;&a_d;&a_n;</trd>
  </trdgrp>
  <trdgrp lng="fr">
    <trd>abominer</trd>,
    <trd>abhorrer</trd>,
    <trd>d&eacute;tester</trd>,
    <trd>ex&eacute;crer</trd>,
    <trd>avoir en <ind>horreur</ind></trd>
  </trdgrp>
  <trd lng="hu">ut&aacute;l</trd>
  <trdgrp lng="nl">
    <trd>verafschuwen</trd>,
    <trd>verfoeien</trd>
  </trdgrp>
  <trdgrp lng="pl">
    <trd>brzydzi&cacute; si&eogonek;</trd>,
    <trd>mie&cacute; wstr&eogonek;t</trd>
  </trdgrp>
  <trd lng="pt">abominar</trd>
  <trdgrp lng="ro">
    <trd>detesta</trd>,
    <trd>ur&icirc;</trd>
  </trdgrp>
  <trd lng="ru">&c_p;&c_i;&c_t;&c_a;&c_t;&c_mol;
  <ind>&c_o;&c_t;&c_v;&c_r;&c_a;&c_shch;&c_je;&c_n;&c_i;&c_je;</ind></trd>
  <trdgrp lng="sk">
    <trd>hnusi&tcaron; si</trd>,
    <trd>pova&zcaron;ova&tcaron; za <ind>odporn&eacute;</ind></trd>,
    <trd>protivi&tcaron; si nie&ccaron;o</trd>
  </trdgrp>
  <trd lng="sv">avsky</trd>
</drv>

<drv mrk="abomen.0o">
  <kap><ofc>*</ofc><tld/>o</kap>
  <snc>
    <dif>
      Sento de tiu, kiu <tld/>as.
      <ekz>
        senti <tld/>on al, anta&ubreve;, kontra&ubreve; iu, io.
      </ekz>
    </dif>
  </snc>
  <trd lng="be">&c_a;&c_g;&c_ib;&c_d;&c_a;</trd>
  <trdgrp lng="br">
    <trd>heug</trd>,
    <trd>do&ntilde;jer</trd>
  </trdgrp>
  <trdgrp lng="ca">
    <trd>aversi&oacute;</trd>,
    <trd>repulsi&oacute;</trd>
  </trdgrp>
  <trdgrp lng="cs">
    <trd>averze</trd>,
    <trd>hnus</trd>,
    <trd>odpor</trd>,
    <trd>odpudivost</trd>
  </trdgrp>
  <trd lng="da">afsky</trd>
  <trd lng="de">Abscheu</trd>
  <trdgrp lng="en">
    <trd>abomination</trd>,
    <trd>loathing</trd>
  </trdgrp>
  <trd lng="es">aversi&oacute;n</trd>
  <trdgrp lng="fa">
    <trd>&a_b;&f_y;&a_z;&a_A;&a_r;&f_y;</trd>,
    <trd>&a_n;&a_f;&a_r;&a_t;</trd>,
    <trd>&a_A;&a_n;&a_z;&a_j;&a_A;&a_r;</trd>
  </trdgrp>
  <trdgrp lng="fr">
    <trd>abomination<klr tip="ind"> (d&eacute;go&ucirc;t)</klr></trd>,
    <trd>aversion</trd>,
    <trd>d&eacute;go&ucirc;t</trd>,
    <trd>d&eacute;testation</trd>,
    <trd>r&eacute;pulsion</trd>
  </trdgrp>
  <trd lng="hu">ut&aacute;lat</trd>
  <trdgrp lng="pl">
    <trd>odraza</trd>,
    <trd>wstr&eogonek;t</trd>
  </trdgrp>
  <trd lng="ro">detestare</trd>
  <trd
  lng="ru">&c_o;&c_t;&c_v;&c_r;&c_a;&c_shch;&c_je;&c_n;&c_i;&c_je;</trd>
  <trdgrp lng="sk">
    <trd>hnus</trd>,
    <trd>odpor</trd>,
    <trd>o&scaron;klivos&tcaron;</trd>
  </trdgrp>
  <trd lng="sv">avsky</trd>
</drv>

<drv mrk="abomen.0a">
  <kap><tld/>a</kap>
  <snc>
    <dif>
      Ka&ubreve;zanta <tld/>on:
      <ekz>
        kia <tld/>a urbeto!<fnt>Z</fnt>
      </ekz>
    </dif>
  </snc>
  <trdgrp lng="be">
    <trd>&c_a;&c_g;&c_ib;&c_d;&c_n;&c_y;</trd>,
    <trd>&c_m;&c_ja;&c_r;&c_z;&c_o;&c_t;&c_n;&c_y;</trd>
  </trdgrp>
  <trdgrp lng="br">
    <trd>heugus</trd>,
    <trd>do&ntilde;jerus</trd>
  </trdgrp>
  <trd lng="ca">abominable</trd>
  <trdgrp lng="cs">
    <trd>hnusn&yacute;</trd>,
    <trd>nechutn&yacute;</trd>,
    <trd>odporn&yacute;</trd>,
    <trd>ohavn&yacute;</trd>,
    <trd>ohyzdn&yacute;</trd>
  </trdgrp>
  <trd lng="da">afskyelig</trd>
  <trdgrp lng="de">
    <trd>scheu&szlig;lich</trd>,
    <trd>abscheulich</trd>
  </trdgrp>
  <trdgrp lng="en">
    <trd>abominable</trd>,
    <trd>detestable</trd>,
    <trd>loathsome</trd>,
    <trd>odious</trd>,
    <trd>revolting</trd>
  </trdgrp>
  <trd lng="es">abominable</trd>
  <trdgrp lng="fa">
    <trd>&a_n;&a_f;&a_r;&a_t;&zwnj;&a_A;&a_n;&f_g;&f_y;&a_z;</trd>,
    <trd>&a_m;&a_sh;&a_m;&a_y_hamza;&a_z;&f_k;&a_n;&a_n;&a_d;&a_h;</trd>
  </trdgrp>
  <trdgrp lng="fr">
    <trd>abominable</trd>,
    <trd>d&eacute;go&ucirc;tant</trd>,
    <trd>d&eacute;testable</trd>,
    <trd>horrible</trd>,
    <trd>r&eacute;pugnant</trd>
  </trdgrp>
  <trdgrp lng="hu">
    <trd>undok</trd>,
    <trd>ut&aacute;latos</trd>,
    <trd>ocsm&aacute;ny</trd>
  </trdgrp>
  <trd lng="nl">afschuwelijk</trd>
  <trdgrp lng="pl">
    <trd>obrzydliwy</trd>,
    <trd>wstr&eogonek;tny</trd>
  </trdgrp>
  <trd lng="ro">detestabil</trd>
  <trd
  lng="ru">&c_o;&c_t;&c_v;&c_r;&c_a;&c_t;&c_i;&c_t;&c_je;&c_l;&c_mol;&c_n;&c_y;&c_j;</trd>
  <trdgrp lng="sk">
    <trd>hnusn&yacute;</trd>,
    <trd>odporn&yacute;</trd>,
    <trd>ohavn&yacute;</trd>
  </trdgrp>
  <trd lng="sv">avskyv&auml;rd</trd>
</drv>

<drv mrk="abomen.0ajxo">
  <kap><tld/>a&jcirc;o</kap>
  <snc>
    <dif>
      Io <tld/>a.
    </dif>
  </snc>
  <trdgrp lng="be">
    <trd>&c_m;&c_ja;&c_r;&c_z;&c_o;&c_t;&c_a;</trd>,
    <trd>&c_g;&c_ib;&c_d;&c_o;&c_t;&c_a;</trd>
  </trdgrp>
  <trdgrp lng="ca">
    <trd>cosa abominable</trd>,
    <trd>horror</trd>,
    <trd>atrocitat</trd>
  </trdgrp>  
  <trd lng="da">afsky</trd>
  <trd lng="en">abomination</trd>
  <trd lng="es">abominaci&oacute;n</trd>
  <trdgrp lng="fr">
    <trd>abomination<klr tip="ind"> (chose abominable)</klr></trd>,
    <trd>atrocit&eacute;</trd>,
    <trd>honte<klr tip="ind"> (chose qui r&eacute;vulse)</klr></trd>,
    <trd>horreur<klr tip="ind"> (chose qui r&eacute;vulse)</klr></trd>,
    <trd>ignominie<klr tip="ind"> (chose qui
    r&eacute;vulse)</klr></trd>,
    <trd>scandale<klr tip="ind"> (chose qui r&eacute;vulse)</klr></trd>
  </trdgrp>
  <trdgrp lng="hu">
    <trd>undoks&aacute;g</trd>,
    <trd>ocsm&aacute;nys&aacute;g</trd>
  </trdgrp>
  <trd lng="pl">obrzydliwo&sacute;&cacute;</trd>
  <trd lng="ro">detestare</trd>
</drv>

<drv mrk="abomen.0inda">
  <kap><tld/>inda</kap>
  <snc>
    <dif>
      Inda je <tld/>o; estanta tiel fia, ke oni devas &gcirc;in <tld/>i:
      <ekz>
        lepro kovris mian korpon per <tld/>inda &scirc;elo<fnt>Z</fnt>;
      </ekz>
      <ekz>
        vi <tld/>indigis vian belecon
        <fnt><bib>MT</bib>, <lok>&Jeh; 16:25</lok></fnt>.
      </ekz>
    </dif>
    <refgrp tip="vid">
      <ref cel="antipa.0o">antipatio</ref>.
    </refgrp>
  </snc>
  <trdgrp lng="be">
    <trd>&c_a;&c_g;&c_ib;&c_d;&c_n;&c_y;</trd>,
    <trd>&c_m;&c_ja;&c_r;&c_z;&c_o;&c_t;&c_n;&c_y;</trd>
  </trdgrp>
  <trd lng="ca">abominable</trd>
  <trdgrp lng="cs">
    <trd>hnusn&yacute;</trd>,
    <trd>nechutn&yacute;</trd>,
    <trd>odporn&yacute;</trd>,
    <trd>ohavn&yacute;</trd>,
    <trd>ohyzdn&yacute;</trd>
  </trdgrp>
  <trd lng="da">afskyelig</trd>
  <trdgrp lng="de">
    <trd>verabscheuensw&uuml;rdig</trd>,
    <trd>verabscheuenswert</trd>
  </trdgrp>
  <trdgrp lng="en">
    <trd>abominable</trd>,
    <trd>detestable</trd>,
    <trd>loathsome</trd>,
    <trd>odious</trd>,
    <trd>revolting</trd>
  </trdgrp>
  <trd lng="es">abominable</trd>
  <trdgrp lng="fa">
    <trd>&a_m;&a_A;&f_y;&a_h;&a_hamza_sure;
    <ind>&a_A;&a_n;&a_z;&a_j;&a_A;&a_r;</ind></trd>,
    <trd>&a_m;&a_A;&f_y;&a_h;&a_hamza_sure;
    <ind>&a_n;&a_f;&a_r;&a_t;</ind></trd>
  </trdgrp>
  <trdgrp lng="fr">
    <trd>abominable</trd>,
    <trd>d&eacute;go&ucirc;tant</trd>,
    <trd>d&eacute;testable</trd>,
    <trd>horrible</trd>,
    <trd>r&eacute;pugnant</trd>
  </trdgrp>
  <trd lng="hu">ut&aacute;lnival&oacute;</trd>
  <trd lng="it">abominevole</trd>
  <trdgrp lng="nl">
    <trd>afschuwelijk</trd>,
    <trd>ijselijk</trd>,
    <trd>afgrijselijk</trd>,
    <trd>verfoeilijk</trd>
  </trdgrp>
  <trdgrp lng="pl">
    <trd>obrzydliwy</trd>,
    <trd>odpychaj&aogonek;cy</trd>
  </trdgrp>
  <trd lng="pt">abomin&aacute;vel</trd>
  <trd lng="ro">detestabil</trd>
  <trd
  lng="ru">&c_o;&c_t;&c_v;&c_r;&c_a;&c_t;&c_i;&c_t;&c_je;&c_l;&c_mol;&c_n;&c_y;&c_j;</trd>
  <trdgrp lng="sk">
    <trd>hnusn&yacute;</trd>,
    <trd>odporn&yacute;</trd>,
    <trd>ohavn&yacute;</trd>
  </trdgrp>
  <trd lng="sv">avskyv&auml;rd</trd>
</drv>
</art>
<!--
$Log: abomen.xml,v $
Revision 1.47  2016/11/03 01:10:15  revo
Carlos Garcia: +trd es -o -ajx

Revision 1.46  2016/10/29 19:10:20  revo
Lars Raarup Knudsen: aldono de danaj tradukoj

Revision 1.45  2015/07/04 08:37:29  revo
aldono de trd cs per skripto de M. von Laer

Revision 1.44  2015/06/28 12:03:35  revo
aldono de trd sk per skripto de M. von Laer

Revision 1.43  2013/10/27 12:10:10  revo
Vito Redsky: +trd  pl ro

Revision 1.42  2013/04/03 08:10:09  revo
Dmitri Gabinski: redakto: +trd be

Revision 1.41  2012/08/22 10:10:14  revo
Marc Rausell: ++ trd ca

Revision 1.40  2010/06/28 17:53:20  revo
-->

</vortaro>
