<?xml version="1.0"?>
<!DOCTYPE vortaro SYSTEM "../dtd/vokoxml.dtd">

<vortaro>
<art mrk="$Id: abort.xml,v 1.36 2017/04/01 16:10:16 revo Exp $">
<kap>
  <ofc>1</ofc>
  <rad>abort</rad>/i
</kap>

<drv mrk="abort.0i">
  <kap><tld/>i</kap>
  <gra><vspec>ntr</vspec></gra>
  <snc>
    <uzo tip="fak">MED</uzo>
    <dif>
      Naski anta&ubreve;tempe nevivpovan idon:
      <ekz>
        <klr>[se viro]</klr> frapos gravedan virinon, kaj &scirc;i
        <tld/>os,
        tiam oni punu lin per monpuno
        <fnt><bib>MT</bib>, <lok>&Eli; 21:22</lok></fnt>;
      </ekz>
      <ekz>
        donu al ili ventron <tld/>eman kaj mamojn seki&gcirc;intajn
        <fnt><bib>MT</bib>, <lok>&Hos; 9:14</lok></fnt>.
      </ekz>
    </dif>
    <trd lng="de">fehlgeb&auml;ren</trd>
    <trd lng="nl">ontijdig bevallen</trd>
    <trd lng="es">abortar</trd>
    <trd lng="ms">menggugurkan</trd>
    <trdgrp lng="hu">
      <trd>elvet&eacute;l</trd>,
      <trd>abort&aacute;l</trd>
    </trdgrp>
    <trd lng="pl">poroni&cacute;</trd>
    <trd lng="ru">&c_v;&c_y;&c_k;&c_i;&c_n;&c_u;&c_t;&c_mol;
    &c_p;&c_l;&c_o;&c_d;</trd>
    <trd lng="sk">potrati&tcaron;</trd>
    <trd lng="sv">f&aring; missfall</trd>
  </snc>
  <snc>
    <uzo tip="stl">FIG</uzo>
    <dif>
      Halti en sia malvolvo, senrezultati&gcirc;i, fiaski:
      <ekz>
        la senprudenta entrepreno <tld/>is.
      </ekz>
    </dif>
    <trd lng="de">zusammenbrechen</trd>
    <trd lng="nl">mislukken</trd>
    <trd lng="hu">kudarcot vall</trd>
    <trdgrp lng="pl">
      <trd>chybi&cacute;</trd>,
      <trd>nie <ind>uda&cacute; si&eogonek;</ind></trd>
    </trdgrp>
    <trdgrp lng="ru">
      <trd>&c_o;&c_k;&c_o;&c_n;&c_ch;&c_i;&c_t;&c_s;&c_ja;
      <ind>&c_p;&c_r;&c_o;&c_v;&c_a;&c_l;&c_o;&c_m;</ind></trd>,
      <trd>&c_p;&c_o;&c_t;&c_je;&c_r;&c_p;&c_je;&c_t;&c_mol;
      <ind>&c_n;&c_je;&c_u;&c_d;&c_a;&c_ch;&c_u;</ind></trd>,
      <trd>&c_n;&c_je;
      <ind>&c_u;&c_d;&c_a;&c_t;&c_mol;&c_s;&c_ja;</ind></trd>
    </trdgrp>
  </snc>
  <rim>
    En la medicina senco la subjekto montras al la naskintino, dum
    en la figura &gcirc;i montras al la <ctl>naskita&jcirc;o</ctl>.
  </rim>
  <trd lng="ca">avortar</trd>
  <trd lng="cs">potratit</trd>
  <trd lng="da">abortere</trd>
  <trdgrp lng="en">
    <trd>miscarry</trd>,
    <trd>abort</trd>
  </trdgrp>
  <trdgrp lng="fr">
    <trd>avorter<klr tip="ind"> (intr.)</klr></trd>,
    <trd>tourner court</trd>,
    <trd>capoter</trd>
  </trdgrp>
  <trd lng="it">abortire</trd>
  <trd lng="pt">abortar</trd>
  <trdgrp lng="sk">
    <trd>abortova&tcaron;</trd>,
    <trd>potrati&tcaron; plod</trd>
  </trdgrp>
  <trdgrp lng="cs">
    <trd>rozb&iacute;t se</trd>,
    <trd>ztroskotat</trd>
  </trdgrp>
</drv>

<drv mrk="abort.0o">
  <kap><tld/>o</kap>
  <uzo tip="fak">MED</uzo>
  <snc>
    <dif>
      Ago <tld/>i.
    </dif>
  </snc>
  <trd lng="ca">avortament</trd>
  <trdgrp lng="cs">
    <trd>abortace</trd>,
    <trd>zakrn&ecaron;n&iacute;</trd>
  </trdgrp>
  <trd lng="da">abort</trd>
  <trd lng="de">Fehlgeburt</trd>
  <trdgrp lng="en">
    <trd>miscarriage</trd>,
    <trd>abortion</trd>
  </trdgrp>
  <trd lng="es">aborto</trd>
  <trd lng="fr">avortement</trd>
  <trd lng="pl">poronienie</trd>
  <trd lng="ru">&c_a;&c_b;&c_o;&c_r;&c_t;</trd>
  <trdgrp lng="sk">
    <trd>abort&aacute;cia</trd>,
    <trd>zakrpatenie</trd>
  </trdgrp>
</drv>

<drv mrk="abort.0igi">
  <kap><tld/>igi</kap>
  <snc>
    <uzo tip="fak">MED</uzo>
    <dif>
      Ka&ubreve;zi <tld/>on:
      <ekz>
        <klr>[en iu lando]</klr>, kie e&ccirc; <ind><tld/>igo</ind>
        estas
        konsiderata kiel murdo, oni nun sloganas por mortigo de
        &ccirc;iuj
        <klr>[aidos]</klr>-suferantoj
        <fnt><bib>UrdHadda</bib>, <lok>p. 26</lok></fnt>;
        <trd lng="fr">avortement</trd>
      </ekz>
      <ekz>
        <ind><tld/>iga</ind> drogo.
        <trd lng="fr">abortif</trd>
      </ekz>
    </dif>
    <trd lng="bg">&c_a;&c_b;&c_o;&c_r;&c_t;&c_i;&c_r;&c_a;&c_m;</trd>
    <trd lng="ca">provocar l'avortament</trd>
    <trd lng="de">abtreiben</trd>
    <trdgrp lng="es">
      <trd>provocar un aborto</trd>,
      <trd>abortar</trd>
    </trdgrp>
    <trdgrp lng="nl">
      <trd>aborteren</trd>,
      <trd>abortus plegen</trd>,
      <trd>een vrucht <ind>afdrijven</ind></trd>
    </trdgrp>
    <trd lng="hu">abortuszt hajt v&eacute;gre</trd>
    <trdgrp lng="pl">
      <trd>wywo&lstroke;a&cacute; <ind>poronienie</ind></trd>,
      <trd>przerywa&cacute; <ind>ci&aogonek;&zdot;&eogonek;</ind></trd>,
      <trd>sp&eogonek;dza&cacute; <ind>p&lstroke;&oacute;d</ind></trd>
    </trdgrp>
    <trdgrp lng="pt">
      <trd>fazer aborto</trd>,
      <trd>provocar aborto</trd>
    </trdgrp>
    <trd lng="ru">&c_s;&c_d;&c_je;&c_l;&c_a;&c_t;&c_mol;
    &c_a;&c_b;&c_o;&c_r;&c_t;</trd>
    <trd lng="sv">g&ouml;ra abort</trd>
  </snc>
  <snc>
    <uzo tip="stl">FIG</uzo>
    <dif>
      Haltigi la malvolvon, sukceson de io, senrezultatigi, fiaskigi.
    </dif>
    <trd lng="ca">fer fracassar</trd>
    <trd lng="de">abbrechen</trd>
    <trd lng="hu">meghi&uacute;s&iacute;t</trd>
    <trd lng="nl">doen <ind>mislukken</ind></trd>
    <trdgrp lng="pl">
      <trd>przerywa&cacute;</trd>,
      <trd>udaremnia&cacute;</trd>
    </trdgrp>
    <trdgrp lng="ru">
      <trd>&c_p;&c_r;&c_je;&c_r;&c_y;&c_v;&c_a;&c_t;&c_mol;</trd>,
      <trd>&c_p;&c_r;&c_je;&c_r;&c_v;&c_a;&c_t;&c_mol;</trd>,
      <trd>&c_p;&c_r;&c_je;&c_k;&c_r;&c_a;&c_shch;&c_a;&c_t;&c_mol;</trd>,
      <trd>&c_p;&c_r;&c_je;&c_k;&c_r;&c_a;&c_t;&c_i;&c_t;&c_mol;</trd>
    </trdgrp>
  </snc>
  <trd lng="ca">fer avortar</trd>
  <trdgrp lng="cs">
    <trd>pozastavit</trd>,
    <trd>p&rcaron;en. p&rcaron;edej&iacute;t</trd>,
    <trd>p&rcaron;ivodit potrat</trd>,
    <trd>um&ecaron;le p&rcaron;eru&scaron;it t&ecaron;hotenstv&iacute;</trd>
  </trdgrp>
  <trd lng="en">abort</trd>
  <trdgrp lng="fr">
    <trd>provoquer l'<ind>avortement</ind></trd>,
    <trd>faire <ind>avorter</ind></trd>,
    <trd>avorter<klr tip="ind"> (tr.)</klr></trd>,
    <trd>faire <ind>capoter</ind></trd>
  </trdgrp>
  <trdgrp lng="sk">
    <trd>1.zapr&iacute;&ccaron;ini&tcaron;</trd>,
    <trd>2.zmari&tcaron; snahu niekoho</trd>,
    <trd>vyvola&tcaron; potrat</trd>,
    <trd>zapr&iacute;&ccaron;ini&tcaron; fiasko</trd>
  </trdgrp>
</drv>

<drv mrk="abort.0ajxo">
  <kap><tld/>a&jcirc;o, <var><kap><tld/>ulo</kap></var></kap>
  <snc>
    <dif>
      Nevivpova ido:
      <ekz>
        ili malaperu, kiel <tld/>a&jcirc;o virina, kiu ne vidis la sunon
        <fnt><bib>MT</bib>, <lok>&Psa; 58:8</lok></fnt>.
      </ekz>
    </dif>
    <rim>
      La Biblio similsence uzas anka&ubreve; <ctl><tld/>ito</ctl> kaj
      <ctl><tld/>ita&jcirc;o</ctl>. La pasiva formo sugestas, ke <tld/>i
      povus havi akuzativforman komplementon (same kiel naski), sed tia
      uzo
      ne disvasti&gcirc;is.
    </rim>
  </snc>
  <trd lng="ca">avort&iacute;</trd>
  <trd lng="cs">nedoch&uring;d&ccaron;e</trd>
  <trd lng="de">Fehlgeburt</trd>
  <trdgrp lng="es">
    <trd>feto abortado</trd>,
    <trd>aborto</trd>
  </trdgrp>
  <trd lng="fr">avorton</trd>
  <trd lng="hu">elvet&eacute;lt <ind>magzat</ind></trd>
  <trd lng="it">aborto</trd>
  <trd lng="nl">afgedreven vrucht</trd>
  <trd lng="pt">aborto</trd>
  <trd lng="ru">&c_v;&c_y;&c_k;&c_i;&c_d;&c_y;&c_sh;</trd>
  <trd lng="sk">nedonosenec</trd>
</drv>
</art>
<!--
$Log: abort.xml,v $
Revision 1.36  2017/04/01 16:10:16  revo
Lars Raarup Knudsen: dana traduko

Revision 1.35  2017/02/08 13:10:13  revo
Adam Eng: trd ms

Revision 1.34  2015/07/04 08:37:29  revo
aldono de trd cs per skripto de M. von Laer

Revision 1.33  2015/06/28 12:03:35  revo
aldono de trd sk per skripto de M. von Laer

Revision 1.32  2015/04/20 16:10:17  revo
Carlos Garcia: +trd es -ajxo

Revision 1.31  2013/04/07 20:10:35  revo
Sebastian Cyprych: +trd pl

Revision 1.30  2012/10/22 00:10:10  revo
Neil Roberts: aldonu la etikedon <var>

Revision 1.29  2012/08/22 10:10:16  revo
-->
</vortaro>
