<?xml version="1.0"?>
<!DOCTYPE vortaro SYSTEM "../dtd/vokoxml.dtd">

<vortaro>
<art mrk="$Id: abraham.xml,v 1.8 2017/03/30 18:10:15 revo Exp $">
<kap>
    <rad>Abraham</rad>/o <fnt><bib>MT</bib></fnt>
</kap>
<drv mrk="abraham.0o">
  <kap><tld/>o</kap>
  <snc mrk="abraham.0o.prapatro">
    <uzo tip="fak">BIB</uzo>
    <dif>
      Prapatro de <ref tip="vid" cel="izrael.0o">Izraelo</ref>:
      <ekz>
        Dio provis <tld/>on, kaj diris al li: <klr>[...]</klr> prenu
        vian 
        filon, vian solan, kiun vi amas, Isaakon, kaj iru en la landon
        Morija, 
        kaj oferu lin tie kiel bruloferon sur unu el la montoj
        <fnt><bib>MT</bib>, <lok>Genezo 22:2</lok></fnt>. 
      </ekz>
    </dif>
  </snc>
  <snc mrk="abraham.0o.nomo">
  <uzo tip="fak">NOM</uzo>
    <dif>
      Vira <ref tip="lst" cel="nom.antaux0o"
      lst="voko:personaj_nomoj">anta&ubreve;nomo</ref> aramedevena.
    </dif>
  </snc>
  <trd lng="ca">Abraham</trd>
  <trd lng="cs">Abraham</trd>
  <trd lng="da">Abraham</trd>
  <trd lng="de">Abraham</trd>
  <trd lng="fr">Abraham</trd>
  <trd lng="sk">Abrah&aacute;m</trd>
</drv>
</art>

<!--
$Log: abraham.xml,v $
Revision 1.8  2017/03/30 18:10:15  revo
Lars Raarup Knudsen: dana traduko

Revision 1.7  2015/07/04 08:37:29  revo
aldono de trd cs per skripto de M. von Laer

Revision 1.6  2015/06/28 12:03:35  revo
aldono de trd sk per skripto de M. von Laer

Revision 1.5  2015/04/01 18:10:14  revo
Josep-Enric Peres-i-Blesa: Aldono de nova traduko (kataluna)

Revision 1.4  2015/03/27 08:10:15  revo
Damien Brucker: +ref

Revision 1.3  2015/03/21 19:10:16  revo
Damien Brucker: +fak

Revision 1.2  2015/03/19 08:10:16  revo
Damien Brucker: +trd fr

Revision 1.1  2015/03/18 20:10:15  revo
-->
</vortaro>
