<?xml version="1.0"?>
<!DOCTYPE vortaro SYSTEM "../dtd/vokoxml.dtd">

<vortaro>
<art mrk="$Id: abrazi.xml,v 1.4 2015/07/04 08:37:29 revo Exp $">
<kap>
  <rad>abrazi</rad>/i
</kap>
<drv mrk="abrazi.0i">
  <kap><tld/>i</kap>
  <uzo tip="stl">RAR</uzo>
  <gra><vspec>tr</vspec></gra>
  <snc mrk="abrazi.0i.TEK">
    <dif>
      Frot-<ref tip="super" cel="uz.el0i.foruzi">eluzi</ref>,
      skrap-eluzi:
      <ekz>
        ni iru, ni iru! &mdash; li rediris kun malklara vo&ccirc;o
        kaj piednuda ekmar&scirc;is la&ubreve; la <tld/>ita &scirc;tonaro
        <fnt>
          <aut>E. Kumi&ccaron;i&cacute;, trad. S. Rukelj</aut>,
          <vrk><url
          ref="http://free-vz.t-com.hr/Stanko/Surprizitaj.pdf">
          Surprizitaj nuptofestantoj</url></vrk>,
          <lok>inko, 2001</lok>
        </fnt>.
      </ekz>
    </dif>
    <refgrp tip="vid">
      <ref cel="erozi.0i">erozii</ref>,
      <ref cel="triv.0i.KOMUNE">trivi</ref>,
      <ref cel="sxlif.0i.TEK">&scirc;lifi</ref>
    </refgrp>
  </snc>
  <trd lng="cs">vymlít</trd>
  <trd lng="fr">abraser</trd>
  <trdgrp lng="pl">
    <trd>&sacute;ciera&cacute;</trd>,
    <trd>skroba&cacute;</trd>
  </trdgrp>
  <trd lng="sk">vymlieť</trd>
</drv>

<drv mrk="abrazi.0o">
  <kap><tld/>o <fnt><bib>PIV1</bib></fnt></kap>
  <snc mrk="abrazi.0o.TEK">
    <uzo tip="stl">RAR</uzo>
    <uzo tip="fak">TEK</uzo>
    <dif>
      Eluzado, deprenado de surfacaj eroj per ripetaj
      frotoj, skrapoj, batetoj:
      <ekz>
        en te&hcirc;niko <tld/>o estas anka&ubreve; ofte uzata
        en farado de diversaj aparatoj kaj iliaj
        detaloj por doni al ili necesan formon
        <fnt>
          <bib>Viki</bib>,
          <lok><url ref="http://eo.wikipedia.org/wiki/Abrazio">
          Abrazio</url>, 2012-10-20</lok>
        </fnt>.
      </ekz>
    </dif>
  </snc>
  <trd lng="fr">abrasion</trd>
  <trd lng="pl">abrazja</trd>
</drv>
</art>

<!--
$Log: abrazi.xml,v $
Revision 1.4  2015/07/04 08:37:29  revo
aldono de trd cs per skripto de M. von Laer

Revision 1.3  2015/06/28 12:03:35  revo
aldono de trd sk per skripto de M. von Laer

Revision 1.2  2013/04/04 17:10:11  revo
Sebastian Cyprych: +trd pl

Revision 1.1  2013/01/09 21:10:12  revo
Jeromo Vasxe: nova artikolo

-->
</vortaro>
