<?xml version="1.0"?>
<!DOCTYPE vortaro SYSTEM "../dtd/vokoxml.dtd">

<vortaro>
  <art mrk="$Id: abrakadabr.xml,v 1.8 2015/07/04 08:37:29 revo Exp $">
    <kap><rad>abrakadabr</rad>/o</kap>

    <drv mrk="abrakadabr.0o">
      <kap><tld/>o</kap>
      <gra><vspec>ntr</vspec></gra>
      <snc mrk="abrakadabr.0o.propre">
	<dif>
	  Galimatia sor&ccirc;vorto:
	  <ekz>
	    Em&egrave;ric ridete respondis per vo&ccirc;o duoble diabla:
	    &leftquot;Ne mateno, bone tamen! <tld lit="A"/>a!&rightquot;
	    <fnt>
	      <aut>Jorge Camacho</aut>:
	      <vrk>La Majstro kaj Martinelli</vrk>.
	      <lok>Budape&scirc;to, 1993. &Ccirc;ap. 7a.</lok>
	    </fnt>;
	  </ekz><ekz>
	    La tuta skipo evidente &jcirc;us superpre&gcirc;is pri tio,
	    ke iu povrulo hazarde venu al &gcirc;i por mirakla
	    kuracado. Kaj <tld/>e -- jen kuracoto alvenis
	    <fnt>
	      <aut>PEJNO Simono</aut>: <vrk>La profeta kurso</vrk>.
	      <bib>Monato</bib>
	    </fnt>;
	  </ekz><ekz>
	    Kaj &#8208; abrakadabro! &#8208; mi malkovris, ke <ctl>z</ctl>
	    aperas komenclitere plej malofte
	    <fnt>
	      <aut>PEJNO Simono</aut>:
	      <vrk>
<url ref="http://ourworld.compuserve.com/homepages/profcon/e_subst.htm">
	      Substituaj alfabetoj</url></vrk>.
	    </fnt>.
	  </ekz>
	</dif>
        <trd lng="ca">abracadabra</trd>
	      <trdgrp lng="pl">
		<trd>abrakadabra</trd>,
		<trd>czary-mary</trd>,
		<trd>hokus-pokus</trd>
	      </trdgrp>
      </snc>
      <snc mrk="abrakadabr.0o.jxargono">
	<dif>
	  &Jcirc;argono plenplena je nekompreneblaj fakvortoj:
	  <ekz>
	    kompreneble enestas iom da pse&ubreve;doscienca <tld/>o,
	    tamen nenio kion oni prenu serioze
	    <fnt>
	      <aut>Sten Johansson</aut>:
	      <vrk>
	      <url ref=
  "http://www.esperanto.net/literaturo/roman/libr/saltegjarmilrec.html">
	      Tempo-saltoj sukcesaj</url></vrk>
	    </fnt>
	  </ekz>
	</dif>
        <trd lng="ca">argot</trd>
	<trdgrp lng="pl">
	  <trd>abrakadabra</trd>,
	  <trd>czary-mary</trd>
	</trdgrp>
      </snc>
  <trd lng="be">&c_a;&c_b;&c_r;&c_a;&c_k;&c_a;&c_d;&c_a;&c_b;&c_r;&c_a;</trd>
  <trd lng="bg">&c_a;&c_b;&c_r;&c_a;&c_k;&c_a;&c_d;&c_a;&c_b;&c_r;&c_a;</trd>
  <trd lng="cs">abrakadabra</trd>
  <trd lng="de">Abrakadabra</trd>
  <trd lng="en">abracadabra</trd>
  <trd lng="fr">abracadabra</trd>
  <trd lng="it">Abracadabra</trd>
  <trd lng="nl">abracadabra</trd>
  <trd lng="ru">
      &c_a;&c_b;&c_r;&c_a;&c_k;&c_a;&c_d;&c_a;&c_b;&c_r;&c_a;</trd>
  <trd lng="sk">čary-mary</trd>
</drv>

  </art>

<!--
$Log: abrakadabr.xml,v $
Revision 1.8  2015/07/04 08:37:29  revo
aldono de trd cs per skripto de M. von Laer

Revision 1.7  2015/06/28 12:03:35  revo
aldono de trd sk per skripto de M. von Laer

Revision 1.6  2013/08/16 15:10:12  revo
Joop Eggen: +trd bg

Revision 1.5  2013/02/07 10:10:11  revo
Dmitri Gabinski: redakto: +trd be

Revision 1.4  2012/07/15 10:10:25  revo
Marc Rausell: + trd ca

Revision 1.3  2008/11/06 16:55:16  revo
Wieland Pusch: +trd de,...

Revision 1.2  2008/09/26 16:30:27  revo
Sebastian Cyprych: +trd pl

Revision 1.1  2007/03/18 17:30:17  revo
Sergio Pokrovskij: nova artikolo

-->
</vortaro>
