<?xml version="1.0"?>
<!DOCTYPE vortaro SYSTEM "../dtd/vokoxml.dtd">

<vortaro>
<art mrk="$Id: abriko.xml,v 1.45 2018/08/16 17:10:17 revo Exp $">
<kap>
  <ofc>*</ofc>
  <rad>abrikot</rad>/o
</kap>
<drv mrk="abriko.0o">
  <kap><ofc>*</ofc><tld/>o</kap>
  <snc>
    <dif>
      Flavoran&gcirc;a bongusta frukto de <ref tip="malprt"
      cel="abriko.0ujo0arbo"><tld/>ujo</ref>,
      <ref tip="super" cel="drup.0o">drupo</ref>:
      <ekz>
        rozaj persikoj, flavaj <tld/>oj, verdaj renklodoj
        <fnt>
          <bib>IK</bib>
        </fnt>;
      </ekz>
      <ekz>
        malsanulejen &scirc;i iris, man&gcirc;inte plurajn kernojn de <tld/>o kaj persiko,
       a&ubreve; pli precize ilian enan molan parton, same toksan por homo
        <fnt>
          <bib>Monato</bib>
          <aut>Roberto Pigro</aut>
          <vrk><url ref="http://www.monato.net/2013/010896.php">Amanda saporo, semo ne amenda</url></vrk>
        </fnt>.
      </ekz>
    </dif>
  </snc>
  <trd lng="be">&c_a;&c_b;&c_r;&c_y;&c_k;&c_o;&c_s;</trd>
  <trd lng="bg">&c_k;&c_a;&c_j;&c_s;&c_i;&c_ja;</trd>
  <trd lng="br">abrikezenn</trd>
  <trdgrp lng="cs">
    <trd>marhule (n&aacute;&rcaron;e&ccaron;.)</trd>,
    <trd>meru&ncaron;ka <klr>(plod)</klr></trd>
  </trdgrp>
  <trd lng="da">abrikos</trd>
  <trd lng="de">Aprikose</trd>
  <trd lng="en">apricot</trd>
  <trd lng="es">albaricoque</trd>
  <trd lng="fa">&a_z;&a_r;&a_d;&a_A_madda;&a_l;&a_w;</trd>
  <trd lng="fr">abricot</trd>
  <trd lng="ms">aprikot</trd>
  <trdgrp lng="hu">
    <trd>s&aacute;rgabarack</trd>,
    <trd>kajszibarack</trd>
  </trdgrp>
  <trd lng="it">albicocca</trd>
  <trd lng="nl">abrikoos</trd>
  <trd lng="pl">morela</trd>
  <trdgrp lng="pt">
    <trd>abric&oacute;</trd>,
    <trd>abricote</trd>
  </trdgrp>
  <trdgrp lng="ro">
    <trd>cais</trd>,
    <trd>cais&abreve;</trd>
  </trdgrp>
  <trd lng="ru">&c_a;&c_b;&c_r;&c_i;&c_k;&c_o;&c_s;</trd>
  <trdgrp lng="sk">
    <trd>marhu&lcaron;a <klr>(ovocie)</klr></trd>,
    <trd>marhu&lcaron;a</trd>
  </trdgrp>
  <trd lng="sv">aprikos</trd>
  <trd lng="tr">kay&inodot;s&inodot;</trd>
</drv>

<drv mrk="abriko.0ujo0arbo">
  <kap><tld/>ujo, <var><kap><tld/>arbo</kap></var></kap>
  <uzo tip="fak">BOT</uzo>
  <snc>
    <dif>
      <ref tip="lst" lst="voko:botanikaj_specioj" cel="speci.0o">Specio</ref>
      de <ref tip="super" cel="prunus.0o">prunuso</ref>
      (<trd lng="la">Prunus armeniaca</trd>), kulturata pro la bongustaj flavaj fruktoj.
    </dif>
  </snc>
  <trd lng="be">&c_a;&c_b;&c_r;&c_y;&c_k;&c_o;&c_s;&c_a;&c_v;&c_a;&c_je;
&c_d;&c_r;&c_e;&c_v;&c_a;</trd>
  <trdgrp lng="br">
    <trd>abrikezenn</trd>,
    <trd>gwezenn-abrikez</trd>
  </trdgrp>
  <trd lng="cs">meru&ncaron;ka <klr>(strom)</klr></trd>
  <trd lng="da">abrikostr&aelig;</trd>
  <trd lng="de">Aprikosenbaum</trd>
  <trd lng="en">apricot (tree)</trd>
  <trd lng="es">albaricoquero</trd>
  <trd lng="fa">&a_d;&a_r;&a_kh;&a_t; <ind>&a_z;&a_r;&a_d;&a_A_madda;&a_l;&a_w;</ind></trd>
  <trd lng="fr">abricotier</trd>
  <trd lng="ms">pokok aprikot </trd>
  <trdgrp lng="hu">
    <trd>s&aacute;rgabarackfa</trd>,
    <trd>kajszibarackfa</trd>
  </trdgrp>
  <trd lng="nl">abrikozenboom</trd>
  <trd lng="pl">morela<klr> (drzewo)</klr></trd>
  <trd lng="pt">abricoteiro</trd>
  <trd lng="ru">&c_a;&c_b;&c_r;&c_i;&c_k;&c_o;&c_s;&c_o;&c_v;&c_o;&c_je;
&c_d;&c_je;&c_r;&c_je;&c_v;&c_o;</trd>
  <trd lng="sk">marhu&lcaron;a <klr>(strom)</klr></trd>
  <trd lng="sv">aprikostr&auml;d</trd>
  <trd lng="tr">kay&inodot;s&inodot;</trd>
</drv>
</art>
<!--
$Log: abriko.xml,v $
Revision 1.45  2018/08/16 17:10:17  revo
Wolfram Diestel: +ekz-oj, +ref specio

Revision 1.44  2017/11/26 15:10:15  revo
Vito Redsky: + trd ro

Revision 1.43  2017/01/29 14:10:19  revo
Adam Eng: +trd ms

Revision 1.42  2017/01/27 15:10:33  revo
Adam Eng: +trd ms

Revision 1.41  2016/11/02 21:10:19  revo
Lars Raarup Knudsen: aldono de danaj tradukoj

Revision 1.40  2015/07/04 08:37:29  revo
aldono de trd cs per skripto de M. von Laer

Revision 1.39  2015/06/28 12:03:35  revo
aldono de trd sk per skripto de M. von Laer

Revision 1.38  2012/10/22 00:10:11  revo
-->
</vortaro>
