<?xml version="1.0"?>
<!DOCTYPE vortaro SYSTEM "../dtd/vokoxml.dtd">

<vortaro>
<art mrk="$Id: abrota.xml,v 1.20 2018/10/06 16:10:18 revo Exp $">
<kap>
  <rad>abrotan</rad>/o
  <fnt>Z</fnt>
</kap>
<drv mrk="abrota.0o">
  <kap><tld/>o</kap>
  <uzo tip="fak">BOT</uzo>
  <snc>
    <dif>
      Specio de <ref tip="super" cel="artemi.0o">artemizio</ref>
      (<trd lng="la">Artemisia abrotanum</trd>)
      havanta odoron de citrona &scirc;elo:
      <ekz>
        <tld/>o estas arbusto alta 1&nbsp;m <klr>[havanta]</klr> duoble pinatajn,
        citron&scirc;el-odorajn foliojn, kiujn oni iam uzis kiel spica&jcirc;o, kaj el 
        kiuj el&ccirc;erpata esenco <klr>[protektas]</klr> kontra&ubreve; kuloj
        <fnt>
          <bib>Viki</bib>
          <lok><url ref="https://eo.wikipedia.org/?curid=29631">Abrotano</url></lok>
        </fnt>.
      </ekz>
    </dif>
    <bld
       lok="&WCU;/thumb/8/8f/Gardenology.org-IMG_2771_rbgs11jan.jpg/640px-Gardenology.org-IMG_2771_rbgs11jan.jpg"
       prm="CC BY-SA 3.0"
       >abrotano en la Re&gcirc;a Botanika &Gcirc;ardeno de Sidneo, A&ubreve;stralio
         <fnt>
           <aut>Raffi Kojian</aut>
           <lok><url ref="&WCW;/File:Gardenology.org-IMG_2771_rbgs11jan.jpg">&WCW;/File:Gardenology.org-IMG_2771_rbgs11jan.jpg</url></lok>
         </fnt>
    </bld>
  </snc>
  <trdgrp lng="cs">
    <trd>bo&zcaron;&iacute; d&rcaron;evec</trd>,
    <trd>brotan</trd>
  </trdgrp>
  <trdgrp lng="de">
    <trd>Eberraute</trd>,
    <trd>Zitronenkraut</trd>
  </trdgrp>
  <trdgrp lng="en">
    <trd>southern wormwood</trd>,
    <trd>lad's love</trd>,
    <trd>old man</trd>
  </trdgrp>
  <trd lng="fr">aurone</trd>
  <trdgrp lng="hu">
    <trd>istenfa</trd>,
    <trd>ebrutafa</trd>
  </trdgrp>
  <trd lng="it">abrotano</trd>
  <trd lng="nl">citroenkruid</trd>
  <trd lng="pl">drzewko bo&zdot;e</trd>
  <trd lng="pt">abr&oacute;tano</trd>
  <trdgrp lng="ru">
    <trd>&c_b;&c_o;&c_zh;&c_mol;&c_je; &c_d;&c_je;&c_r;&c_je;&c_v;&c_o;<klr tip="ind"> (&c_r;&c_a;&c_s;&c_t;&c_je;&c_n;&c_i;&c_je;)</klr></trd>,
    <trd>&c_s;&c_v;&c_ja;&c_t;&c_o;&c_je; &c_d;&c_je;&c_r;&c_je;&c_v;&c_o; <klr tip="amb">(&c_r;&c_a;&c_s;&c_t;&c_je;&c_n;&c_i;&c_je;)</klr></trd>
  </trdgrp>
  <trd lng="sk">bo&zcaron;ie drievko</trd>
  <trd lng="sv">&aring;brodd</trd>
</drv>
</art>
<!--
$Log: abrota.xml,v $
Revision 1.20  2018/10/06 16:10:18  revo
Wolfram Diestel: bild-atribuo lau Wikimedia Commons

Revision 1.19  2018/08/14 20:10:14  revo
Wolfram Diestel: +ekz +bld

Revision 1.18  2015/07/04 08:37:29  revo
aldono de trd cs per skripto de M. von Laer

Revision 1.17  2015/06/28 12:03:35  revo
aldono de trd sk per skripto de M. von Laer

Revision 1.16  2013/10/27 13:10:20  revo
Vito Redsky: +trd  pl

Revision 1.15  2011/09/28 12:10:13  revo
Antonio Codazzi: +trd it

Revision 1.14  2002/02/14 17:37:27  revo
Yury Finkel: formatigis, +trd ru

Revision 1.13 2001/08/23 18:49:31 revo
-->
</vortaro>
