<?xml version="1.0"?>
<!DOCTYPE vortaro SYSTEM "../dtd/vokoxml.dtd">

<vortaro>
<art mrk="$Id: abrupt.xml,v 1.35 2017/11/26 15:10:16 revo Exp $">
<kap>
  <ofc>2</ofc>
  <rad>abrupt</rad>/a <fnt><bib>PV</bib></fnt>
</kap>
<drv mrk="abrupt.0a">
  <kap><tld/>a</kap>
  <snc mrk="abrupt.0a.KOMUNE">
    <dif>
      Malagrable subita, senprepara,
      <ref tip="vid" cel="mild.mal0a.KOMUNE">malmilda</ref>:
      <ekz>
        <tld/>e demandi, frapi, aperi;
      </ekz>
      <ekz>
        en la kanto <ind><tld/>e</ind>
        <trdgrp lng="be">
          <trd>&c_r;&c_a;&c_p;&c_t;&c_o;&c_w;&c_n;&c_a;</trd>,
          <trd>&c_z;&c_mol;&c_n;&c_ja;&c_n;&c_a;&c_c;&c_k;&c_u;</trd>,
          <trd>&c_n;&c_je;&c_ch;&c_a;&c_k;&c_a;&c_n;&c_a;</trd>,
          <trd>&c_r;&c_e;&c_z;&c_k;&c_a;</trd>
        </trdgrp>
        alternis tirata moleco kaj ra&ubreve;ka
        malmoleco.
      </ekz>
    </dif>
    <trd lng="th">&#3593;&#3633;&#3610;&#3614;&#3621;&#3633;&#3609; (&#3652;&#3617;&#3656;&#3652;&#3604;&#3657;&#3605;&#3633;&#3657;&#3591;&#3605;&#3633;&#3623;)</trd>
    <trd lng="ms">mendadak</trd>
  </snc>
  <trdgrp lng="be">
    <trd>&c_r;&c_a;&c_p;&c_t;&c_o;&c_w;&c_n;&c_y;</trd>,
    <trd>&c_n;&c_je;&c_ch;&c_a;&c_k;&c_a;&c_n;&c_y;</trd>,
    <trd>&c_r;&c_e;&c_z;&c_k;&c_ib;</trd>
  </trdgrp>
  <trdgrp lng="cs">
    <trd>hrub&yacute;</trd>,
    <trd>kolm&yacute;</trd>,
    <trd>nezdvo&rcaron;il&yacute;</trd>,
    <trd>obo&rcaron;iv&yacute;</trd>,
    <trd>prudk&yacute;</trd>,
    <trd>p&rcaron;&iacute;kr&yacute;</trd>,
    <trd>strm&yacute;</trd>
  </trdgrp>
  <trdgrp lng="de">
    <trd>abrupt</trd>,
    <trd>j&auml;h</trd>,
    <trd>pl&ouml;tzlich</trd>,
    <trd>zerkl&uuml;ftet</trd>
  </trdgrp>
  <trd lng="en">abrupt</trd>
  <trd lng="es">abrupto</trd>
  <trdgrp lng="fa">
    <trd>&a_n;&a_A;&f_g;&a_h;&a_A;&a_n;&f_y;</trd>,
    <trd>&a_b;&f_y;&zwnj;&a_kh;&a_b;&a_r;</trd>
  </trdgrp>
  <trdgrp lng="fr">
    <trd>abrupt</trd>,
    <trd>brusque</trd>,
    <trd>brutal</trd>,
    <trd>inattendu</trd>,
    <trd>rude<klr tip="ind"> (brusque)</klr></trd>
  </trdgrp>
  <trdgrp lng="hu">
    <trd>hirtelen</trd>,
    <trd>v&aacute;ratlan</trd>
  </trdgrp>
  <trdgrp lng="it">
    <trd>improvviso</trd>,
    <trd>subitaneo</trd>
  </trdgrp>
  <trdgrp lng="nl">
    <trd>abrupt</trd>,
    <trd>brusk</trd>,
    <trd>kortaf</trd>
  </trdgrp>
  <trdgrp lng="pl">
    <trd>gwa&lstroke;towny</trd>,
    <trd>raptowny</trd>
  </trdgrp>
  <trdgrp lng="pt">
    <trd>abrupto</trd>,
    <trd>brusco</trd>,
    <trd>inesperado</trd>
  </trdgrp>
  <trdgrp lng="ro">
    <trd>p&abreve;trunz&abreve;tor</trd>,
    <trd>fulger&abreve;tor</trd>,
    <trd>violent</trd>,
    <trd>brusc</trd>
  </trdgrp>
  <trdgrp lng="ru">
    <trd>&c_v;&c_n;&c_je;&c_z;&c_a;&c_p;&c_n;&c_y;&c_j;</trd>,
    <trd>&c_r;&c_je;&c_z;&c_k;&c_i;&c_j;</trd>,
    <trd>&c_o;&c_t;&c_r;&c_y;&c_v;&c_i;&c_s;&c_t;&c_y;&c_j;</trd>
  </trdgrp>
  <trdgrp lng="sk">
    <trd>n&aacute;hly</trd>,
    <trd>ne&ccaron;akan&yacute;</trd>,
    <trd>prudk&yacute;</trd>
  </trdgrp>
  <trd lng="sv">abrupt</trd>
</drv>

<drv mrk="abrupt.0i">
  <kap><tld/>i</kap>
  <gra><vspec>ntr</vspec></gra>
  <snc mrk="abrupt.0i.KOMUNE">
    <dif>
      Malmilde, subite aperi, trafi, esprimi:
      <ekz>
        <ctl>mi ne edzi&gcirc;os al &scirc;i!</ctl> <tld/>is
        malka&scirc;e 
        mia frato
        <fnt>
          <aut>Chun-Chan Yeh, trad. W. Auld</aut>,
          <vrk>Montara Vila&gcirc;o</vrk>,
          <lok>1984</lok>
        </fnt>.
      </ekz>
    </dif>
  </snc>
  <trdgrp lng="cs">
    <trd>b&yacute;t &uacute;se&ccaron;n&yacute;</trd>,
    <trd>obo&rcaron;it se <klr>(na n&ecaron;koho)</klr></trd>
  </trdgrp>
  <trd lng="fr">brusquer</trd>
  <trdgrp lng="sk">
    <trd>by&tcaron; &uacute;se&ccaron;n&yacute;</trd>,
    <trd>obori&tcaron; sa na niekoho</trd>
  </trdgrp>
</drv>

<drv mrk="abrupt.0eco">
  <kap><tld/>eco</kap>
  <snc mrk="abrupt.0eco.KOMUNE">
    <dif>
      Subiteco, malmildeco:
      <ekz>
        mi neniel povas kompreni la <tld/>econ de lia amo
        <fnt>
          <aut>manlajo</aut>,
          <vrk><url ref="http://en.lernu.net/komunikado/forumo/">
          Vorto de la tago 2012</url></vrk>,
          <lok>lernu.net, 2014-11-21</lok>
        </fnt>.
      </ekz>
    </dif>
  </snc>
  <trd lng="en">abruptness</trd>
  <trdgrp lng="cs">
    <trd>sr&aacute;znost</trd>,
    <trd>strmost</trd>
  </trdgrp>
  <trdgrp lng="fr">
    <trd>brusquerie</trd>,
    <trd>rudesse</trd>
  </trdgrp>
  <trdgrp lng="pl">
    <trd>gwa&lstroke;towno&sacute;&cacute;</trd>,
    <trd>raptowno&sacute;&cacute;</trd>
  </trdgrp>
  <trdgrp lng="sk">
    <trd>strmos&tcaron;</trd>,
    <trd>zr&aacute;zovitos&tcaron;</trd>
  </trdgrp>
</drv>

<drv mrk="abrupt.mal0a">
  <kap>mal<tld/>a</kap>
  <snc mrk="abrupt.mal0a.KOMUNE">
    <dif>
      <ref tip="vid" cel="iom.0post0a.KOMUNE">Iompostioma</ref>,
      milda:
      <ekz>
        &scirc;oseo deklivanta mal<tld/>e &gcirc;is <klr>...</klr>
        rivero
        <fnt>
          <aut>Chun-Chan Yeh, trad. W. Auld</aut>,
          <vrk>Montara Vila&gcirc;o</vrk>,
          <lok>1984</lok>
        </fnt>.
      </ekz>
    </dif>
  </snc>
  <trdgrp lng="en"><trd>gradual</trd>, <trd>circuitous</trd>,
  <trd>expansive</trd></trdgrp>
  <trdgrp lng="fr">
    <trd>en rondeur</trd>,
    <trd>progressif</trd>
  </trdgrp>
</drv>
</art>
<!--
$Log: abrupt.xml,v $
Revision 1.35  2017/11/26 15:10:16  revo
Vito Redsky: + trd ro

Revision 1.34  2017/02/08 13:10:17  revo
Adam Eng: trd ms

Revision 1.33  2016/03/18 19:10:40  revo
Warut Bunprasert: +trd th

Revision 1.32  2015/09/21 10:10:22  revo
Sebastian Cyprych: +trd pl

Revision 1.31  2015/09/14 14:10:15  revo
Cindy Moon McKee: +trd en

Revision 1.30  2015/07/04 08:37:29  revo
aldono de trd cs per skripto de M. von Laer

Revision 1.29  2015/06/28 12:03:35  revo
aldono de trd sk per skripto de M. von Laer

Revision 1.28  2015/03/13 00:10:13  revo
Jeromo Vasxe: + ~eco

Revision 1.27  2014/12/15 23:10:13  revo
Jeromo Vasxe: + mal~a

Revision 1.26  2014/12/14 13:10:15  revo
Jeromo Vasxe: + ~i

Revision 1.25  2014/03/14 20:10:11  revo
Jeromo Vasxe: + mrk

Revision 1.24  2013/10/27 13:10:21  revo
Vito Redsky: +trd  pl ro

Revision 1.23  2009/11/08 17:30:35  revo
Behnam Tabatabai: +trd fa

Revision 1.22  2005/02/04 17:31:37  revo
Marc Bavant: +trd fr

Revision 1.21  2003/10/25 16:32:02  revo
Dmitri Gabinski: +trd be

Revision 1.20  2002/09/07 17:38:31  revo
Viliam Bur: +sk trd

Revision 1.19  2002/04/16 16:31:58  revo
Alejandro Mejia Greene: als his trd

Revision 1.18  2002/02/14 17:37:09  revo
Yury Finkel: formatigis

Revision 1.17 2001/08/28 18:12:56 revo
Jozefo Horvath: +trd hu

Revision 1.16 2001/04/21 18:45:47 revo
Marc Bavant: +trd fr

Revision 1.15 2001/04/11 17:09:10 revo
Helio Jaques: trdgrp pt; du trd.it estis en la sama komando <trd>, mi
pasis ilin al
<trdgrp>
  Revision 1.14 2001/03/07 17:15:06 revo
  Bart Demeyere: +trd nl
  Revision 1.13 2001/02/14 11:58:41 revo
  Jerano Zachrisson: aldono de sveda traduko + sxangxo gxis
  kajsigno-#n-ro;-kodo de la germana traduko
  Revision 1.12 2001/02/02 17:20:24 revo
  Ulrich Fellmann: korekto de la XML-sintakso de la germanaj tradukoj
  Revision 1.11 2001/02/01 21:53:45 revo
  Ulrich Fellmann: aldono de tri germanaj tradukoj
  Revision 1.10 2000/12/01 17:11:01 revo
  Marc Bavant: +ofc, kor ref tip
  Revision 1.9 2000/08/08 16:13:56 revo
  Yury Finkel: korekto de traduko
  Revision 1.8 2000/07/31 17:43:58 revo
  -->
  </vortaro>
