<?xml version="1.0"?>
<!DOCTYPE vortaro SYSTEM "../dtd/vokoxml.dtd">

<vortaro>
<art mrk="$Id: absces.xml,v 1.27 2018/08/16 17:10:20 revo Exp $">
<kap>
  <ofc>*</ofc>
  <rad>absces</rad>/o
</kap>
<drv mrk="absces.0o">
  <kap><ofc>*</ofc><tld/>o</kap>
  <snc mrk="absces.0o.MED">
    <uzo tip="fak">MED</uzo>
    <dif>
      Amaso da puso, kolekti&gcirc;inta en kava&jcirc;o
      meze de &ccirc;irka&ubreve;antaj histoj:
      <ekz>
        sur la loko de la <tld/>o estos blanka &scirc;vela&jcirc;o a&ubreve; ru&gcirc;ete-blanka makulo
        <fnt>
          <bib>MT</bib>
          <lok>Levidoj 13:19</lok>
        </fnt>;
      </ekz>
      <ekz>
        &gcirc;i estas infekta&jcirc;o de lepro, &gcirc;i ekfloris en la <tld/>o
        <fnt>
          <bib>MT</bib>
          <lok>Levidoj 13:20</lok>
        </fnt>;
      </ekz>
      <ekz>
        <tld/>o estas fermita ankora&ubreve; tubero kun puso, <ref tip="vid" cel="ulcer.0o">ulcero</ref>
        estas malfermita vundo, kiu pusas kaj ne povas rapide sani&gcirc;i, 
        <ref tip="vid" cel="furunk.0o">furunko</ref>
        estas malgranda tubereto sur la ha&ubreve;to kun iom da enhavo simila al puso
        <fnt>
          <bib>LR</bib>
          <lok>2. Vortuzo</lok>
        </fnt>.
      </ekz>
    </dif>
  </snc>
  <trdgrp lng="be">
    <trd>&c_a;&c_b;&c_s;&c_c;&c_e;&c_s;</trd>,
    <trd>&c_n;&c_a;&c_r;&c_y;&c_w;</trd>
  </trdgrp>
  <trd lng="br">gor</trd>
  <trdgrp lng="cs">
    <trd>absces</trd>,
    <trd>bol&aacute;k</trd>,
    <trd>hl&iacute;za</trd>,
    <trd>ne&zcaron;it</trd>,
    <trd>v&rcaron;ed</trd>
  </trdgrp>
  <trd lng="de">Abszess</trd>
  <trd lng="en">abcess</trd>
  <trd lng="es">absceso</trd>
  <trdgrp lng="fa">
    <trd>&a_A_madda;&a_b;&a_s;&a_h;</trd>,
    <trd>&a_d;&a_m;&a_l;</trd>
  </trdgrp>
  <trd lng="fr">abc&egrave;s</trd>
  <trdgrp lng="hu">
    <trd>t&aacute;lyog</trd>,
    <trd>kel&eacute;s</trd>
  </trdgrp>
  <trd lng="it">ascesso</trd>
  <trdgrp lng="nl">
    <trd>abces</trd>,
    <trd>etterbuil</trd>,
    <trd>ettergezwel</trd>
  </trdgrp>
  <trdgrp lng="pl">
    <trd>ropie&nacute;</trd>,
    <trd>wrz&oacute;d</trd>
 </trdgrp>
  <trdgrp lng="pt">
    <trd>abscesso</trd>,
    <trd>apostema</trd>
  </trdgrp>
  <trd lng="ro">peptic</trd>
  <trdgrp lng="ru">
    <trd>&c_n;&c_a;&c_r;&c_y;&c_v;</trd>,
    <trd>&c_a;&c_b;&c_s;&c_c;&c_je;&c_s;&c_s;</trd>
  </trdgrp>
  <trdgrp lng="sk">
    <trd>lo&zcaron;isko hnisu</trd>,
    <trd>vred</trd>
  </trdgrp>
  <trdgrp lng="sv">
    <trd>b&ouml;ld</trd>,
    <trd>bulnad</trd>
  </trdgrp>
</drv>
</art>
<!--
$Log: absces.xml,v $
Revision 1.27  2018/08/16 17:10:20  revo
Wolfram Diestel: +ekz-oj

Revision 1.26  2015/07/04 08:37:29  revo
aldono de trd cs per skripto de M. von Laer

Revision 1.25  2015/06/28 12:03:35  revo
aldono de trd sk per skripto de M. von Laer

Revision 1.24  2013/10/27 14:10:11  revo
Vito Redsky: +trd  pl ro

Revision 1.23  2011/09/28 12:10:14  revo
Antonio Codazzi: +trd it

Revision 1.22  2009/06/16 16:31:02  revo
Behnam Tabatabai: +trd fa

Revision 1.21  2007/07/01 16:30:33  revo
Jeromo Vasxe: + mrk

Revision 1.20  2006/07/05 18:36:16  revo
-->
</vortaro>
