<?xml version="1.0"?>
<!DOCTYPE vortaro SYSTEM "../dtd/vokoxml.dtd">

<vortaro>
<art mrk="$Id: abscis.xml,v 1.35 2015/07/04 08:37:29 revo Exp $">
<kap>
  <rad>abscis</rad>/o
</kap>
<drv mrk="abscis.0o">
  <kap><tld/>o</kap>
  <uzo tip="fak">MAT</uzo>
  <fnt><bib>PV</bib></fnt>
  <snc>
    <dif>
      La unua el la du
      <ref tip="super" cel="koordi.kartezia0o">karteziaj
      koordinatoj</ref>,
      kiuj difinas la situon de punkto sur
      <ref cel="eben.0o.MAT">ebeno</ref>:
      <ekz>
        la <tld/>on de punkto oni kutime signas per la litero
        <frm><k>x</k></frm>;
      </ekz>
      <ekz>
        &ccirc;e grafika&jcirc;o de funkcio de unu argumento, la <tld/>o
        prezentas la argumenton.
      </ekz>
    </dif>
    <ref tip="vid" cel="ordina1.0o">ordinato.</ref>
  </snc>
  <trd lng="be">&c_a;&c_b;&c_s;&c_c;&c_y;&c_s;&c_a;</trd>
  <trd lng="ca">abscissa</trd>
  <trdgrp lng="cs">
    <trd>abscisa</trd>,
    <trd>úsečka</trd>
  </trdgrp>
  <trdgrp lng="de">
    <trd>Abszisse</trd>,
    <trd>x-Koordinate</trd>
  </trdgrp>
  <trdgrp lng="en">
    <trd>abscissa</trd>,
    <trd>x-coordinate</trd>
  </trdgrp>
  <trd lng="es">abscisa</trd>
  <trdgrp lng="fa">
    <trd>&a_T;&a_w;&a_l;<klr tip="ind"> (&a_m;&a_kh;&a_t;&a_S;)</klr></trd>,
    <trd>&a_m;&a_kh;&a_t;&a_S; x</trd>
  </trdgrp>
  <trdgrp lng="fr">
    <trd>abscisse</trd>,
    <trd>coordonn&eacute;e x</trd>
  </trdgrp>
  <trdgrp lng="hu">
    <trd>abszcissza</trd>,
    <trd>v&iacute;zszintes <ind>tengely</ind></trd>
  </trdgrp>
  <trd lng="it">ascissa</trd>
  <trdgrp lng="nl">
    <trd>abscis</trd>,
    <trd>x-co&ouml;rdinaat</trd>
  </trdgrp>
  <trdgrp lng="pl">
    <trd>odci&eogonek;ta</trd>,
    <trd>abscysa</trd>,
    <trd>wsp&oacute;&lstroke;rz&eogonek;dna x</trd>
  </trdgrp>
  <trd lng="pt">abscissa</trd>
  <trdgrp lng="ru">
    <trd>&c_a;&c_b;&c_s;&c_c;&c_i;&c_s;&c_s;&c_a;</trd>,
    <trd>x-<ind>&c_k;&c_o;&c_o;&c_r;&c_d;&c_i;&c_n;&c_a;&c_t;&c_a;</ind></trd>
  </trdgrp>
  <trdgrp lng="sk">
    <trd>x-ov&aacute; s&uacute;radnica</trd>,
    <trd>úsečka</trd>
  </trdgrp>
  <trdgrp lng="sv">
    <trd>abskissa</trd>,
    <trd>x-koordinat</trd>
  </trdgrp>
</drv>
</art>
<!--
$Log: abscis.xml,v $
Revision 1.35  2015/07/04 08:37:29  revo
aldono de trd cs per skripto de M. von Laer

Revision 1.34  2015/06/28 12:03:35  revo
aldono de trd sk per skripto de M. von Laer

Revision 1.33  2012/08/10 14:11:25  revo
Marc Rausell: + trd ca

Revision 1.32  2011/09/28 12:10:15  revo
Antonio Codazzi: +trd it

Revision 1.31  2009/06/16 16:31:05  revo
Behnam Tabatabai: +trd fa

Revision 1.30  2003/03/23 17:32:18  revo
Marc Bavant: ~o: +trd pl

Revision 1.29 2003/03/05 17:33:38 revo
Marc Bavant: ~o: +ind en trd ru
Revision 1.28 2003/02/01 17:32:16 revo
Marc Bavant: kor trd de
Revision 1.27 2003/01/29 17:32:01 revo
Ulrich Fellmann: + 1 plia trd = de
Revision 1.26 2002/11/26 17:31:29 revo
Marc Bavant: kor reprezent
Revision 1.25 2002/11/18 17:32:45 revo
Marc Bavant: +frm
-->
</vortaro>
