<?xml version="1.0"?>
<!DOCTYPE vortaro SYSTEM "../dtd/vokoxml.dtd">

<vortaro>
<art mrk="$Id: absint.xml,v 1.31 2015/07/04 08:37:29 revo Exp $">
<kap>
  <ofc>*</ofc>
  <rad>absint</rad>/o <fnt><bib>PV</bib></fnt>
</kap>
<drv mrk="absint.0o">
  <kap><ofc>*</ofc><tld/>o</kap>
  <snc mrk="absint.0o.BOT">
    <uzo tip="fak">BOT</uzo>
    <dif>
      Specio de <ref tip="super" cel="artemi.0o">artemizio</ref>
      kun tre amara aromo (<trd lng="la">Artemisia absinthium</trd>):
      <ekz>
        tiuj &ccirc;i bestetoj ja ne gustas tiel amare,
        kiel &scirc;oso de <tld/>o, &ccirc;u ne vere?
        <fnt>
          <aut>V. Catal&agrave;, trad. J. Ventura i Freixas</aut>,
          <vrk>Soleco</vrk>,
          <lok>1967</lok>
        </fnt>.
      </ekz>
    </dif>
  </snc>
  <trd lng="be">&c_p;&c_a;&c_l;&c_y;&c_n;</trd>
  <trdgrp lng="bg">
    <trd>&c_o;&c_b;&c_i;&c_k;&c_n;&c_o;&c_v;&c_je;&c_n;&c_i;&c_ja;&c_t; &c_p;&c_je;&c_l;&c_i;&c_n;</trd>,
    <trd>&c_b;&c_ja;&c_l; &c_p;&c_je;&c_l;&c_i;&c_n;</trd>
  </trdgrp>
  <trd lng="br">huelenn-c'hwerv</trd>
  <trd lng="ca">donzell</trd>
  <trdgrp lng="cs">
    <trd>absint</trd>,
    <trd>pelyněk</trd>
  </trdgrp>
  <trd lng="de">Wermut</trd>
  <trd lng="en">wormwood</trd>
  <trd lng="es">ajenjo</trd>
  <trd lng="fa">&a_A;&a_f;&a_s;&a_n;&a_t;&f_y;&a_n;</trd>
  <trd lng="fr">absinthe<klr> (plante)</klr></trd>
  <trd lng="hu">&uuml;r&ouml;m</trd>
  <trd lng="it">assenzio</trd>
  <trd lng="nl">alsem</trd>
  <trd lng="pl">pio&lstroke;un</trd>
  <trd lng="pt">absinto</trd>
  <trd lng="ru">&c_p;&c_o;&c_l;&c_y;&c_n;&c_mol;</trd>
  <trd lng="sk">palina prav&aacute;</trd>
  <trd lng="sv">mal&ouml;rt</trd>
</drv>

<drv mrk="absint.0ajxo">
  <kap><tld/>a&jcirc;o</kap>
  <uzo tip="fak">KUI</uzo>
  <snc>
    <dif>
      Verda <ref tip="super" cel="likvor.0o">likvoro</ref> preparita el
      <tld/>o.
    </dif>
  </snc>
  <trd lng="be">&c_a;&c_b;&c_s;&c_e;&c_n;&c_t;</trd>
  <trd lng="bg">&c_a;&c_b;&c_s;&c_je;&c_n;&c_t;</trd>
  <trd lng="br">absint</trd>
  <trd lng="ca">absenta</trd>
  <trd lng="de">Absinth</trd>
  <trd lng="en">absinthe</trd>
  <trd lng="es">absenta</trd>
  <trd lng="fr">absinthe<klr> (liqueur)</klr></trd>
  <trd lng="hu">abszint</trd>
  <trd lng="nl">absint</trd>
  <trdgrp lng="pl">
    <trd>absynt</trd>,
    <trd>pio&lstroke;un&oacute;wka</trd>
  </trdgrp>
  <trd lng="pt">absinto</trd>
  <trd lng="ru">&c_a;&c_b;&c_s;&c_je;&c_n;&c_t;</trd>
  <trd lng="sk">absint</trd>
</drv>
</art>
<!--
$Log: absint.xml,v $
Revision 1.31  2015/07/04 08:37:29  revo
aldono de trd cs per skripto de M. von Laer

Revision 1.30  2013/04/03 12:10:11  revo
Sebastian Cyprych: +trd pl

Revision 1.29  2013/04/01 01:10:11  revo
Jeromo Vasxe: + ekz

Revision 1.28  2012/08/22 10:10:17  revo
Marc Rausell: + trd ca

Revision 1.27  2010/08/11 16:30:41  revo
Wieland Pusch: +trd  bg

Revision 1.26  2009/11/08 17:30:36  revo
Behnam Tabatabai: +trd fa

Revision 1.25  2005/08/31 16:31:21  revo
Marc Bavant: belarangho

Revision 1.24 2005/03/06 17:35:19 revo
Alan ar Gall: kor mal&gcirc;uste rompitajn liniojn
Revision 1.23 2005/02/17 17:31:20 revo
Alan ar Gall: +trd br
-->

</vortaro>
