<?xml version="1.0"?>
<!DOCTYPE vortaro SYSTEM "../dtd/vokoxml.dtd">

<vortaro>
  <art mrk="$Id: absid.xml,v 1.27 2018/08/16 17:10:18 revo Exp $">
    <kap>
      <rad>absid</rad>/o
    </kap>

<drv mrk="absid.0o">
  <kap><tld/>o</kap>
  <uzo tip="fak">ARKI</uzo>
  <snc>
    <dif>
    <ref tip="dif" cel="apsid.0o.ARKI">Apsido<sncref/></ref>:
      <ekz>
        la <tld/>o, fermita per la ikonostazo, estas rezervita por la sacerdotoj
        <fnt>
          <bib>Viki</bib>
          <lok><url ref="https://eo.wikipedia.org/?curid=127478">&Hcirc;orejo</url></lok>
        </fnt>.
      </ekz>
    </dif>
  </snc>
  <rim>
    PIV1 enkondukis malnecesan kaj malfacile distingeblan paron da
    paronimoj:
    <tld/>o kaj <ref tip="vid" cel="apsid.0o">apsido</ref>.
    Amba&ubreve; devenas el la greka <nac>&alfa_densa;&psi;&jota_ton;&sigma_fina;</nac> (genitive <nac>&alfa_densa;&psi;&jota_circ;&delta;&omikron;&sigma_fina;</nac>); amba&ubreve; aludas
    la saman formon: elstara&jcirc;o, arko, volbo; iliaj fakoj estas
    disaj, konfuzo ne eblas, tiom malpli ke la ideo estas unu
    sama.  Tial estas nenia bezono uzi en Esperanto la langorompan
    latinan kripligon de la greka etimo, kaj multaj lingvoj (ekz-e
    la rusa, la germana, la angla) unuecigas la du terminojn surbaze
    de la pli facile prononcebla kaj etimologie pli &gcirc;usta greka
    formo.
    <aut>Sergio Pokrovskij</aut>
  </rim>
  <trd lng="be">&c_a;&c_b;&c_s;&c_y;&c_d;&c_a;</trd>
  <trd lng="bg">&c_a;&c_p;&c_s;&c_i;&c_d;&c_a;</trd>
  <trdgrp lng="ca">
    <trd>absis</trd>,
    <trd>&agrave;bsida</trd>
  </trdgrp>
  <trdgrp lng="de">
    <trd>Apside</trd>,
    <trd>Apsis</trd>,
    <trd>Chornische</trd>,
    <trd>Altarraum</trd>,
    <trd/>
  </trdgrp>
  <trd lng="en">apse</trd>
  <trd lng="es">&aacute;bside</trd>
  <trd lng="fr">abside</trd>
  <trd lng="hu">apszis</trd>
  <trd lng="it">abside</trd>
  <trdgrp lng="nl">
    <trd>absis</trd>,
    <trd>apsis</trd>,
    <trd>abside</trd>,
    <trd>overwelfde <ind>koornis</ind></trd>
  </trdgrp>
  <trdgrp lng="pl">
    <trd>absyda</trd>,
    <trd>apsyda</trd>
  </trdgrp>
  <trd lng="pt">&aacute;bside</trd>
  <trd lng="ro">absida</trd>
  <trd lng="ru">&c_a;&c_p;&c_s;&c_i;&c_d;&c_a;</trd>
  <trdgrp lng="sk">
    <trd>apsida</trd>,
    <trd>pr&iacute;stavok</trd>
  </trdgrp>
  <trdgrp lng="cs">
    <trd>apsida</trd>,
    <trd>p&rcaron;&iacute;stavek</trd>
  </trdgrp>
</drv>

<drv mrk="absid.0eto">
  <kap><tld/>eto</kap>
  <uzo tip="fak">ARKI</uzo>
  <fnt><bib>PIV1</bib></fnt>
  <snc>
    <dif>
      &Ccirc;iu el la akcesoraj <tld/>formaj kapeletoj, kiuj
      kronas la <tld/>on en iuj pre&gcirc;ejoj:
      <ekz>
        navo, duoncirkle volbita kaj apogita sur du flankaj navoj, fini&gcirc;antaj per du <tld/>etoj
        <fnt>
          <bib>Viki</bib>
          <lok><url ref="https://eo.wikipedia.org/?curid=496320">Pre&gcirc;ejo Sankta Marteno (Laives)</url></lok>
        </fnt>.
      </ekz>
    </dif>
  </snc>
  <trd lng="ca">absidiola</trd>
  <trd lng="cs">kaple ve vedlej&scaron;&iacute; apsid&ecaron;</trd>
  <trd lng="de">Seitenkapelle</trd>
  <trd lng="fr">absidiole</trd>
  <trdgrp lng="hu">
    <trd>apszidiola</trd>,
    <trd>apszisk&aacute;polna</trd>,
    <trd>fi&oacute;kapszis</trd>
  </trdgrp>
  <trd lng="it">absidiola</trd>
  <trdgrp lng="nl">
    <trd>apsiskapel</trd>,
    <trd>absidiool</trd>
  </trdgrp>
  <trd lng="pl">apsydiola</trd>
  <trd lng="sk">kaplnka vo ved&lcaron;aj&scaron;ej abside</trd>
</drv>
  </art>
  <!--
  $Log: absid.xml,v $
  Revision 1.27  2018/08/16 17:10:18  revo
  Wolfram Diestel: +ekz-oj, germ trd

  Revision 1.26  2015/07/04 08:37:29  revo
  aldono de trd cs per skripto de M. von Laer

  Revision 1.25  2015/06/28 12:03:35  revo
  aldono de trd sk per skripto de M. von Laer

  Revision 1.24  2013/10/27 14:10:12  revo
  Vito Redsky: +trd  pl ro

  Revision 1.23  2013/06/26 19:10:10  revo
  Sergio Pokrovskij: absid=>apsid, +Rim

  Revision 1.22  2012/08/04 18:10:24  revo
  Marc Rausell: + trd ca

  Revision 1.21  2011/09/28 12:10:16  revo
  Antonio Codazzi: +trd it

  Revision 1.20  2009/07/08 16:31:41  revo
  Paul Peeraerts: +trd nl

  Revision 1.19  2008/11/25 17:30:43  revo
  Wieland Pusch: +trd bg

  Revision 1.18  2005/04/28 16:34:04  revo
  Raul Salinas Monteagudo: korekto trd es

  Revision 1.17  2005/02/11 17:31:50  revo
  Jozefo Horvath: +trd hu

  Revision 1.16  2003/09/29 16:31:10  revo
  Dmitri Gabinski: +trd be

  Revision 1.15  2002/09/23 16:33:22  revo
  -->
</vortaro>
