<?xml version="1.0"?>
<!DOCTYPE vortaro SYSTEM "../dtd/vokoxml.dtd">

<vortaro>
<art mrk="$Id: absolv.xml,v 1.27 2015/10/01 22:10:16 revo Exp $">
<kap>
  <rad>absolv</rad>/i <fnt>Z</fnt> <fnt><bib>PV</bib></fnt>
</kap>
<drv mrk="absolv.0i">
  <kap><tld/>i</kap>
  <gra><vspec>tr</vspec></gra>
  <snc mrk="absolv.0i.KAT">
    <uzo tip="fak">KAT</uzo>
    <ref tip="dif" cel="pek.0liberigi">pekliberigi</ref>
    <trd lng="be">&c_d;&c_a;&c_r;&c_a;&c_v;&c_a;&c_c;&c_mol; &c_g;&c_r;&c_a;&c_h;&c_ib;</trd>
    <trd lng="en">absolve</trd>
    <trdgrp lng="pl">
      <trd>rozgrzesza&cacute;</trd>
      <trd>odpu&sacute;ci&cacute; grzech</trd>
      <trd>darowa&cacute; win&eogonek;</trd>
    </trdgrp>
    <trd lng="pt">absolver</trd>
    <trd lng="hu">feloldoz</trd>
    <trd lng="it">assolvere<klr> (dare l'assoluzione)</klr></trd>
    <trd lng="ru">&c_o;&c_t;&c_p;&c_u;&c_s;&c_t;&c_i;&c_t;&c_mol; &c_g;&c_r;&c_je;&c_h;&c_i;</trd>
  </snc>
  <snc mrk="absolv.0i.JUR">
    <uzo tip="fak">JUR</uzo>
    <ref tip="dif" cel="kondam.mal0i">malkondamni</ref>
    <rim num="1">
      Ne&gcirc;usta estas la signifo <ctl>plenumi</ctl> (pri kurso)
      a&ubreve; <ctl>fini</ctl> (pri ekzameno): 
      <ekz>
        kiam mi estos <tld/>inta la lernejon, mi iros al sinjoro Beyer 
        en la montaron
        <fnt>
          <aut>B. N&ecaron;mcov&aacute;, trad. V. Tobek kaj K. Proch&aacute;zka</aut>,
          <vrk><url ref="https://eo.wikisource.org/wiki/Avineto/XVI.">
          Avineto</url></vrk>,
          <lok>1909-1914</lok>
        </fnt>.
      </ekz>
    </rim>
    <rim num="2">
      La du sencoj malkoheras: oni pekliberigas pekulon, oni
      malkondamnas senkulpulon. Kaj &gcirc;enerale la vorto aspektas
      kiel malnecesa latina barbara&jcirc;o.
      <aut>Sergio Pokrovskij</aut>
    </rim>
    <trdgrp lng="be">
      <trd>&c_a;&c_p;&c_r;&c_a;&c_w;&c_d;&c_a;&c_c;&c_mol;</trd>,
      <trd>&c_p;&c_r;&c_y;&c_z;&c_n;&c_a;&c_c;&c_mol; &c_n;&c_je;&c_v;&c_ib;&c_n;&c_a;&c_v;&c_a;&c_t;&c_y;&c_m;</trd>
    </trdgrp>
    <trd lng="de">freisprechen</trd>
    <trd lng="en">pardon</trd>
    <trd lng="hu">felment</trd>
    <trdgrp lng="it">
      <trd>assolvere<klr> (prosciogliere)</klr></trd>,
      <trd>prosciogliere</trd>
    </trdgrp>
    <trd lng="pl">u&lstroke;askawi&cacute;</trd>
    <trdgrp lng="pt">
      <trd>absolver</trd>,
      <trd>perdoar</trd>
    </trdgrp>
    <trdgrp lng="ru">
      <trd>&c_p;&c_r;&c_i;&c_z;&c_n;&c_a;&c_t;&c_mol; &c_n;&c_je;&c_v;&c_i;&c_n;&c_o;&c_v;&c_n;&c_y;&c_m;</trd>,
      <trd>&c_o;&c_p;&c_r;&c_a;&c_v;&c_d;&c_a;&c_t;&c_mol;</trd>
    </trdgrp>
    <trd lng="sk">oslobodi&tcaron; <klr>(ob&zcaron;alovan&eacute;ho)</klr></trd>
  </snc>
  <trd lng="ca">absoldre</trd>
  <trd lng="cs">prohl&aacute;sit nevinn&yacute;m</trd>
  <trd lng="de">vergeben</trd>
  <trd lng="es">absolver</trd>
  <trd lng="fr">absoudre</trd>
  <trd lng="nl">vergeven</trd>
  <trdgrp lng="sk">
    <trd>odpusti&tcaron;</trd>,
    <trd>oslobodi&tcaron;</trd>,
    <trd>rozhre&scaron;i&tcaron;</trd>
  </trdgrp>
</drv>

<drv mrk="absolv.0o">
  <kap><tld/>o</kap>
  <snc mrk="absolv.0o.KAT">
    <uzo tip="fak">KAT</uzo>
    <dif>
      Pekliberigo:
      <ekz>
        &leftquot;je-es&rightquot; bruis la homoj, kvaza&ubreve; ili ricevus <tld/>on pro sia 
        malobservo de la sankta tago
        <fnt>
          <aut>A. Strindberg, trad. S. Johansson</aut>,
          <vrk>Insulanoj De Hemsoe</vrk>,
          <lok>2005</lok>
        </fnt>.
      </ekz>
    </dif>
    <trd lng="it">assoluzione</trd>
    <trdgrp lng="pl">
      <trd>absolucja</trd>
      <trd>rozgrzeszenie</trd>
      <trd>odpuszczenie<klr> (winy, grzechu)</klr></trd>
      <trd>darowanie<klr> (winy, grzechu)</klr></trd>
    </trdgrp>
  </snc>
  <snc mrk="absolv.0o.JUR">
    <uzo tip="fak">JUR</uzo>
    <dif>
      Malkondamno.
    </dif>
    <trdgrp lng="it">
      <trd>assoluzione<klr> (proscioglimento)</klr></trd>,
      <trd>proscioglimento</trd>
    </trdgrp>
    <trdgrp lng="pl">
      <trd>u&lstroke;askawienie</trd>
      <trd>&lstroke;aska</trd>
      <trd>prawo <ind>&lstroke;aski</ind></trd>
    </trdgrp>
  </snc>
  <trd lng="ca">absoluci&oacute;</trd>
  <trd lng="es">absoluci&oacute;n</trd>
  <trd lng="fr">absolution</trd>
  <trdgrp lng="sk">
    <trd>odpustenie</trd>,
    <trd>oslobodenie <klr>(ob&zcaron;alovan&eacute;ho)</klr></trd>,
    <trd>rozhre&scaron;enie</trd>
  </trdgrp>
</drv>
</art>
<!--
$Log: absolv.xml,v $
Revision 1.27  2015/10/01 22:10:16  revo
Jeromo Vasxe: + dif en ~o, + ekz

Revision 1.26  2015/07/04 08:37:29  revo
aldono de trd cs per skripto de M. von Laer

Revision 1.25  2015/06/28 12:03:35  revo
aldono de trd sk per skripto de M. von Laer

Revision 1.24  2014/08/10 17:10:14  revo
Carlos Garcia: +trd es -o

Revision 1.23  2014/08/04 13:10:11  revo
Damien Brucker: +trd fr

Revision 1.22  2012/08/22 10:10:19  revo
Marc Rausell: + trd ca

Revision 1.21  2010/10/24 16:30:25  revo
Antonio Codazzi: +trd it

Revision 1.20  2006/01/18 17:31:13  revo
-->
</vortaro>
