<?xml version="1.0"?>
<!DOCTYPE vortaro SYSTEM "../dtd/vokoxml.dtd">

<vortaro>
<art mrk="$Id: absorb.xml,v 1.29 2015/07/04 08:37:29 revo Exp $">
<kap>
  <ofc>3</ofc>
  <rad>absorb</rad>/i <fnt><bib>PV</bib></fnt>
</kap>
<drv mrk="absorb.0i">
  <kap><tld/>i</kap>
  <gra><vspec>tr</vspec></gra>
  <snc mrk="absorb.0i.PSI">
    <dif>
      Okupi ekskluzive la spiriton a&ubreve; la atenton:
      <ekz>
        lia laboro <tld/>as tutan lian penson;
      </ekz>
      <ekz>
        <tld/>ita per la legado li ne rimarkis mian eniron;
      </ekz>
      <ekz>
        la esprimo de lia viza&gcirc;o estis 
        <ind><tld/>ita</ind><fnt>B</fnt>.
        <trdgrp lng="ca">
          <trd>absorbit</trd>,
          <trd>embegut</trd>
        </trdgrp>
        <trdgrp lng="fr">
          <trd>absorb&eacute;<klr tip="ind"> (pensif)</klr></trd>,
          <trd>affair&eacute;<klr tip="ind"> (&agrave; r&eacute;fl&eacute;chir)</klr></trd>,
          <trd>concentr&eacute;<klr tip="ind"> (dans sa
          r&eacute;flexion)</klr></trd>,
          <trd>pensif</trd>,
          <trd>pris<klr tip="ind"> (dans ses pens&eacute;es)</klr></trd>
        </trdgrp>
      </ekz>
    </dif>
    <refgrp tip="vid">
      Ne konfuzu kun:
      <ref cel="sorb.0i">sorbi</ref>.
    </refgrp>
  </snc>
  <adm>
    Verdire la konfuzo kun "sorbi" estas suficxe ofta (ekzemple en
    "Fabeloj") por pravigi aldonan sencon.
    <aut>MB</aut>
  </adm>
  <trdgrp lng="be">
    <trd>&c_p;&c_a;&c_g;&c_l;&c_y;&c_n;&c_u;&c_c;&c_mol;</trd>,
    <trd>&c_z;&c_a;&c_v;&c_a;&c_l;&c_o;&c_d;&c_a;&c_c;&c_mol; <ind>&c_u;&c_v;&c_a;&c_g;&c_a;&c_j;</ind></trd>
  </trdgrp>
  <trdgrp lng="ca">
    <trd>absorbir</trd>,
    <trd>ocupar</trd>,
    <trd>acaparar</trd>
  </trdgrp>
  <trdgrp lng="de">
    <trd>absorbieren</trd>,
    <trd><klr>in </klr>Bann <ind>schlagen</ind></trd>,
    <trd>auf sich <ind>ziehen</ind></trd>
  </trdgrp>
  <trdgrp lng="en">
    <trd>absorb</trd>,
    <trd>occupy</trd>,
    <trd>engross</trd>
  </trdgrp>
  <trdgrp lng="fr">
    <trd>absorber<klr tip="ind"> (l'esprit)</klr></trd>,
    <trd>accaparer<klr tip="ind"> (l'attention)</klr></trd>,
    <trd>occuper<klr tip="ind"> (l'attention)</klr></trd>,
    <trd>prendre<klr tip="ind"> (absorber l'attention)</klr></trd>
  </trdgrp>
  <trdgrp lng="es">
    <trd>absorber</trd>,
    <trd>ocupar</trd>
  </trdgrp>
  <trdgrp lng="hu">
    <trd>lefoglal</trd>,
    <trd>lek&ouml;t</trd>
  </trdgrp>
  <trdgrp lng="it">
    <trd>assorbire<klr> (fig.)</klr></trd>,
    <trd>occupare<klr> (assorbire)</klr></trd>
  </trdgrp>
  <trd lng="nl">opslorpen</trd>
  <trdgrp lng="pl">
    <trd>absorbowa&cacute;</trd>,
    <trd>przykuwa&cacute; uwag&eogonek;</trd>,
    <trd>zajmowa&cacute;</trd>
  </trdgrp>
  <trdgrp lng="pt">
    <trd>absorver</trd>,
    <trd>preocupar</trd>
  </trdgrp>
  <trdgrp lng="sv">
    <trd>f&auml;ngsla</trd>,
    <trd>upptaga (sinnet)</trd>
  </trdgrp>
  <trdgrp lng="ru">
    <trd>&c_p;&c_o;&c_g;&c_l;&c_o;&c_t;&c_i;&c_t;&c_mol;</trd>,
    <trd>&c_z;&c_a;&c_v;&c_l;&c_a;&c_d;&c_je;&c_t;&c_mol; &c_v;&c_n;&c_i;&c_m;&c_a;&c_n;&c_i;&c_je;&c_m;</trd>
  </trdgrp>
  <trd lng="sk">zauja&tcaron;</trd>
  <trdgrp lng="tr">
    <trd>me&scedil;gul etmek <klr>(d&uuml;&scedil;uncelerini)</klr></trd>,
    <trd>emmek <klr>(emici madde taraf&inodot;ndan. &ouml;rek:
    s&uuml;nger)</klr></trd>
  </trdgrp>
  <trd lng="sk">absorbovať</trd>
  <trdgrp lng="cs">
    <trd>absorbovat</trd>,
    <trd>pohltit</trd>,
    <trd>vstřebat</trd>
  </trdgrp>
</drv>

<drv mrk="absorb.0igxi">
  <kap><tld/>i&gcirc;i</kap>
  <snc mrk="absorb.0igxi.PSI">
    <dif>
      Turni sian atenton tute al iuj pensoj:
      <ekz>
        mi provis legi kaj tremante mi balda&ubreve; <tld/>i&gcirc;is en io, kion
        mi trovis en tiu malbenita <ctl>Necronomicon</ctl>
        <fnt>
          <aut>H. P. Lovecraft, trad. C. Kisa</aut>,
          <vrk>La Soleno</vrk>,
          <lok>2003</lok>
        </fnt>.
      </ekz>
    </dif>
  </snc>
  <trdgrp lng="ca">
    <trd>absorbir-se</trd>,
    <trd>embeure's</trd>
  </trdgrp>
  <trdgrp lng="en">
    <trd>be absorbed</trd>,
    <trd>be engrossed</trd>
  </trdgrp>
  <trdgrp lng="fr">
    <trd>s'<ind>absorber</ind><klr> (dans ses pens&eacute;es)</klr></trd>,
    <trd>se concentrer sur</trd>
  </trdgrp>
  <trdgrp lng="it">
    <trd>essere <ind>assorbito</ind><klr> (fig.)</klr></trd>,
    <trd>essere <ind>occupato</ind><klr> (assorbire)</klr></trd>,
    <trd>sprofondare<klr> (fig.)</klr></trd>
  </trdgrp>
  <trdgrp lng="pl">
    <trd>absorbowa&cacute; si&eogonek;</trd>,
    <trd>zajmowa&cacute; si&eogonek;</trd>
  </trdgrp>
  <trd lng="tr">derin d&uuml;&scedil;&uuml;nceye dalmak</trd>
</drv>
</art>
<!--
$Log: absorb.xml,v $
Revision 1.29  2015/07/04 08:37:29  revo
aldono de trd cs per skripto de M. von Laer

Revision 1.28  2015/06/28 12:03:35  revo
aldono de trd sk per skripto de M. von Laer

Revision 1.27  2013/04/03 12:10:14  revo
Sebastian Cyprych: +trd pl

Revision 1.26  2012/08/22 10:10:20  revo
Marc Rausell: + trd ca

Revision 1.25  2011/09/29 12:10:12  revo
Antonio Codazzi: +trd it

Revision 1.24  2010/08/31 16:30:30  revo
Russ Williams: +trd en

Revision 1.23  2009/08/25 16:31:19  revo
Emmanuel Debanne: kor tr

Revision 1.22  2009/08/23 16:32:44  revo
Emmanuel Debanne: +trd tr

Revision 1.21  2007/05/13 16:30:38  revo
Jeromo Vasxe: + ~igxi

Revision 1.20  2005/02/04 17:31:03  revo
-->
</vortaro>
