<?xml version="1.0"?>
<!DOCTYPE vortaro SYSTEM "../dtd/vokoxml.dtd">

<vortaro>
<art mrk="$Id: abstin.xml,v 1.28 2018/05/02 15:10:17 revo Exp $">
<kap>
  <ofc>4</ofc>
  <rad>abstin</rad>/i
</kap>
<drv mrk="abstin.0i">
  <kap><tld/>i</kap>
  <gra><vspec>ntr</vspec></gra>
  <snc>
    <dif>
      Sin deteni, pro principo, de iaj plezurigaj agoj
      (man&gcirc;i, trinki, fumi, ktp); sin deteni man&gcirc;i a&ubreve;
      trinki ion pro medicina motivo:
      <ekz>
        <tld/>i je kafo, je amoro;
      </ekz>
      <ekz>
        <ind><tld/>ulo</ind>;
        <trd lng="ca">abstinent<klr> (subst.)</klr></trd>
        <trd lng="de">Abstinenzler</trd>
        <trd lng="fr">abstinent<klr tip="ind"> (subst.)</klr></trd>
        <trdgrp lng="hu">
          <trd>absztinens</trd>,
          <trd>&ouml;nmegtart&oacute;ztat&oacute;</trd>
        </trdgrp>
        <trd lng="es">abstemio</trd>
      </ekz>
      <ekz>
        <ind><tld/>ema</ind>.
        <trd lng="ca">abstinent<klr> (adj.)</klr></trd>
        <trdgrp lng="de">
          <trd>abstinent</trd>,
          <trd>enthaltsam</trd>
        </trdgrp>
        <trd lng="fr">abstinent<klr tip="ind"> (adj.)</klr></trd>
        <trdgrp lng="hu">
          <trd>absztinens</trd>,
          <trd>&ouml;nmegtart&oacute;ztat&oacute;</trd>
        </trdgrp>
        <trd lng="pt">abstinente</trd>
        <trd lng="es">abstemio</trd>
      </ekz>
    </dif>
    <trdgrp lng="de">
       <trd>abstinent sein</trd>,
       <trd>sich <klr>[des Alkoholgenusses] </klr><ind>enthalten</ind>
       </trd>
    </trdgrp>
    <trd lng="hu">tart&oacute;zkodik <klr tip="ind">
    (vmit&odblac;l)</klr></trd>
    <trd lng="nl">zich <ind>onthouden</ind> van</trd>
    <trd lng="sv">vara <ind>avh&aring;llsam</ind></trd>
  </snc>
  <snc>
    <uzo tip="fak">KAT</uzo>
    <dif>
      Neuzi viandon en difinitaj tempoj.
    </dif>
    <trdgrp lng="de">
          <trd>sich <klr>[des Fleischgenusses] </klr>
          <ind>enthalten</ind></trd>
    </trdgrp>
    <trd lng="it">mangiar di <ind>magro</ind></trd>
  </snc>
  <refgrp tip="vid">
    <ref cel="ten.sinde0i">sin deteni</ref>,
    <ref cel="fast.0i">fasti</ref>.
  </refgrp>
  <trd lng="be">&c_u;&c_s;&c_t;&c_r;&c_y;&c_m;&c_l;&c_ib;&c_v;&c_a;&c_c;&c_c;&c_a;</trd>
  <trd lng="bg">&c_v;&c_malmol;&c_z;&c_d;&c_malmol;&c_r;&c_zh;&c_a;</trd>
  <trd lng="ca">abstenir-se</trd>
  <trd lng="en">abstain</trd>
  <trdgrp lng="fr">
    <trd>s'<ind>abstenir</ind> (de)</trd>,
    <trd>faire <ind>abstinence</ind></trd>,
    <trd>faire <ind>maigre</ind></trd>
  </trdgrp>
  <trd lng="es">abstenerse</trd>
  <trdgrp lng="hu">
    <trd>megtart&oacute;ztatja mag&aacute;t</trd>,
    <trd>tart&oacute;zkodik a h&uacute;sev&eacute;st&odblac;l</trd>
  </trdgrp>
  <trd lng="it">astenersi<klr> (non consumare)</klr></trd>
  <trdgrp lng="pl">
    <trd>pow&sacute;ci&aogonek;ga&cacute; si&eogonek;</trd>,
    <trd>powstrzymywa&cacute; si&eogonek;</trd>
  </trdgrp>
  <trd lng="pt">abster-se</trd>
  <trd lng="ms">berkecualikan</trd>
  <trd lng="ru">&c_v;&c_o;&c_z;&c_d;&c_je;&c_r;&c_zh;&c_i;&c_v;&c_a;&c_t;&c_mol;&c_s;&c_ja;</trd>
  <trd lng="sk">zdr&zcaron;a&tcaron; sa <klr>(konzum&aacute;cie)</klr>
  </trd>
  <trdgrp lng="sk">
    <trd>abstinova&tcaron;</trd>,
    <trd>zdr&zcaron;a&tcaron; sa</trd>
  </trdgrp>
  <trdgrp lng="cs">
    <trd>abstinovat</trd>,
    <trd>od&rcaron;&iacute;kat si</trd>,
    <trd>zdr&zcaron;ovat se <klr>(n&ecaron;&ccaron;eho)</klr></trd>,
    <trd>z&rcaron;&iacute;kat se</trd>
  </trdgrp>
</drv>

<drv mrk="abstin.0ado">
  <kap><tld/>ado</kap>
  <snc>
    <dif>
      Stato a&ubreve; vivmaniero de iu, kiu <tld/>as:
      <ekz>
        la katolika <tld/>ado estas mildigo de fasto
        <fnt><bib>PIV1</bib></fnt>.
      </ekz>
    </dif>
    <ref tip="sin" cel="abstin1.0o">abstinenco.</ref>
  </snc>
  <trdgrp lng="be">
    <trd>&c_u;&c_s;&c_t;&c_r;&c_y;&c_m;&c_a;&c_n;&c_mol;&c_n;&c_je;
    </trd>,
    <trd>&c_a;&c_b;&c_s;&c_t;&c_y;&c_n;&c_e;&c_n;&c_c;&c_y;&c_ja;</trd>
  </trdgrp>
  <trd lng="bg">&c_v;&c_malmol;&c_z;&c_d;&c_malmol;&c_r;&c_zh;&c_a;&c_n;&c_je;</trd>
  <trd lng="ca">abstin&egrave;ncia</trd>
  <trdgrp lng="cs">
    <trd>abstinence</trd>,
    <trd>abstinov&aacute;n&iacute;</trd>
  </trdgrp>
  <trdgrp lng="de">
      <trd>Abstinenz</trd>,
      <trd>Enthaltsamkeit</trd>
  </trdgrp>
  <trd lng="en">abstinence</trd>
  <trd lng="es">abstinencia</trd>
  <trdgrp lng="fr">
    <trd>abstinence</trd>,
    <trd>privation<klr tip="ind"> (abstinence)</klr></trd>,
    <trd>asc&egrave;se</trd>
  </trdgrp>
  <trdgrp lng="hu">
    <trd>absztinencia</trd>,
    <trd>&ouml;nmegtart&oacute;ztat&aacute;s</trd>
  </trdgrp>
  <trd lng="it">astinenza<klr> (rinuncia o non consumazione)</klr></trd>
  <trd lng="nl">onthouding</trd>
  <trdgrp lng="pl">
    <trd>pow&sacute;ci&aogonek;gliwo&sacute;&cacute;</trd>,
    <trd>abstynencja</trd>
  </trdgrp>
  <trd lng="pt">abstin&ecirc;ncia</trd>
  <trdgrp lng="ru">
    <trd>&c_v;&c_o;&c_z;&c_d;&c_je;&c_r;&c_zh;&c_a;&c_n;&c_i;&c_je;
    </trd>,
    <trd>&c_a;&c_b;&c_s;&c_t;&c_i;&c_n;&c_je;&c_n;&c_c;&c_i;&c_ja;</trd>
  </trdgrp>
  <trdgrp lng="sk">
    <trd>abstinencia</trd>,
    <trd>zdr&zcaron;anie sa</trd>
  </trdgrp>
  <trd lng="sv">avh&aring;llsamhet</trd>
</drv>
</art>
<!--
$Log: abstin.xml,v $
Revision 1.28  2018/05/02 15:10:17  revo
Joop Eggen: +trd bg

Revision 1.27  2017/02/08 14:10:16  revo
Adam Eng: trd ms

Revision 1.26  2015/07/04 08:37:29  revo
aldono de trd cs per skripto de M. von Laer

Revision 1.25  2015/06/28 12:03:35  revo
aldono de trd sk per skripto de M. von Laer

Revision 1.24  2012/08/22 10:10:21  revo
Marc Rausell: + trd ca

Revision 1.23  2011/12/29 17:10:21  revo
Eduardo Navas: +trad es

Revision 1.22  2010/10/25 16:30:29  revo
Antonio Codazzi: +trd it

Revision 1.21  2009/02/01 17:30:22  revo
-->
</vortaro>
