<?xml version="1.0"?>
<!DOCTYPE vortaro SYSTEM "../dtd/vokoxml.dtd">

<vortaro>
<art mrk="$Id: abstin1.xml,v 1.21 2018/08/16 18:10:19 revo Exp $">
<kap>
  <rad>abstinenc</rad>/o
  <fnt>Z</fnt>
</kap>
<drv mrk="abstin1.0o">
  <kap><tld/>o</kap>
  <snc>
    <dif>
      <ref tip="dif" cel="abstin.0ado">Abstinado</ref>:
      <ekz>
        la novplatonismano Porfirio de Tiro (3-a jarcento), en &leftquot;Pri <tld/>o&rightquot;, 
        ligas vegetarismon al misterokulto de Kreto
        <fnt>
          <bib>Viki</bib>
          <lok><url ref="https://eo.wikipedia.org/?curid=220842">Nutrado en antikva Grekujo</url></lok>
        </fnt>.
      </ekz>
    </dif>
  </snc>
  <trdgrp lng="be">
    <trd>&c_u;&c_s;&c_t;&c_r;&c_y;&c_m;&c_a;&c_n;&c_mol;&c_n;&c_je;
    </trd>,
    <trd>&c_a;&c_b;&c_s;&c_t;&c_y;&c_n;&c_e;&c_n;&c_c;&c_y;&c_ja;</trd>
  </trdgrp>
  <trd lng="bg">&c_v;&c_malmol;&c_z;&c_d;&c_malmol;&c_r;&c_zh;&c_a;&c_n;&c_je;</trd>
  <trd lng="ca">abstin&egrave;ncia</trd>
  <trdgrp lng="cs">
    <trd>abstinence</trd>,
    <trd>zdr&zcaron;enlivost</trd>
  </trdgrp>
  <trdgrp lng="de">
      <trd>Abstinenz</trd>,
      <trd>Enthaltsamkeit</trd>
  </trdgrp>
  <trd lng="en">abstinence</trd>
  <trd lng="es">abstinencia</trd>
  <trdgrp lng="fr">
    <trd>abstinence</trd>,
    <trd>privation<klr tip="ind"> (abstinence)</klr></trd>,
    <trd>asc&egrave;se</trd>
  </trdgrp>
  <trdgrp lng="hu">
    <trd>absztinencia</trd>,
    <trd>&ouml;nmegtart&oacute;ztat&aacute;s</trd>
  </trdgrp>
  <trdgrp lng="nl">
    <trd>onthouding</trd>,
    <trd>abstinentie</trd>
  </trdgrp>
  <trd lng="it">astinenza</trd>
  <trdgrp lng="pl">
    <trd>abstynencja</trd>,
    <trd>pow&sacute;ci&aogonek;gliwo&sacute;&cacute;</trd>
  </trdgrp>
  <trd lng="pt">abstin&ecirc;ncia</trd>
  <trdgrp lng="ru">
    <trd>&c_v;&c_o;&c_z;&c_d;&c_je;&c_r;&c_zh;&c_a;&c_n;&c_i;&c_je;
    </trd>,
    <trd>&c_a;&c_b;&c_s;&c_t;&c_i;&c_n;&c_je;&c_n;&c_c;&c_i;&c_ja;</trd>
  </trdgrp>
  <trdgrp lng="sk">
    <trd>abstinencia</trd>,
    <trd>zdr&zcaron;anie sa</trd>
  </trdgrp>
</drv>
</art>
<!--
$Log: abstin1.xml,v $
Revision 1.21  2018/08/16 18:10:19  revo
Wolfram Diestel: +ekz

Revision 1.20  2018/06/11 18:10:15  revo
Evandro Avellar: trd +pt

Revision 1.19  2018/05/02 15:10:16  revo
Joop Eggen: +trd bg nl

Revision 1.18  2015/07/04 08:37:29  revo
aldono de trd cs per skripto de M. von Laer

Revision 1.17  2015/06/28 12:03:35  revo
aldono de trd sk per skripto de M. von Laer

Revision 1.16  2012/08/22 10:10:22  revo
Marc Rausell: + trd ca

Revision 1.15  2011/09/29 12:10:13  revo
Antonio Codazzi: +trd it

Revision 1.14  2008/12/14 07:32:41  revo
-->
</vortaro>
