<?xml version="1.0"?>
<!DOCTYPE vortaro SYSTEM "../dtd/vokoxml.dtd">

<vortaro>
  <art mrk="$Id: abstra.xml,v 1.32 2016/06/14 06:10:18 revo Exp $">
    <kap>
      <ofc>1</ofc>
      <rad>abstrakt</rad>/a
    </kap>

    <drv mrk="abstra.0a">
      <kap><ofc>1</ofc><tld/>a <fnt><bib>PV</bib></fnt></kap>
      <snc mrk="abstra.0a.gxenerala">
        <dif>
          <ref tip="sin" cel="gxener.0a">&Gcirc;enerala</ref>, neindividua,
          bazita sur teoriaj konceptoj kaj ne sur reala konkreta&jcirc;o
          (persono, a&jcirc;o, situacio):
          <ekz>
            <tld/>a ideo;
          </ekz><ekz>
            <tld/>a rezonado;
          </ekz><ekz>
            tiaj radikoj enhavas en si jam <tld/>an sencon, sekve la
            aldono
            de <em>-ec</em> tia<klr>o</klr>kaze estas simpla balasto,
            pleonasmo
            <fnt><bib>Lanti</bib>, <lok>Pri stilo</lok></fnt>.
          </ekz>
        </dif>
      </snc>

      <snc mrk="abstra.0a.malkonkreta">
        <dif>
          Malkonkreta, malproksima de la realaj bezonoj, nepraktika:
          <ekz>
            &ccirc;ia batalado <tld/>a kaj teoria ordinare
            al nenio kondukas
            <fnt><bib>EE</bib>, <lok>&ccirc;ap. 4a</lok></fnt>;
          </ekz><ekz>
            teoriuloj, kiuj tro <ind><tld/>e</ind> pritraktas tiajn
            demandojn
            <fnt><bib>Lanti</bib>, <lok>Kulturi la simplan
                sa&gcirc;on</lok></fnt>.
            <trd lng="ca">en abstracte</trd>
            <trd lng="ru">&c_o;&c_t;&c_v;&c_l;&c_je;&c_ch;&c_jo;&c_n;&c_n;&c_o;</trd>
          </ekz>
        </dif>
        <ref tip="sin" cel="konkre.mal0a">malkonkreta</ref>
      </snc>

      <snc mrk="abstra.0a.eco">
        <dif>
          Nomanta econ, karakteron, estadmanieron senrilate al
          specifa objekto:
          <ekz>
            <ctl>forto</ctl>, <ctl>beleco</ctl>, <ctl>justo</ctl>
            estas abstraktaj vortoj.
          </ekz>
        </dif>
      </snc>

      <snc mrk="abstra.0a.bildo">
        <uzo tip="fak">BELA</uzo>
        <dif>
          Celanta ne la pli-malpli realisman prezenton de la objektoj,
          homoj kaj scenoj, sed ludan kombinon de formoj, koloroj ks:
          <ekz>
            <tld/>a pentra&jcirc;o.
          </ekz>
        </dif>
      </snc>
  <trd lng="be">&c_a;&c_b;&c_s;&c_t;&c_r;&c_a;&c_k;&c_t;&c_n;&c_y;</trd>
  <trdgrp lng="bg">
        <trd>&c_a;&c_b;&c_s;&c_t;&c_r;&c_a;&c_k;&c_t;&c_je;&c_n;</trd>,
        <trd>&c_o;&c_t;&c_v;&c_l;&c_je;&c_ch;&c_je;&c_n;</trd>
      </trdgrp>
  <trd lng="ca">abstracte</trd>
  <trdgrp lng="cs">
    <trd>abstraktn&iacute;</trd>,
    <trd>odta&zcaron;it&yacute;</trd>
  </trdgrp>
  <trd lng="de">abstrakt</trd>
  <trd lng="en">abstract</trd>
  <trd lng="es">abstracto</trd>
  <trdgrp lng="fr">
        <trd>abstrait</trd>,
        <trd>conceptuel</trd>,
        <trd>formel</trd>,
        <trd>non-figuratif<klr tip="ind"> (art)</klr></trd>,
        <trd>sp&eacute;culatif</trd>,
        <trd>th&eacute;orique</trd>,
      </trdgrp>
  <trdgrp lng="hu">
        <trd>absztrakt</trd>,
        <trd>elvont</trd>
      </trdgrp>
  <trd lng="it">astratto</trd>
  <trd lng="nl">abstract&c_t;</trd>
  <trdgrp lng="pl">
        <trd>abstrakcyjny</trd>,
        <trd>oderwany <klr>(od rzeczywisto&sacute;ci)</klr></trd>
      </trdgrp>
  <trd lng="pt">abstrato</trd>
  <trd lng="ro">abstract</trd>
  <trdgrp lng="ru">
        <trd>&c_a;&c_b;&c_s;&c_t;&c_r;&c_a;&c_k;&c_t;&c_n;&c_y;&c_j;</trd>,
        <trd>&c_o;&c_t;&c_v;&c_l;&c_je;&c_ch;&c_jo;&c_n;&c_n;&c_y;&c_j;</trd>
      </trdgrp>
  <trdgrp lng="sk">
    <trd>abstraktn&yacute;</trd>,
    <trd>nekonkr&eacute;tny</trd>
  </trdgrp>
  <trd lng="sv">abstrakt</trd>
</drv>

    <drv mrk="abstra.0ajxo">
      <kap><tld/>a&jcirc;o <fnt><bib>PIV1</bib></fnt>, <var>
          <kap><tld/>o</kap>
        </var>
      </kap>
      <snc>
        <dif>
          Io <tld/>a:
          <ekz>
            <klr>[la le&gcirc;oj de la vivo]</klr> havas nenion komunan kun
            logikaj principoj aplikeblaj nur rilate <tld/>ojn
            <fnt><bib>Lanti</bib>, <lok>For la idemon!</lok></fnt>;
          </ekz><ekz>
            geometria punkto estas <tld/>a&jcirc;o.
          </ekz>
        </dif>
        <trd lng="be">&c_a;&c_b;&c_s;&c_t;&c_r;&c_a;&c_k;&c_c;&c_y;&c_ja;</trd>
        <trd lng="ca">abstracci&oacute;</trd>
        <trd lng="fr">abstraction</trd>
        <trd lng="pl">abstrakt</trd>
        <trd lng="ro">abstract</trd>
        <trd lng="ru">&c_a;&c_b;&c_s;&c_t;&c_r;&c_a;&c_k;&c_c;&c_i;&c_ja;</trd>
      </snc>
  <trd lng="cs">abstraktno</trd>
  <trd lng="sk">abstraktno</trd>
</drv>

    <drv mrk="abstra.0eco">
      <kap><tld/>eco <fnt><bib>PIV1</bib></fnt></kap>
      <snc>
        <dif>
          La eco esti <tld/>a:
          <ekz>
            la <tld/>eco de liaj rezonoj lacigas la leganton.
          </ekz>
        </dif>
      </snc>
  <trd lng="be">&c_a;&c_b;&c_s;&c_t;&c_r;&c_a;&c_k;&c_t;&c_n;&c_a;&c_s;&c_mol;&c_c;&c_mol;</trd>
  <trd lng="ca">abstractesa</trd>
  <trdgrp lng="cs">
    <trd>abstraktnost</trd>,
    <trd>abstrak&ccaron;nost</trd>,
    <trd>odta&zcaron;itost</trd>
  </trdgrp>
  <trd lng="fr">abstraction</trd>
  <trd lng="hu">absztrakci&oacute;</trd>
  <trd lng="pl">abstrakcyjno&sacute;&cacute;</trd>
  <trdgrp lng="ru">
        <trd>&c_a;&c_b;&c_s;&c_t;&c_r;&c_a;&c_k;&c_n;&c_o;&c_s;&c_t;&c_mol;</trd>,
        <trd>&c_o;&c_t;&c_v;&c_l;&c_je;&c_ch;&c_jo;&c_n;&c_n;&c_o;&c_s;&c_t;&c_mol;</trd>
      </trdgrp>
  <trd lng="sk">abstraktnos&tcaron;</trd>
</drv>

    <drv mrk="abstra.0igi">
      <kap><tld/>igi</kap>
      <gra><vspec>tr</vspec></gra>

      <snc>
        <dif>
          <ref tip="sin" cel="gxener.0igi">&Gcirc;eneraligi</ref>,
          malkonkretigi, senpersonigi, meti sur pli <tld/>an nivelon:
          <ekz>
            ni <tld/>igu la aferon: imagu <klr>...</klr>
            <fnt>
              <aut>Cyril Brosch</aut>:
              <lok><url
 ref="http://lingvakritiko.com/2007/09/09/noto-pri-formoj-kaj-signifoj-la-kazo-de-komparativoj-kun-mal-vortoj/"
                >Repliko en la &#171;Lingva kritiko&#187;</url></lok>
            </fnt>.
          </ekz><ekz>
            la o-fina&jcirc;o do abstraktigas &gcirc;in <klr>(la
            vortkomplekson)</klr>, por povi &gcirc;in konkretigi
            <fnt><vrk>PAG</vrk>, <lok>&#167;314 Rim. (p. 426)</lok></fnt>.
          </ekz>
        </dif>
      </snc>
      <trdgrp lng="ru">
        <trd>&c_a;&c_b;&c_s;&c_t;&c_r;&c_a;&c_g;&c_i;&c_r;&c_o;&c_v;&c_a;&c_t;&c_mol;</trd>,
        <trd>&c_s;&c_h;&c_je;&c_m;&c_a;&c_t;&c_i;&c_z;&c_i;&c_r;&c_o;&c_v;&c_a;&c_t;&c_mol;</trd>,
        <trd>&c_o;&c_b;&c_o;&c_b;&c_shch;&c_i;&c_t;&c_mol;</trd>
      </trdgrp>
    </drv>

    <drv mrk="abstra.0i">
      <kap><tld/>i <fnt><bib>PV</bib></fnt></kap>
      <snc mrk="abstra.0i.esti">
        <uzo tip="stl">RAR</uzo>
        <gra><vspec>ntr</vspec></gra>
        <dif>
          Esti <tld/>a:
          <ekz>
            tiuj &ccirc;i simboloj <tld/>as same kiel tiuj uzataj por
            la infinitezima kalkulo
            <fnt>
              <aut>Federico Gobbo</aut>:
              <vrk>Fundamentoj de la adpoziciaj gramatikoj</vrk>.
              <lok><url
              ref="http://federicogobbo.name/pub/J.2010.4.pdf"
                  >Interlingvistikaj Kajeroj 1:1 (2010), 35&ndash;63 ISSN
                  2037-4550</url></lok>
            </fnt>.
          </ekz>
        </dif>
        <rim>
          &Ccirc;i tiu malofta signifo estas la sola kohera kun la adjektiva
          karaktero de la radiko <ctl><tld/></ctl>.
        </rim>
        <trdgrp lng="ru">
          <trd>&c_b;&c_y;&c_t;&c_mol; &c_a;&c_b;&c_s;&c_t;&c_r;&c_a;&c_k;&c_t;&c_n;&c_y;&c_m;</trd>,
          <trd>&c_a;&c_b;&c_s;&c_t;&c_r;&c_a;&c_k;&c_t;&c_je;&c_n;<klr> (predikativa uzo)</klr></trd>
        </trdgrp>
      </snc>

      <snc mrk="abstra.0i.umi">
        <uzo tip="stl">RAR</uzo>
        <gra><vspec>ntr</vspec></gra>
        <dif>
          Manipuli <tld/>a&jcirc;ojn:
          <ekz>
            e&ccirc; eblas <tld/>i:
            <ctl>Se A tiam B kaj se B tiam C tiam logike sekvas ke se
            A, tiam C</ctl>
            <fnt>
              <lok><url
 ref="http://ru.lernu.net/komunikado/forumo/temo.php?t=10289&amp;p=47"
                >Diskuto en la forumo &#171;lernu!&#187;</url></lok>
            </fnt>.
          </ekz>
        </dif>
        <rim>
          &Ccirc;i tiu signifo ne koheras kun la adjektiva karaktero de
          <ctl><tld/></ctl>; pli bone &gcirc;in esprimus deriva&jcirc;o
          <em><tld/>umi</em>.
        </rim>
      </snc>

      <snc mrk="abstra.0i.krei">
        <dif>
          Krei <tld/>a&jcirc;on:
        </dif>
        <subsnc mrk="abstra.0i.ekstrakti">
          <gra><vspec>tr</vspec></gra>
          <dif>
            <ref tip="dif" cel="abstra.0igi"><tld lit="A"/>igi</ref>,
            ekstrakti koncepton, izolante &gcirc;in el la tuto, al kiu
            &gcirc;i apartenas:
            <ekz>
              sed <tld/>i la ru&gcirc;econ de la sango el la kompleksa
              percepta&jcirc;o, kaj retrovi tiun saman econ en la ru&gcirc;a frambo,
              kaj malgra&ubreve; la sennombre multaj diferencaj trajtoj de
              sango kaj frambo krei la koncepton de <em>ru&gcirc;o</em> &mdash; tio
              estas jam tute nova nivelo
              <fnt>
                <aut>Vilmos Benczik</aut>:
                <vrk><url
                ref="http://www.benczikvilmos.fw.hu/benczik1.html"
                    >Lingvo, skribo, literaturo</url></vrk>.
              </fnt>.
            </ekz>
          </dif>
          <rim>
            &Ccirc;i tia regmodelo pli oftas en la lingvoj angla kaj franca,
            kie la responda verbo ofte havas signifojn, en Esperanto
            pli bone esprimatajn per <ctl>ekstrakti</ctl>.
          </rim>
          <trdgrp lng="ru">
            <trd>&c_i;&c_z;&c_v;&c_l;&c_je;&c_ch;&c_mol;</trd>,
            <trd>&c_v;&c_y;&c_d;&c_je;&c_l;&c_i;&c_t;&c_mol;</trd>
          </trdgrp>
        </subsnc>

        <subsnc mrk="abstra.0i.abstrahi">
          <gra><vspec>ntr</vspec></gra>
          <gra><vspec>tr</vspec></gra>
          <ref tip="dif" cel="abstrah.0i">abstrahi</ref>
            <ekz>
              oni nomas substanco tion, kio restas el iu
              objekto, kiam oni <tld/>is de &gcirc;i &ccirc;iujn &gcirc;iajn
              percepteblajn ecojn
              <fnt><bib>PV</bib>,
                <lok>la artikolo &#171;abstrakti&#187;</lok></fnt>;
            </ekz><ekz>
              per la koncepto <ctl>materia punkto</ctl> oni <tld/>as
              pri la formo kaj dimensioj de me&hcirc;anika objekto;
            </ekz><ekz>
              sed &ccirc;e tio <klr>...</klr> oni ne <tld/>u de la
              potencrilatoj
              <fnt>
                <aut>Rainer FISCHBACH</aut>:
                <vrk>Konkreta utopio - Kion fari se jam nenio
                  eblas</vrk>.
                <lok><url
 ref="http://eo.mondediplo.com/imprimer.php3?id_article=919"
                    >Monde diplomatique, 2004-06-09, p.&nbsp;7&#170;</url></lok>
              </fnt>.
            </ekz>
          <rim>
            &Ccirc;i tiu regmodelo pli oftas en la lingvoj germana kaj rusa,
            kaj iam oni uzas tiusence la verbon <em>abstrahi (pri
            io)</em>.  Ofte tiun signifon ta&ubreve;ge esprimas la verbo
            <ref cel="ignor.0i">ignori</ref>, kiel en la ekzemplo:
            <ekz>
              ve, tio signifas <tld/>i la fakton, ke por produkti
              lakton necesas ke bovino <klr>...</klr> nasku idon po
              unu fojo jare
              <fnt>
                <vrk><url
 ref="http://groups.yahoo.com/group/E-istajVegetaranoj/message/465"
                    >Kial rifuzi lakton?</url></vrk>
              </fnt>
            </ekz>
          </rim>
          <trd lng="ru">&c_a;&c_b;&c_s;&c_t;&c_r;&c_a;&c_g;&c_i;&c_r;&c_o;&c_v;&c_a;&c_t;&c_mol;&c_s;&c_ja;<klr> (&c_o;&c_t; &c_ch;&c_je;&c_g;&c_o;-&c_l;.)</klr></trd>
        </subsnc>
      </snc>
  <trd lng="be">&c_a;&c_b;&c_s;&c_t;&c_r;&c_a;&c_g;&c_a;&c_v;&c_a;&c_c;&c_mol;</trd>
  <trd lng="bg">&c_a;&c_b;&c_s;&c_t;&c_r;&c_a;&c_h;&c_i;&c_r;&c_a;&c_m;</trd>
  <trdgrp lng="ca">
        <trd>abstreure</trd>,
        <trd>abstraure</trd>
      </trdgrp>
  <trdgrp lng="cs">
    <trd>abstrahovat</trd>,
    <trd>vyvozovat</trd>
  </trdgrp>
  <trd lng="de">abstrahieren</trd>
  <trd lng="en">abstract</trd>
  <trd lng="es">abstraer</trd>
  <trdgrp lng="fr">
        <trd>abstraire</trd>,
        <trd>isoler<klr tip="ind"> (par l'esprit)</klr></trd>,
        <trd>s&eacute;parer<klr tip="ind"> (par l'esprit)</klr></trd>
      </trdgrp>
  <trdgrp lng="hu">
        <trd>elvonatkoztat</trd>,
        <trd>absztrah&aacute;l</trd>
      </trdgrp>
  <trd lng="it">astrarre</trd>
  <trd lng="nl">abstraheren</trd>
  <trd lng="pl">abstrahowa&cacute;</trd>
  <trd lng="pt">abstrair</trd>
  <trd lng="sk">abstrahova&tcaron;</trd>
  <trd lng="sv">abstrahera</trd>
</drv>

    <drv mrk="abstra.0ismo">
      <kap><tld/>ismo <fnt><bib>PIV2</bib></fnt></kap>
      <snc mrk="abstra.0ismo.BELA">
        <uzo tip="fak">BELA</uzo>
        <dif>
          Nefigura tendenco en pentroarto kaj skulptado, aperinta en
          E&ubreve;ropo &ccirc;. 1910.
        </dif>
      </snc>
      <trd lng="en">abstract art</trd>
      <trd lng="ru">&c_a;&c_b;&c_s;&c_t;&c_r;&c_a;&c_k;&c_c;&c_i;&c_o;&c_n;&c_i;&c_z;&c_m;</trd>
    </drv>

    <rim>
      La radiko estas oficialigita en la 1&#170; OA en la formo
      adjektiva. PV prezentas &gcirc;in per la verbo &leftquot;<tld/>i&rightquot;, kiun &gcirc;i
      difinas kiel transitivan kaj en la signifo ekstrakta
      (t.e. <ref cel="abstra.0i.ekstrakti"><tld/>i<sncref/></ref>),
      tamen ilustras per ekzemplo ignora
      (t.e. <ref cel="abstra.0i.abstrahi"><tld/>i<sncref/></ref>).  La
      PIV-oj revenis al la &ccirc;efformo adjektiva (kiu cetere estas ege
      pli ofta), tamen konservis sen&scirc;an&gcirc;a la PV-difinon de la verbo.
      Fakte tiuj adjektivo kaj verbo
      (krom <ref cel="abstra.0i.esti"><tld/>i<sncref/></ref>)
      malkoheras same kiel
      <ref cel="korekt.0a.EVI">korekta<sncref/></ref> kaj
      <ref cel="korekt.0i">korekti</ref>; tion eblus eviti per apartaj
      formoj <em>abstraktigi, abstrahi</em> a&ubreve; per pli klaraj
      similsencaj verboj (ekstrakti, ignori).
    </rim>

  </art>
  <!--
  $Log: abstra.xml,v $
  Revision 1.32  2016/06/14 06:10:18  revo
  Sergio Pokrovskij: +ekz

  Revision 1.31  2016/05/20 13:10:18  revo
  Sergio Pokrovskij: + ~ismo

  Revision 1.30  2016/05/20 04:10:14  revo
  Sergio Pokrovskij: 3b=abstrahi

  Revision 1.29  2016/05/16 04:10:17  revo
  Sergio Pokrovskij: tr+ntr

  Revision 1.28  2015/08/15 15:10:15  revo
  Wolfram Diestel: oficialigita, same kiel

  Revision 1.27  2015/07/04 08:37:29  revo
  aldono de trd cs per skripto de M. von Laer

  Revision 1.26  2015/06/28 12:03:35  revo
  aldono de trd sk per skripto de M. von Laer

  Revision 1.25  2013/10/29 14:10:10  revo
  Vito Redsky: +trd  pl ro

  Revision 1.24  2013/06/03 09:10:10  revo
  Sergio Pokrovskij: reverkita

  Revision 1.23  2012/08/22 10:10:23  revo
  Marc Rausell: + trd ca

  Revision 1.22  2010/07/10 16:30:34  revo
  Agustin Garcia Lopez: +trd es

  Revision 1.21  2008/02/29 17:30:30  revo
  Wieland Pusch: +trd bg

  Revision 1.20  2008/02/18 17:30:21  revo
  Wieland Pusch: +trd bg

  Revision 1.19  2005/02/08 17:31:40  revo
  Marc Bavant: +trd fr; ~a: mod dif, +ref al malkonkreta; +adm

  Revision 1.18  2003/12/08 17:30:29  revo
  Dmitri Gabinski: +trd be

  Revision 1.17  2002/09/19 16:32:14  revo
  Christopher Zervic: aldona angla

  Revision 1.16  2002/09/07 17:38:38  revo
  -->
</vortaro>
