<?xml version="1.0"?>
<!DOCTYPE vortaro SYSTEM "../dtd/vokoxml.dtd">

<vortaro>
  <art mrk="$Id: abstrah.xml,v 1.4 2016/05/22 02:10:23 revo Exp $">
    <kap>
      <rad>abstrah</rad>/i
    </kap>

    <drv mrk="abstrah.0i">

      <kap><tld/>i</kap>
      <uzo tip="stl">NEO</uzo>
      <gra><vspec>ntr</vspec></gra>
      <snc mrk="abstrah.0o.SNC">
        <uzo tip="fak">FIL</uzo>
        <uzo tip="fak">SCI</uzo>
        <dif>
          Mense formeti, forigi iujn trajtojn a&ubreve; cirkonstancojn de
          analizata fenomeno, objekto, situacio (dum konstruado de
          <ref cel="abstra.0ajxo">abstrakta&jcirc;o</ref>):
          <ekz>
             Por teoria analizo oni devas <tld/>i de multaj fizikaj
             aspektoj, por ke la analizado ne estu infinite malfacila
            <fnt>
              <vrk><url
ref="www.ais-sanmarino.org/kursoj/s5/konstrumekaniko/fortoplano%20stato.ppt"
                  >Stato-ekvacioj</url></vrk>.
              <lok>AIS-Sanmarino</lok></fnt>;
          </ekz><ekz>
            Se do en &ccirc;i tiu libro mi skribas pri <ctl>lernantoj</ctl>,
            tiam tio ne nur signifas kaj blondajn kaj nigreharajn
            homojn, kiuj lernas, sed mi <tld/>as e&ccirc; de la seksaj
            diferencoj malpli okulfrapaj <klr>...</klr>
            <fnt>
              <aut>H. Frank</aut>:
              <vrk><url
 ref="http://www2.cs.upb.de/extern/fb/2/Kyb.Paed/BK/00i.htm"
                  >Klerigkibernetiko</url></vrk>
            </fnt>.
          </ekz>
        </dif>
      </snc>
      <trd lng="de">abstrahieren<klr> (von etwas absehen)</klr></trd>
      <trd lng="en">abstract away</trd>
      <trdgrp lng="ru">
        <trd>&c_a;&c_b;&c_s;&c_t;&c_r;&c_a;&c_g;&c_i;&c_r;&c_o;&c_v;&c_a;&c_t;&c_mol;&c_s;&c_ja;</trd>,
        <trd>&c_o;&c_t;&c_v;&c_l;&c_je;&c_ch;&c_mol;&c_s;&c_ja;</trd>
      </trdgrp>
    </drv>

  </art>

<!--
$Log: abstrah.xml,v $
Revision 1.4  2016/05/22 02:10:23  revo
Sergio Pokrovskij: TEZ

Revision 1.3  2016/05/20 11:10:15  revo
Sergio Pokrovskij: dif

Revision 1.2  2016/05/20 09:10:14  revo
Sergio Pokrovskij: TEZ

Revision 1.1  2016/05/20 03:10:18  revo
Sergio Pokrovskij: nova artikolo

-->
</vortaro>
