<?xml version="1.0"?>
<!DOCTYPE vortaro SYSTEM "../dtd/vokoxml.dtd">

<vortaro>
<art mrk="$Id: absurd.xml,v 1.32 2017/04/01 16:10:17 revo Exp $">
<kap>
  <ofc>1</ofc>
  <rad>absurd</rad>/a
</kap>
<drv mrk="absurd.0a">
  <kap><tld/>a</kap>
  <snc>
    <dif>
      Kontra&ubreve;a al la komuna sa&gcirc;o:
      <ekz>
        la ideo pri la senfina movo estas <tld/>a;
      </ekz>
      <ekz>
        ekzistas grandega nombro da vortoj <klr>(fremdaj)</klr>, kiuj al
        &ccirc;iuj estas konataj sen ellernado, kaj kiujn ne uzi estus rekta
        <tld/>o<fnt>Z</fnt>;
      </ekz>
      <ekz>
        <uzo tip="fak">MAT</uzo>
        oni povas pruvi tiun geometrian proponon per <ind><tld/>o</ind>
        <fnt><bib>PIV1</bib></fnt>
        <klr>(per <ref cel="redukt.0oalabsurdo">redukto al
        <tld/>o</ref>)</klr>;
        <trd lng="ca">absurd<klr> (subst.)</klr></trd>
        <trd lng="fr">absurde<klr tip="ind"> (subst.)</klr></trd>
        <trd lng="de">Widerspruch</trd>
        <trd lng="hu">k&eacute;ptelens&eacute;g</trd>
      </ekz>
      <ekz>
        vi diras <ind><tld/>a&jcirc;o</ind>jn;
        <trd lng="ca">absurditat</trd>
        <trdgrp lng="de">
          <trd>Unsinn</trd>,
          <trd>Ungereimtheit</trd>,
          <trd>Widersinn</trd>
        </trdgrp>
        <trd lng="fr">absurdit&eacute;</trd>
        <trdgrp lng="hu">
          <trd>abszurdit&aacute;s</trd>,
          <trd>k&eacute;ptelens&eacute;g</trd>
        </trdgrp>        
      </ekz>
      <ekz>
        <ind><tld/>eco</ind>.
        <trd lng="ca">absurditat</trd>
        <trdgrp lng="de">
          <trd>Absurdit&auml;t</trd>,
          <trd>Unsinnigkeit</trd>,
          <trd>Widersinnigkeit</trd>
        </trdgrp>
        <trd lng="fr">absurdit&eacute;</trd>
        <trdgrp lng="hu">
          <trd>abszurdum</trd>,
          <trd>k&eacute;ptelen dolog</trd>
        </trdgrp>
      </ekz>
    </dif>
    <adm>
      La ekz MAT uzas la terminon "propono" (nun "propozicio").
      <aut>MB</aut>
    </adm>
    <refgrp tip="vid">
      <ref cel="senc.sen0a">sensenca</ref>,
      <ref cel="raci">kontra&ubreve;racia</ref>,
      <ref cel="dir.kontraux0i">memkontra&ubreve;dira</ref>.
    </refgrp>
  </snc>
  <trdgrp lng="be">
    <trd>&c_a;&c_b;&c_s;&c_u;&c_r;&c_d;&c_n;&c_y;</trd>,
    <trd>&c_n;&c_je;&c_d;&c_a;&c_r;&c_e;&c_ch;&c_n;&c_y;</trd>,
    <trd>&c_b;&c_ja;&c_z;&c_g;&c_l;&c_u;&c_z;&c_d;&c_y;</trd>
  </trdgrp>
  <trdgrp lng="bg">
    <trd>&c_a;&c_b;&c_s;&c_u;&c_r;&c_d;&c_je;&c_n;</trd>,
    <trd>&c_b;&c_je;&c_z;&c_s;&c_m;&c_i;&c_s;&c_l;&c_je;&c_n;</trd>
  </trdgrp>
  <trd lng="ca">absurd<klr> (adj.)</klr></trd>
  <trdgrp lng="cs">
    <trd>absurdn&iacute;</trd>,
    <trd>protismysln&yacute;</trd>
  </trdgrp>
  <trdgrp lng="da">
    <trd>absurd</trd>,
    <trd>meningsl&oslash;s</trd>
  </trdgrp>
  <trdgrp lng="de">
    <trd>absurd</trd>,
    <trd>ungereimt</trd>,
    <trd>unsinnig</trd>,
    <trd>widersinnig</trd>
  </trdgrp>
  <trd lng="en">absurd</trd>
  <trd lng="ms">tidak masuk akal</trd>
  <trd lng="es">absurdo</trd>
  <trdgrp lng="fr">
    <trd>absurde<klr tip="ind"> (adj.)</klr></trd>,
    <trd>aberrant</trd>,
    <trd>illogique</trd>,
    <trd>farfelu</trd>,
    <trd>fou<klr tip="ind"> (aberrant)</klr></trd>,
    <trd>idiot<klr tip="ind"> (aberrant)</klr></trd>,
    <trd>incoh&eacute;rent</trd>,
    <trd>stupide<klr tip="ind"> (aberrant)</klr></trd>
  </trdgrp>
  <trd lng="hu">abszurd</trd>
  <trd lng="it">assurdo</trd>
  <trd lng="nl">absurd</trd>
  <trd lng="pl">absurdalny</trd>
  <trdgrp lng="pt">
    <trd>absurdo</trd>,
    <trd>disparatado</trd>
  </trdgrp>
  <trdgrp lng="ru">
    <trd>&c_a;&c_b;&c_s;&c_u;&c_r;&c_d;&c_n;&c_y;&c_j;</trd>,
    <trd>&c_n;&c_je;&c_l;&c_je;&c_p;&c_y;&c_j;</trd>
  </trdgrp>
  <trdgrp lng="sk">
    <trd>absurdn&yacute;</trd>,
    <trd>nemo&zcaron;n&yacute;</trd>,
    <trd>nemyslite&lcaron;n&yacute;</trd>
  </trdgrp>
  <trdgrp lng="sv">
    <trd>absurd</trd>,
    <trd>orimlig</trd>
  </trdgrp>
  <trdgrp lng="tr">
    <trd>sa&ccedil;ma</trd>,
    <trd>mant&inodot;ks&inodot;z</trd>
  </trdgrp>
</drv>
</art>
<!--
$Log: absurd.xml,v $
Revision 1.32  2017/04/01 16:10:17  revo
Lars Raarup Knudsen: dana traduko

Revision 1.31  2017/02/08 14:10:17  revo
Adam Eng: trd ms

Revision 1.30  2015/07/04 08:37:29  revo
aldono de trd cs per skripto de M. von Laer

Revision 1.29  2015/06/28 12:03:35  revo
aldono de trd sk per skripto de M. von Laer

Revision 1.28  2015/04/12 12:10:16  revo
Wolfram Diestel: -komo

Revision 1.27  2012/08/22 10:10:24  revo
Marc Rausell: + trd ca

Revision 1.26  2009/08/23 16:32:45  revo
Emmanuel Debanne: +trd tr

Revision 1.25  2008/07/29 16:31:08  revo
-->
</vortaro>
