<?xml version="1.0"?>
<!DOCTYPE vortaro SYSTEM "../dtd/vokoxml.dtd">

<vortaro>
<art mrk="$Id: abutme.xml,v 1.21 2018/08/14 20:10:15 revo Exp $">
<kap>
  <rad>abutment</rad>/o
</kap>
<drv mrk="abutme.0o">
  <kap><tld/>o</kap>
  <uzo tip="fak">ARKI</uzo>
  <snc>
    <dif>
      Fortika masona&jcirc;o, konstruita &ccirc;e amba&ubreve; ekstremoj de ponta
      arko por kontra&ubreve;stari &gcirc;ian pu&scirc;on:
      <ekz>
        barelvolbo a&ubreve; cilindrovolbo estas volbo kun du egale longaj <tld/>oj
        <fnt>
          <bib>Viki</bib>
          <lok><url ref="https://eo.wikipedia.org/?curid=492418">Barelvolbo</url></lok>
        </fnt>;
      </ekz>
      <ekz>
        bildo de &scirc;afido, mortigita de leono &ccirc;e <tld/>o apud la suda flanko de la absido
        <fnt>
          <bib>Viki</bib>
          <lok><url ref="https://eo.wikipedia.org/?curid=579848">Saalkirche Ingelheim</url></lok>
        </fnt>.
      </ekz>
    </dif>
  </snc>
  <trdgrp lng="be">
    <trd>&c_u;&c_p;&c_o;&c_r;</trd>,
    <trd>&c_p;&c_a;&c_d;&c_p;&c_o;&c_r;&c_a;</trd>,
    <trd>&c_p;&c_a;&c_d;&c_p;&c_o;&c_r;&c_n;&c_y; &c_s;&c_l;&c_u;&c_p;</trd>,
    <trd>&c_k;&c_a;&c_n;&c_t;&c_r;&c_a;&c_f;&c_o;&c_r;&c_s;</trd>
  </trdgrp>
  <trd lng="ca">estrep <klr>(constr.)</klr></trd>
  <trd lng="cs">op&ecaron;ra</trd>
  <trdgrp lng="de">
    <trd>Widerlager</trd>,
    <trd>St&uuml;tzpfeiler</trd>
  </trdgrp>
  <trd lng="en">abutment</trd>
  <trd lng="es">contrafuerte</trd>
  <trd lng="fa">&f_p;&a_A;&f_y;&a_h;&a_hamza_sure; &a_j;&a_n;&a_A;&a_H;&f_y;<klr tip="amb"> (&f_p;&a_l;)</klr></trd>
  <trd lng="fr">contrefort</trd>
  <trdgrp lng="hu">
    <trd>h&iacute;df&odblac;</trd>,
    <trd>parti <ind>pill&eacute;r</ind></trd>,
    <trd>gy&aacute;mfal</trd>
  </trdgrp>
  <trdgrp lng="it">
    <trd>piedritto</trd>,
    <trd>pilastro</trd>,
    <trd>cotrafforte</trd>
  </trdgrp>
  <trd lng="nl">steunmuur</trd>
  <trdgrp lng="pl">
    <trd>oparcie</trd>,
    <trd>przycz&oacute;&lstroke;ek</trd>,
    <trd>przypora</trd>
  </trdgrp>
  <trd lng="pt">peg&atilde;o</trd>
  <trd lng="ro">&icirc;napoi</trd>
  <trdgrp lng="ru">
    <trd>&c_u;&c_p;&c_o;&c_r;</trd>,
    <trd>&c_p;&c_o;&c_d;&c_p;&c_o;&c_r;&c_k;&c_a;</trd>,
    <trd>&c_b;&c_y;&c_k; <klr tip="amb">(&c_m;&c_o;&c_s;&c_t;&c_a;)</klr></trd>
  </trdgrp>
  <trd lng="sk">opora</trd>
</drv>
</art>
<!--
$Log: abutme.xml,v $
Revision 1.21  2018/08/14 20:10:15  revo
Wolfram Diestel: +ekzoj

Revision 1.20  2015/07/04 08:37:29  revo
aldono de trd cs per skripto de M. von Laer

Revision 1.19  2015/06/28 12:03:35  revo
aldono de trd sk per skripto de M. von Laer

Revision 1.18  2013/10/29 17:10:12  revo
Vito Redsky: +trd  pl ro

Revision 1.17  2012/08/22 10:10:26  revo
Marc Rausell: + trd ca

Revision 1.16  2011/09/29 12:10:14  revo
Antonio Codazzi: +trd it

Revision 1.15  2010/04/25 16:30:31  revo
Behnam Tabatabai: +trd fa

Revision 1.14  2005/02/10 17:31:46  revo
-->
</vortaro>
