<?xml version="1.0"?>
<!DOCTYPE vortaro SYSTEM "../dtd/vokoxml.dtd">

<vortaro>
<art mrk="$Id: ac.xml,v 1.18 2017/04/16 15:10:16 revo Exp $">
<kap>
  -<rad>ac</rad>/
</kap>
<drv mrk="ac.0">
  <kap>-<tld/></kap>
  <snc>
  <uzo tip="fak">BOT</uzo>
    <dif>
      Neoficiala sufikso, uzata por nomi
      <ref tip="vid" cel="famili.0o.BIO">familiojn</ref>
      la&ubreve; la botanika nomenklaturo.
      La sufikso apliki&gcirc;as al genro, foje specio el la familio
      por formi la familinomon:
      <ekz>
        La rozo apartenas al la familio rozacoj.
      </ekz>
    </dif>
    <ref tip="vid" cel="ed.0o">-ed</ref>
    <rim num="1">
      Al kiu genro apliki&gcirc;as la sufikso por nomi la
      familion, estas difinite de la internacia botanika
      nomenklaturo.
    </rim>
    <rim num="2">
      Povas okazi, ke tiu genro ne plu ekzistas, &ccirc;ar
      pro novaj esploroj &gcirc;iaj specioj estas ordigitaj
      sub aliaj genroj, ekz.
      <refgrp tip="vid">
        <ref cel="fabac.0oj">fabacoj</ref>,
        <ref cel="kaprif1.0oj">kaprifoliacoj</ref> k.a.
      </refgrp>
    </rim>
    <rim num="3">
      Kelkaj familioj havas tradiciajn nomojn, ne formitajn
      el genronomoj. La uzado de la sufikso -<tld/> en tiu kazo
      estas evitinda, kvankam PIV ekzemple uzas &gcirc;in tie:
      <ekz>
        &leftquot;kompozitoj&rightquot; estas tradicia familinomo de asteracoj,
      </ekz>
      sed ne uzu
      <ekz>
        &leftquot;kompozitacoj&rightquot;.
      </ekz>
    </rim>
    <rim num="4">
      Pro la fakeco kaj neoficialeco de la sufikso estus konsilinde
      eviti &gcirc;in en nefaka lingva&jcirc;o kaj uzi vortojn kiel
      <ekz>
        rozfamilio a&ubreve; familio de rozecaj plantoj, rozfamiliano a&ubreve; rozparenco
      </ekz>
      anstata&ubreve;
      <ekz>
        rozacoj, rozaco.
      </ekz>
    </rim>
  </snc>
  <trdgrp lng="de">
    <trd>Familie der</trd>,
    <trd><klr>-</klr>ace-</trd>
  </trdgrp>
  <trdgrp lng="hu">
    <trd>.... <ind>csal&aacute;dja</ind></trd>,
    <trd>-<ind>f&eacute;l&eacute;k</ind></trd>
  </trdgrp>
  <trd lng="pt">...&aacute;cea...</trd>
  <trdgrp lng="ru">
    <trd>&c_s;&c_je;&c_m;&c_je;&c_j;&c_s;&c_t;&c_v;&c_o;...<klr tip="ind"> (&c_s;&c_u;&c_f;&c_f;&c_i;&c_k;&c_s; &c_v; &c_b;&c_o;&c_t;&c_a;&c_n;&c_i;&c_k;&c_je;)</klr></trd>,
    <trd><klr tip="amb">-</klr>&c_o;&c_v;&c_y;&c_je;
    <klr tip="amb">(&c_s;&c_u;&c_f;&c_f;&c_i;&c_k;&c_s; &c_v; &c_b;&c_o;&c_t;&c_a;&c_n;&c_i;&c_k;&c_je; &c_d;&c_l;&c_ja; &c_o;&c_b;&c_o;&c_z;&c_n;&c_a;&c_ch;&c_je;&c_n;&c_i;&c_ja;
    &c_s;&c_je;&c_m;&c_je;&c_j;&c_s;&c_t;&c_v;&c_a;)</klr></trd>
  </trdgrp>
</drv>
</art>
<!--
$Log: ac.xml,v $
Revision 1.18  2017/04/16 15:10:16  revo
Wolfram Diestel: modifetoj

Revision 1.17  2014/02/08 08:10:14  revo
Damien Brucker: +ref

Revision 1.16  2005/08/31 16:31:22  revo
Marc Bavant: belarangho

Revision 1.15 2003/07/13 16:30:41 revo
Jozefo Horvath: + ind

Revision 1.14 2003/03/04 17:31:36 revo
Sergio Pokrovskij: trd=ru()

Revision 1.13 2002/07/11 17:33:56 revo
Ulrich Fellmann: kor en germ trd

Revision 1.12 2002/02/14 17:37:32 revo
Yury Finkel: +trd ru

Revision 1.11 2001/11/09 08:57:38 revo
-->
</vortaro>
