<?xml version="1.0"?>
<!DOCTYPE vortaro SYSTEM "../dtd/vokoxml.dtd">

<vortaro>
<art mrk="$Id: acer.xml,v 1.37 2018/08/16 17:10:21 revo Exp $">
    <kap><ofc>*</ofc><rad>acer</rad>/o</kap>

<drv mrk="acer.0o">
  <kap><tld/>o</kap>
  <uzo tip="fak">BOT</uzo>
  <snc>
    <dif>
      <ref tip="lst" cel="genr.0o.BIO"
      lst="voko:botanikaj_genroj">Genro</ref> el familio 
      <ref tip="malprt" cel="acerac.0oj"><tld/>acoj</ref>
      (<trd lng="la">Acer</trd>), kun manforme entran&ccirc;itaj folioj
      kaj flugilhavaj fruktoj:
      <ekz>
        mi komencis a&ccirc;eti belajn arbojn kaj plantis ilin en la herbaro: ekzemple <tld/>ojn kun bela &scirc;elo, &leftquot;plorantan&rightquot; fagon, pirarbon kaj pomujojn
        <fnt>
          <bib>Monato</bib>
          <vrk><url ref="http://steloj.de/esperanto/monato2/006878.html">Dommastrumo: &Gcirc;ardenumi</url></vrk>
        </fnt>.
      </ekz>
    </dif>
  </snc>
  <bld lok="../bld/acer.jpg">
    folioj kaj fruktoj de <ind>monta <tld/>o</ind>
    <trd lng="la">Acer pseudoplatanus</trd>
    <trdgrp lng="br">
      <trd>sikamorenn</trd>,
      <trd>skavenn-wrac'h-wenn</trd>
    </trdgrp>
    <trd lng="fa">&a_A;&a_f;&a_r;&a_A;&f_y; &a_sh;&a_b;&a_h;&zwnj;&f_ch;&a_n;&a_A;&a_r;&f_y;</trd>
    <trdgrp lng="fr">
      <trd>faux platane</trd>,
      <trd>sycomore</trd>
    </trdgrp>
    <trdgrp lng="sv">
      <trd>tyskl&ouml;nn</trd>,
      <trd>sykomorl&ouml;nn</trd>
    </trdgrp>
  </bld>
  <trdgrp lng="be">
    <trd>&c_k;&c_l;&c_jo;&c_n;</trd>, 
    <trd>&c_ja;&c_v;&c_a;&c_r;</trd>
  </trdgrp>
  <trd lng="bg">&c_ja;&c_v;&c_o;&c_r;</trd>
  <trdgrp lng="br">
    <trd>gwezenn skav-gwrac'h</trd>,
    <trd>skavenn-wrac'h</trd>
  </trdgrp>
  <trd lng="ca">aur&oacute;</trd>
  <trd lng="cs">javor</trd>
  <trdgrp lng="da">
    <trd>&aelig;r</trd>,
    <trd>ahorn</trd>
  </trdgrp>
  <trd lng="de">Ahorn</trd>
  <trd lng="en">maple</trd>
  <trd lng="es">arce</trd>
  <trd lng="fa">&a_A;&a_f;&a_r;&a_A;</trd>
  <trd lng="fr">&eacute;rable</trd>
  <trdgrp lng="hu">
    <trd>juharfa</trd>,
    <trd>j&aacute;vorfa</trd>
  </trdgrp>
  <trd lng="hr">javor</trd>
  <trd lng="it">acero</trd>
  <trd lng="ja">&#12459;&#12456;&#12487; [<ind>&#12363;&#12360;&#12391;</ind>]</trd>
  <trdgrp lng="nl">
    <trd>ahorn</trd>,
    <trd>esdoorn</trd>
  </trdgrp>
  <trd lng="pl">klon</trd>
  <trd lng="ru">&c_k;&c_l;&c_jo;&c_n;</trd>
    <trd lng="sk">javor</trd>
  <trd lng="sv">l&ouml;nn</trd>
</drv>

</art>
<!--
$Log: acer.xml,v $
Revision 1.37  2018/08/16 17:10:21  revo
Wolfram Diestel: +ekz

Revision 1.36  2016/11/02 23:10:11  revo
Lars Raarup Knudsen: aldono de danaj tradukoj

Revision 1.35  2013/08/26 08:10:18  revo
Wolfram Diestel: referenco al listo bot genroj

Revision 1.34  2009/11/08 17:31:10  revo
Behnam Tabatabai: +trd fa

Revision 1.33  2008/11/24 17:30:43  revo
Jerano Zachrisson: +trd sv

Revision 1.32  2008/11/01 17:30:41  revo
HIROTAKA Masaaki: +trd ja

Revision 1.31  2008/02/19 17:30:14  revo
Wieland Pusch: +trd bg

Revision 1.30  2006/04/09 17:51:55  revo
-->
</vortaro>
