<?xml version="1.0"?>
<!DOCTYPE vortaro SYSTEM "../dtd/vokoxml.dtd">

<vortaro>
<art mrk="$Id: acerb.xml,v 1.9 2015/10/04 13:10:17 revo Exp $">
<kap>
  <rad>acerb</rad>/a <fnt><bib>PIV1</bib></fnt>
</kap>
<drv mrk="acerb.0a">
  <kap><tld/>a</kap>
  <uzo tip="stl">POE</uzo>
  <snc mrk="acerb.0a.sento">
    <dif>
      <ref tip="super" cel="acid.0a.akra">Acideta</ref> simile al
      nematura
      frukto:
      <ekz>
        &scirc;i sentis nokte, ke la kapo pezas, okuloj <tld/>as,
        nazo &scirc;topi&gcirc;as
        <fnt><bib>RugxDom</bib>, <lok>&ccirc;apitro 64a, volumo 2a, p..
        391a</lok></fnt>.
      </ekz>
    </dif>
    <trdgrp lng="en">
      <trd>astringent</trd>,
      <trd>biting</trd>, <trd>sour</trd>
    </trdgrp>
    <trdgrp lng="fr">
      <trd>&acirc;cre<klr tip="ind"> (go&ucirc;t)</klr></trd>,
      <trd>&acirc;pre<klr tip="ind"> (go&ucirc;t)</klr></trd>,
      <trd>aigre</trd>
    </trdgrp>
    <trd lng="it">acerbo</trd>
  </snc>
  <snc mrk="acerb.0a.FIG">
    <uzo tip="stl">FIG</uzo>
    <dif>
      Ofende incita, moka, pika.
    </dif>
    <trdgrp lng="en">
      <trd>ascerbic</trd>,
      <trd>sardonic</trd>
    </trdgrp>
    <trdgrp lng="fr">
      <trd>acerbe</trd>,
      <trd>ac&eacute;r&eacute;<klr tip="ind"> (fig.)</klr></trd>,
      <trd>aigre<klr tip="ind"> (fig.)</klr></trd>,
      <trd>&acirc;pre<klr tip="ind"> (fig.)</klr></trd>,
      <trd>caustique<klr tip="ind"> (fig.)</klr></trd>,
      <trd>cinglant<klr tip="ind"> (fig.)</klr></trd>,
      <trd>corrosif<klr tip="ind"> (fig.)</klr></trd>,
      <trd>dur<klr tip="ind"> (fig.)</klr></trd>,
      <trd>mordant<klr tip="ind"> (fig.)</klr></trd>
    </trdgrp>
    <trdgrp lng="hu">
      <trd>fanyar</trd>,
      <trd>cs&iacute;p&odblac;s</trd>
    </trdgrp>
    <trd lng="it">immaturo</trd>
    <trd lng="pl">cierpki</trd>
  </snc>
  <trdgrp lng="ca">
    <trd>acerb</trd>,
    <trd>agrenc</trd>
  </trdgrp>
  <trdgrp lng="cs">
    <trd>j&iacute;zliv&yacute;</trd>,
    <trd>sv&iacute;rav&yacute;</trd>,
    <trd>trpk&yacute;</trd>,
    <trd>&scaron;kodolib&yacute;</trd>
  </trdgrp>
  <trd lng="pl">cierpki</trd>
  <trd lng="ro">acid</trd>
  <trdgrp lng="sk">
    <trd>hork&yacute;</trd>,
    <trd>trpk&yacute;</trd>
  </trdgrp>
</drv>
</art>

<!--
$Log: acerb.xml,v $
Revision 1.9  2015/10/04 13:10:17  revo
Cindy Moon McKee: +trd en

Revision 1.8  2015/07/04 08:37:29  revo
aldono de trd cs per skripto de M. von Laer

Revision 1.7  2015/06/28 09:53:16  revo
aldono de trd sk per skripto de M. von Laer

Revision 1.6  2013/10/29 17:10:14  revo
Vito Redsky: +trd  pl ro

Revision 1.5  2012/08/22 16:10:10  revo
Marc Rausell: + trd ca

Revision 1.4  2011/09/29 12:10:16  revo
Antonio Codazzi: +trd it

Revision 1.3  2005/02/14 18:20:36  revo
Jozefo Horvath: +trd hu

Revision 1.2  2005/02/10 17:31:48  revo
-->
</vortaro>
