<?xml version="1.0"?>
<!DOCTYPE vortaro SYSTEM "../dtd/vokoxml.dtd">

<vortaro>
<art mrk="$Id: acerac.xml,v 1.13 2018/08/16 17:10:22 revo Exp $">
<kap>
  <rad>acerac</rad>/oj
</kap>
<drv mrk="acerac.0oj">
  <kap>
    <tld/>oj
  </kap>
  <uzo tip="fak">BOT</uzo>
  <snc>
    <dif>
      <ref tip="lst" cel="famili.0o.BIO"
      lst="voko:botanikaj_familioj">Familio</ref> 
      de <ref tip="malprt" cel="kotile.du0aj">dukotiledonaj</ref>
      plantoj (<trd lng="la">Aceraceae</trd>), arboj kaj arbedoj, kies
      fruktoj, <ref tip="prt" cel="nuks.0o">nuksoj</ref>, havas du flugilojn:
      <ekz>
        oni jam longe scias ke la <tld/>oj estas proksime parencoj al la sapindacoj
        <fnt>
          <bib>Viki</bib>
          <lok><url ref="https://eo.wikipedia.org/?curid=19588">Aceracoj</url></lok>
        </fnt>.
      </ekz>
    </dif>
  </snc>
  <trd lng="be">&c_k;&c_l;&c_ja;&c_n;&c_o;&c_v;&c_y;&c_ja; <klr tip="amb">(&c_s;&c_ja;&c_m;'&c_ja;)</klr></trd>
  <trd lng="ca">acer&agrave;cies</trd>
  <trd lng="da">l&oslash;nfamilien</trd>
  <trd lng="de">Ahorngew&auml;chse</trd>
  <trd lng="en">maple family</trd>
  <trd lng="fa">&a_A;&a_f;&a_r;&a_A;&f_y;&f_y;&a_A;&a_n;</trd>
  <trd lng="fr">ac&eacute;rac&eacute;es</trd>
  <trd lng="hu">juharfaf&eacute;l&eacute;k</trd>
  <trd lng="it">Aceracee</trd>
  <trd lng="pl">klonowate</trd>
  <trd lng="ro">Aceraceae</trd>
  <trd lng="ru">&c_k;&c_l;&c_je;&c_n;&c_o;&c_v;&c_y;&c_je; <klr
  tip="amb">(&c_s;&c_je;&c_m;&c_je;&c_j;&c_s;&c_t;&c_v;&c_o;)</klr></trd>
  <trd lng="sv">l&ouml;nnv&auml;xter</trd>
</drv>
</art>
<!--
$Log: acerac.xml,v $
Revision 1.13  2018/08/16 17:10:22  revo
Wolfram Diestel: +ekz

Revision 1.12  2016/11/02 21:10:20  revo
Lars Raarup Knudsen: aldono de danaj tradukoj

Revision 1.11  2013/10/29 17:10:13  revo
Vito Redsky: +trd  pl ro

Revision 1.10  2013/08/25 13:10:17  revo
Wolfram Diestel: referencoj al listo bot familioj

Revision 1.9  2012/02/18 21:10:12  revo
Marc Rausell: +trd ca

Revision 1.8  2011/09/29 12:10:15  revo
Antonio Codazzi: +trd it

Revision 1.7  2010/04/25 16:30:32  revo
Behnam Tabatabai: +trd fa

Revision 1.6  2004/06/01 17:23:38  revo
-->
</vortaro>
