<?xml version="1.0"?>
<!DOCTYPE vortaro SYSTEM "../dtd/vokoxml.dtd">

<vortaro>
<art mrk="$Id: aceton.xml,v 1.23 2019/01/28 20:10:28 revo Exp $">
<kap>
  <rad>aceton</rad>/o
</kap>
<drv mrk="aceton.0o">
  <kap><tld/>o</kap>
  <uzo tip="fak">KEM</uzo>
  <snc>
    <dif>
      Senkolora <ref tip="super" cel="likv.0ajxo">likva&jcirc;o</ref>, kun odoro de vinagro a&ubreve; maturaj bananoj, 
      <frm>CH<sub>3</sub>(CO)CH<sub>3</sub></frm>, la plej simpla ketono;
      uzata kiel organika <ref tip="malprt" cel="solv.0ilo">solvilo</ref>, ekz. por forigi ungolakon
      kaj dum produktado de plastoj:
      <ekz>
        <tld/>o <klr>[&#8230;]</klr> bolas je temperaturo de 56,2&#8239;&deg;C, &gcirc;i miksi&gcirc;as kun akvo
        <klr>[kaj]</klr> estas produktata i.a. el propileno, acetileno per katalizilo
        kaj akvovaporo
        <fnt>
          <bib>Viki</bib>
          <lok><url ref="https://eo.wikipedia.org/?curid=17035"
              >Acetono</url></lok>
        </fnt>.
      </ekz>
    </dif>
    <rim>La norma &hcirc;emia nomo estas propanono.</rim>
  </snc>
  <trd lng="be">&c_a;&c_c;&c_e;&c_t;&c_o;&c_n;</trd>
  <trd lng="bg">&c_a;&c_c;&c_je;&c_t;&c_o;&c_n;</trd>
  <trdgrp lng="ca">
    <trd>acetona</trd>,
    <trd>propanona</trd>,
    <trd>2-propanona</trd>,
    <trd>dimetilcetona</trd>
  </trdgrp>
  <trdgrp lng="cs">
    <trd>aceton</trd>,
    <trd>propanon</trd>
  </trdgrp>
  <trdgrp lng="de">
    <trd>Azeton</trd>,
    <trd>Propanon</trd>
  </trdgrp>
  <trdgrp lng="en">
    <trd>acetone</trd>,
    <trd>dimethyl ketone</trd>,
    <trd>2-propanone</trd>,
    <trd>beta-ketopropane</trd>
  </trdgrp>
  <trd lng="es">acetona</trd>
  <trd lng="fa">&a_A;&a_s;&a_t;&a_w;&a_n;</trd>
  <trd lng="fr">ac&eacute;tone</trd>
  <trd lng="hu">aceton</trd>
  <trd lng="it">acetone</trd>
  <trd lng="nl">aceton</trd>
  <trd lng="pl">aceton</trd>
  <trd lng="pt">acetona</trd>
  <trd lng="ru">&c_a;&c_c;&c_je;&c_t;&c_o;&c_n;</trd>
  <trdgrp lng="sk">
    <trd>acet&oacute;n</trd>,
    <trd>acet&oacute;n</trd>
  </trdgrp>
  <trdgrp lng="sv">
    <trd>aceton</trd>,
    <trd>propanon</trd>,
    <trd>dimetylketon</trd>
  </trdgrp>
</drv>
</art>
<!--
$Log: aceton.xml,v $
Revision 1.23  2019/01/28 20:10:28  revo
Wolfram Diestel: +ekz, prilaboris dif

Revision 1.22  2015/07/04 08:37:29  revo
aldono de trd cs per skripto de M. von Laer

Revision 1.21  2015/06/28 09:53:16  revo
aldono de trd sk per skripto de M. von Laer

Revision 1.20  2012/08/22 16:10:14  revo
Marc Rausell: + trd ca

Revision 1.19  2011/09/29 12:10:20  revo
Antonio Codazzi: +trd it

Revision 1.18  2010/04/25 16:30:35  revo
Behnam Tabatabai: +trd fa

Revision 1.17  2009/01/17 18:09:13  revo
Wieland Pusch: +trd bg

Revision 1.16  2009/01/03 17:30:39  revo
-->
</vortaro>
