<?xml version="1.0"?>
<!DOCTYPE vortaro SYSTEM "../dtd/vokoxml.dtd">

<vortaro>
<art mrk="$Id: acetil1.xml,v 1.21 2019/01/28 17:10:15 revo Exp $">
<kap>
  <rad>acetilen</rad>/o
  <fnt>Z</fnt>
</kap>
<drv mrk="acetil1.0o">
  <kap><tld/>o</kap>
  <uzo tip="fak">KEM</uzo>
  <snc>
    <dif>
      <frm>C<sub>2</sub>H<sub>2</sub></frm>, bruligebla gasa hidrokarbonido, uzata
      por lumigado kaj aliaj industriaj bezonoj:
      <ekz>
        etino, a&ubreve; pli malmoderne <tld/>o, estas kemia kombina&jcirc;o <frm>H-C&#8801;C-H</frm>, kiu estas en
        normalaj kondi&ccirc;oj gaso, &gcirc;i havas pli altan temperaturon de brulado (&gcirc;is
        3.000&#8239;ºC) ol plejmulto da aliaj substancoj kaj pro tio estas uzata en te&hcirc;niko
        por veldi
        <fnt>
          <bib>Viki</bib>
          <lok><url ref="https://eo.wikipedia.org/?curid=45189"
              >Etino</url></lok>
        </fnt>.
      </ekz>
    </dif>
  </snc>
  <trdgrp lng="be">
    <trd>&c_a;&c_c;&c_e;&c_t;&c_y;&c_l;&c_je;&c_n;</trd>,
    <trd>&c_e;&c_t;&c_y;&c_n;</trd>
  </trdgrp>
  <trdgrp lng="bg">
    <trd>&c_a;&c_c;&c_je;&c_t;&c_i;&c_l;&c_je;&c_n;</trd>,
    <trd>&c_je;&c_t;&c_i;&c_n;</trd>
  </trdgrp>
  <trd lng="ca">acetil&eacute;</trd>
  <trdgrp lng="cs">
    <trd>acetyl&eacute;n</trd>,
    <trd>etin</trd>
  </trdgrp>
  <trdgrp lng="de">
    <trd>&Auml;thin</trd>,
    <trd>Azetylen</trd>
  </trdgrp>
  <trd lng="en">acetylene</trd>
  <trd lng="es">acetileno</trd>
  <trdgrp lng="fa">
    <trd>&a_A;&a_s;&a_t;&f_y;&a_l;&a_n;</trd>,
    <trd>&a_A;&a_t;&f_y;&a_n;</trd>
  </trdgrp>
  <trd lng="fr">ac&eacute;tyl&egrave;ne</trd>
  <trd lng="hu">acetil&eacute;n</trd>
  <trdgrp lng="it">
    <trd>etino</trd>,
    <trd>acetilene</trd>
  </trdgrp>
  <trd lng="nl">acetyleen</trd>
  <trd lng="pl">acetylen</trd>
  <trd lng="pt">acetileno</trd>
  <trd lng="ro">acetilen&abreve; </trd>
  <trd lng="ru">&c_a;&c_c;&c_je;&c_t;&c_i;&c_l;&c_je;&c_n;</trd>
  <trd lng="sk">acetyl&eacute;n</trd>
  <trdgrp lng="sv">
    <trd>acetylen</trd>,
    <trd>etyn</trd>
  </trdgrp>
</drv>
</art>
<!--
$Log: acetil1.xml,v $
Revision 1.21  2019/01/28 17:10:15  revo
Wolfram Diestel: +ekz

Revision 1.20  2015/07/04 08:37:29  revo
aldono de trd cs per skripto de M. von Laer

Revision 1.19  2013/10/29 15:10:16  revo
Vito Redsky: +trd  pl ro

Revision 1.18  2012/08/22 16:10:13  revo
Marc Rausell: + trd ca

Revision 1.17  2011/09/29 12:10:18  revo
Antonio Codazzi: +trd it

Revision 1.16  2010/04/25 16:30:33  revo
Behnam Tabatabai: +trd fa

Revision 1.15  2009/01/17 18:09:16  revo
Wieland Pusch: +trd bg

Revision 1.14  2009/01/03 17:30:36  revo
-->
</vortaro>
