<?xml version="1.0"?>
<!DOCTYPE vortaro SYSTEM "../dtd/vokoxml.dtd">

<vortaro>
<art mrk="$Id: acetilkolin.xml,v 1.1 2013/11/23 10:10:18 revo Exp $">
<kap>
  <rad>acetilkolin</rad>/o <fnt><bib>PIV2</bib></fnt>
</kap>
<drv mrk="acetilkolin.0o">
  <kap><tld/>o</kap>
  <ref tip="dif" cel="acetilhxolin.0o">acetil&hcirc;olino</ref>
  <ekz>
    <tld/>o estas acetata estero de kolino    
    <fnt>
      <bib>Viki</bib>,
      <lok><url ref="http://eo.wikipedia.org/wiki/Acetilkolino">
      acetilkolino</url>, 2013-04-05</lok>
    </fnt>.
  </ekz>
</drv>
</art>

<!--
$Log: acetilkolin.xml,v $
Revision 1.1  2013/11/23 10:10:18  revo
Jeromo Vasxe: nova artikolo

-->
</vortaro>