<?xml version="1.0"?>
<!DOCTYPE vortaro SYSTEM "../dtd/vokoxml.dtd">

<vortaro>
<art mrk="$Id: acetat.xml,v 1.23 2019/01/28 20:10:27 revo Exp $">
<kap>
  <rad>acetat</rad>/o
  <fnt>Z</fnt>
</kap>

<drv mrk="acetat.0o">
  <kap><tld/>o</kap>
  <uzo tip="fak">KEM</uzo>
  <snc>
    <dif>
      <ref tip="super" cel="sal.0o.KEM">Salo</ref>
      el vinagra acido kaj bazo:
      <ekz>
        natria <tld/>o, <tld/>o de natrio a&ubreve; <frm>H<sub>3</sub>C-COO-Na</frm> estas neorganika natria salo de
        <tld/>a acido
        <fnt>
          <bib>Viki</bib>
          <lok><url ref="https://eo.wikipedia.org/?curid=531591"
              >Natria acetato</url></lok>
        </fnt>;
      </ekz>
      <ekz>
        celuloza <tld/>o respektive celuloza tri<tld/>o estas speco de plasto,
        produktita el celulozo pere de kemia reago kun aceta acido
        <fnt>
          <bib>Viki</bib>
          <lok><url ref="https://eo.wikipedia.org/?curid=284454"
              >Celuloza acetato</url></lok>
        </fnt>.
      </ekz>
    </dif>
  </snc>
  <trd lng="be">&c_a;&c_c;&c_e;&c_t;&c_a;&c_t;</trd>
  <trd lng="bg">&c_o;&c_c;&c_je;&c_t;&c_n;&c_a; &c_k;&c_i;&c_s;&c_je;&c_l;&c_i;&c_n;&c_a;</trd>
  <trd lng="ca">acetat</trd>
  <trdgrp lng="cs">
    <trd>acet&aacute;t</trd>,
    <trd>octan</trd>
  </trdgrp>
  <trdgrp lng="de">
    <trd>Essigs&auml;uresalz</trd>,
    <trd>Azetat</trd>
  </trdgrp>
  <trd lng="en">acetate</trd>
  <trd lng="es">acetato</trd>
  <trd lng="fa">&a_A;&a_s;&a_t;&a_A;&a_t;</trd>
  <trd lng="fr">ac&eacute;tate</trd>
  <trd lng="hu">acet&aacute;t</trd>
  <trd lng="it">acetato</trd>
  <trd lng="nl">acetaat</trd>
  <trd lng="pl">octan</trd>
  <trd lng="pt">acetato</trd>
  <trd lng="ru">&c_a;&c_c;&c_je;&c_t;&c_a;&c_t;</trd>
  <trdgrp lng="sk">
    <trd>acet&aacute;t</trd>,
    <trd>octan</trd>
  </trdgrp>
  <trd lng="sv">acetat</trd>
</drv>
</art>
<!--
$Log: acetat.xml,v $
Revision 1.23  2019/01/28 20:10:27  revo
Wolfram Diestel: +ekz-oj

Revision 1.22  2015/07/04 08:37:29  revo
aldono de trd cs per skripto de M. von Laer

Revision 1.21  2015/06/28 09:53:16  revo
aldono de trd sk per skripto de M. von Laer

Revision 1.20  2012/08/22 16:10:12  revo
Marc Rausell: + trd ca

Revision 1.19  2011/09/29 12:10:17  revo
Antonio Codazzi: +trd it

Revision 1.18  2009/07/17 16:31:14  revo
Behnam Tabatabai: +trd fa

Revision 1.17  2009/01/17 18:09:14  revo
Wieland Pusch: +trd bg

Revision 1.16  2009/01/03 17:30:35  revo
-->
</vortaro>
