<?xml version="1.0"?>
<!DOCTYPE vortaro SYSTEM "../dtd/vokoxml.dtd">

<vortaro>
<art mrk="$Id: acet.xml,v 1.23 2015/07/04 08:37:29 revo Exp $">
<kap>
  <rad>acet</rad>/o
</kap>

<drv mrk="acet.0o">
  <kap><tld/>o</kap>
  <uzo tip="fak">KEM</uzo>
  <snc>
    <ref tip="dif" cel="vinagr.0o">vinagro</ref>
  </snc>
  <trd lng="be">&c_v;&c_o;&c_c;&c_a;&c_t;</trd>
  <trd lng="bg">&c_o;&c_c;&c_je;&c_t;</trd>
  <trd lng="ca">vinagre</trd>
  <trdgrp lng="cs">
    <trd>kyselina octová</trd>,
    <trd>ocet</trd>
  </trdgrp>
  <trd lng="de">Essig</trd>
  <trd lng="en">vinegar</trd>
  <trd lng="es">&aacute;cido <ind>acetico</ind></trd>
  <trd lng="fa">&a_s;&a_r;&f_k;&a_h;</trd>
  <trdgrp lng="fr">
    <trd>vinaigre</trd>,
    <trd>acide ac&eacute;tique</trd>
  </trdgrp>
  <trd lng="hu">ecetsav</trd>
  <trd lng="it">aceto</trd>
  <trd lng="nl">azijn</trd>
  <trd lng="pl">ocet</trd>
  <trdgrp lng="pt">
    <trd>aceto</trd>,
    <trd>vinagre</trd>
  </trdgrp>
  <trd lng="ro">o&tcedil;et</trd>
  <trdgrp lng="ru">
    <trd>&c_u;&c_k;&c_s;&c_u;&c_s;</trd>,
    <trd>&c_u;&c_k;&c_s;&c_u;&c_s;&c_n;&c_a;&c_ja; &c_e;&c_s;&c_s;&c_je;&c_n;&c_c;&c_i;&c_ja;</trd>
  </trdgrp>
  <trd lng="sk">ocot</trd>
  <trd lng="sv">vin&auml;ger</trd>
</drv>
</art>
<!--
$Log: acet.xml,v $
Revision 1.23  2015/07/04 08:37:29  revo
aldono de trd cs per skripto de M. von Laer

Revision 1.22  2013/10/29 15:10:18  revo
Vito Redsky: +trd  pl ro

Revision 1.21  2012/08/22 16:10:11  revo
Marc Rausell: + trd ca

Revision 1.20  2010/04/25 16:30:29  revo
Behnam Tabatabai: +trd fa

Revision 1.19  2009/01/03 17:30:38  revo
Jerano Zachrisson: +trd sv

Revision 1.18  2007/07/22 16:30:40  revo
Wieland Pusch: +trd bg

Revision 1.17  2004/10/31 17:31:56  revo
Marc Bavant: sxovis ref ekster dif

Revision 1.16  2003/10/25 16:32:07  revo
Dmitri Gabinski: +trd be

Revision 1.15  2003/05/13 16:34:49  revo
-->
</vortaro>
