<?xml version="1.0"?>
<!DOCTYPE vortaro SYSTEM "../dtd/vokoxml.dtd">

<vortaro>
<art mrk="$Id: acipen1.xml,v 1.14 2018/11/15 18:10:19 revo Exp $">
<kap>
  <rad>acipensered</rad>/oj
</kap>
<drv mrk="acipen1.0oj">
  <kap>
    <tld/>oj
  </kap>
  <uzo tip="fak">ZOO</uzo>
  <snc>
    <dif>
      <ref tip="lst" cel="famili.0o.BIO"
      lst="voko:zoologiaj_familioj">Familio</ref> el la ordo
      <ref tip="malprt" cel="acipenser.0formaj">acipenserformaj</ref>
      fi&scirc;oj (<trd lng="la">Acipenseridae</trd>), kun plata kapo
      kaj sendenta bu&scirc;o:
      <ekz>
        la &ccirc;ina <ref tip="prt" cel="acipenser.0o">acipensero</ref>
        estas fi&scirc;o el la <klr>[&#8230;]</klr> familio de
        <tld/>oj <klr>[kaj]</klr> vivas &ccirc;efe en la riveroj <klr>[&#8230;]</klr> de &Ccirc;inio
        <fnt>
          <bib>Viki</bib>
          <lok><url ref="https://eo.wikipedia.org/?curid=49633">&Ccirc;ina acipensero</url></lok>
        </fnt>.
      </ekz>
    </dif>
    <refgrp tip="prt">
       <ref cel="huz.0o">huzo</ref>,
       <ref cel="sturg.0o">sturgo</ref>,
       <ref cel="sterle.0o">sterledo</ref>
    </refgrp>
  </snc>
  <trd lng="be">&c_a;&c_s;&c_ja;&c_t;&c_r;&c_o;&c_v;&c_y;&c_ja; <klr tip="amb">(&c_s;&c_ja;&c_m;'&c_ja;)</klr></trd>
  <trd lng="ca">acipens&egrave;rids</trd>
  <trd lng="de">St&ouml;re</trd>
  <trdgrp lng="en">
    <trd>Acipenseridae</trd>,
    <trd>sturgeons</trd>
  </trdgrp>
  <trd lng="fr">acipens&eacute;rid&eacute;s</trd>
  <trd lng="hu">tokf&eacute;l&eacute;k</trd>
  <trd lng="it">storioni</trd>
  <trd lng="nl">steuren</trd>
  <trd lng="pl">jesiotrowate</trd>
  <trd lng="ru">&c_o;&c_s;&c_je;&c_t;&c_r;&c_o;&c_v;&c_y;&c_je; <klr tip="amb">(&c_s;&c_je;&c_m;&c_je;&c_j;&c_s;&c_t;&c_v;&c_o;)</klr></trd>
  <trd lng="sv">st&ouml;rfiskar</trd>
</drv>
</art>
<!--
$Log: acipen1.xml,v $
Revision 1.14  2018/11/15 18:10:19  revo
Wolfram Diestel: +ekz, ref prt

Revision 1.13  2015/09/24 12:10:20  revo
Cindy Moon McKee: +trd en

Revision 1.12  2013/08/31 14:10:28  revo
Wolfram Diestel: referenco al listozoo familioj

Revision 1.11  2013/04/15 11:10:29  revo
Sebastian Cyprych: +trd pl

Revision 1.10  2012/08/22 16:10:16  revo
Marc Rausell: + trd ca

Revision 1.9  2011/09/29 12:10:21  revo
Antonio Codazzi: +trd it

Revision 1.8  2008/11/24 17:30:45  revo
Jerano Zachrisson: +trd sv

Revision 1.7  2004/06/01 17:23:40  revo
-->
</vortaro>
