<?xml version="1.0"?>
<!DOCTYPE vortaro SYSTEM "../dtd/vokoxml.dtd">

<vortaro>
<art mrk="$Id: acipenser.xml,v 1.27 2018/08/16 17:10:23 revo Exp $">
<kap>
  <rad>acipenser</rad>/o
</kap>
<drv mrk="acipenser.0o">
  <kap><tld/>o</kap>
  <uzo tip="fak">ZOO</uzo>
  <snc>
    <dif>
      <ref tip="lst" cel="genr.0o.BIO"
      lst="voko:zoologiaj_genroj">Genro</ref> el familio 
      <ref tip="malprt" cel="acipen1.0oj"><tld/>edoj</ref>
      (<trd lng="la">Acipenser</trd>) de grandaj primitivaj
      <ref tip="lst" cel="fisx.osto0oj" lst="voko:fi&scirc;oj">ostofi&scirc;oj</ref>,
      vivantaj en maroj de la norda duonsfero kaj frajantaj en riveroj;
      el la frajo de kelkaj &gcirc;iaj specioj oni faras 
      <ref cel="kaviar.0o">kaviaron</ref>:
      <ekz>
        en Jenisejo vivas 55 specoj de fi&scirc;oj <klr>[&#8230;]</klr> ekzemple, la sib<klr>[e]</klr>ria <tld/>o, la sib<klr>[e]</klr>ria karpo ktp
        <fnt>
          <bib>Viki</bib>
          <lok><url ref="https://eo.wikipedia.org/?curid=25449">Jenisejo</url></lok>
        </fnt>.
      </ekz>
    </dif>
        <refgrp tip="prt">
      <ref cel="sturg.0o">sturgo</ref>,
      <ref cel="sevrug.0o">sevrugo</ref>,
    </refgrp>
  </snc>
  <trd lng="be">&c_a;&c_s;&c_je;&c_t;&c_r;</trd>
  <trdgrp lng="ca">
    <trd>esturi&oacute;</trd>,
    <trd>esterlet</trd>
  </trdgrp>
  <trd lng="cs">jeseter</trd>
  <trd lng="de">St&ouml;r</trd>
  <trd lng="en">sturgeon</trd>
  <trd lng="fr">esturgeon</trd>
  <trd lng="hu">tok(hal)</trd>
  <trd lng="id">sturgeon</trd>
  <trd lng="it">storione</trd>
  <trd lng="nl">steur</trd>
  <trd lng="no">st&oslash;r</trd>
  <trd lng="pl">jesiotr</trd>
  <trd lng="pt">acip&ecirc;nser</trd>
  <trd lng="ro">morun</trd>
  <trd lng="ru">&c_o;&c_s;&c_jo;&c_t;&c_r;</trd>
  <trd lng="sk">jeseter</trd>
  <trd lng="sv">st&ouml;r</trd>
</drv>

<drv mrk="acipenser.0formaj">
  <kap><tld/>formaj</kap>
  <uzo tip="fak">ZOO</uzo>
  <snc>
    <dif>
      <ref tip="lst" cel="ord.0o.BIO"
      lst="voko:zoologiaj_ordoj">Ordo</ref> de <ref tip="malprt"
      cel="fisx.osto0oj">ostofi&scirc;oj</ref>
      (<trd lng="la">Acipenseriformes</trd>), kun parte kartilaga
      skeleto.
    </dif>
  </snc>
  <trd lng="be">&c_a;&c_s;&c_je;&c_t;&c_r;&c_a;&c_p;&c_a;&c_d;&c_o;&c_b;&c_n;&c_y;&c_ja; <klr
  tip="amb">(&c_a;&c_t;&c_r;&c_a;&c_d;)</klr></trd>
  <trd lng="ca">acipenseriformes</trd>
  <trd lng="de">st&ouml;rartige Fische</trd>
  <trd lng="fr">acipens&eacute;riformes</trd>
  <trd lng="hu">tokalak&uacute;ak</trd>
  <trd lng="it">storioniformi</trd>
  <trd lng="nl">steurachtigen</trd>
  <trd lng="pl">jesiotrokszta&lstroke;tne</trd>
  <trd lng="ru">&c_o;&c_s;&c_je;&c_t;&c_r;&c_o;&c_o;&c_b;&c_r;&c_a;&c_z;&c_n;&c_y;&c_je; <klr
  tip="amb">(&c_o;&c_t;&c_r;&c_ja;&c_d;)</klr></trd>
  <trd lng="sv">st&ouml;rartade fiskar</trd>
</drv>
</art>
<!--
$Log: acipenser.xml,v $
Revision 1.27  2018/08/16 17:10:23  revo
Wolfram Diestel: +ekz

Revision 1.26  2017/12/27 08:10:13  revo
Michel Cantigneaux: Aldono de ligiloj

Revision 1.25  2016/11/22 13:10:17  revo
Filip van Laenen: +trd no

Revision 1.24  2015/07/04 08:37:29  revo
aldono de trd cs per skripto de M. von Laer

Revision 1.23  2015/06/28 09:53:16  revo
aldono de trd sk per skripto de M. von Laer

Revision 1.22  2014/10/28 11:10:25  revo
Eko Nur Syah Hidayat: +trd id

Revision 1.21  2013/10/29 15:10:20  revo
Vito Redsky: +trd  pl ro

Revision 1.20  2013/10/05 08:10:20  revo
-->
</vortaro>
