<?xml version="1.0"?>
<!DOCTYPE vortaro SYSTEM "../dtd/vokoxml.dtd">

<vortaro>
<art mrk="$Id: acxakatur.xml,v 1.14 2018/08/16 18:10:20 revo Exp $">
<kap>
  <rad>a&ccirc;akatur</rad>/o <fnt><bib>MuzTerm</bib></fnt>
</kap>
<drv mrk="acxakatur.0o">
  <kap><tld/>o</kap>
  <uzo tip="fak">MUZ</uzo>
  <snc>
    <dif>
      <ref tip="super" cel="ornam.melodi0o">Melodiornamo</ref>
      uzata en klasika e&ubreve;ropa muziko, kiu anta&ubreve;metas anta&ubreve; la tono
      tre mallongan komencan tonon duon- a&ubreve; plendute diferencan,
      a&ubreve;datan kiel preska&ubreve; samtempan:
      <ekz>
        la <tld/>on oni eble plej bone rigardu pli mallongan, malpli melodie gravan, varia&jcirc;on de la apo&gcirc;aturo
        <fnt>
          <bib>Viki</bib>
          <lok><url ref="https://eo.wikipedia.org/?curid=32272">Ornamo (muziko)</url></lok>
        </fnt>.
      </ekz>
    </dif>
    <refgrp tip="vid">
      <ref cel="apogxa.0o">apo&gcirc;aturo</ref>
    </refgrp>
  </snc>
  <trd lng="be">&c_a;&c_ch;&c_a;&c_k;&c_a;&c_t;&c_u;&c_r;&c_a;</trd>
  <trd lng="bg">&c_a;&c_ch;&c_a;&c_k;&c_a;&c_t;&c_u;&c_r;&c_a;</trd>
  <trdgrp lng="ca">
    <trd>acciaccatura</trd>,
    <trd>appoggiatura breu</trd>
  </trdgrp>
  <trd lng="de">kurzer <ind>Vorschlag</ind> <klr>(Musik)</klr></trd>
  <trdgrp lng="en">
    <trd>acciaccatura</trd>,
    <trd>crushed <ind>note</ind></trd>,
    <trd>short <ind>grace note</ind></trd>
  </trdgrp>
  <trdgrp lng="fr">
    <trd>acciaccatura</trd>
  </trdgrp>
  <trdgrp lng="hu">
    <trd>fel&uuml;t&eacute;s</trd>,
    <trd>acciaccatura</trd>
  </trdgrp> 
  <trdgrp lng="it">
    <trd>appoggiatura breve</trd>,
    <trd>acciaccatura<klr> (mus.)</klr></trd>
  </trdgrp>
  <trdgrp lng="nl">
    <trd>acciaccatura</trd>,
    <trd>pinc&eacute;</trd>
  </trdgrp> 
  <trd lng="ru">&c_a;&c_ch;&c_ch;&c_a;&c_k;&c_k;&c_a;&c_t;&c_u;&c_r;&c_a;</trd>
</drv>
</art>

<!--
$Log: acxakatur.xml,v $
Revision 1.14  2018/08/16 18:10:20  revo
Wolfram Diestel: +ekz, kor. germ trd

Revision 1.13  2013/08/30 20:10:18  revo
Joop Eggen: +trd bg

Revision 1.12  2012/08/22 16:10:18  revo
Marc Rausell: + trd ca

Revision 1.11  2010/05/26 17:01:36  revo
Antonio Codazzi: +trd it

Revision 1.10  2009/07/01 17:23:09  revo
Paul Peeraerts: +trd nl

Revision 1.9  2005/02/14 18:20:38  revo
Jozefo Horvath: +trd hu

Revision 1.8  2003/10/25 16:32:14  revo
Dmitri Gabinski: +trd be

Revision 1.7  2003/08/17 17:31:43  revo
-->
</vortaro>
