<?xml version="1.0"?>
<!DOCTYPE vortaro SYSTEM "../dtd/vokoxml.dtd">

<vortaro>
<art mrk="$Id: acxet.xml,v 1.61 2018/09/05 22:10:19 revo Exp $">
<kap>
  <ofc>*</ofc><rad>a&ccirc;et</rad>/i
</kap>

<drv mrk="acxet.0i">
  <kap><ofc>*</ofc><tld/>i <fnt><bib>F</bib>, <lok>Universala Vortaro,
  <url
  ref="http://www.akademio-de-esperanto.org/fundamento/universala_vortaro.html#av-27">a&ccirc;et'</url></lok></fnt></kap>
  <gra><vspec>tr</vspec></gra>
  <snc mrk="acxet.0i.EKON">
    <dif>
      Akiri per mono:
      <ekz>
        <tld/>i firme, kontante a&ubreve; kredite;
      </ekz>
      <ekz>
        <tld/>i ion de, el iu<fnt>Z</fnt>;
      </ekz>
      <ekz>
        de<tld/>i ion de iu;
      </ekz>
      <ekz>
        estis la glora epoko de financistoj kiuj <tld/>is, 
	<ref tip="ant" cel="vend.0i">vendi</ref>s kaj
        dispecigis kompaniojn
        <fnt>
        <aut>R. Rotsaert</aut>,
        <vrk>Piramidaj investoj...</vrk>,
        <bib>Monato</bib>,
        <lok>jaro 1997a, numero 7a, p. 24a</lok>
        </fnt>.
      </ekz>
    </dif>
    <ref tip="super" cel="komerc.0i">komerci</ref>
    <trd lng="th">&#3595;&#3639;&#3657;&#3629;</trd>
  </snc>
  <trdgrp lng="en">
    <trd>buy</trd>,
    <trd>purchase<klr tip="ind"> (verb)</klr></trd>
  </trdgrp>
  <trd lng="be">&c_k;&c_u;&c_p;&c_l;&c_ja;&c_c;&c_mol;</trd>
  <trd lng="bg">&c_k;&c_u;&c_p;&c_u;&c_v;&c_a;&c_m;</trd>
  <trd lng="br">prena&ntilde;</trd>
  <trdgrp lng="ca">
    <trd>comprar</trd>,
    <trd>adquirir</trd>
  </trdgrp>
  <trd lng="cs">koupit</trd>
  <trd lng="da">k&oslash;be</trd>
  <trd lng="de">kaufen</trd>
  <trd lng="es">comprar</trd>
  <trd lng="fa">&a_kh;&a_r;&f_y;&a_d;&a_n;</trd>
  <trdgrp lng="fr">
    <trd>acheter</trd>,
    <trd>acqu&eacute;rir<klr tip="ind"> (acheter)</klr></trd>,
    <trd>s'<ind>offrir</ind></trd>,
    <trd>se <ind>payer</ind><klr tip="ind"> (s'offrir)</klr></trd>
  </trdgrp>
  <trdgrp lng="hu">
    <trd>vesz<klr tip="ind"> (v&aacute;s&aacute;rol)</klr></trd>,
    <trd>v&aacute;s&aacute;rol</trd>
  </trdgrp>
  <trd lng="he">&lamed;&qof;&nun;&vav;&tav; \<ind>&qof;&nun;&he;</ind>\
  </trd>
  <trd lng="hr">kupiti</trd>
  <trdgrp lng="ja">
    <trd>&#36023;&#12358; [<ind>&#12363;&#12358;</ind>]</trd>,
    <trd>&#36092;&#20837;&#12377;&#12427; [<ind>&#12371;&#12358;&#12395;&#12421;&#12358;&#12377;&#12427;</ind>]</trd>
  </trdgrp>
  <trdgrp lng="nl">
    <trd>kopen</trd>,
    <trd>aanschaffen</trd>
  </trdgrp>
  <trdgrp lng="pl">
    <trd>kupowa&cacute;</trd>,
    <trd>zakupywa&cacute;</trd>,
    <trd>nabywa&cacute;</trd>
  </trdgrp>
  <trd lng="pt">comprar</trd>
  <trdgrp lng="ru">
    <trd>&c_p;&c_o;&c_k;&c_u;&c_p;&c_a;&c_t;&c_mol;</trd>,
    <trd>&c_k;&c_u;&c_p;&c_i;&c_t;&c_mol;</trd>
  </trdgrp>
  <trd lng="sk">k&uacute;pi&tcaron;</trd>
  <trd lng="sv">k&ouml;pa</trd>
  <trdgrp lng="it">
    <trd>acquistare</trd>,
    <trd>comprare</trd>
  </trdgrp>
  <trd lng="vo">lem&ouml;n</trd>
  <trd lng="tr">sat&inodot;n almak</trd>
</drv>

<drv mrk="acxet.0o">
  <kap><tld/>o</kap>
  <snc mrk="acxet.0o.KOMUNE">
    <dif>
      Ago <tld/>i, rezulto de la ago:
      <ekz>
           Vendo de Alasko estis procezo de <tld/>o de Alasko fare de 
           Usono de la Rusia Imperio en la jaro 1867.
           <fnt><vrk><url 
           ref="http://eo.wikipedia.org/wiki/Vendo_de_Alasko">
              Pri la vendo de Alasko </url></vrk>,</fnt>;</ekz>
      <ekz>
           Tiele diras la Eternulo Cebaot, Dio de Izrael: Prenu 
           &ccirc;i tiujn dokumentojn, &ccirc;i tiun dokumenton de
           <tld/>o, 
           la sigelitan, kaj &ccirc;i tiun nefermitan, kaj metu ilin en 
           argilan vazon, por ke ili konservi&gcirc;u dum longa tempo. 
           <fnt><bib>MT</bib><lok>&Jer; 32:14</lok></fnt>.</ekz>
           
    </dif>
    <trd lng="th">&#3585;&#3634;&#3619;&#3595;&#3639;&#3657;&#3629;</trd>
 </snc>
 <trdgrp lng="be">
   <trd>&c_k;&c_u;&c_p;&c_l;&c_ja;</trd>,
   <trd>&c_p;&c_a;&c_k;&c_u;&c_p;&c_k;&c_a;</trd>
 </trdgrp>
 <trdgrp lng="ca">
   <trd>compra</trd>,
   <trd>transacci&oacute;</trd>,
   <trd>comer&ccedil;</trd>
 </trdgrp>
 <trd lng="en">purchase<klr tip="ind"> (the act)</klr></trd>
 <trdgrp lng="fa">
   <trd>&a_kh;&a_r;&f_y;&a_d;</trd>,
   <trd>&a_A;&a_b;&a_t;&f_y;&a_A;&a_ayn;</trd>
 </trdgrp>
 <trd lng="fr">achat</trd>
 <trd lng="ja"><klr>(&#20491;&#21029;&#12398;)</klr>&#36092;&#20837; [<ind>&#12371;&#12358;&#12395;&#12421;&#12358;</ind>]</trd>
 <trdgrp lng="nl">
   <trd>aankoop<klr tip="ind"> (handeling)</klr></trd>,
   <trd>aanschaf<klr tip="ind"> (handeling)</klr></trd>,
   <trd>koop</trd>
 </trdgrp>
</drv>

<drv mrk="acxet.0ajxo">
  <kap><tld/>a&jcirc;o</kap>
  <snc mrk="acxet.0ajxo.EKON">
    <dif>
      Tio, kion oni ekhavas kontra&ubreve; mono:
      <ekz>
        la du oraj moneroj kuni&gcirc;is kun la aliaj en la sakon en
        kiun li 
        enmetis siajn <tld/>a&jcirc;ojn
        <fnt><aut>H. Vallienne</aut>, <vrk>Kastelo de Prelongo</vrk>, 
        <lok>1907</lok></fnt>.
      </ekz>
    </dif>
    <trd
    lng="th">&#3586;&#3629;&#3591;&#3595;&#3639;&#3657;&#3629;&#3586;&#3629;&#3591;&#3586;&#3634;&#3618;</trd>
  </snc>
  <trdgrp lng="be">
    <trd>&c_p;&c_a;&c_k;&c_u;&c_p;&c_k;&c_a;</trd>,
    <trd>&c_t;&c_a;&c_v;&c_a;&c_r;</trd>
  </trdgrp>
  <trdgrp lng="ca">
    <trd>compra</trd>,
    <trd>adquisici&oacute;</trd>
  </trdgrp>
  <trd lng="en">purchase<klr tip="ind"> (thing that has been
  bought)</klr></trd>
  <trdgrp lng="fr">
    <trd>achat<klr> (objet achet&eacute;)</klr></trd>,
    <trd>course<klr> (objet achet&eacute;)</klr></trd>,
    <trd>emplette</trd>
  </trdgrp>
  <trdgrp lng="ja">
    <trd>&#36023;&#12356;&#29289; [<ind>&#12363;&#12356;&#12418;&#12398;</ind>]</trd>,
    <trd>&#36092;&#20837;&#21697; [<ind>&#12371;&#12358;&#12395;&#12421;&#12358;&#12402;&#12435;</ind>]</trd>
  </trdgrp>
  <trdgrp lng="nl">
   <trd>aankoop<klr tip="ind"> (gekocht waar)</klr></trd>,
   <trd>aanschaf<klr tip="ind"> (gekocht waar)</klr></trd>
 </trdgrp>
</drv>

<drv mrk="acxet.0anto">
  <kap><tld/>anto</kap>
  <snc mrk="acxet.0anto.EKON">
    <dif>
      Akiranto de vendata komerca&jcirc;o a&ubreve; servo.
      <ekz>
        kvankam loknomo povas sugesti al <tld/>antoj kvaliton, &gcirc;i
        tute malsamas al marko, protektata de la &scirc;tato
        <fnt><aut>Mu Binghua</aut>, <vrk>Rizo sen fama marko</vrk>,
        <bib>Monato</bib><lok>jaro 2002a, numero 1a, p. 13a</lok></fnt>.
      </ekz>
    </dif>
    <refgrp tip="vid">
      <ref cel="konsum.0anto">konsumanto</ref>
    </refgrp>
    <trd lng="be">&c_p;&c_a;&c_k;&c_u;&c_p;&c_n;&c_ib;&c_k;</trd>
    <trd lng="br">prener</trd>
    <trd lng="ca">comprador<klr> (subst.)</klr></trd>
    <trd lng="da">k&oslash;ber</trd>
    <trd lng="de">K&auml;ufer</trd>
    <trdgrp lng="en">
      <trd>buyer</trd>,
      <trd>purchaser</trd>
    </trdgrp>
    <trd lng="es">comprador</trd>
    <trd lng="fa">&a_kh;&a_r;&f_y;&a_d;&a_A;&a_r;</trd>
    <trdgrp lng="fr">
      <trd>acheteur<klr tip="ind"> (qn qui ach&egrave;te)</klr></trd>,
      <trd>acqu&eacute;reur</trd>
    </trdgrp>
    <trdgrp lng="he">
      <trd>&qof;&nun;&yod;&yod;&fnun;<klr tip="ind">
      (&qof;&vav;&nun;&he;)</klr></trd>,
      <trd>&qof;&vav;&nun;&he;</trd>
    </trdgrp>
    <trdgrp lng="hu">
      <trd>vev&odblac;</trd>,
      <trd>v&aacute;s&aacute;rl&oacute;</trd>
    </trdgrp>
    <trd lng="hr">kupac</trd>
    <trdgrp lng="ja">
      <trd>&#36023;&#12356;&#25163; [<ind>&#12363;&#12356;&#12390;</ind>]</trd>,
      <trd>&#36092;&#20837;&#32773; [<ind>&#12371;&#12358;&#12395;&#12421;&#12358;&#12375;&#12419;</ind>]</trd>
    </trdgrp>
    <trdgrp lng="nl">
      <trd>koper</trd>,
      <trd>aankoper</trd>
    </trdgrp>
    <trdgrp lng="pl">
      <trd>kupiec</trd>,
      <trd>kupuj&aogonek;cy</trd>,
      <trd>nabywca</trd>
    </trdgrp>
    <trd lng="ru">
    &c_p;&c_o;&c_k;&c_u;&c_p;&c_a;&c_t;&c_je;&c_l;&c_mol;</trd>
    <trd lng="sk">kupec</trd>
    <trd lng="sv">k&ouml;pare</trd>
    <trd
    lng="th">&#3612;&#3641;&#3657;&#3595;&#3639;&#3657;&#3629;</trd>
    <trd lng="tr">al&inodot;c&inodot;</trd>
  </snc>
</drv>

<drv mrk="acxet.0ebla">
  <kap><tld/>ebla</kap>
  <snc>
    <dif>
      Povanta esti <tld/>ata:
      <ekz>
        <tld/>ebla domo, ju&gcirc;isto;
      </ekz>
      <ekz>
        vergon oni ne bezonas, sed nur hokon, fi&scirc;&scirc;nuron kaj
        la larvojn, <tld/>eblajn en vendejo a&ubreve; perpo&scirc;te
        <fnt><aut>Saliko</aut>,
        <vrk>Fi&scirc;kapti ekscite</vrk>, <bib>Monato</bib>,
        <lok>jaro 2001a, numero 10a, p. 21a</lok></fnt>.
      </ekz>
    </dif>
  </snc>
  <trd lng="br">e <ind>gwerzh</ind></trd>
  <trdgrp lng="ca">
    <trd>comprable</trd>,
    <trd>comprador<klr> (adj.)</klr></trd>
  </trdgrp>
  <trd lng="da">til salg</trd>
  <trd lng="de">k&auml;uflich</trd>
  <trd lng="en">for <ind>sale</ind></trd>
  <trdgrp lng="es">
    <trd>disponible</trd>,
    <trd>en <ind>venta</ind></trd>,
    <trd>comprable</trd>
  </trdgrp>
  <trd lng="fa">&a_q;&a_A;&a_b;&a_l;
  <ind>&a_kh;&a_r;&f_y;&a_d;</ind></trd>
  <trdgrp lng="fr">
    <trd>achetable</trd>,
    <trd>&agrave; <ind>vendre</ind></trd>,
    <trd>en <ind>vente</ind></trd>
  </trdgrp>
  <trd lng="he">&lamed;<ind>&mem;&kaf;&yod;&resh;&he;</ind></trd>
  <trd lng="hu">elad&oacute;</trd>
  <trd lng="it">acquistabile</trd>
  <trd lng="hr">kupljiv</trd>
  <trd lng="nl">te <ind>koop</ind></trd>
  <trdgrp lng="pl">
    <trd>do kupienia</trd>,
    <trd>na sprzeda&zdot;</trd>
  </trdgrp>
  <trdgrp lng="pt">
    <trd>compr&aacute;vel</trd>,
    <trd>adquir&iacute;vel</trd>,
    <trd>&agrave; <ind>venda</ind></trd>
  </trdgrp>
  <trdgrp lng="ru">
    <trd>&c_p;&c_r;&c_o;&c_d;&c_a;&c_zh;&c_n;&c_y;&c_j;</trd>,
    <trd>
    &c_k;&c_o;&c_t;&c_o;&c_r;&c_y;&c_j; &c_m;&c_o;&c_zh;&c_n;&c_o; <ind>
    &c_k;&c_u;&c_p;&c_i;&c_t;&c_mol;</ind></trd>
  </trdgrp>
  <trd lng="sv">till <ind>salu</ind></trd>
  <trd lng="th">&#3595;&#3639;&#3657;&#3629;&#3652;&#3604;&#3657;</trd>
  <trd lng="tr">sat&inodot;l&inodot;k</trd>
</drv>

<drv mrk="acxet.0isto">
  <kap><tld/>isto</kap>
  <snc mrk="acxet.0isto.EKON">
    <uzo tip="fak">EKON</uzo>
    <dif>
      Oficisto, kiu negocas kaj akiradas krudajn materialojn,
      ilojn a&ubreve; aliajn necesa&jcirc;ojn por sia
      kompanio.
    </dif>
    <trd lng="th">&#3614;&#3656;&#3629;&#3588;&#3657;&#3634;</trd>
  </snc>
  <trd lng="br">prenour<klr tip="ind"> (a vicher)</klr></trd>
  <trd lng="ca">agent de compres</trd>
  <trd lng="de">gewerblicher <ind>Aufk&auml;ufer</ind></trd>
  <trdgrp lng="en">
    <trd>buyer</trd>,
    <trd>purchasing agent</trd>
  </trdgrp>
  <trdgrp lng="fa">
    <trd>&f_k;&a_A;&a_r;&f_p;&a_r;&a_d;&a_A;&a_z;</trd>,
    <trd>&a_m;&a_A_hamza_sure;&a_m;&a_w;&a_r;
    &a_kh;&a_r;&f_y;&a_d;</trd>
  </trdgrp>
  <trdgrp lng="fr">
    <trd>acheteur<klr tip="ind"> (professionnel)</klr></trd>
  </trdgrp>
  <trd lng="hu">beszerz&odblac;</trd>
  <trd lng="nl">aankoper<klr tip="ind"> (beroeps-)</klr></trd>
  <trdgrp lng="pl">
    <trd>kupiec</trd>,
    <trd>zakupowiec<klr> (pot.)</klr></trd>,
    <trd>zaopatrzeniowiec<klr> (do spraw zakup&oacute;w)</klr></trd>,
    <trd>logistyk<klr> (do spraw zakup&oacute;w)</klr></trd>
  </trdgrp>
  <trd lng="ru">&c_z;&c_a;&c_k;&c_u;&c_p;&c_shch;&c_i;&c_k;</trd>
  <trd lng="sk">n&aacute;kupca</trd>
  <trd lng="sv">ink&ouml;pare</trd>
</drv>

<drv mrk="acxet.el0i">
  <kap>el<tld/>i</kap>
  <gra><vspec>tr</vspec></gra>
  <snc>
    <dif>
      Pagi por liberigi iun el kaptiteco fizika a&ubreve; morala:
      <ekz>
        &ccirc;e la Romanoj, la sklavoj povis <ind>sin el<tld/>i</ind>;
        <trd lng="ca">comprar sa llibertat</trd>
        <trdgrp lng="fr">
          <trd>se <ind>racheter</ind></trd>,
          <trd>s'<ind>affranchir</ind><klr tip="ind"> (en payant)</klr>
          </trd>
        </trdgrp>
      </ekz>
      <ekz>
        la&ubreve; kristana kredo, Jesuo el<tld/>is la homojn
        per sia morto.
      </ekz>
    </dif>
  </snc>
  <trd lng="be">&c_v;&c_y;&c_k;&c_u;&c_p;&c_ib;&c_c;&c_mol;</trd>
  <trd lng="br">dasprena&ntilde;</trd>
  <trdgrp lng="ca">
    <trd>rescatar</trd>,
    <trd>redimir</trd>
  </trdgrp>
  <trd lng="de">freikaufen</trd>
  <trdgrp lng="en">
    <trd>pay ransom</trd>,
    <trd>bail somebody out</trd>
  </trdgrp>
  <trdgrp lng="es">
    <trd>redimir</trd>,
    <trd>rescatar</trd>,
    <trd>recuperar</trd>
  </trdgrp>
  <trd lng="fa">&a_b;&a_A;&a_z;&a_kh;&a_r;&f_y;&a_d;
  &f_k;&a_r;&a_d;&a_n;</trd>
  <trdgrp lng="fr">
    <trd>racheter<klr tip="ind"> (lib&eacute;rer)</klr></trd>
  </trdgrp>
  <trd lng="he">&lamed;&pe;&dalet;&vav;&tav; \<ind>&pe;&dalet;&he;
  </ind>\
</trd>
  <trdgrp lng="hu">
    <trd>kiv&aacute;lt<klr tip="ind">
    (v&aacute;lts&aacute;gd&iacute;jjal)</klr></trd>,
    <trd>megv&aacute;lt<klr tip="ind"> (&uuml;dv&ouml;z&iacute;t)</klr>
    </trd>
  </trdgrp>
  <trd lng="it">liberare, affrancare</trd>
  <trd lng="hr">otkupiti</trd>
  <trdgrp lng="nl">
    <trd>afkopen</trd>,
    <trd>vrijkopen</trd>,
    <trd>loskopen</trd>
  </trdgrp>
  <trdgrp lng="pl">
    <trd>wykupywa&cacute;</trd>,
    <trd>okupywa&cacute;<klr tip="amb">
    (p&lstroke;aci&cacute; okup)</klr></trd>
  </trdgrp>
  <trdgrp lng="pt">
    <trd>remir</trd>,
    <trd>resgatar</trd>,
    <trd>alforriar</trd>
  </trdgrp>
  <trdgrp lng="ru">
    <trd>&c_v;&c_y;&c_k;&c_u;&c_p;&c_i;&c_t;&c_mol;</trd>,
    <trd>&c_i;&c_s;&c_k;&c_u;&c_p;&c_i;&c_t;&c_mol;</trd>
  </trdgrp>
  <trd lng="sk">vyk&uacute;pi&tcaron;</trd>
  <trdgrp lng="sv">
    <trd>frik&ouml;pa</trd>,
    <trd><ind>k&ouml;pa</ind> loss</trd>
  </trdgrp>
  <trd lng="th">&#3652;&#3606;&#3656;&#3605;&#3633;&#3623;</trd>
  <trd lng="tr">geri sat&inodot;n almak</trd>
</drv>

<drv mrk="acxet.sub0i">
  <kap><ofc>*</ofc>sub<tld/>i <fnt><bib>F</bib>, <lok>Universala
  Vortaro, <url
  ref="http://www.akademio-de-esperanto.org/fundamento/universala_vortaro.html#av-4965">sub'a&ccirc;et'</url></lok></fnt></kap>
  <gra><vspec>tr</vspec></gra>
  <snc mrk="acxet.sub0i.EKON">
    <uzo tip="fak">EKON</uzo>
    <dif>
      Maljuste akiri ies favoron per mono, donacoj a&ubreve; promesoj
      por faciligi sukceson de afero:
      <ekz>
        &ccirc;u usonaj kompanioj (kiel tiuj en aliaj landoj) ne
        sub<tld/>as funkciulojn por ricevi profitigajn kontraktojn kaj
        sukoplenajn mendojn?
        <fnt><aut>Werner Schad</aut>: <vrk>Nenio perfektas</vrk>,
        <bib>Monato</bib><lok>jaro 2002a, numero 4a, p. 9a</lok></fnt>.
      </ekz>
    </dif>
    <refgrp tip="sin">
      <ref cel="korupt.0i.EKON">korupti</ref>,
      <ref cel="sxmir.0i.EKON">&scirc;miri</ref>.
    </refgrp>
    <trd lng="be">&c_p;&c_a;&c_d;&c_k;&c_u;&c_p;&c_ib;&c_c;&c_mol;</trd>
    <trd lng="br">gouestlaoua</trd>
    <trdgrp lng="ca">
      <trd>subornar</trd>,
      <trd>untar</trd>
    </trdgrp>
    <trdgrp lng="de">
      <trd>schmieren</trd>,
      <trd>bestechen</trd>
    </trdgrp>
    <trdgrp lng="en">
      <trd>bribe</trd>,
      <trd>suborn</trd>
    </trdgrp>
    <trdgrp lng="fa">
      <trd>&a_r;&a_sh;&a_w;&a_h; &a_d;&a_A;&a_d;&a_n;</trd>,
      <trd>&a_t;&a_T;&a_m;&f_y;&a_ayn; &f_k;&a_r;&a_d;&a_n;</trd>
    </trdgrp>
    <trdgrp lng="fr">
      <trd>acheter<klr tip="ind"> (soudoyer)</klr></trd>,
      <trd>corrompre<klr tip="ind"> (par de l'argent)</klr></trd>,
      <trd>graisser la patte (&agrave;)</trd>,
      <trd>payer<klr tip="ind"> (soudoyer)</klr></trd>,
      <trd>soudoyer</trd>,
      <trd>suborner<klr tip="ind"> (par de l'argent)</klr></trd>
    </trdgrp>
    <trd lng="he">&lamed;<ind>&shin;&het;&dalet;</ind></trd>
    <trdgrp lng="hu">
      <trd>lefizet<klr tip="ind"> (korrump&aacute;l)</klr></trd>,
      <trd>megv&aacute;s&aacute;rol<klr tip="ind">
      (korrump&aacute;l)</klr>
    </trd>
    </trdgrp>
    <trd lng="it">corrompere</trd>
    <trdgrp lng="hr">
      <trd>potkupiti</trd>,
      <trd>podmititi</trd>
    </trdgrp>
    <trdgrp lng="ja">
      <trd><klr>(&#12431;&#12356;&#12429;&#12391;)</klr>&#36023;&#21454;&#12377;&#12427; [<ind>&#12400;&#12356;&#12375;&#12421;&#12358;&#12377;&#12427;</ind>]</trd>,
      <trd>&#36104;&#36036;&#12377;&#12427; [<ind>&#12382;&#12358;&#12431;&#12356;&#12377;&#12427;</ind>]</trd>
    </trdgrp>
    <trd lng="nl">omkopen</trd>
    <trdgrp lng="pl">
      <trd>przekupywa&cacute;</trd>,
      <trd>dawa&cacute; w &lstroke;ap&eogonek;<klr> (pot.)</klr></trd>,
      <trd>dawa&cacute; w kiesze&nacute;<klr> (pot.)</klr></trd>
    </trdgrp>
    <trdgrp lng="pt">
      <trd>subornar</trd>,
      <trd>corromper</trd>
    </trdgrp>
    <trdgrp lng="es">
      <trd>sobornar</trd>,
      <trd>comprar<klr> (la voluntad)</klr></trd>
    </trdgrp>
    <trdgrp lng="ru">
      <trd>&c_p;&c_o;&c_d;&c_k;&c_u;&c_p;&c_a;&c_t;&c_mol;</trd>,
      <trd>&c_p;&c_o;&c_d;&c_k;&c_u;&c_p;&c_i;&c_t;&c_mol;</trd>,
      <trd>&c_p;&c_o;&c_d;&c_m;&c_a;&c_z;&c_a;&c_t;&c_mol;</trd>,
      <trd>&c_d;&c_a;&c_t;&c_mol; &c_v;&c_z;&c_ja;&c_t;&c_k;&c_u;</trd>
    </trdgrp>
    <trd lng="sk">podplati&tcaron;</trd>
    <trd lng="sv">muta</trd>
    <trd lng="th">&#3605;&#3636;&#3604;&#3626;&#3636;&#3609;&#3610;&#3609;</trd>
    <trdgrp lng="tr">
      <trd>r&uuml;&scedil;vet vermek</trd>,
      <trd>ba&scedil;tan &ccedil;&inodot;karmak</trd>,
      <trd>bozmak</trd>
    </trdgrp>
  </snc>
</drv>
</art>
<!--
$Log: acxet.xml,v $
Revision 1.61  2018/09/05 22:10:19  revo
Sam Penter: +trd en nl

Revision 1.60  2017/12/21 15:10:16  revo
Michel Cantigneaux: aldono de fontaj ligiloj (al Universala Vortaro)

Revision 1.59  2017/11/06 14:10:19  revo
Sam Penter: +trd ja

Revision 1.58  2017/05/31 04:10:14  revo
Warut Bunprasert: +trd th

Revision 1.57  2017/04/01 17:10:14  revo
Lars Raarup Knudsen: dana traduko

Revision 1.56  2016/07/30 12:10:17  revo
Warut Bunprasert: +trd th

Revision 1.55  2013/03/21 20:10:19  revo
Dmitri Gabinski: redakto: +trd be

Revision 1.54  2013/03/01 07:10:14  revo
-->
</vortaro>
