<?xml version="1.0"?>
<!DOCTYPE vortaro SYSTEM "../dtd/vokoxml.dtd">

<vortaro>
<art mrk="$Id: ad.xml,v 1.20 2016/12/14 21:10:13 revo Exp $">
<kap>
  <ofc>*</ofc>
  -<rad>ad</rad> <fnt> <bib>PV</bib></fnt>
</kap>
<drv mrk="ad.0">
  <kap><ofc>*</ofc>-<tld/></kap>
  <dif>
    Sufikso esprimanta &gcirc;enerale la agon kaj uzata por derivi:
  </dif>
  <subdrv>
    <dif>
      substantivojn:
    </dif>
    <snc mrk="ad.0.subst_el_subst">
      <dif>
        el substantiva radiko por signifi pli malpli da&ubreve;ran agon
        faritan per la ilo montrata de la radiko:
        <ekz>
          martel<tld/>o; telefon<tld/>o; bros<tld/>o; kron<tld/>o;
          afi&scirc;<tld/>o.
        </ekz>
      </dif>
      <rim num="1">
        La responda verbo estas sensufikse derivata de la substantivo:
        <ctl>marteli</ctl>
        (ne: <ctl>martel<tld/>i</ctl>),
        <ctl>kroni</ctl> ktp.
      </rim>
      <trd
      lng="th">&#3649;&#3626;&#3604;&#3591;&#3585;&#3634;&#3619;&#3585;&#3619;&#3632;&#3607;&#3635;&#3629;&#3618;&#3656;&#3634;&#3591;&#3605;&#3656;&#3629;&#3648;&#3609;&#3639;&#3656;&#3629;&#3591;</trd>
    </snc>
    <snc mrk="ad.0.subst_el_verbo">
      <dif>
        el verba radiko por signifi:
      </dif>
      <subsnc mrk="ad.0.subst.elVerbo.abstrakta">
        <dif>
          &gcirc;eneralan kaj abstraktan ideon de la ago esprimata de la
          radiko:
          <ekz>
            la uz<tld/>o de la artikolo estas tia sama, kiel en aliaj
            lingvoj        
            <fnt>
              <bib>F</bib>
              <lok>&FE; 27</lok>
            </fnt>
            <klr>(Kp <ctl>la <em>uzo</em> de l' artikolo <em>en tiu okazo</em> ne estas &gcirc;usta</ctl>)</klr>
          </ekz>;
          <ekz>
            oni a&ubreve;dis muzikon kaj kant<tld/>on
            <fnt><bib>Fab1</bib>, <lok>La virineto de maro</lok></fnt>;
          </ekz>
          <ekz>
            la &scirc;tel<tld/>o estas via profesio<fnt>K</fnt>;
          </ekz>
          <ekz>
            ven&gcirc;<tld/>o estas mia metio<fnt>Z</fnt>;
          </ekz>
          <ekz>
            &ccirc;iuj pozicioj de homa korpo, star<tld/>o,
            ir<tld/>o, salt<tld/>o, klini&gcirc;<tld/>o al &ccirc;iuj
            flankoj,
            grimp<tld/>o sur &ccirc;iuj muroj, disdon<tld/>o de salutoj,
            plenum<tld/>o de plej diversaj gestoj<fnt>Z</fnt>
          </ekz>
          <ekz>
            la natura ir<tld/>o de la aferoj
            <fnt><bib>Far3</bib>, <lok>&ccirc;apitro 3</lok></fnt>.
          </ekz>
        </dif>
        <rim num="2">
          Pro &ccirc;i tiu senco <em>-ad</em> servas por nomi la artojn,
          kapablojn ktp:
          <ekz>
            la kant<tld/>o estas tre agrabla okupo<fnt>Z</fnt>
          </ekz>
          <klr>
          (ne: <ctl>okup<tld/>o</ctl>,
          &ccirc;ar temas ne pri da&ubreve;ra kanto, sed pri la
          scipovo kanti)</klr>;
          <ekz>
            la pentr<tld/>o.
          </ekz>
        </rim>
        <trd
        lng="th">&#3607;&#3635;&#3588;&#3635;&#3585;&#3619;&#3636;&#3618;&#3634;&#3651;&#3627;&#3657;&#3648;&#3611;&#3655;&#3609;&#3588;&#3635;&#3609;&#3634;&#3617;</trd>
      </subsnc>
      <subsnc mrk="ad.0.subst.elVerbo.longdaura">
        <dif>
          longda&ubreve;recon a&ubreve; ripeti&gcirc;on de la ago
          esprimata de
          la radiko:
          <ekz>
            lia hiera&ubreve;a parolo estis tre bela, sed la tro
            multa parol<tld/>o lacigis lin
            <fnt>
              <bib>F</bib>
              <lok>&FE; 40</lok>
            </fnt>;
          </ekz>
          <ekz>
            la paf<tld/>o da&ubreve;ris tre longe<fnt><bib>F</bib>,
            <lok>&FE;
            40</lok></fnt>;
          </ekz>
          <ekz>
            parol<tld/>o <klr>(oratora&jcirc;o)</klr> elokventa;
          </ekz>
          <ekz>
            malri&ccirc;igas ne nehav<tld/>o, sed tro granda
            dezir<tld/>o<fnt><bib>PrV</bib></fnt>;
          </ekz>
          <ekz>
            don<tld/>o de almozoj neniam
            malri&ccirc;igas<fnt><bib>PrV</bib></fnt>.
          </ekz>
        </dif>
      </subsnc>
    </snc>
  </subdrv>
  <subdrv>
    <dif>
       verbojn:
    </dif>
    <snc mrk="ad.0.verbo_el_verbo">
      <dif>
        el verbaj a&ubreve; substantivaj radikoj, por prezenti la
        agon en sia malvolvi&gcirc;o kaj insisti pri ties da&ubreve;ro
        a&ubreve; ripeti&gcirc;o:
        <ekz>
          martel<tld/>i <klr>(longe marteli)</klr>;
        </ekz>
        <ekz>
          vizit<tld/>i <klr>(ofte viziti)</klr>;
        </ekz>
        <ekz>
          zorg<tld/>i <klr>(konstante zorgi)</klr>;
        </ekz>
        <ekz>
          mi salt<tld/>is la tutan tagon de loko al loko
          <fnt>
            <bib>F</bib>
            <lok>&FE; 40</lok>
          </fnt>;
        </ekz>
        <ekz>
          li kur<tld/>is &gcirc;is li falis<fnt>Z</fnt>;
        </ekz>
        <ekz>
          &ccirc;iun tagon tien ven<tld/>as multaj fremduloj
          <fnt><bib>Fab1</bib>, <lok>La novaj vestoj de la
          re&gcirc;o</lok></fnt>;
        </ekz>
        <ekz>
          la unuaj esperantistoj pacience elmet<tld/>is sin ne sola al
          konstanta mok<tld/>o, sed e&ccirc; al grandaj
          oferoj
          <fnt>
            <bib>Paroloj</bib>
            <vrk>Parolado anta&ubreve; la Dua Kongreso Esperantista en Gen&egrave;ve en la 28a de a&ubreve;gusto 1906</vrk>
          </fnt>;
        </ekz>
        <ekz>
          kugloj sen&ccirc;ese fal<tld/>is;
        </ekz>
        <ekz>
          almoze elpet<tld/>i al si panon;
        </ekz>
        <ekz>
          la mastrino renkont<tld/>is lin &ccirc;iam
          &gcirc;entile<fnt>Z</fnt>;
        </ekz>
        <ekz>
          mi esperas, ke la esperantistoj nun ofte kunven<tld/>os kaj
          korespond<tld/>os inter si<fnt>Z</fnt>.
        </ekz>
      </dif>
      <ref tip="sin" cel="re.0.denove">re-<sncref/></ref>
      <rim num="3">
        Tiu &ccirc;i formo servas por traduki la imperfekton de la
        latinidaj lingvoj.
      </rim>
      <rim num="4">
        Kelkaj esperantistoj uzas -ad kiel memstaran vorteron:
        <ekz>
          lumbrilo <tld/>is ku&scirc;i
          <klr>(plue ku&scirc;is, da&ubreve;ris ku&scirc;ante)</klr>
          sur tegmentoj;
        </ekz>
        <ekz>
          ni <tld/>e <klr>(konstante)</klr> progresas;
        </ekz>
        <ekz>
          la ekonomia vivo de l' homaro <tld/>e <klr>(sen&ccirc;ese, pli
          kaj pli)</klr> sennacii&gcirc;as;
        </ekz>
        <ekz>
          <tld/>e uzata vorto.
        </ekz>
      </rim>
    </snc>
  </subdrv>
  <refgrp tip="vid">
    <ref cel="acx">-a&ccirc;</ref>,
    <ref cel="ar">-ar</ref>,
    <ref cel="eg">-eg</ref>,
    <ref cel="et">-et</ref>,
    <ref cel="ul">-ul</ref>, ktp
  </refgrp>
  <trd lng="ca">[sufixe de repetici&oacute; o durada]</trd>
  <trdgrp lng="es">
    <trd>sufijo/infijo de repetici&oacute;n o duraci&oacute;n</trd>,
    <trd>-aci&oacute;n</trd>,
    <trd>-ici&oacute;n</trd>,
    <trd>-ada/-ado</trd>,
    <trd>-(a)je</trd>
  </trdgrp>
  <trdgrp lng="fr">
    <trd>-age<klr> (suffixe d'action)</klr></trd>,
    <trd>-ation<klr> (suffixe d'action)</klr></trd>
  </trdgrp>
</drv>
</art>
<!--
$Log: ad.xml,v $
Revision 1.20  2016/12/14 21:10:13  revo
Wolfram Diestel: poluris strukturon, kelkaj fnt-oj de ekz-oj

Revision 1.19  2016/12/11 14:10:12  revo
Wolfram Diestel: kor. mrk-ojn

Revision 1.18  2016/08/13 17:10:24  revo
Alejandro Escobedo: +trd es

Revision 1.17  2016/07/30 12:10:16  revo
Warut Bunprasert: +trd th

Revision 1.16  2015/10/26 12:12:04  revo
Guillermo Molleda Jimena: trd es

Revision 1.15  2012/08/22 16:10:20  revo
Marc Rausell: + trd ca

Revision 1.14  2008/03/17 17:30:17  revo
Wieland Pusch: antauxa - por sufikso

Revision 1.13  2006/07/19 16:31:25  revo
-->
</vortaro>
