<?xml version="1.0"?>
<!DOCTYPE vortaro SYSTEM "../dtd/vokoxml.dtd">

<vortaro>
<art mrk="$Id: adagx.xml,v 1.24 2018/08/16 18:10:21 revo Exp $">
<kap>
  <rad>ada&gcirc;</rad>/o
</kap>
<drv mrk="adagx.0o">
  <kap><tld/>o</kap>
  <uzo tip="fak">MUZ</uzo>
  <snc>
    <dif>
      Muzikverko, kies movo estas malrapida:
      <ekz>
        &ccirc;u tio &ccirc;i efektive povas esti varia&jcirc;o el la sama temo, kiu estigas la <tld/>on n-ro 25
        <fnt>
          <bib>Viki</bib>
          <lok><url ref="https://eo.wikipedia.org/?curid=32931">Goldberg-variacioj</url></lok>
        </fnt>?
      </ekz>
    </dif>
  </snc>
  <trd lng="be">&c_a;&c_d;&c_a;&c_zh;&c_y;&c_jo;</trd>
  <trd lng="ca">adagio</trd>
  <trd lng="de">Adagio</trd>
  <trd lng="es">adagio</trd>
  <trd lng="fa">&a_A_madda;&a_d;&a_A;&a_j;&f_y;&a_w;</trd>
  <trd lng="fr">adagio<klr tip="ind"> (subst.)</klr></trd>
  <trd lng="hu">adagio</trd>
  <trd lng="it">adagio<klr> (mus.)</klr></trd>
  <trd lng="nl">adagio</trd>
  <trd lng="pl">adagio</trd>
  <trd lng="ro">adagio</trd>
  <trd lng="ru">&c_a;&c_d;&c_a;&c_zh;&c_i;&c_o;</trd>
  <trd lng="sk">adagio</trd>
</drv>

<drv mrk="adagx.0e">
  <kap><tld/>e</kap>
  <uzo tip="fak">MUZ</uzo>
  <snc>
    <dif>
      Malrapide.
    </dif>
  </snc>
  <trd lng="be">&c_a;&c_d;&c_a;&c_zh;&c_y;&c_jo;</trd>
  <trd lng="ca">adagio</trd>
  <trd lng="de">adagio</trd>
  <trd lng="en">adagio</trd>
  <trdgrp lng="fa">
    <trd>&a_A_madda;&a_r;&a_A;&a_m;<klr tip="ind"> (&a_m;&a_w;&a_s;&f_y;&a_q;&f_y;)</klr></trd>,
    <trd>&a_A_madda;&a_d;&a_A;&a_j;&f_y;&a_w;</trd>
  </trdgrp>
  <trd lng="fr">adagio<klr tip="ind"> (adv.)</klr></trd>
  <trd lng="hu">adagio</trd>
  <trd lng="it">adagio<klr> (mus.)</klr></trd>
  <trd lng="nl">adagio</trd>
  <trd lng="pl">wolno<klr>(w muzyce)</klr></trd>
  <trd lng="sk">adagio <klr>(pomaly, v hudbe)</klr></trd>
</drv>
</art>
<!--
$Log: adagx.xml,v $
Revision 1.24  2018/08/16 18:10:21  revo
Wolfram Diestel: +ekz

Revision 1.23  2013/10/29 17:10:15  revo
Vito Redsky: +trd  pl ro

Revision 1.22  2012/08/22 16:10:21  revo
Marc Rausell: + trd ca

Revision 1.21  2010/05/26 17:01:37  revo
Antonio Codazzi: ++trd it

Revision 1.20  2009/06/19 05:09:16  revo
Behnam Tabatabai: +trd fa

Revision 1.19  2005/02/10 17:31:07  revo
Marc Bavant: mod trd fr; ~e: +MUZ

Revision 1.18  2003/10/25 16:31:55  revo
Dmitri Gabinski: +trd be

Revision 1.17  2003/05/13 16:34:54  revo
-->
</vortaro>
