<?xml version="1.0"?>
<!DOCTYPE vortaro SYSTEM "../dtd/vokoxml.dtd">

<vortaro>
<art mrk="$Id: adalbert.xml,v 1.3 2015/02/26 20:11:27 revo Exp $">
<kap>
  <rad>Adalbert</rad>/o
</kap>
<drv mrk="adalbert.0o">
  <kap><tld/>o</kap>
  <snc mrk="adalbert.0o.NOM">
    <uzo tip="fak">NOM</uzo>
    <dif>
      Vira <ref tip="lst" cel="nom.antaux0o"
      lst="voko:personaj_nomoj">anta&ubreve;nomo</ref>,
      varia&jcirc;o de <ref tip="vid" cel="albert.0o">Alberto</ref>:
      <ekz>
        inter jaroj 1840 kaj 1870 estis enskribitaj en la matrikulo el 
        nia familio entute 19 infanoj <klr>...</klr>, kaj inter ili 
        <klr>...</klr> tri <tld/>oj
        <fnt>
          <aut>V. Rakous, trad. A. Weiner</aut>,
          <vrk>Pri la homo nescianta, kiam li naski&gcirc;is</vrk>,
          <lok>&Ccirc;e&hcirc;a kaj Slovaka Antologio, 1935</lok>
        </fnt>;
      </ekz>
      <ekz>
        &mdash; De kiu vi scias tion?
        &mdash; <tld/>o diris
        <fnt>
          <aut>J. S&aacute;rk&ouml;zi</aut>,
          <vrk><url
          ref="http://mek.niif.hu/04100/04194/04194.htm"></url>
          Filmo por pli ol 16 jaruloj kaj aliaj noveloj</vrk>,
          <lok>1995</lok>
        </fnt>.
      </ekz>
    </dif>
    <trd lng="it">Adalberto</trd>
  </snc>
</drv>
</art>

<!--
$Log: adalbert.xml,v $
Revision 1.3  2015/02/26 20:11:27  revo
Wolfram Diestel: lst antaunomoj

Revision 1.2  2011/09/29 12:10:23  revo
Antonio Codazzi: +trd it

Revision 1.1  2010/10/04 16:30:45  revo
Jeromo Vasxe: nova artikolo

-->
</vortaro>
