<?xml version="1.0"?>
<!DOCTYPE vortaro SYSTEM "../dtd/vokoxml.dtd">

<vortaro>
<art mrk="$Id: adam.xml,v 1.16 2017/04/01 17:10:15 revo Exp $">
<kap>
<rad>Adam</rad>/o <fnt><bib>PIV1</bib></fnt>
</kap>

<drv mrk="adam.0o">
  <kap><tld/>o,
    <var><kap><tld/></kap></var>
  </kap>
  <snc mrk="adam.0o.NOM">
    <uzo tip="fak">NOM</uzo>
    <dif>
      Vira <ref tip="lst" cel="nom.antaux0o"
      lst="voko:personaj_nomoj">anta&ubreve;nomo</ref> hebredevena:
      <ekz><tld/>o, la filo de la Majstro, invitis lin hejmen post
        iu publika prezento
        <fnt>
          <aut>W. Messing</aut>,
          <vrk>Homo-Legendo</vrk>,
          <bib>LOdE</bib>,
          <lok>1999, n-ro 58-59</lok>
         </fnt>.
      </ekz>
    </dif>
  </snc>
  <snc mrk="adam.0o.BIB">
    <uzo tip="fak">BIB</uzo>
    <uzo tip="fak">PERS</uzo>
    <dif>
      La&ubreve; la Biblio, la unua homo:
      <ekz>Kaj Dio la Eternulo faris por <tld/> kaj por lia
        edzino vestojn el felo
        <fnt><bib>MT</bib>, <lok>&Gen; 3:21</lok></fnt>.
      </ekz>
    </dif>
  </snc>                  
  <trd lng="be">&c_A;&c_d;&c_a;&c_m;</trd>
  <trd lng="bg">&c_A;&c_d;&c_a;&c_m;</trd>
  <trd lng="br">Adam</trd>
  <trd lng="ca">Adam</trd>
  <trd lng="da">Adam</trd>
  <trd lng="de">Adam</trd>
  <trd lng="en">Adam</trd>
  <trd lng="es">Ad&aacute;n</trd>
  <trd lng="fr">Adam</trd>
  <trd lng="he">&alef;&dalet;&fmem;</trd>
  <trd lng="it">Adamo</trd>
  <trd lng="pl">Adam</trd>
  <trd lng="pt">Ad&atilde;o</trd>
  <trd lng="ru">&c_A;&c_d;&c_a;&c_m;</trd>
  <trd lng="sv">Adam</trd>
  <trd lng="ms">Adam</trd>
</drv>
</art>

<!--
$Log: adam.xml,v $
Revision 1.16  2017/04/01 17:10:15  revo
Lars Raarup Knudsen: dana traduko

Revision 1.15  2017/01/26 09:10:24  revo
Adam Eng: trd ms

Revision 1.14  2015/02/26 20:11:26  revo
Wolfram Diestel: lst antaunomoj

Revision 1.13  2013/03/21 20:10:18  revo
Dmitri Gabinski: redakto: +trd be

Revision 1.12  2010/10/24 16:30:16  revo
Jeromo Vasxe: kor. fusxitan fnt

Revision 1.11  2010/06/15 16:30:33  revo
Evandro Avellar: +trd pt

Revision 1.10  2009/10/30 17:31:05  revo
Antonio Codazzi: +trd it

Revision 1.9  2009/03/03 17:30:24  revo
-->
</vortaro>
