<?xml version="1.0"?>
<!DOCTYPE vortaro SYSTEM "../dtd/vokoxml.dtd">

<vortaro>
<art mrk="$Id: adasis.xml,v 1.13 2015/07/04 08:37:29 revo Exp $">
<kap>
  <rad>adasism</rad>/o
</kap>
<drv mrk="adasis.0o">
  <kap><tld/>o</kap>
  <uzo tip="fak">POE</uzo>
  <snc>
    <ref tip="dif" cel="rim.sufiks0o">sufiksrimo</ref>
    <ekz>
      krom maltrafaj rimoj kaj abundegaj <tld/>oj, svarmas en la
      tradukoj
      <klr>[...]</klr> stranga&jcirc;oj
      <fnt><aut>Nikolao Gudskov</aut>: <vrk>Provo ektu&scirc;i
      serban poezion (Srdj Arandjelovi&cacute;, Antologio de la serba poezio
      (1200-2000))</vrk>, <bib>Monato</bib><lok>jaro 2002a, numero 2a,
      p.
      32a</lok></fnt>.
    </ekz>
    <rim>
      Tiu vorto mokas la kutimon de fruaj Esperantaj poetoj rimi vortojn
      kun sama sufikso kaj interalie tiujn fini&gcirc;antajn per &leftquot;-adas&rightquot;.
    </rim>
  </snc>
  <trd lng="be">&c_a;&c_d;&c_n;&c_a;&c_r;&c_o;&c_d;&c_n;&c_a;&c_ja; &c_r;&c_y;&c_f;&c_m;&c_a;</trd>
  <trd lng="ca">rima sufixal</trd>
  <trdgrp lng="cs">
    <trd>laciný rým</trd>,
    <trd>nepravý rým</trd>
  </trdgrp>
  <trd lng="de">Suffixreim</trd>
  <trd lng="en">suffix rhyme</trd>
  <trd lng="es">rima por sufijo</trd>
  <trdgrp lng="it">
    <trd>suffissismo</trd>,
    <trd><ind>rima</ind> suffissata</trd>
  </trdgrp>
  <trd lng="pl">rym sufiksowy <klr>(cz&eogonek;stochowski)</klr></trd>
  <trd lng="ru">&c_o;&c_d;&c_n;&c_o;&c_r;&c_o;&c_d;&c_n;&c_a;&c_ja; &c_r;&c_i;&c_f;&c_m;&c_a;</trd>
  <trdgrp lng="sk">
    <trd>nepravý rým</trd>,
    <trd>rýmovačka</trd>
  </trdgrp>
</drv>
</art>
<!--
$Log: adasis.xml,v $
Revision 1.13  2015/07/04 08:37:29  revo
aldono de trd cs per skripto de M. von Laer

Revision 1.12  2015/06/28 12:03:35  revo
aldono de trd sk per skripto de M. von Laer

Revision 1.11  2015/01/27 19:10:15  revo
Guillermo Molleda Jimena: trd es

Revision 1.10  2013/10/29 17:10:16  revo
Vito Redsky: +trd  pl

Revision 1.9  2012/08/22 17:10:08  revo
Marc Rausell: + trd ca

Revision 1.8  2011/09/29 12:10:24  revo
Antonio Codazzi: +trd it

Revision 1.7  2005/02/10 17:31:11  revo
Marc Bavant: interpunkcio

Revision 1.6  2004/08/02 18:56:14  revo
Dmitri Gabinski: +trd be

Revision 1.5  2002/10/18 16:38:34  revo
Jeromo Vasxe: + ekz

Revision 1.4 2002/09/22 08:13:41 revo
-->
</vortaro>
