<?xml version="1.0"?>
<!DOCTYPE vortaro SYSTEM "../dtd/vokoxml.dtd">

<vortaro>
  <art mrk="$Id: adici.xml,v 1.45 2017/04/01 18:10:12 revo Exp $">
    <kap>
      <ofc>2</ofc>
      <rad>adici</rad>/i
    </kap>

    <drv mrk="adici.0i">
      <kap><tld/>i</kap>
      <gra><vspec>tr</vspec></gra>
      <uzo tip="fak">MAT</uzo>
      <fnt><bib>MatTerm</bib><lok>p. 9</lok></fnt>
      <snc>
        <dif>
          Aldoni nombrojn, kvantojn unu al la alia, kaj kunigi ilin en
          unu solan:
          <ekz>
            se ni <tld/>as <frm>4</frm> kaj <frm>4</frm>, ni ricevas
            <frm>8</frm>;
          </ekz><ekz>
            <tld/>i <frm><k>x</k></frm> al <frm><k>y</k></frm>,
            <frm><k>x</k></frm> kaj <frm><k>y</k></frm>.
          </ekz>
        </dif>
        <rim num="1" mrk="adici.0i.MB">
          En nefaka kunteksto oni povas diri
          &leftquot;<ref cel="don.al0i">aldoni</ref>&rightquot; anstata&ubreve; &leftquot;<tld/>i&rightquot;, kaj oni
          &leftquot;<ref cel="pli.0igi">pliigas</ref>&rightquot; tion, al kio oni
          &leftquot;aldonas&rightquot;.
        </rim>
        <rim num="2" mrk="adici.0i.pok1">
          La &ccirc;i-supra difino estas malbona kaj matematike, kaj lingve.
          Pli konvenas deiri el la substantivo <tld/>o (kiel faras
          PIV2), kaj trakti la argumentojn egale; t.e. la regmodelo
          <ctl><tld/>i ikson kaj ipsilonon</ctl> (la sola menciita en
          PIV2) estas bona; dum la malsimetria <ctl><tld/>i ikson al
          ipsilono</ctl> (a&ubreve; inverse?) estas evitinda.
          <aut>Sergio Pokrovskij</aut>
        </rim>
        <rim num="3" mrk="adici.0i.pok2">
          La priskriboj per <ctl>aldoni</ctl>, <ctl>pliigi</ctl> ktp
          estas malta&ubreve;gaj, ili priskribas ne la matematikan operacion
          <frm>x+y</frm>, sed komputadan (algoritman) operacion
          <frm>x&nbsp;+=&nbsp;y</frm>, alivorte <frm>x&nbsp;=&nbsp;x+y</frm>.  La matematika
          operacio <frm>x+y+z</frm> neniel &scirc;an&gcirc;as la valorojn de
          <frm>x, y, z</frm>; dum en komputado oni ofte uzas helpan
          <ref cel="regxistr.0o">re&gcirc;istron</ref> (ekz-e tiun de la
          ekrano de kalkulilo), kies valoron oni jes
          <ctl>pliigas</ctl>, al kiu oni <ctl>aldonas</ctl> la
          <tld/>atojn: <frm>S=x; S&nbsp;+=&nbsp;y; S&nbsp;+=&nbsp;z</frm>.
          Tiu operacio <em>+=</em> evidente ne estas komuta, &gcirc;i estas
          alio ol <tld/>o (kvankam <tld/>o estas &gcirc;ia parto).
          <aut>Sergio Pokrovskij</aut>
        </rim>
      </snc>
  <trd lng="be">&c_s;&c_k;&c_l;&c_a;&c_d;&c_v;&c_a;&c_c;&c_mol;</trd>
  <trdgrp lng="cs">
    <trd>se&ccaron;&iacute;st</trd>,
    <trd>s&ccaron;&iacute;tat</trd>
  </trdgrp>
  <trdgrp lng="da">
    <trd>addere</trd>,
    <trd>l&aelig;gge sammen</trd>
  </trdgrp>
  <trdgrp lng="de">
        <trd>addieren</trd>,
        <trd>hinzuf&uuml;gen</trd>
      </trdgrp>
  <trd lng="en">add</trd>
  <trd lng="es">sumar</trd>
  <trdgrp lng="fr">
        <trd>additionner</trd>,
        <trd>ajouter</trd>
      </trdgrp>
  <trd lng="hu">&ouml;sszead</trd>
  <trdgrp lng="id">
        <trd>[<ind>jumlah</ind>] menjumlahkan</trd>,
        <trd>[<ind>tambah</ind>] menambahkan</trd>
      </trdgrp>
  <trd lng="nl">optellen</trd>
  <trd lng="pl">doda&cacute;</trd>
  <trdgrp lng="pt">
        <trd>adicionar</trd>,
        <trd>aditar</trd>,
        <trd>adir</trd>,
        <trd>somar</trd>
      </trdgrp>
  <trdgrp lng="ru">
        <trd>&c_s;&c_l;&c_o;&c_zh;&c_i;&c_t;&c_mol;<klr> (&c_m;&c_a;&c_t;.)</klr></trd>,
        <trd>&c_s;&c_k;&c_l;&c_a;&c_d;&c_y;&c_v;&c_a;&c_t;&c_mol;<klr> (&c_m;&c_a;&c_t;.)</klr></trd>
      </trdgrp>
  <trdgrp lng="sk">
    <trd>s&ccaron;&iacute;ta&tcaron;</trd>,
    <trd>spo&ccaron;&iacute;ta&tcaron;</trd>
  </trdgrp>
  <trd lng="sv">addera</trd>
</drv>

    <drv mrk="adici.0o">
      <kap><tld/>o</kap>
      <uzo tip="fak">MAT</uzo>
      <snc mrk="adici.0o.elementa">
        <fnt><bib>VdE</bib></fnt>
        <uzo tip="klr">(elementa aritmetiko)</uzo>
        <dif>
          La operacio <ref cel="adici.0i">adicii</ref>:
          <ekz>
            <frm>10+8 = 18</frm> <klr>(legu: dek plus ok
              estas dek ok, a&ubreve; dek kaj ok estas dek ok)</klr>
          </ekz>
        </dif>
      </snc>
      <snc mrk="adici.0o.ringo">
        <fnt><bib>PIV2</bib><lok>ringo</lok></fnt>
        <dif>
          <klr>(en <ref cel="ring.0o.MAT">ringo</ref>)</klr> &Gcirc;ia unua
          <ref tip="super" cel="operac.0o.MAT">operacio</ref>.
        </dif>
      </snc>
      <refgrp tip="vid">
        <ref cel="sum.0o">sumo</ref>,
        <ref cel="term.0o.sumo">termo</ref>.
      </refgrp>
      <trd lng="be">&c_s;&c_k;&c_l;&c_a;&c_d;&c_v;&c_a;&c_n;&c_mol;&c_n;&c_je;</trd>
      <trd lng="de">Addition</trd>
      <trd lng="en">addition</trd>
      <trd lng="es">suma</trd>
      <trd lng="fr">addition</trd>
      <trd lng="hu">&ouml;sszead&aacute;s</trd>
      <trd lng="id">[<ind>jumlah</ind>] penjumlahan</trd>
      <trd lng="it">addizione</trd>
      <trd lng="nl">optelling</trd>
      <trd lng="pl">dodawanie</trd>
      <trd lng="pt">adi&ccedil;&atilde;o</trd>
      <trd lng="ru">&c_s;&c_l;&c_o;&c_zh;&c_je;&c_n;&c_i;&c_je;</trd>
      <trd lng="sk">s&ccaron;&iacute;tanie</trd>
      <trd lng="sv">addition</trd>
      <trdgrp lng="sk">
    <trd>pr&iacute;davok</trd>,
    <trd>pr&iacute;sada</trd>
  </trdgrp>
  <trdgrp lng="cs">
    <trd>p&rcaron;id&aacute;n&iacute;</trd>,
    <trd>p&rcaron;&iacute;davek</trd>,
    <trd>p&rcaron;&iacute;m&ecaron;s</trd>,
    <trd>p&rcaron;&iacute;sada</trd>
  </trdgrp>
</drv>

    <drv mrk="adici.0ato">
      <kap><tld/>ato</kap>
      <uzo tip="fak">MAT</uzo>
      <fnt><bib>PIV1</bib></fnt>
      <snc>
        <dif>
          Nombro, kiun oni <ref cel="adici.0i"><tld/>as</ref> al alia
          nombro; alidire: dua termo en <tld/>o.
        </dif>
        <rim num="1">
          Pro la komuteco de <tld/>o nenio malhelpas nomi
          <ctl><tld/>ato</ctl> anka&ubreve; la unuan termon. Se oni bazus la
          terminologion sur la metaforo <ctl>pliigi</ctl>, kaj ne
          <ctl>aldoni</ctl>, estus facile paroli pri
          <ctl>pliigato</ctl> (unua termo) kaj <ctl>pliiganto</ctl>
          (dua termo).  Aspektas stranga anka&ubreve; la manko de la formo
          <ctl><tld/>anto</ctl>, dum ekzistas
          <ctl>multiplikanto</ctl>. La kialo ku&scirc;as en tio, ke &ccirc;e
          <ctl>multipliki</ctl>, <ctl>dividi</ctl>, <ctl>pliigi</ctl>,
          <ctl>malpliigi</ctl> la dua argumento aperas kiel
          instrumento, kiu per facila semantika &scirc;ovo povas alpreni
          funkcion de subjekto.  Male, &ccirc;e <ctl>adicii</ctl> kaj
          <ctl>subtrahi</ctl>, la dua argumento rolas kiel objekto kaj
          ne povas alpreni la funkcion de subjekto.
        </rim>
        <rim num="2" mrk="adici.0ato.pok">
          La&ubreve; la rekomendinda modelo <ctl><tld/>i ikson kaj
          ipsilonon</ctl>, &ccirc;iuj argumentoj de <tld/>o estas <tld/>atoj;
          apartigi la duan estas atavismo de iu mezepoka skolo, tre
          stranga por moderna matematikisto.  Tute senhezite oni
          parolas pri <ctl><em>la unua</em> <tld/>ato</ctl>, <ctl>la
          deka <tld/>ato</ctl>, <ctl><em>&ccirc;iuj</em> <tld/>atoj</ctl>
          ktp:
          <ekz>
            pro tio, ke &ccirc;iuj <frm>U</frm> <tld/>atoj pozitivas
            <klr>...</klr>
            pro <frm>S&#8804;1</frm> la unua <tld/>ato neniam povas
            negativi&gcirc;i <klr>...</klr>
            <fnt>
              <aut>Frank kaj Maksimova</aut>:
              <vrk>nformationstheorie.
                <url
 ref="http://www2.cs.upb.de/extern/fb/2/Kyb.Paed/KYP1-A/3.2%20Mittlere%20Codewortl.%20fertig.pdf"
                  >p. 166</url></vrk>
            </fnt>.
          </ekz>
          <aut>Sergio Pokrovskij</aut>
        </rim>
      </snc>
  <trd lng="be">&c_s;&c_k;&c_l;&c_a;&c_d;&c_n;&c_ib;&c_k;</trd>
  <trdgrp lng="cs">
    <trd>adi&ccaron;n&iacute; produkt</trd>,
    <trd>adukt</trd>,
    <trd>produkt adice</trd>
  </trdgrp>
  <trdgrp lng="de">
        <trd>Addend</trd>,
        <trd>Auktor</trd>
      </trdgrp>
  <trd lng="en">addend</trd>
  <trd lng="es">sumando</trd>
  <trdgrp lng="fr">
        <trd>nombre &agrave; ajouter</trd>,
        <trd>second <ind>terme</ind></trd>
      </trdgrp>
  <trd lng="hu">&ouml;sszeadand&oacute;</trd>
  <trd lng="pl">drugi <ind>sk&lstroke;adnik</ind> dodawania</trd>
  <trd lng="ru">&c_s;&c_l;&c_a;&c_g;&c_a;&c_je;&c_m;&c_o;&c_je;</trd>
  <trdgrp lng="sk">
    <trd>adi&ccaron;n&yacute; produkt</trd>,
    <trd>s&ccaron;&iacute;tanec</trd>,
    <trd>zl&uacute;&ccaron;enina</trd>
  </trdgrp>
</drv>

    <drv mrk="adici.matrica0o">
      <kap>matrica <tld/>o</kap>
      <uzo tip="fak">MAT</uzo>
      <snc>
        <dif>
          <klr>(de du <ref
          cel="matric.n_p0o">(n,p)-matricoj</ref>)</klr>
          <ref tip="super" cel="operac.0o.MAT">Operacio</ref>, kiu
          konsistas
          en poelementa <tld/>o:
          <ekz>
            la &gcirc;enerala elemento <frm>C<sub><k>ij</k></sub></frm> de la
            rezulto de <tld/>o de <frm>A</frm> al <frm>B</frm> estas
            <frm>A<sub><k>ij</k></sub>+B<sub><k>ij</k></sub></frm>.
          </ekz>
        </dif>
      </snc>
      <adm>
        Kontroli trd de. <aut>MB</aut>
      </adm>
      <trd lng="de">Matrizenaddition</trd>
      <trd lng="en">matrix <ind>addition</ind></trd>
      <trd lng="fr">addition matricielle</trd>
      <trd lng="hu">m&aacute;trix&ouml;sszead&aacute;s</trd>
      <trd lng="id">[<ind>jumlah</ind>] penjumlahan matriks</trd>
      <trd lng="pl">dodawanie macierzy</trd>
      <trd lng="ru">&c_s;&c_l;&c_o;&c_zh;&c_je;&c_n;&c_i;&c_je; &c_m;&c_a;&c_t;&c_r;&c_i;&c_c;</trd>
      <trd lng="sk">s&ccaron;&iacute;tanie mat&iacute;c</trd>
      <trd lng="sk">maticov&eacute; s&ccaron;&iacute;tanie</trd>
  <trd lng="cs">maticov&eacute; s&ccaron;&iacute;t&aacute;n&iacute;</trd>
</drv>

    <drv mrk="adici.polinoma0o">
      <kap>polinoma <tld/>o</kap>
      <uzo tip="fak">MAT</uzo>
      <snc>
        <dif>
          Unua <ref tip="super" cel="operac.0o.MAT">operacio</ref> en
          <ref cel="ring.polinom0o">polinom-ringo</ref>, kiu konsistas
          en
          poterma <tld/>o:
          <ekz>
            la &gcirc;enerala termo <frm><g>S</g><sub><k>n</k></sub></frm>
            de la rezulto de <tld/>o de <frm><g>P</g></frm>
            al <frm><g>Q</g></frm> estas
            <frm><g>P</g><sub><k>n</k></sub>+<g>Q</g><sub><k>n</k></sub></frm>.
          </ekz>
        </dif>
      </snc>
      <adm>
        Kontroli trd de/en. <aut>MB</aut>
      </adm>
      <trd lng="de">Polynomaddition</trd>
      <trd lng="en">polynomial <ind>addition</ind></trd>
      <trd lng="fr">addition polynomiale</trd>
      <trd lng="hu">polin&oacute;m-&ouml;sszead&aacute;s</trd>
      <trd lng="id">[<ind>jumlah</ind>] penjumlahan polinom</trd>
      <trd lng="pl">dodawanie wielomian&oacute;w</trd>
      <trd lng="pt">adi&ccedil;&atilde;o polinomial</trd>
      <trd lng="ru">&c_s;&c_l;&c_o;&c_zh;&c_je;&c_n;&c_i;&c_je; &c_m;&c_n;&c_o;&c_g;&c_o;&c_ch;&c_l;&c_je;&c_n;&c_o;&c_v;</trd>
      <trd lng="sk">s&ccaron;&iacute;tanie mnoho&ccaron;lenov</trd>
      <trd lng="sk">s&ccaron;&iacute;tanie mnoho&ccaron;lenov</trd>
  <trd lng="cs">s&ccaron;&iacute;t&aacute;n&iacute; mnoho&ccaron;len&uring;</trd>
</drv>
  </art>
  <!--
  $Log: adici.xml,v $
  Revision 1.45  2017/04/01 18:10:12  revo
  Lars Raarup Knudsen: dana traduko

  Revision 1.44  2015/07/04 08:37:29  revo
  aldono de trd cs per skripto de M. von Laer

  Revision 1.43  2015/06/28 12:03:35  revo
  aldono de trd sk per skripto de M. von Laer

  Revision 1.42  2014/11/14 08:10:14  revo
  Eko Nur Syah Hidayat: +trd id

  Revision 1.41  2011/03/23 07:10:08  revo
  Larry Gilbert: korekti rompitan ligilon

  Revision 1.40  2011/03/10 05:10:12  revo
  Sergio Pokrovskij: -tajperaroj

  Revision 1.39  2011/03/07 12:10:08  revo
  Sergio Pokrovskij: +3 rim-oj

  Revision 1.38  2010/02/26 17:30:19  revo
  Jozefo Horvath: +trrd hu

  Revision 1.37  2004/12/05 17:32:08  revo
  Marc Bavant: ~ato: mod rim

  Revision 1.36  2004/07/06 16:34:45  revo
  Marc Bavant: ~o (en ringo): aldonis mankantajn markojn klr en dif

  Revision 1.35  2003/10/26 17:30:34  revo
  Marc Bavant: ~o (elementa): mod frm en ekz
  Revision 1.34  2003/05/18 17:59:49  revo
  Viliam Bur: +trd sk
  Revision 1.33  2003/05/12 16:32:53  revo
  Marc Bavant: ~ato: kor rim
  Revision 1.32  2003/04/07 16:33:56  revo
  Marc Bavant: ~ato: mod trd pl
  Revision 1.31  2003/02/01 17:32:17  revo
  Marc Bavant: ~ato: mod trd pl
  Revision 1.30  2003/01/13 17:33:27  revo
  Marc Bavant: matrica ~o: mod trd de
  Revision 1.29  2003/01/02 17:43:22  revo
  -->
</vortaro>
