<?xml version="1.0"?>
<!DOCTYPE vortaro SYSTEM "../dtd/vokoxml.dtd">
<vortaro>
<art mrk="$Id: adjekt.xml,v 1.29 2018/03/01 09:10:14 revo Exp $">
<kap>
  <ofc>*</ofc>
  <rad>adjektiv</rad>/o 
</kap>
<drv mrk="adjekt.0o">
  <kap><ofc>*</ofc><tld/>o</kap>
  <snc mrk="adjekt.0o.GRA">
    <uzo tip="fak">GRA</uzo>
    <dif>
      Vorto prezentanta kvaliton, ofte
      rilata al responda <ref tip="dif"
      cel="substa1.0o">substantivo</ref>:
      <ekz>
        en esperanto la <tld/>o havas la fina&jcirc;on a;
      </ekz>
      <ekz>
        la <tld/>o povas funkcii <ref tip="dif"
        cel="epitet.0o.GRA">epitete</ref> a&ubreve; <ref tip="dif"
        cel="predik2.0o">predikate</ref>.
      </ekz>
    </dif>
  </snc>
  <trd lng="be">&c_p;&c_r;&c_y;&c_m;&c_je;&c_t;&c_n;&c_ib;&c_k;</trd>
  <trd lng="br">anv-gwan</trd>
  <trd lng="ca">adjectiu</trd>
  <trdgrp lng="cs">
  <trd>adjektivum</trd>,
  <trd>p&rcaron;&iacute;davn&eacute; jm&eacute;no</trd>
  </trdgrp>
  <trdgrp lng="de">
    <trd>Adjektiv</trd>,
    <trd>Eigenschaftswort</trd>
  </trdgrp>
  <trd lng="en">adjective</trd>
  <trd lng="es">adjetivo</trd>
  <trd lng="fa">&a_S;&a_f;&a_t;</trd>
  <trd lng="fr">adjectif</trd>
  <trd lng="hu">mell&eacute;kn&eacute;v</trd>
  <trd lng="it">aggettivo</trd>
  <trdgrp lng="nl">
    <trd>adjectief</trd>,
    <trd>bijvoeglijk <ind>naamwoord</ind></trd>
  </trdgrp>
  <trd lng="pl">przymiotnik</trd>
  <trd lng="pt">adjetivo</trd>
  <trd lng="ru">&c_p;&c_r;&c_i;&c_l;&c_a;&c_g;&c_a;&c_t;&c_je;&c_l;&c_mol;&c_n;&c_o;&c_je;</trd>
  <trd lng="sk">pr&iacute;davn&eacute; meno</trd>
  <trd lng="sv">adjektiv</trd>
  <trd lng="zh">&#24418;&#23481;&#35789; [<ind>x&iacute;ng r&oacute;ng c&iacute;</ind>]</trd>
</drv>

<drv mrk="adjekt.0igi">
  <kap><tld/>igi</kap>
  <gra><vspec>tr</vspec></gra>
  <snc mrk="adjekt.0igi.GRA">
    <uzo tip="fak">GRA</uzo>
    <dif>
      &Scirc;an&gcirc;i la kategorion de vorto al la <tld/>a:
      <ekz>
        <klr>[en la germana lingvo]</klr> la sufiksoj
        <ctl>-ig</ctl>, <ctl>-lich</ctl>, <ctl>-isch</ctl>
        ofte simple <tld/>igas alikategorian radikon
        <fnt>
          <aut>[R. F&ouml;ssmeier]</aut>
          <vrk><url
          ref="http://www.ais-sanmarino.org/ilo/de/sufiksoj-adj.html">
          La Germana lingvo, oficiala lingvo de AIS</url></vrk>
          <lok>[2006]</lok>
        </fnt>.
      </ekz>
    </dif>
  </snc>
  <trd lng="fr">adjectiver</trd>
</drv>
</art>
<!--
$Log: adjekt.xml,v $
Revision 1.29  2018/03/01 09:10:14  revo
Jeromo Vasxe: harmoniig. dif kun aliaj kat

Revision 1.28  2018/02/28 18:10:14  revo
Jeromo Vasxe: + ~igi

Revision 1.27  2015/07/04 08:37:29  revo
aldono de trd cs per skripto de M. von Laer

Revision 1.26  2015/06/30 20:10:18  revo
Darcy Shen: +trd zh

Revision 1.25  2014/01/08 11:10:12  revo
Damien Brucker: +ref

Revision 1.24  2011/12/04 23:10:27  revo
Marc Rausell: kataluna traduko

Revision 1.23  2009/06/16 16:31:08  revo
Behnam Tabatabai: +trd fa

Revision 1.22  2009/02/01 17:30:23  revo
-->
</vortaro>
