<?xml version="1.0"?>
<!DOCTYPE vortaro SYSTEM "../dtd/vokoxml.dtd">

<vortaro>
<art mrk="$Id: adjunk.xml,v 1.18 2015/07/04 08:37:29 revo Exp $">
<kap>
  <rad>adjunkt</rad>/o <fnt>Z</fnt> <fnt><bib>PV</bib></fnt>
</kap>
<drv mrk="adjunk.0o">
  <kap><tld/>o</kap>
  <snc mrk="adjunk.0o.KOMUNE">
    <dif>
      <ref tip="super" cel="help.0anto.KOMUNE">Helpanto</ref>
      en ofica funkcio:
      <ekz>
        <tld/>o de urbestro, de direktoro.
      </ekz>
    </dif>
  </snc>
  <trdgrp lng="be">
    <trd>&c_a;&c_d;'&c_ju;&c_n;&c_k;&c_t;</trd>,
    <trd>&c_p;&c_a;&c_m;&c_o;&c_ch;&c_n;&c_ib;&c_k;</trd>,
    <trd>&c_a;&c_s;&c_y;&c_s;&c_t;&c_e;&c_n;&c_t;</trd>
  </trdgrp>
  <trdgrp lng="ca">
    <trd>adjunt</trd>,
    <trd>assistent</trd>
  </trdgrp>
  <trdgrp lng="cs">
    <trd>adjunkt</trd>,
    <trd>pomocný úředník</trd>
  </trdgrp>
  <trd lng="en">adjunct</trd>
  <trd lng="es">asistente</trd>
  <trdgrp lng="fr">
    <trd>adjoint</trd>,
    <trd>assistant</trd>
  </trdgrp>
  <trdgrp lng="hu">
    <trd>helyettes</trd>,
    <trd>adjunktus</trd>
  </trdgrp>
  <trd lng="it">aggiunto<klr> (burocr.)</klr></trd>
  <trd lng="nl">adjunct</trd>
  <trd lng="pl">adiunkt</trd>
  <trdgrp lng="pt">
    <trd>adjunto</trd>,
    <trd>assistente</trd>,
    <trd>auxiliar</trd>
  </trdgrp>
  <trd lng="ro">asistent</trd>
  <trdgrp lng="ru">
    <trd>&c_p;&c_o;&c_m;&c_o;&c_shch;&c_n;&c_i;&c_k;</trd>,
    <trd>&c_a;&c_s;&c_s;&c_i;&c_s;&c_t;&c_je;&c_n;&c_t;</trd>,
    <trd>&c_a;&c_d;&c_malmol;&c_ju;&c_n;&c_k;&c_t;</trd>
  </trdgrp>
  <trdgrp lng="sk">
    <trd>pomocn&yacute; <ind>&uacute;radn&iacute;k</ind></trd>,
    <trd>pomocný úradník</trd>
  </trdgrp>
</drv>
</art>
<!--
$Log: adjunk.xml,v $
Revision 1.18  2015/07/04 08:37:29  revo
aldono de trd cs per skripto de M. von Laer

Revision 1.17  2015/06/28 12:03:35  revo
aldono de trd sk per skripto de M. von Laer

Revision 1.16  2013/10/30 20:10:15  revo
Vito Redsky: +trd  pl ro

Revision 1.15  2013/06/28 19:10:12  revo
Jeromo Vasxe: ref sup

Revision 1.14  2012/07/15 08:10:19  revo
Marc Rausell: + trd ca

Revision 1.13  2011/11/02 10:10:08  revo
Antonio Codazzi: +trd it

Revision 1.12  2003/10/28 17:31:09  revo
Dmitri Gabinski: +trd be

Revision 1.11  2003/05/17 16:31:01  revo
Viliam Bur: +trd sk

Revision 1.10  2002/09/22 08:13:57  revo
Christopher Zervic: + ang

Revision 1.9  2002/04/22 16:32:26  revo
-->
</vortaro>
