<?xml version="1.0"?>
<!DOCTYPE vortaro SYSTEM "../dtd/vokoxml.dtd">

<vortaro>
<art mrk="$Id: adjuta.xml,v 1.23 2017/05/22 18:10:14 revo Exp $">
<kap>
  <ofc>1</ofc>
  <rad>adjutant</rad>/o
</kap>
<drv mrk="adjuta.0o">
  <kap><tld/>o</kap>
  <uzo tip="fak">MIL</uzo>
  <snc>
    <dif>
      <ref tip="super" cel="oficir.0o.MIL">Oficiro</ref>,
      la&ubreve;ofice akompananta sian &ccirc;efon kaj helpanta lin
      en la komandado:
      <ekz>
        <tld/>oj kun senceremoniaj, sed servutaj manieroj
        <fnt><bib>PatrojFiloj</bib> <lok>&ccirc;apitro 1a, p. 6a</lok>
        </fnt>.
      </ekz>
    </dif>
    <refgrp tip="vid">
      Ne konfuzu kun:
      <ref cel="adjuda.0o">adjudanto</ref>
    </refgrp>
  </snc>
  <trd lng="be">&c_a;&c_d;'&c_ju;&c_t;&c_a;&c_n;&c_t;</trd>
  <trdgrp lng="cs">
    <trd>adjutant</trd>,
    <trd>pobo&ccaron;n&iacute;k</trd>
  </trdgrp>
  <trd lng="de">Adjutant</trd>
  <trdgrp lng="en">
    <trd>adjutant</trd>,
    <trd>aide-de-camp</trd>
  </trdgrp>
  <trd lng="fa">&a_A_madda;&a_j;&a_w;&a_d;&a_A;&a_n;</trd>
  <trdgrp lng="fr">
    <trd>aide-de-camp</trd>
  </trdgrp>
  <trdgrp lng="hu">
    <trd>adjut&aacute;ns</trd>,
    <trd>seg&eacute;dtiszt</trd>
  </trdgrp>
  <trdgrp lng="it">
    <trd>aiutante di campo</trd>,
    <trd>aiutante di battaglia (?)</trd>
  </trdgrp>
  <trd lng="nl">adjudant</trd>
  <trd lng="pl">adjutant</trd>
  <trd lng="pt">ajudante-de-ordens</trd>
  <trd lng="ro">aghiotant</trd>
  <trd lng="ru">&c_a;&c_d;&c_malmol;&c_ju;&c_t;&c_a;&c_n;&c_t;</trd>
  <trd lng="sk">pobo&ccaron;n&iacute;k</trd>
</drv>
</art>
<!--
$Log: adjuta.xml,v $
Revision 1.23  2017/05/22 18:10:14  revo
Vito Redsky: trd ro

Revision 1.22  2015/07/04 08:37:29  revo
aldono de trd cs per skripto de M. von Laer

Revision 1.21  2009/06/16 16:31:09  revo
Behnam Tabatabai: +trd fa

Revision 1.20  2009/03/02 17:31:07  revo
Antonio Codazzi: +trd it

Revision 1.19  2008/09/20 07:21:58  revo
Sebastian Cyprych: +trd pl

Revision 1.18  2007/07/09 16:30:57  revo
Tulio Flores: +tr pt

Revision 1.17  2005/08/14 16:31:52  revo
Marc Bavant: mod ref cel al oficiro

Revision 1.16  2005/02/22 17:31:48  revo
-->
</vortaro>
