<?xml version="1.0"?>
<!DOCTYPE vortaro SYSTEM "../dtd/vokoxml.dtd">

<vortaro>
<art mrk="$Id: adjudik.xml,v 1.16 2015/07/04 08:37:29 revo Exp $">
<kap>
  <rad>adjudik</rad>/i <fnt><bib>PIV1</bib></fnt>
</kap>
<drv mrk="adjudik.0i">
  <kap><tld/>i</kap>
  <uzo tip="fak">EKON</uzo>
  <uzo tip="fak">JUR</uzo>
  <fnt><bib>IKEV</bib></fnt>
  <snc mrk="adjudik.0i.JUR">
    <dif>
      Proponi kontrakton pri laboro, livero ks al pluraj
      konkurencantoj, por ke ili proponu &gcirc;ian plenumon
      kontra&ubreve; plejeble malalta prezo kaj je alta kvalito
      a&ubreve; aliaj kondi&ccirc;oj.
    </dif>
    <ref tip="vid" cel="jugx.al0i">alju&gcirc;i</ref>
  </snc>
  <trdgrp lng="be">
    <trd>&c_a;&c_b;'&c_ja;&c_v;&c_ib;&c_c;&c_mol; <ind>&c_t;&c_e;&c_n;&c_d;&c_e;&c_r;</ind></trd>,
    <trd>&c_a;&c_b;'&c_ja;&c_v;&c_ib;&c_c;&c_mol; <ind>&c_k;&c_o;&c_n;&c_k;&c_u;&c_r;&c_s;</ind></trd>
  </trdgrp>
  <trd lng="cs">vypsat veřejnou soutěž</trd>
  <trdgrp lng="de">
    <trd>ausschreiben</trd>,
    <trd>verdingen<klr> [ark]</klr></trd>
  </trdgrp>
  <trdgrp lng="en">
    <trd>invite tenders (for)</trd>,
    <trd>put out to tender</trd>
  </trdgrp>
  <trdgrp lng="es">
     <trd>adjudicar</trd>,
     <trd>contratar</trd>
  </trdgrp>
  <trdgrp lng="fr">
    <trd>faire un appel d'<ind>offre</ind>s (pour)</trd>,
    <trd>mettre en <ind>adjudication</ind></trd>,
    <trd>mettre aux <ind>ench&egrave;re</ind>s</trd>
  </trdgrp>
  <trdgrp lng="hu">
    <trd>tendert &iacute;r ki</trd>,
    <trd>versenyt&aacute;rgyal&aacute;st hirdet</trd>
  </trdgrp>
  <trd lng="it">appaltare</trd>
  <trd lng="pl">przetarg og&lstroke;asza&cacute;</trd>
  <trd lng="ro">inscriere</trd>
  <trdgrp lng="ru">
    <trd>&c_o;&c_b;&c_malmol;&c_ja;&c_v;&c_i;&c_t;&c_mol; <ind>&c_t;&c_je;&c_n;&c_d;&c_je;&c_r;</ind></trd>,
    <trd>&c_o;&c_b;&c_malmol;&c_ja;&c_v;&c_i;&c_t;&c_mol; <ind>&c_k;&c_o;&c_n;&c_k;&c_u;&c_r;&c_s;</ind></trd>
  </trdgrp>
  <trdgrp lng="sk">
    <trd>vyhl&aacute;si&tcaron; <ind>konkurz</ind></trd>,
    <trd>vypísať verejnú súťaž</trd>
  </trdgrp>
  <trd lng="tr">ihaleye &ccedil;&inodot;karmak</trd>
</drv>

<drv mrk="adjudik.0o">
  <kap><tld/>o</kap>
  <uzo tip="fak">EKON</uzo>
  <uzo tip="fak">JUR</uzo>
  <fnt><bib>IKEV</bib></fnt>
  <snc mrk="adjudik.0o.JUR">
    <dif>
      Ago <tld/>i:
      <ekz>
        la homoj <klr>...</klr> estis muelistoj de Poket,
        veturantaj al <tld/>o pri liverado de faruno al
        armeo
        <fnt>
          <aut>A. Grin, trad. J. Finkel</aut>,
          <vrk><url ref="http://www.esperanto.mv.ru/Grin/vojo.html">
          La vojo nenien</url></vrk>,
          <lok>2008</lok>
        </fnt>.
      </ekz>
    </dif>
  </snc>
  <trdgrp lng="be">
    <trd>&c_t;&c_e;&c_n;&c_d;&c_e;&c_r; <klr tip="amb">(&c_n;&c_a; &c_z;&c_a;&c_k;&c_u;&c_p;&c_k;&c_u;)</klr></trd>,
    <trd>&c_k;&c_o;&c_n;&c_k;&c_u;&c_r;&c_s; <klr tip="amb">(&c_n;&c_a; &c_z;&c_a;&c_k;&c_u;&c_p;&c_k;&c_u;)</klr></trd>
  </trdgrp>
  <trd lng="cs">vypsání veřejné soutěže</trd>
  <trdgrp lng="de">
    <trd>Ausschreibung</trd>,
    <trd>Verdingung<klr> [ark]</klr></trd>
  </trdgrp>
  <trdgrp lng="en">
    <trd>invitation to tender</trd>,
    <trd>tender invitation</trd>
  </trdgrp>
  <trdgrp lng="es">
     <trd>adjudicaci&oacute;n</trd>,
     <trd>contrato</trd>
  </trdgrp>
  <trdgrp lng="fr">
    <trd>appel d'<ind>offre</ind>s</trd>,
    <trd>adjudication</trd>,
    <trd><ind>ench&egrave;re</ind>s</trd>
  </trdgrp>
  <trdgrp lng="hu">
    <trd>tenderki&iacute;r&aacute;s</trd>,
    <trd>versenyki&iacute;r&aacute;s</trd>
  </trdgrp>
  <trd lng="it">appalto</trd>
  <trd lng="pl">przetarg</trd>
  <trdgrp lng="ru">
    <trd>&c_t;&c_je;&c_n;&c_d;&c_je;&c_r;</trd>,
    <trd>&c_k;&c_o;&c_n;&c_k;&c_u;&c_r;&c_s; <klr tip="amb">(&c_n;&c_a; &c_z;&c_a;&c_k;&c_u;&c_p;&c_k;&c_u;,
    &c_r;&c_a;&c_b;&c_o;&c_t;&c_u;)</klr></trd>
  </trdgrp>
  <trdgrp lng="sk">
    <trd>konkurz</trd>,
    <trd>vypísanie verejnej súťaže</trd>
  </trdgrp>
  <trd lng="tr">ihale</trd>
</drv>
</art>
<!--
$Log: adjudik.xml,v $
Revision 1.16  2015/07/04 08:37:29  revo
aldono de trd cs per skripto de M. von Laer

Revision 1.15  2015/06/28 12:03:35  revo
aldono de trd sk per skripto de M. von Laer

Revision 1.14  2013/10/30 20:10:14  revo
Vito Redsky: +trd  pl ro

Revision 1.13  2011/11/02 10:10:09  revo
Antonio Codazzi: +trd it

Revision 1.12  2011/09/11 17:10:09  revo
Jeromo Vasxe: + ekz

Revision 1.11  2010/07/10 16:30:35  revo
Agustin Garcia Lopez: +trd es

Revision 1.10  2009/08/28 16:30:55  revo
Emmanuel Debanne: +trd tr

Revision 1.9  2005/07/06 16:31:27  revo
Yury Finkel: +trd ru

Revision 1.8  2005/02/22 17:31:46  revo
Marc Bavant: +ref al aljugxi

Revision 1.7  2005/02/18 17:35:57  revo
-->
</vortaro>
