<?xml version="1.0"?>
<!DOCTYPE vortaro SYSTEM "../dtd/vokoxml.dtd">

<vortaro>
<art mrk="$Id: adjuda.xml,v 1.7 2019/02/05 21:10:20 revo Exp $">
<kap>
  <rad>adjudant</rad>/o
  <fnt><bib>PIV2</bib></fnt>
</kap>
<drv mrk="adjuda.0o">
  <kap><tld/>o</kap>
  <uzo tip="fak">MIL</uzo>
  <snc>
    <dif>
      En terarmeo kaj aerarmeo, 
      <ref tip="super" cel="oficir.sub0o">suboficiro</ref>, kiu rangas
      inter
      <ref cel="sergxe.cxef0o">&ccirc;efser&gcirc;ento</ref> kaj
      <ref cel="adjuda.cxef0o">&ccirc;ef<tld/>o</ref>:
      <ekz>
        <nom>Olivia</nom> estis la filino de emeriti&gcirc;inta <tld/>o-generalo, kaj ricevis mallongan
        formalan edukadon
        <fnt>
          <bib>Viki</bib>
          <lok><url ref="https://eo.wikipedia.org/?curid=360549"
              >Olivia Shakespear</url></lok>
        </fnt>.
      </ekz>
    </dif>
    <ref tip="sin" cel="leuxte.vicsub0o">vicsuble&ubreve;tenanto</ref>
    <rim>
      Ne konfuzu kun:
      <ref cel="adjuta.0o">adjutanto</ref>.
    </rim>
  </snc>
  <trd lng="cs">adjutant</trd>
  <trd lng="de">Stabsfeldwebel</trd>
  <trd lng="fa">&a_A;&a_s;&a_t;&a_w;&a_A;&a_r; &a_d;&a_w;&a_m;</trd>
  <trd lng="fr">adjudant</trd>
  <trd lng="it">maresciallo</trd>
  <trd lng="nl">adjudant</trd>
  <trd lng="sk">adjutant</trd>
</drv>

<drv mrk="adjuda.cxef0o">
  <kap>&ccirc;ef<tld/>o</kap>
  <uzo tip="fak">MIL</uzo>
  <snc>
    <dif>
      En terarmeo kaj aerarmeo,
      <ref tip="super" cel="oficir.sub0o">suboficiro</ref>,
      kiu rangas super
      <ref cel="adjuda.0o"><tld/>o</ref>.
    </dif>
  </snc>
  <trd lng="de">Oberstabsfeldwebel</trd>
  <trd lng="fa">&a_A;&a_s;&a_t;&a_w;&a_A;&a_r; &f_y;&f_k;&a_m;</trd>
  <trd lng="fr">adjudant-chef</trd>
  <trd lng="nl">adjudant-chef</trd>
  <trd lng="it">maresciallo maggiore</trd>
  <adm>
    Kiel nomi la superulon de cxef~o? (en la franca "major",
    havanta nenion komunan kun la E-a "majoro").
    <aut>MB</aut>
  </adm>
  <adm>
    Aldone... kiel nomi la inter-rangoj kiuj estas en iuj armeoj? (en la
    itala "scelto", "ordinario", "capo", "aiutante" havanta nenion komunan kun 
    la esperantigita militara hierarkio).
    <aut>Codazzi</aut>
  </adm>
  <adm>  
     La kompara tabelo de NATO helpas trovi la ta&ubreve;gajn tradukojn:
     https://de.wikipedia.org/wiki/NATO-Rangcode
     <aut>WD</aut>
  </adm>
</drv>
</art>

<!--
$Log: adjuda.xml,v $
Revision 1.7  2019/02/05 21:10:20  revo
Wolfram Diestel: +ekz, germ trd, +adm

Revision 1.6  2015/07/04 08:37:29  revo
aldono de trd cs per skripto de M. von Laer

Revision 1.5  2015/06/28 12:03:35  revo
aldono de trd sk per skripto de M. von Laer

Revision 1.4  2009/08/26 16:31:30  revo
Behnam Tabatabai: +trd fa

Revision 1.3  2009/03/02 17:31:06  revo
Antonio Codazzi: +trd it, + +adm

Revision 1.2  2005/04/26 16:31:29  revo
Paul Peeraerts: ald trd nl

Revision 1.1  2005/02/22 17:31:44  revo
Marc Bavant: nova artikolo

-->
</vortaro>
