<?xml version="1.0"?>
<!DOCTYPE vortaro SYSTEM "../dtd/vokoxml.dtd">

<vortaro>
<art mrk="$Id: admira.xml,v 1.28 2017/12/19 12:10:15 revo Exp $">
<kap>
  <ofc>1</ofc>
  <rad>admiral</rad>/o <fnt><bib>PV</bib></fnt>
</kap>

<drv mrk="admira.0o">
  <kap><tld/>o</kap>
  <snc mrk="admira.0o.MIL">
    <uzo tip="fak">MAR</uzo>
    <uzo tip="fak">MIL</uzo>
    <dif>
      En mararmeo, 
      <ref tip="super" cel="oficir.0o.MIL">oficiro</ref> kun
      rango ekvivalenta al tiu de <ref cel="genera1.0o">generalo</ref>:
      <ekz>
        <tld/>o Avelan kun oficiroj de sia stabo surbordi&gcirc;is
        <fnt>
         <aut>L. N. Tolstoj, trad. I. Ma&ccirc;ernis</aut>,
         <vrk><url
         ref="http://cindymckee.com/librejo/TOLSTOJ_Kristanismo_kaj_patriotismo.pdf">
         Kristanismo kaj Patriotismo</url></vrk>,
         <lok>1931</lok>
        </fnt>.
      </ekz>
    </dif>
    <ref tip="sin" cel="sxip.0arestro">&scirc;iparestro</ref>
  </snc>
  <trd lng="be">&c_a;&c_d;&c_m;&c_ib;&c_r;&c_a;&c_l;</trd>
  <trd lng="bg">&c_a;&c_d;&c_m;&c_i;&c_r;&c_a;&c_l;</trd>
  <trd lng="ca">almirall</trd>
  <trd lng="cs">admir&aacute;l</trd>
  <trd lng="de">Admiral</trd>
  <trd lng="en">admiral</trd>
  <trd lng="es">almirante</trd>
  <trd lng="fa">&a_d;&a_r;&f_y;&a_A;&a_s;&a_A;&a_l;&a_A;&a_r;</trd>
  <trd lng="fr">amiral</trd>
  <trdgrp lng="hu">
    <trd>tengernagy</trd>,
    <trd>admir&aacute;lis</trd>
  </trdgrp>
  <trd lng="it">ammiraglio</trd>
  <trd lng="nl">admiraal</trd>
  <trd lng="pl">admira&lstroke;</trd>
  <trd lng="pt">almirante</trd>
  <trd lng="ro">amiral</trd>
  <trd lng="ru">&c_a;&c_d;&c_m;&c_i;&c_r;&c_a;&c_l;</trd>
  <trd lng="sk">admir&aacute;l</trd>
  <trd lng="sv">amiral</trd>
</drv>
</art>
<!--
$Log: admira.xml,v $
Revision 1.28  2017/12/19 12:10:15  revo
Michel Cantigneaux: + ligilo

Revision 1.27  2015/07/04 08:37:29  revo
aldono de trd cs per skripto de M. von Laer

Revision 1.26  2013/10/31 20:10:16  revo
Vito Redsky: +trd ro

Revision 1.25  2013/02/01 21:10:10  revo
Jeromo Vasxe: + 1 ekz

Revision 1.24  2012/01/02 15:10:14  revo
Marc Rausell: +trd ca

Revision 1.23  2010/06/03 16:30:21  revo
Antonio Codazzi: +trd it

Revision 1.22  2009/07/02 16:30:39  revo
Behnam Tabatabai: +trd fa

Revision 1.21  2008/09/20 07:21:59  revo
-->
</vortaro>
