<?xml version="1.0"?>
<!DOCTYPE vortaro SYSTEM "../dtd/vokoxml.dtd">

<vortaro>
<art mrk="$Id: admir.xml,v 1.29 2018/07/29 15:10:13 revo Exp $">
<kap>
  <ofc>*</ofc>
  <rad>admir</rad>/i <fnt><bib>PV</bib></fnt>
</kap>

<drv mrk="admir.0i">
  <kap><ofc>*</ofc><tld/>i</kap>
  <gra><vspec>tr</vspec></gra>
  <snc mrk="admir.0i.PSI">
    <dif>
      Esti ravita per la beleco a&ubreve; supereco:
      <ekz>
        <tld/>i pejza&gcirc;on, virinon, statuon, muzikon, 
        heroa&jcirc;on, virton;
      </ekz>
      <ekz>
        stultulo trovas &ccirc;iam pli grandan stultulon, kiu lin <tld/>as.
      </ekz>
    </dif>
  </snc>
  <trdgrp lng="be">
    <trd>&c_z;&c_a;&c_h;&c_a;&c_p;&c_l;&c_ja;&c_c;&c_c;&c_a;</trd>,
    <trd>&c_l;&c_ju;&c_b;&c_a;&c_v;&c_a;&c_c;&c_c;&c_a;</trd>
  </trdgrp>
  <trd lng="bg">&c_u;&c_v;&c_a;&c_zh;&c_a;&c_v;&c_a;&c_m;</trd>
  <trdgrp lng="br">
    <trd>bama&ntilde; ouzh</trd>,
    <trd>estlammi&ntilde; ouzh</trd>
  </trdgrp>
  <trdgrp lng="cs">
    <trd>obdivovat <klr>(n&ecaron;koho, n&ecaron;co)</klr></trd>,
    <trd>obdivovat se <klr>(n&ecaron;komu, n&ecaron;&ccaron;emu)</klr></trd>
  </trdgrp>
  <trd lng="de">bewundern</trd>
  <trd lng="en">admire</trd>
  <trd lng="es">admirar</trd>
  <trd lng="ms">mengagumi</trd>
  <trdgrp lng="fr">
    <trd>admirer</trd>,
    <trd>s'<ind>enthousiasmer</ind> (pour)</trd>,
    <trd>s'<ind>emmerveiller</ind> (de)</trd>,
    <trd>s'<ind>extasier</ind> (de)</trd>
  </trdgrp>
  <trd lng="hu">csod&aacute;l</trd>
  <trd lng="it">ammirare</trd>
  <trd lng="nl">bewonderen</trd>
  <trd lng="pl">podziwia&cacute;</trd>
  <trdgrp lng="pt">
    <trd>admirar</trd>,
    <trd>apreciar</trd>
  </trdgrp>
  <trd lng="ro">admira</trd>
  <trd lng="ru">&c_v;&c_o;&c_s;&c_h;&c_i;&c_shch;&c_a;&c_t;&c_mol;&c_s;&c_ja;
  </trd>
  <trd lng="sk">obdivova&tcaron;</trd>
  <trd lng="sv">beundra</trd>
</drv>

<drv mrk="admir.0a">
  <kap><tld/>a</kap>
  <snc mrk="admir.0a.PSI">
    <dif>
      Sentanta, esprimanta <tld/>on:
      <ekz>
        estro <klr>...</klr> kontenta pri sia dungito, kaj 
        e&ccirc; <tld/>a
        <fnt>
          <aut>D. Hromada-Kishegyi, trad. J. Lazert</aut>,
          <vrk><url
          ref="http://eo.hades-presse.com/n1.99/charpentisto-filozofo.shtml">
          &Ccirc;arpentista filozofio</url></vrk>,
          <lok>Hades, 1999:1</lok>
        </fnt>.
      </ekz>
    </dif>
  </snc>
  <trd lng="cs">obdivn&yacute;</trd>
  <trd lng="fr">admiratif</trd>
  <trd lng="sk">obdivn&yacute;</trd>
</drv>

<drv mrk="admir.0o">
  <kap><tld/>o</kap>
  <snc mrk="admir.0o.PSI">
    <dif>
      Sento ricevata de io bela, alta, impresa, iel 
      eminenta:
      <ekz>
        li eldiris la&ubreve;te sian <tld/>on pri la fajraj 
        &ccirc;evaloj
        <fnt>
          <bib>Fab4</bib>,
          <vrk>La vento rakontas pri Valdemaro Doe kaj pri 
          liaj filinoj</vrk>
        </fnt>;
      </ekz>
      <ekz>
        <tld/>o al levi&gcirc;o de la suno
        <fnt>
          <aut>L. Beaucaire</aut>,
          <vrk>Kruko kaj Baniko el Bervalo</vrk>,
          <lok>1970</lok>
        </fnt>.
      </ekz>
    </dif>
  </snc>
  <trdgrp lng="cs">
    <trd>obdiv</trd>,
    <trd>odiv</trd>,
    <trd>podiv</trd>
  </trdgrp>
  <trd lng="fr">admiration</trd>
  <trd lng="sk">obdiv</trd>
</drv>

<drv mrk="admir.0inda">
  <kap><tld/>inda</kap>
  <snc mrk="admir.0inda.PSI">
    <dif>
      Kiu meritas, kiu ka&ubreve;zas <tld/>on:
      <ekz>
        jen unu patrino <tld/>inda, kiu sin donas tute al la edukado de 
        sia filino
        <fnt>
          <aut>&Eacute;. Javal</aut>,
          <vrk>Inter blinduloj</vrk>,
          <lok>1907</lok>
        </fnt>.
      </ekz>
    </dif>
  </snc>
  <trd lng="cs">obdivuhodn&yacute;</trd>
  <trd lng="fr">admirable</trd>
  <trdgrp lng="sk">
    <trd>hodn&yacute; obdivu</trd>,
    <trd>obdivuhodn&yacute;</trd>,
    <trd>podivuhodn&yacute;</trd>
  </trdgrp>
</drv>
</art>
<!--
$Log: admir.xml,v $
Revision 1.29  2018/07/29 15:10:13  revo
Petr Diblik: korekto de trd cs

Revision 1.28  2017/01/28 12:10:17  revo
Adam Eng: + trd

Revision 1.27  2015/07/04 08:37:29  revo
aldono de trd cs per skripto de M. von Laer

Revision 1.26  2015/06/28 12:03:35  revo
aldono de trd sk per skripto de M. von Laer

Revision 1.25  2015/02/18 20:10:16  revo
Jeromo Vasxe: + ~a/o/inda

Revision 1.24  2013/10/31 20:10:21  revo
Vito Redsky: +trd  pl ro

Revision 1.23  2013/08/30 16:10:19  revo
Joop Eggen: +trd bg

Revision 1.22  2007/05/19 17:02:54  revo
-->
</vortaro>
