<?xml version="1.0"?>
<!DOCTYPE vortaro SYSTEM "../dtd/vokoxml.dtd">

<vortaro>
<art mrk="$Id: admini.xml,v 1.31 2017/04/01 17:10:16 revo Exp $">
<kap>
  <ofc>*</ofc>
  <rad>administr</rad>/i <fnt><bib>PV</bib></fnt>
</kap>

<drv mrk="admini.0i">
  <kap><ofc>*</ofc><tld/>i</kap>
  <gra><vspec>tr</vspec></gra>
  <snc mrk="admini.0i.POL">
    <uzo tip="fak">POL</uzo>
    <dif>
      Prizorgi la funkciadon de publika a&ubreve; grava privata
      organizo:
      <ekz>
        <tld/>i societon, distrikton, ministrejon.
      </ekz>
    </dif>
  </snc>
  <trdgrp lng="be">
    <trd>&c_k;&c_ib;&c_r;&c_a;&c_v;&c_a;&c_c;&c_mol;</trd>,
    <trd>&c_a;&c_d;&c_m;&c_ib;&c_n;&c_ib;&c_s;&c_t;&c_r;&c_a;&c_v;&c_a;&c_c;&c_mol;</trd>
  </trdgrp>
  <trdgrp lng="br">
    <trd>melestri&ntilde;</trd>,
    <trd>mera&ntilde;</trd>
  </trdgrp>
  <trd lng="cs">&scaron;af&aacute;&rcaron;ovat</trd>
  <trdgrp lng="da">
    <trd>administrere</trd>,
    <trd>forvalte</trd>
    <trd>styre</trd>
  </trdgrp>
  <trd lng="de">verwalten</trd>
  <trd lng="en">administer</trd>
  <trd lng="es">administrar</trd>
  <trd lng="ms">mentadbir</trd>
  <trdgrp lng="fr">
    <trd>administrer<klr tip="ind"> (diriger)</klr></trd>,
    <trd>diriger</trd>,
    <trd>g&eacute;rer</trd>,
    <trd>manager</trd>,
    <trd>piloter</trd>
  </trdgrp>
  <trdgrp lng="id">
    <trd>[<ind>kelola</ind>] mengelola</trd>,
    <trd>[<ind>urus</ind>] mengurus</trd>
  </trdgrp>
  <trd lng="it">amministrare</trd>
  <trd lng="nl">beheren</trd>
  <trdgrp lng="pl">
    <trd>administrowa&cacute;</trd>,
    <trd>zarz&aogonek;dza&cacute;</trd>
  </trdgrp>
  <trdgrp lng="pt">
    <trd>administrar</trd>,
    <trd>gerir</trd>
    <trd>reger</trd>
  </trdgrp>
  <trd lng="ro">administra</trd>
  <trdgrp lng="ru">
    <trd>&c_r;&c_u;&c_k;&c_o;&c_v;&c_o;&c_d;&c_i;&c_t;&c_mol;</trd>,
    <trd>&c_u;&c_p;&c_r;&c_a;&c_v;&c_l;&c_ja;&c_t;&c_mol;</trd>,
    <trd>&c_z;&c_a;&c_v;&c_je;&c_d;&c_o;&c_v;&c_a;&c_t;&c_mol;</trd>
  </trdgrp>
  <trdgrp lng="sk">
    <trd>administrova&tcaron;</trd>,
    <trd>spravova&tcaron;</trd>
  </trdgrp>
  <trd lng="sv">administrera</trd>
</drv>

<drv mrk="admini.0ajxo">
  <kap><tld/>a&jcirc;o</kap>
  <snc mrk="admini.0ajxo.POL">
    <dif>
      <tld lit="A"/>a tasko, proceduro, formala&jcirc;o:
      <ekz>
        M. Ronco <klr>...</klr> zorgas <tld/>a&jcirc;ojn
        por la seminario
        <fnt>
          <aut>-</aut>,
          <vrk>Kontribuoj</vrk>,
          <lok><url
          ref="https://groups.google.com/forum/#!topic/tejo-komitato/GasQEsXxBI0">
          TEJO-Komitato, Cirkulero 2004-02 (111)</url></lok>
        </fnt>.
      </ekz>
    </dif>
  </snc>
  <trd lng="fr">formalit&eacute; administrative</trd>
</drv>

<drv mrk="admini.0antaro">
  <kap><tld/>antaro</kap>
  <snc mrk="admini.0antaro.POL">
    <uzo tip="fak">POL</uzo>
    <dif>
      Grupo de personoj, kiuj <tld/>as ion;
      <ref tip="sin"
      cel="admini1.0o.ularo">administracio<sncref/></ref>.
    </dif>
  </snc>
  <trdgrp lng="be">
    <trd>&c_a;&c_d;&c_m;&c_ib;&c_n;&c_ib;&c_s;&c_t;&c_r;&c_a;&c_c;&c_y;&c_ja;</trd>,
    <trd>&c_k;&c_ib;&c_r;&c_a;&c_w;&c_n;&c_ib;&c_c;&c_t;&c_v;&c_a;</trd>
  </trdgrp>
    <trd lng="br">melestradurezh<klr tip="ind"> (an dud, an
    ensavadur)</klr>
  </trd>
  <trdgrp lng="cs">
    <trd>sbor spr&aacute;vc&uring;</trd>,
    <trd>spr&aacute;va <klr>(osoby)</klr></trd>,
    <trd>spr&aacute;vn&iacute; &uacute;&rcaron;ednictvo</trd>
  </trdgrp>
  <trd lng="de">Verwaltung</trd>
  <trd lng="en">administrative unit</trd>
  <trd lng="es">administraci&oacute;n</trd>    
  <trd lng="ms">bahagian mentadbir</trd>
  <trd lng="fr">administration<klr tip="ind"> (groupe,
  institution)</klr></trd>
  <trdgrp lng="hu">
    <trd>igazgat&oacute;s&aacute;g</trd>,
    <trd>vezet&odblac;s&eacute;g</trd>,
    <trd>adminsztr&aacute;ci&oacute;</trd>
  </trdgrp>
  <trd lng="id"><ind>unit</ind> administratif</trd>
  <trd lng="it">amministrazione<klr> (dirigenza)</klr></trd>
  <trd lng="nl">raad van beheer</trd>
  <trd lng="pl">administracja</trd>
  <trd lng="pt">Adminstra&ccedil;&atilde;o<klr>(grupo de pessoas que
  administram)</klr></trd>
  <trd lng="ro">administra&tcedil;ie</trd>
  <trdgrp lng="ru">
    <trd>&c_r;&c_u;&c_k;&c_o;&c_v;&c_o;&c_d;&c_s;&c_t;&c_v;&c_o;</trd>,
    <trd>&c_a;&c_d;&c_m;&c_i;&c_n;&c_i;&c_s;&c_t;&c_r;&c_a;&c_c;&c_i;&c_ja;</trd>
  </trdgrp>
  <trdgrp lng="sk">
    <trd>spr&aacute;va</trd>,
    <trd>administrat&iacute;va <klr>(&uacute;radn&iacute;ci)</klr></trd>
  </trdgrp>
  <trd lng="sv">administration<klr tip="amb"> (grupp,
  institution)</klr></trd>
</drv>

<drv mrk="admini.0ejo">
  <kap><tld/>ejo</kap>
  <snc mrk="admini.0ejo.POL">
    <uzo tip="fak">POL</uzo>
    <dif>
      Loko en kiu oficas administrantaro;
      <ref tip="sin" cel="admini1.0o.ejo">administracio<sncref/></ref>:
      <ekz>
        la <tld/>ejo de la lernejo estis en la unua eta&gcirc;o
        <fnt><aut>I. G. &Scirc;irjaev</aut>, <vrk>Sen titolo</vrk>, 
        <lok>[1898?]</lok></fnt>.
      </ekz>
    </dif>
  </snc>
  <trd lng="be">&c_a;&c_d;&c_m;&c_ib;&c_n;&c_ib;&c_s;&c_t;&c_r;&c_a;&c_c;&c_y;&c_ja;</trd>
  <trd lng="br">melestradurezh<klr tip="ind"> (al lec'h)</klr></trd>
  <trdgrp lng="cs">
    <trd>administrace</trd>,
    <trd>spr&aacute;vn&iacute; budova</trd>
  </trdgrp>
  <trd lng="de">Verwaltungsgeb&auml;ude</trd>
  <trd lng="en">administrative office</trd>
  <trd lng="es">administraci&oacute;n</trd>
  <trd lng="fr">administration<klr tip="ind"> (b&acirc;timent)</klr></trd>
  <trd lng="hu">igazgat&oacute;s&aacute;gi <ind>&eacute;p&uuml;let</ind></trd>
  <trd lng="id"><ind>kantor</ind> administrasi</trd>
  <trd lng="it">amministrazione<klr> (sede)</klr></trd>
  <trd lng="nl">administratie</trd>
  <trd lng="pl">administracja</trd>
  <trd lng="pt">sede de administra&ccedil;&atilde;o</trd>
  <trd lng="ro">administra&tcedil;ie</trd>
  <trd lng="ru">&c_a;&c_d;&c_m;&c_i;&c_n;&c_i;&c_s;&c_t;&c_r;&c_a;&c_c;&c_i;&c_ja;</trd>
  <trdgrp lng="sk">
    <trd>administr&aacute;cia <klr>(&uacute;rad)</klr></trd>,
    <trd>spr&aacute;vna budova</trd>
  </trdgrp>
</drv>
</art>
<!--
$Log: admini.xml,v $
Revision 1.31  2017/04/01 17:10:16  revo
Lars Raarup Knudsen: dana traduko

Revision 1.30  2017/01/29 13:10:19  revo
Adam Eng: +trd ms

Revision 1.29  2015/10/22 22:10:40  revo
Jeromo Vasxe: + ajxo

Revision 1.28  2015/07/04 08:37:29  revo
aldono de trd cs per skripto de M. von Laer

Revision 1.27  2015/06/29 16:39:29  revo
aldono de trd sk per skripto de M. von Laer

Revision 1.26  2015/06/28 12:03:35  revo
aldono de trd sk per skripto de M. von Laer

Revision 1.25  2014/11/14 08:10:13  revo
Eko Nur Syah Hidayat: +trd id

Revision 1.24  2013/10/31 19:10:14  revo
-->
</vortaro>
