<?xml version="1.0"?>
<!DOCTYPE vortaro SYSTEM "../dtd/vokoxml.dtd">

<vortaro>
<art mrk="$Id: admita.xml,v 1.19 2015/07/04 08:37:29 revo Exp $">
<kap>
  <rad>admitanc</rad>/o
</kap>
<drv mrk="admita.0o">
  <kap><tld/>o</kap>
  <uzo tip="fak">FIZ</uzo>
  <uzo tip="fak">ELE</uzo>
  <snc>
    <dif>
      <ref tip="super" cel="grand.fizika0o">Fizika grando</ref>,
      inversa al la <ref cel="impeda.0o">impedanco</ref> 
      de elektra cirkvito.
    </dif>
  </snc>
  <trd lng="be">&c_p;&c_o;&c_w;&c_n;&c_a;&c_ja; <ind>&c_p;&c_r;&c_a;&c_v;&c_o;&c_d;&c_n;&c_a;&c_s;&c_mol;&c_c;&c_mol;</ind></trd>
  <trd lng="cs">admitance</trd>
  <trd lng="de">Admittanz</trd>
  <trd lng="en">admittance</trd>
  <trd lng="es">admitancia</trd>
  <trd lng="fr">admittance</trd>
  <trdgrp lng="hu">
    <trd>admittancia</trd>,
    <trd>komplex <ind>vezet&odblac;k&eacute;pess&eacute;g</ind></trd>
  </trdgrp>
  <trd lng="it">ammettenza</trd>
  <trd lng="nl">admittantie</trd>
  <trd lng="pl">admitancja</trd>
  <trd lng="pt">admit&acirc;ncia</trd>
  <trd lng="ru">
  &c_p;&c_o;&c_l;&c_n;&c_a;&c_ja;
  <ind>&c_p;&c_r;&c_o;&c_v;&c_o;&c_d;&c_i;&c_m;&c_o;&c_s;&c_t;&c_mol;
  </ind>
  </trd>
  <trdgrp lng="sk">
    <trd>admitancia</trd>,
    <trd>admitancia <klr>(el. tech.)</klr></trd>,
    <trd>zdanliv&aacute; <ind>vodivos&tcaron;</ind></trd>,
    <trd>zdanlivá vodivosť</trd>
  </trdgrp>
</drv>
</art>
<!--
$Log: admita.xml,v $
Revision 1.19  2015/07/04 08:37:29  revo
aldono de trd cs per skripto de M. von Laer

Revision 1.18  2015/06/28 12:03:35  revo
aldono de trd sk per skripto de M. von Laer

Revision 1.17  2011/10/05 16:10:10  revo
Antonio Codazzi: +trd it

Revision 1.16  2008/12/11 17:30:52  revo
Wieland Pusch: +trd de

Revision 1.15  2008/05/06 16:37:37  revo
Sebastian Cyprych: +trd pl

Revision 1.14  2005/05/24 16:35:20  revo
Marc Bavant: mod interpunkcion en dif

Revision 1.13  2005/02/22 17:31:53  revo
Marc Bavant: mod dif

Revision 1.12  2004/07/06 16:35:17  revo
Dmitri Gabinski: +trd be, +ref

Revision 1.11  2003/05/17 16:31:05  revo
Viliam Bur: +trd sk

Revision 1.10  2002/09/07 17:43:00  revo
-->
</vortaro>
