<?xml version="1.0"?>
<!DOCTYPE vortaro SYSTEM "../dtd/vokoxml.dtd">
<vortaro>
<art mrk="$Id: admini1.xml,v 1.21 2015/07/04 08:37:29 revo Exp $">
<kap>
  <ofc>3</ofc>
  <rad>administraci</rad>/o
</kap>

<drv mrk="admini1.0o">
<kap><tld/>o</kap>
<uzo tip="fak">POL</uzo>
<snc mrk="admini1.0o.ularo">
<ref tip="dif" cel="admini.0antaro">administrantaro</ref>
<ekz>
post siaj studoj li laboris alterne en la &scirc;tata <tld/>o kaj kiel
universitatano<fnt><aut>Bo Sandelin</aut>: <vrk>Makroekonomiko en la
20a jarcento</vrk>, <bib>Monato</bib><lok>jaro 2001a, numero 9a, p.
14a</lok></fnt>.
</ekz>

<trdgrp lng="hu">
  <trd>igazgat&oacute;s&aacute;g</trd>,
  <trd>vezet&odblac;s&eacute;g</trd>,
  <trd>adminsztr&aacute;ci&oacute;</trd>
</trdgrp>
<trd lng="it">amministrazione<klr> (dirigenza)</klr></trd>
<trd lng="sk">administrat&iacute;va <klr>(&uacute;radn&iacute;ci)</klr></trd>
</snc>

<snc mrk="admini1.0o.ejo">
<ref tip="dif" cel="admini.0ejo">administrejo</ref>
<ekz>
ofte la ministro kaj la kabineto trovi&gcirc;as for de la ministreja
<tld/>o<fnt><aut>Roland Rotsaert</aut>: <vrk>Dioksino-krizo</vrk>,
<bib>Monato</bib><lok>jaro 1999a, numero 7a, p. 12a</lok></fnt>.
</ekz>
<trd lng="hu">igazgat&oacute;s&aacute;gi <ind>&eacute;p&uuml;let</ind></trd>
<trd lng="it">amministrazione<klr> (sede)</klr></trd>
<trd lng="sk">administr&aacute;cia <klr>(&uacute;rad)</klr></trd>
</snc>
  <trd lng="be">&c_a;&c_d;&c_m;&c_ib;&c_n;&c_ib;&c_s;&c_t;&c_r;&c_a;&c_c;&c_y;&c_ja;</trd>
  <trd lng="bg">&c_a;&c_d;&c_m;&c_i;&c_n;&c_i;&c_s;&c_t;&c_r;&c_a;&c_c;&c_i;&c_ja;</trd>
  <trd lng="br">melestradurezh</trd>
  <trdgrp lng="cs">
    <trd>administrace</trd>,
    <trd>správa <klr>(budova, úřednictvo)</klr></trd>
  </trdgrp>
  <trd lng="en">administration</trd>
  <trd lng="es">administraci&oacute;n</trd>
  <trdgrp lng="fr">
  <trd>administration</trd>
</trdgrp>
  <trd lng="nl">administratie</trd>
  <trd lng="pl">administracja</trd>
  <trd lng="pt">administra&ccedil;&atilde;o</trd>
  <trd lng="ro">administra&tcedil;ie</trd>
  <trd lng="ru">&c_a;&c_d;&c_m;&c_i;&c_n;&c_i;&c_s;&c_t;&c_r;&c_a;&c_c;&c_i;&c_ja;</trd>
  <trdgrp lng="sk">
    <trd>administratíva; administrácia <klr>(úrad)</klr></trd>,
    <trd>správa</trd>
  </trdgrp>
</drv>

</art>

<!--

$Log: admini1.xml,v $
Revision 1.21  2015/07/04 08:37:29  revo
aldono de trd cs per skripto de M. von Laer

Revision 1.20  2015/06/28 12:03:35  revo
aldono de trd sk per skripto de M. von Laer

Revision 1.19  2013/10/31 19:10:13  revo
Vito Redsky: +trd ro pl

Revision 1.18  2013/08/19 17:10:15  revo
Joop Eggen: +trd bg

Revision 1.17  2011/10/05 15:10:09  revo
Antonio Codazzi: +trd it

Revision 1.16  2010/06/15 16:30:35  revo
Evandro Avellar: +trd pt

Revision 1.15  2005/03/06 17:35:26  revo
Alan ar Gall: kor mal&gcirc;uste rompitajn liniojn


Revision 1.14 2005/02/24 17:32:04 revo

Alan ar Gall: +trd br

Revision 1.13 2003/10/25 16:32:16 revo

-->

</vortaro>
