<?xml version="1.0"?>
<!DOCTYPE vortaro SYSTEM "../dtd/vokoxml.dtd">

<vortaro>
<art mrk="$Id: admon.xml,v 1.41 2017/03/24 08:10:13 revo Exp $">
<kap>
  <ofc>*</ofc><rad>admon</rad>/i
</kap>
<drv mrk="admon.0i">
  <kap><ofc>*</ofc><tld/>i</kap>
  <gra><vspec>tr</vspec></gra>
  <snc mrk="admon.0i.instigi">
    <dif>
      <ref tip="super" cel="instig.0i.iun_al_io">Instigi</ref>,
      kura&gcirc;igi per firma parolo al ago a&ubreve; plenumo de devo:
      <ekz>
        <tld/>i la lernantojn al diligenteco<fnt>Z</fnt>;
      </ekz><ekz>
        <tld/>i la popolojn al paco;
      </ekz><ekz>
        mi ankora&ubreve; la lastan fojon <tld/>as vin: laboru
        &ccirc;iam en plena
        unueco, en ordo kaj konkordo
        <fnt>
          <aut>&Z;</aut>:
          <vrk>La parolado anta&ubreve; la Oka Kongreso
          Esperantista</vrk>
          <lok>Krakovo, 1912-08-11</lok>
        </fnt>;
      </ekz><ekz>
        la policano <tld/>is la popolamason disiri<fnt>B</fnt>;
      </ekz><ekz>
        mi <tld/>as vin sekvi tiun ekzemplon;
      </ekz><ekz>
        <tld/>u vian edzon, ke li solvu al ni la enigmon,
        alie ni forbruligos per fajro vin
        <fnt><bib>MT</bib>, <lok>&Jug; 14:15</lok></fnt>;
      </ekz><ekz>
        tiam li <tld/>is la dis&ccirc;iplojn,
        ke ili diru al neniu, ke li estas la Kristo
        <fnt><bib>NT</bib>, <lok>&Mat; 16:20</lok></fnt>;
      </ekz><ekz>
        la kamentubisto <tld/>is &scirc;in per <klr>(al)</klr> prudento
        <fnt><bib>Fab2</bib>, <lok>Pa&scirc;tistino kaj
        kamentubisto</lok>
        </fnt>;
      </ekz><ekz>
        mi scias, kial Grace <klr>(...)</klr> tiel
        malfacile lasis <tld/>i sin fari&gcirc;i mia edzino
        <fnt>
          <aut>Charles Dickens, tr. &Z;</aut>:
          <vrk>La batalo de l' vivo</vrk>. <lok>1891</lok>
        </fnt>;
      </ekz><ekz>
        <tld/>u vin reciproke kaj edifu unu la alian
        <fnt><bib>NT</bib>, <lok>&Te1; 5:11</lok></fnt>.
      </ekz>
    </dif>
    <trdgrp lng="be">
      <trd>&c_u;&c_g;&c_a;&c_v;&c_o;&c_r;&c_v;&c_a;&c_c;&c_mol;</trd>,
      <trd>&c_s;&c_h;&c_ib;&c_l;&c_ja;&c_c;&c_mol;</trd>
    </trdgrp>
    <trdgrp lng="br">
      <trd>atiza&ntilde;</trd>,
      <trd>brouda&ntilde;</trd>
    </trdgrp>
    <trdgrp lng="de">
      <trd>anhalten</trd>,
      <trd>auffordern</trd>
    </trdgrp>
    <trdgrp lng="en">
      <trd>exhort</trd>,
      <trd>advise</trd>
    </trdgrp>
    <trdgrp lng="fr">
      <trd>exhorter</trd>,
      <trd>appeler<klr tip="ind"> (&agrave; faire qc)</klr></trd>,
      <trd>&eacute;difier<klr tip="ind"> (exhorter &agrave; se bien
      comporter)</klr></trd>,
      <trd>mettre en <ind>garde</ind></trd>,
      <trd>ordonner<klr tip="ind"> (exhorter)</klr></trd>,
    </trdgrp>
    <trdgrp lng="hu">
      <trd>int</trd>,
      <trd>buzd&iacute;t</trd>
    </trdgrp>
    <trd lng="nl">aanmanen</trd>
    <trdgrp lng="pl">
      <trd>wzywa&cacute;</trd>,
      <trd>zach&eogonek;ca&cacute;</trd>
    </trdgrp>
    <trdgrp lng="pt">
      <trd>exortar</trd>,
      <trd>induzir</trd>
    </trdgrp>
    <trd lng="ro">admonesta</trd>
    <trdgrp lng="ru">
      <trd>&c_u;&c_g;&c_o;&c_v;&c_a;&c_r;&c_i;&c_v;&c_a;&c_t;&c_mol;</trd>,
      <trd>&c_u;&c_b;&c_je;&c_zh;&c_d;&c_a;&c_t;&c_mol;</trd>
    </trdgrp>
    <trdgrp lng="sk">
      <trd>vyz&yacute;va&tcaron;</trd>,
      <trd>nab&aacute;da&tcaron;</trd>
    </trdgrp>
    <trd lng="sv">uppmana</trd>
  </snc>
  <snc mrk="admon.0i.riprocxi">
    <dif>
      <tld lit="A"/>i<sncref ref="admon.0i.instigi"/>
      al pli bona konduto, malla&ubreve;dante kaj
      ripro&ccirc;ante pasintajn agojn:
      <ekz>
        la instruisto <tld/>is la lernantojn pro ilia
        maldiligenteco;
      </ekz><ekz>
        <tld/>u vian proksimulon, por ke vi ne portu sur vi pekon pro li
        <fnt><bib>MT</bib>, <lok>&Lev; 19:17</lok></fnt>;
      </ekz><ekz>
        <klr>[la profetoj]</klr> <tld/>is ilin, sed &ccirc;i tiuj ne
        atentis
        <fnt><bib>MT</bib>, <lok>&Kr2; 24:19</lok></fnt>;
      </ekz><ekz>
        se homo ofte <tld/>ita restos obstina, li subite pereos sen ia
        helpo
        <fnt><bib>MT</bib>, <lok>&Sen; 29:1</lok></fnt>;
      </ekz><ekz>
        <uzo tip="stl">FIG</uzo>
        li levi&gcirc;is, kaj <tld/>is la ventojn kaj la maron,
        kaj fari&gcirc;is granda sereno
        <fnt><bib>NT</bib>, <lok>&Mat; 8:26</lok></fnt>.
      </ekz>
    </dif>
    <refgrp tip="vid">
      <ref cel="skold.0i">skoldi</ref>,
      <ref cel="avert.0i">averti</ref>.
    </refgrp>
    <trd
    lng="be">&c_a;&c_d;&c_g;&c_a;&c_v;&c_o;&c_r;&c_v;&c_a;&c_c;&c_mol;</trd>
    <trdgrp lng="br">
      <trd>skandalat</trd>,
      <trd>krozal da</trd>
    </trdgrp>
    <trdgrp lng="de">
      <trd>ermahnen</trd>,
      <trd>verwarnen</trd>,
      <trd>r&uuml;gen</trd>
    </trdgrp>
    <trdgrp lng="en">
      <trd>censure</trd>,
      <trd>reprimand</trd>
    </trdgrp>
    <trdgrp lng="fr">
      <trd>r&eacute;primander</trd>,
      <trd>admonester</trd>,
      <trd>avertir<klr tip="ind"> (r&eacute;primander)</klr></trd>,
      <trd>bl&acirc;mer<klr tip="ind"> (r&eacute;primander)</klr></trd>,
      <trd>disputer<klr tip="ind"> (r&eacute;primander)</klr></trd>,
      <trd>gronder<klr tip="ind"> (r&eacute;primander)</klr></trd>,
      <trd>menacer<klr tip="ind"> (r&eacute;primander)</klr></trd>,
      <trd>reprocher (&agrave;)</trd>.
    </trdgrp>
    <trdgrp lng="hu">
      <trd>int<klr tip="ind"> (dorg&aacute;l)</klr></trd>,
      <trd>dorg&aacute;l</trd>
    </trdgrp>
    <trd lng="nl">berispen</trd>
    <trdgrp lng="pt">
      <trd>admoestar</trd>,
      <trd>advertir</trd>,
      <trd>repreender</trd>
    </trdgrp>
    <trd
    lng="ru">&c_o;&c_t;&c_g;&c_o;&c_v;&c_a;&c_r;&c_i;&c_v;&c_a;&c_t;
    &c_mol;</trd>
    <trd lng="sk">napom&iacute;na&tcaron;</trd>
    <trd lng="sv">f&ouml;rmana</trd>
  </snc>
  <trdgrp lng="bg">
    <trd>&c_u;&c_b;&c_je;&c_zh;&c_d;&c_a;&c_v;&c_a;&c_m;</trd>,
    <trd>&c_u;&c_g;&c_o;&c_v;&c_a;&c_r;&c_ja;&c_m;</trd>,
    <trd>&c_u;&c_v;&c_je;&c_shch;&c_a;&c_v;&c_a;&c_m;</trd>
  </trdgrp>
  <trdgrp lng="cs">
    <trd>domlouvat</trd>,
    <trd>domluvit</trd>,
    <trd>nab&aacute;dat</trd>,
    <trd>napom&iacute;nat</trd>,
    <trd>pob&aacute;dat</trd>
  </trdgrp>
  <trd lng="en">admonish</trd>
  <trd lng="es">exhortar</trd>
  <trdgrp lng="id">
    <trd>[<ind>ingat</ind>] memperingatkan</trd>,
    <trd>[<ind>tegur</ind>] menegur</trd>
  </trdgrp>
  <trdgrp lng="it">
    <trd>ammonire</trd>, 
    <trd>diffidare</trd>
  </trdgrp>
  <trdgrp lng="sk">
    <trd>napomen&uacute;&tcaron;</trd>,
    <trd>napomen&uacute;&tcaron;, napom&iacute;na&tcaron;</trd>
  </trdgrp>
</drv>

<drv mrk="admon.0o">
  <kap><tld/>o</kap>
  <snc>
    <dif>
      Ago kaj vortoj de <tld/>anto:
      <ekz>
        oni pli facile donas <tld/>on ol monon<fnt>Z</fnt>;
      </ekz><ekz>
        al malsa&gcirc;ulo ne helpas <tld/>o, nur bastono
        <fnt><bib>PrV</bib></fnt>;
      </ekz><ekz>
        e&ccirc; mia Bub' stari&gcirc;is sen <tld/>o
        <fnt><aut>P. Peneter</aut>, <vrk>Sekretaj Sonetoj</vrk>,
        <lok>15</lok></fnt>;
      </ekz><ekz>
        <ind>kvalito bona ne bezonas <tld/>on</ind>
        <klr>(reklamon)</klr>
        <fnt><bib>PrV</bib></fnt>;
        <trd lng="hu">a j&oacute; bornak nem kell a
        c&eacute;g&eacute;r</trd>
      </ekz><ekz>
        <ind>vorto sona estas plej <tld/>a</ind>
        <fnt><bib>PrV</bib></fnt>;
        <trd lng="hu">sz&oacute;b&oacute;l &eacute;rt az ember</trd>
      </ekz><ekz>
        li ne povis elpeli el sia kapo strangan anta&ubreve;timon,
        sin<tld/>on, ke lia pasia amo al Zalmuna enhavas en si ion
        nebonan
        <fnt><bib>I&scirc;tar</bib>, <lok>&ccirc;ap. 3</lok></fnt>;
      </ekz><ekz>
        la homaranismo <klr>[...]</klr> varbos siajn adeptojn
        ne per blinda kredigado, sed per <ind><tld/>ado</ind>
        <fnt><bib>Homaranismo</bib>, <lok>Ruslanda Esperantisto 1906
        n-ro 5, p. 102-106</lok></fnt>.
      </ekz>
    </dif>
  </snc>
  <trdgrp lng="bg">
    <trd>&c_u;&c_b;&c_je;&c_zh;&c_d;&c_a;&c_v;&c_a;&c_n;&c_je;</trd>,
    <trd>&c_u;&c_g;&c_o;&c_v;&c_a;&c_r;&c_ja;&c_n;&c_je;</trd>,
    <trd>&c_u;&c_v;&c_je;&c_shch;&c_a;&c_v;&c_a;&c_n;&c_je;</trd>,
    <trd>&c_u;&c_v;&c_je;&c_shch;&c_a;&c_n;&c_i;&c_je;</trd>
  </trdgrp>
  <trdgrp lng="br">
    <trd>atizadur</trd>,
    <trd>skandal</trd>
  </trdgrp>
  <trdgrp lng="cs">
    <trd>napomenut&iacute;</trd>,
    <trd>upomenut&iacute;</trd>,
    <trd>upom&iacute;nka</trd>
  </trdgrp>
  <trd lng="en">admonition</trd>
  <trdgrp lng="fr">
    <trd>exhortation</trd>,
    <trd>r&eacute;primande</trd>,
    <trd>admonestation</trd>,
    <trd>avertissement<klr tip="ind"> (r&eacute;primande)</klr></trd>,
    <trd>mise en <ind>garde</ind></trd>,
    <trd>ordre<klr tip="ind"> (exhortation)</klr></trd>,
    <trd>reproche</trd>.
  </trdgrp>
  <trdgrp lng="hu">
    <trd>buzd&iacute;t&aacute;s</trd>,
    <trd>int&eacute;s</trd>,
    <trd>dorg&aacute;l&aacute;s</trd>,
    <trd>intelem</trd>,
    <trd>figyelmeztet&eacute;s</trd>
  </trdgrp>
  <trdgrp lng="it">
    <trd>ammonizione</trd>,
    <trd>ammonimento</trd>, 
    <trd>esortazione</trd>,
    <trd>avvertimento<klr> (monito)</klr></trd>,
    <trd>monito</trd>, 
    <trd>diffida</trd>, 
    <trd>lezione<klr> (consiglio)</klr></trd>
  </trdgrp>
  <trdgrp lng="pl">
    <trd>admonicja</trd>,
    <trd>napomnienie</trd>
  </trdgrp>
  <trd lng="ro">admonestare</trd>
  <trdgrp lng="ru">
    <trd>&c_u;&c_v;&c_je;&c_shch;&c_a;&c_n;&c_i;&c_je;</trd>,
    <trd>&c_u;&c_g;&c_o;&c_v;&c_o;&c_r;&c_y;</trd>
  </trdgrp>
  <trd lng="sk">napomenutie</trd>
</drv>

<drv mrk="admon.de0i">
  <kap>de<tld/>i</kap>
  <snc>
    <dif>
      <tld lit="A"/>i ne fari, <tld/>i al la malo:
      <ekz>
        la &scirc;ajne senkulpa vorteto <ctl>aliel</ctl> kunportas
        tiom da &scirc;an&gcirc;oj, ke oni devas strikte de<tld/>i
        de &gcirc;ia uzo
        <fnt><bib>PMEG</bib>, <lok><url
        ref="http://www.bertilow.com/pmeg/gramatiko/tabelvortoj/ali-vortoj.php">http://www.bertilow.com/pmeg/gramatiko/tabelvortoj/ali-vortoj.php</url></lok></fnt>;
      </ekz><ekz>
        vidinte lin bati knabon, vi pensas, ke vi devas lin de<tld/>i
        <fnt><vrk>&Ccirc;ina Radio Internacio</vrk><lok><url
        ref="http://esperanto.cri.com.cn/esperanto/2003/Jul/144986.htm">
        http://esperanto.cri.com.cn/esperanto/2003/Jul/144986.htm</url></lok></fnt>;
      </ekz><ekz>
        malgra&ubreve; sia granda a&gcirc;o kaj nia insista
        <ind>de<tld/>o</ind> li iris al la trajnhaltejo por nin atendi
        <fnt>
        <vrk>El Popola &Ccirc;inio</vrk>
        <lok><url
        ref="http://www.china.org.cn/EL/EL/ElPopolaCxinio/9910/bd99-10-9.html">http://www.china.org.cn/EL/EL/ElPopolaCxinio/9910/bd99-10-9.html</url></lok>
        </fnt>.
        <trdgrp lng="fr">
          <trd>dissuasion</trd>,
          <trd>mise en <ind>garde</ind><klr tip="ind"> (contre
          qc/qn)</klr></trd>
        </trdgrp>
        <trdgrp lng="hu">
          <trd>lebesz&eacute;l&eacute;s</trd>,
          <trd>&oacute;va <ind>int&eacute;s</ind></trd>
        </trdgrp>
        <trdgrp lng="it">
          <trd>dissuasione</trd>,
          <trd>monito</trd>
        </trdgrp>
        </ekz>
    </dif>
    <ref tip="ant" cel="admon.0i"><tld/>i;</ref>
    <refgrp tip="vid">
      <ref cel="instig.mal0i">malinstigi</ref>,
      <ref cel="konsil.de0i">dekonsili, malkonsili</ref>.
    </refgrp>
  </snc>
  <trd lng="bg">&c_r;&c_a;&c_z;&c_u;&c_b;&c_je;&c_zh;&c_d;&c_a;&c_v;&c_a;&c_m;</trd>
  <trdgrp lng="br">
    <trd>dibennadi&ntilde;</trd>,
    <trd>dizalia&ntilde;</trd>
  </trdgrp>
  <trd lng="cs">zrazovat <klr>(n&ecaron;koho n&ecaron;co
  ud&ecaron;lat)</klr></trd>
  <trdgrp lng="en">
    <trd>dissuade from</trd>,
    <trd>advise against</trd>
  </trdgrp>
  <trd lng="es">disuadir</trd>
  <trdgrp lng="fr">
    <trd>dissuader</trd>,
    <trd>d&eacute;courager<klr tip="ind"> (de faire qc)</klr></trd>,
    <trd>d&eacute;tourner<klr tip="ind"> (de l'intention de faire
    qc)</klr></trd>,
    <trd>mettre en <ind>garde</ind><klr tip="ind"> (contre
    qc/qn)</klr></trd>
  </trdgrp>
  <trdgrp lng="hu">
    <trd>lebesz&eacute;l</trd>,
    <trd>&oacute;va <ind>int</ind></trd>
  </trdgrp>
  <trdgrp lng="it">
    <trd>dissuadere</trd>,
    <trd>sconsigliare</trd>
  </trdgrp>
  <trdgrp lng="pl">
    <trd>odradza&cacute;</trd>,
    <trd>zniech&eogonek;ca&cacute;</trd>
  </trdgrp>
  <trd
  lng="ru">&c_o;&c_t;&c_g;&c_o;&c_v;&c_a;&c_r;&c_i;&c_v;&c_a;&c_t;&c_mol;</trd>
  <trdgrp lng="sk">
    <trd>odhov&aacute;ra&tcaron;</trd>,
    <trd>odr&aacute;dza&tcaron;</trd>
  </trdgrp>
</drv>

<drv mrk="admon.Re0o">
  <kap>Re<tld/>o</kap>
  <snc>
  <uzo tip="fak">BIB</uzo>
    <dif>
      Kvina libro de la hebrea Le&gcirc;o, parto de la <ref tip="malprt"
      cel="bibli.0o">Biblio</ref>, kie Dio denove <tld/>as la
      Izraelidojn
      al sia servo.
    </dif>
  </snc>
  <trd lng="be">&c_D;&c_r;&c_u;&c_g;&c_ib; &c_Z;&c_a;&c_k;&c_o;&c_n;
  <klr>(&c_k;&c_n;&c_ib;&c_g;&c_a;
  &c_B;&c_ib;&c_b;&c_l;&c_ib;&c_ib;)</klr></trd>
  <trd lng="bg">&c_V;&c_t;&c_o;&c_r;&c_o;&c_z;&c_a;&c_k;&c_o;&c_n;&c_i;&c_je;</trd>
  <trd lng="br">Adlezenn</trd>
  <trd lng="de">Deuteronomium</trd>
  <trd lng="en">Deuteronomy</trd>
  <trd lng="es">Deuteronomio</trd>
  <trd lng="fr">Deut&eacute;ronome</trd>
  <trdgrp lng="hu">
    <trd>Deuteronomium</trd>,
    <trd>M&aacute;sodik <ind>T&ouml;rv&eacute;nyk&ouml;nyv</ind></trd>,
    <trd>M&oacute;zes 5. k&ouml;nyve</trd>
  </trdgrp>
  <trd lng="id">Ulangan (kitab)</trd>
  <trd lng="it">Deuteronomio</trd>
  <trd lng="pl">Ksi&eogonek;ga powt&oacute;rzonego prawa</trd>
  <trd lng="pt">Deuter&ocirc;nimo</trd>
  <trd
  lng="ru">&c_V;&c_t;&c_o;&c_r;&c_o;&c_z;&c_a;&c_k;&c_o;&c_n;&c_i;&c_je;
  </trd>
</drv>
</art>
<!--
$Log: admon.xml,v $
Revision 1.41  2017/03/24 08:10:13  revo
Lyubomir Vasilev: +trd bg

Revision 1.40  2016/09/10 04:10:22  revo
Sergio Pokrovskij: +ekz

Revision 1.39  2015/07/04 08:37:29  revo
aldono de trd cs per skripto de M. von Laer

Revision 1.38  2015/06/29 16:39:29  revo
aldono de trd sk per skripto de M. von Laer

Revision 1.37  2015/06/28 12:03:35  revo
aldono de trd sk per skripto de M. von Laer

Revision 1.36  2014/11/14 08:10:15  revo
Eko Nur Syah Hidayat: +trd id

Revision 1.35  2014/06/04 16:10:35  revo
Eko Nur Syah Hidayat: +id

Revision 1.34  2014/02/07 20:10:19  revo
-->
</vortaro>
