<?xml version="1.0"?>
<!DOCTYPE vortaro SYSTEM "../dtd/vokoxml.dtd">

<vortaro>
<art mrk="$Id: adolt.xml,v 1.13 2015/07/04 08:37:29 revo Exp $">
<kap>
  <rad>adolt</rad>/o <fnt><bib>PIV1</bib></fnt>
</kap>
<drv mrk="adolt.0o">
  <kap><tld/>o</kap>
  <snc>
    <ref tip="dif" cel="kresk.plen0ulo">plenkreskulo</ref>
    <ekz>
      <tld/>oj ne estis en la &ccirc;ambro
      <fnt><bib>MkM</bib>, <lok>&ccirc;apitro 21a, p. 208a</lok></fnt>.
    </ekz>
  </snc>
  <trdgrp lng="be">
    <trd>&c_d;&c_a;&c_r;&c_o;&c_s;&c_l;&c_y; 
<klr>(&c_n;&c_a;&c_z;.)</klr></trd>,
    <trd>&c_s;&c_t;&c_a;&c_l;&c_y; <klr>(&c_n;&c_a;&c_z;.)</klr></trd>
  </trdgrp>
  <trd lng="ca">adult <klr>(subst.)</klr></trd>
  <trd lng="cs">dospělý jedinec</trd>
  <trd lng="de">Erwachsener</trd>
  <trd lng="es">adulto</trd>
  <trd lng="fr">adulte<klr tip="ind"> (subst.)</klr></trd>
  <trd lng="it">adulto<klr> (sost.)</klr></trd>
  <trd lng="nl">volwassene</trd>
  <trd lng="pl">doros&lstroke;y</trd>
  <trd lng="pt">adulto</trd>
  <trd lng="ro">adult</trd>
  <trd lng="ru">&c_v;&c_z;&c_r;&c_o;&c_s;&c_l;&c_y;&c_j;<klr> 
(&c_s;&c_u;&c_shch;.)</klr></trd>
  <trd lng="sk">dospelý jedinec</trd>
</drv>

<drv mrk="adolt.0a">
  <kap><tld/>a</kap>
  <snc>
    <ref tip="dif" cel="kresk.plen0a">plenkreska</ref>
    <ekz>
      li <klr>[...]</klr> postlasis &scirc;in, forirante al <tld/>a vivo 
en la
      urbo
      <fnt><aut>Gerrit Berveling</aut>: <vrk>Iom tro predikema romano
      (Lev Tolstoj, Resurekto)</vrk>, <bib>Monato</bib>, <lok>jaro
      2001a, numero 5a, p. 30a</lok></fnt>.
    </ekz>
  </snc>
  <trdgrp lng="be">
    <trd>&c_d;&c_a;&c_r;&c_o;&c_s;&c_l;&c_y;</trd>,
    <trd>&c_s;&c_t;&c_a;&c_l;&c_y;</trd>
  </trdgrp>
  <trd lng="ca">adult <klr>(adj.)</klr></trd>
  <trd lng="cs">dospělý</trd>
  <trdgrp lng="de">
    <trd>erwachsen</trd>,
    <trd>vollj&auml;hrig</trd>
  </trdgrp>
  <trd lng="es">adulto</trd>
  <trd lng="fr">adulte<klr tip="ind"> (adj.)</klr></trd>
  <trd lng="it">adulto<klr> (agg.)</klr></trd>
  <trdgrp lng="nl">
    <trd>volwassen</trd>,
    <trd>volgroeid</trd>
  </trdgrp>
  <trd lng="pl">doros&lstroke;y</trd>
  <trdgrp lng="ru">
    <trd>&c_v;&c_z;&c_r;&c_o;&c_s;&c_l;&c_y;&c_j;</trd>,
    <trd>&c_z;&c_r;&c_je;&c_l;&c_y;&c_j;</trd>
  </trdgrp>
  <trd lng="sk">dospelý</trd>
</drv>

<drv mrk="adolt.0eco">
  <kap><tld/>eco</kap>
  <snc>
    <dif>
      Stato de <tld/>o.
    </dif>
  </snc>
  <trd lng="be">&c_s;&c_t;&c_a;&c_l;&c_a;&c_s;&c_mol;&c_c;&c_mol;</trd>
  <trd lng="ca">adultesa</trd>
  <trd lng="cs">dospělost</trd>
  <trdgrp lng="fr">
    <trd>&acirc;ge <ind>adulte</ind></trd>,
    <trd>maturit&eacute;<klr tip="ind"> (&acirc;ge adulte)</klr></trd>
  </trdgrp>
  <trdgrp lng="it">
    <trd>et&agrave; <ind>adulta</ind></trd>,
    <trd>maturit&agrave;<klr tip="ind"> (et&agrave; adulta)</klr></trd>
  </trdgrp>
  <trd lng="nl">volwassenheid</trd>
  <trd lng="pl">doros&lstroke;o&sacute;&cacute;</trd>
  <trd lng="ru">&c_z;&c_r;&c_je;&c_l;&c_o;&c_s;&c_t;&c_mol;</trd>
  <trd lng="sk">dospelosť</trd>
</drv>

<drv mrk="adolt.0igxi">
  <kap><tld/>i&gcirc;i</kap>
  <snc>
    <dif>
      Ekatingi la a&gcirc;on, la kapablojn de <tld/>o.
    </dif>
  </snc>
  <trdgrp lng="be">
    <trd>&c_s;&c_t;&c_a;&c_l;&c_je;&c_c;&c_mol;</trd>,
    <trd>&c_p;&c_a;&c_s;&c_t;&c_a;&c_l;&c_je;&c_c;&c_mol;</trd>
  </trdgrp>
  <trd lng="ca">fer-se adult</trd>
  <trdgrp lng="de">
    <trd>erwachsen werden</trd>,
    <trd>heranwachsen</trd>,
    <trd>vollj&auml;hrig werden</trd>
  </trdgrp>
  <trd lng="es">ser adulto</trd>
  <trdgrp lng="fr">
    <trd>devenir <ind>adulte</ind></trd>,
    <trd>grandir<klr tip="ind"> (devenir adulte)</klr></trd>,
    <trd>m&ucirc;rir<klr tip="ind"> (devenir adulte)</klr></trd>
  </trdgrp>
  <trdgrp lng="it">
    <trd>diventare <ind>adulto</ind></trd>,
    <trd>maturare<klr tip="ind"> (diventare adulto)</klr></trd>
  </trdgrp>
  <trd lng="pl">dorosn&aogonek;&cacute;</trd>
  <trdgrp lng="ru">
    <trd>&c_v;&c_z;&c_r;&c_o;&c_s;&c_l;&c_je;&c_t;&c_mol;</trd>,
    <trd>&c_p;&c_o;&c_v;&c_z;&c_r;&c_o;&c_s;&c_l;&c_je;&c_t;&c_mol;</trd>
  </trdgrp>
</drv>

<drv mrk="adolt.0igxo">
  <kap><tld/>i&gcirc;o</kap>
  <snc>
    <dif>
      Ago <tld/>i&gcirc;i.
    </dif>
  </snc>
  <trd lng="be">&c_s;&c_t;&c_a;&c_l;&c_je;&c_n;&c_mol;&c_n;&c_je;</trd>
  <trdgrp lng="ca">
    <trd>maduraci&oacute;</trd>,
    <trd>pas a l'adultesa</trd>
  </trdgrp>
  <trdgrp lng="fr">
    <trd>croissance<klr tip="ind"> (devenir adulte)</klr></trd>,
    <trd>maturation<klr tip="ind"> (devenir adulte)</klr></trd>
  </trdgrp>
  <trdgrp lng="it">
    <trd>diventare <ind>adulto</ind></trd>,
    <trd>maturazione<klr tip="ind"> (diventare adulto)</klr></trd>
  </trdgrp>
  <trd lng="nl">het <ind>volwassen</ind> worden</trd>
  <trd lng="pl">dorastanie</trd>
  <trd lng="ru">&c_v;&c_z;&c_r;&c_o;&c_s;&c_l;&c_je;&c_n;&c_i;&c_je;</trd>
</drv>
</art>
<!--
$Log: adolt.xml,v $
Revision 1.13  2015/07/04 08:37:29  revo
aldono de trd cs per skripto de M. von Laer

Revision 1.12  2015/06/28 12:03:35  revo
aldono de trd sk per skripto de M. von Laer

Revision 1.11  2011/12/09 19:10:10  revo
Marc Rausell: kataluna traduko

Revision 1.10  2011/10/05 16:10:14  revo
Antonio Codazzi: +trd it

Revision 1.9  2010/07/10 16:30:37  revo
Agustin Garcia Lopez: +trd es

Revision 1.8  2010/06/15 16:30:38  revo
Evandro Avellar: +trd pt

Revision 1.7  2006/02/17 17:32:06  revo
Vito Redsky: +trd pl +trd ro

Revision 1.6  2006/01/09 17:32:47  revo
Wieland Pusch: +trd de

Revision 1.5  2005/04/26 16:32:01  revo
Paul Peeraerts: ald trd nl

Revision 1.4  2005/02/22 17:31:55  revo
-->
</vortaro>
