<?xml version="1.0"?>
<!DOCTYPE vortaro SYSTEM "../dtd/vokoxml.dtd">

<vortaro>
<art mrk="$Id: adolesk.xml,v 1.14 2017/11/26 15:10:18 revo Exp $">
<kap>
  <rad>adolesk</rad>/o
</kap>
<drv mrk="adolesk.0o">
  <kap><tld/>o</kap>
  <snc mrk="adolesk.0o.KOMUNE">
    <dif>
      Frua juna&gcirc;o de homo seksmatura, ankora&ubreve; ne plenkreskinta:
      <ekz>
        <ctl><tld lit="A"/>o</ctl>
        <klr>(Biografia romano de Blazio Vaha el 1987)</klr>.
      </ekz>
    </dif>
    <refgrp tip="vid">
      <ref cel="pubert.0o">puberto</ref>
    </refgrp>
  </snc>
  <trd lng="be">&c_p;&c_a;&c_d;&c_l;&c_je;&c_t;&c_k;&c_a;&c_v;&c_y; &c_w;&c_z;&c_r;&c_o;&c_s;&c_t;</trd>
  <trd lng="ca">adolesc&egrave;ncia</trd>
  <trd lng="cs">adolescence</trd> 
  <trd lng="de">Jugendalter</trd>
  <trd lng="en">adolescence</trd>  
  <trd lng="es">adolescencia</trd>
  <trd lng="fr">adolescence</trd>
  <trd lng="it">adolescenza</trd>
  <trd lng="ms">remaja</trd>
  <trdgrp lng="nl">
    <trd>adolescentie</trd>,
    <trd>jongelingsjaren</trd>,
    <trd>jongemeisjesjaren</trd>
  </trdgrp>
  <trd lng="pl">dojrza&lstroke;o&sacute;&cacute;</trd>
  <trd lng="ro">adolescen&tcedil;&abreve;</trd>
  <trd lng="sk">vek dospievania</trd>
</drv>

<drv mrk="adolesk.0i">
  <kap><tld/>i <fnt><bib>PIV1</bib></fnt></kap>
  <snc mrk="adolesk.0i.KOMUNE">
    <dif>
      Travivi <tld/>on:
      <ekz>
        kiam &scirc;i ankora&ubreve; <tld/>is, &scirc;i vokis la atenton de la pianisto 
        Artur Rubinstein, kiu admiris &scirc;ian fortan muzikan temperamenton
         
        <fnt>
        <aut>F. Fonseca</aut>,
        <vrk><url
        ref="http://www.musicexpress.com.br/Artisto.asp?Artista=55">Sonia
        Rubinsky</url></vrk>,
        <lok>MusicExpress, [vidita je 2006-08-18]</lok></fnt>
      </ekz>
    </dif>
  </snc>
  <trd lng="be">&c_b;&c_y;&c_c;&c_mol; <ind>&c_p;&c_a;&c_d;&c_l;&c_je;&c_t;&c_k;&c_a;&c_m;</ind></trd>
  <trd lng="ca">&eacute;sser adolescent</trd>
  <trd lng="es">ser adolescente</trd>
  <trd lng="it">essere <ind>adolescente</ind></trd>
  <trdgrp lng="nl">
    <trd><ind>jong</ind> zijn</trd>,
    <trd><ind>tiener</ind> zijn</trd>
  </trdgrp>
  <trdgrp lng="pl">
    <trd>dojrzewa&cacute;</trd>,
    <trd>dorasta&cacute;</trd>,
  </trdgrp>
<trd lng="pt">adolescer<klr>(entrar na adolesc&ecirc;ncia)</klr></trd>
</drv>

<drv mrk="adolesk.0ulo">
  <kap><tld/>ulo, <var><kap><tld/>anto</kap></var></kap>
  <snc mrk="adolesk.0ulo.KOMUNE">
    <dif>
      Juna <ref tip="vid" cel="hom.0o.ZOO">homo</ref> seksmatura,
      ankora&ubreve; 
      ne plenkreskinta:
      <ekz>
        la sopiro &ccirc;i-vive renkonti perfektecon <klr>...</klr> apartenas
        al
        la infana a&ubreve; <tld/>ula tavolo de nia psiko
        <fnt><bib>BonaLingvo</bib>, <lok>p. 107a</lok></fnt>.
      </ekz>
    </dif>
  </snc>
  <trd lng="be">&c_p;&c_a;&c_d;&c_l;&c_je;&c_t;&c_a;&c_k;</trd>
  <trd lng="ca">adolescent</trd>
  <trdgrp lng="cs">
    <trd>dorostenec</trd>,
    <trd>dosp&iacute;vaj&iacute;c&iacute; mlad&iacute;k</trd>,
    <trd>junior adolescent</trd>
  </trdgrp>
  <trd lng="de">Jugendliche</trd>    
  <trd lng="en">adolescent</trd>    
  <trd lng="es">adolescente</trd>
  <trd lng="fr">adolescent<klr> (subst.)</klr></trd>
  <trd lng="it">adolescente</trd>
  <trdgrp lng="nl">
    <trd>tiener</trd>,
    <trd>adolescent</trd>
  </trdgrp>
  <trdgrp lng="pl">
    <trd>dorastaj&aogonek;cy</trd>,
    <trd>nastolatek</trd>,
    <trd>m&lstroke;odzieniec</trd>
  </trdgrp>
  <trd lng="ro">adolescent</trd>
  <trd lng="sk">dospievaj&uacute;ci mlad&iacute;k</trd>
</drv>
</art>

<!--
$Log: adolesk.xml,v $
Revision 1.14  2017/11/26 15:10:18  revo
Vito Redsky: + trd pl

Revision 1.13  2017/01/29 13:10:20  revo
Adam Eng: +trd ms

Revision 1.12  2016/12/09 13:10:13  revo
Jessica Grasso: +tr en, de

Revision 1.11  2015/07/04 08:37:29  revo
aldono de trd cs per skripto de M. von Laer

Revision 1.10  2015/06/28 12:03:35  revo
aldono de trd sk per skripto de M. von Laer

Revision 1.9  2013/10/31 19:10:11  revo
Vito Redsky: +trd ro

Revision 1.8  2013/09/06 19:10:29  revo
Vito Redsky: +trd pl, ro

Revision 1.7  2013/03/21 20:10:20  revo
-->
</vortaro>
