<?xml version="1.0"?>
<!DOCTYPE vortaro SYSTEM "../dtd/vokoxml.dtd">

<vortaro>
<art mrk="$Id: adrenalin.xml,v 1.10 2018/05/23 03:10:30 revo Exp $">
<kap>
   <ofc>9</ofc><rad>adrenalin</rad>/o <fnt><bib>SPV</bib></fnt>
</kap>
<drv mrk="adrenalin.0o">
   <kap><ofc>9</ofc><tld/>o</kap>
   <snc mrk="adrenalin.0o.FIZL">
     <uzo tip="fak">FIZL</uzo>
     <dif>
       <ref tip="super" cel="trans.nervo0igilo">Nervotransigilo</ref>
       kaj
       <ref tip="super" cel="hormon.0o.FIZL">hormono</ref>,
       produktata de la <ref cel="ren.sur0a">surrenaj</ref> glandoj, kaj
       
sekreciata
       en la sangon okaze de mensa a&ubreve; korpa premo (dan&gcirc;ero
       ks)
       por prepari la korpon al ur&gcirc;a agado, fu&gcirc;o, sindefendo
       ks;
       formulo:
       <frm>C<sub>6</sub>H<sub>3</sub>(OH)<sub>2</sub>-CH(OH)-CH<sub>2</sub>-NH-CH<sub>3</sub></frm>:
       <ekz>
         <tld/>o akcelas la koran ritmon kaj altigas la sangopremon
         <fnt><bib>9OA</bib></fnt>;
       </ekz>
       <ekz>
         ke via amiko estas maldorma, okazas ver&scirc;ajne pro la
         <tld/>o en
         lia sango
         <fnt><aut>trad. Frank kaj Pa&ubreve;lin'</aut>, <vrk><url
         ref="http://www.geocities.com/Paris/Maison/8040/adin008.html">adoleskantinaj
         demandoj, 8</url></vrk>, <lok>1999</lok></fnt>.
       </ekz>
     </dif>
   </snc>
   <snc mrk="adrenalin.0o.FIG">
     <uzo tip="stl">FIG</uzo>
     <ref tip="dif" cel="ekscit.0igxo.PSI">eksciti&gcirc;o</ref>
     <ekz>
       post tio mi forlasis la salonon por iomete retrankvili&gcirc;i, 
&ccirc;ar mi
       sentis la <tld/>on en mi
       <fnt>
       <aut>D. J. Kunar</aut>,
       <vrk><url ref="http://kunar.livejournal.com/">La vivo de 
Kunar</url></vrk>,
       <lok>2006-01-22</lok>
       </fnt>.
     </ekz>
   </snc>
   <trd lng="be">&c_a;&c_d;&c_r;&c_e;&c_n;&c_a;&c_l;&c_ib;&c_n;</trd>
   <trd lng="de">Adrenalin</trd>
   <trd lng="en">adrenalin</trd>
   <trd lng="es">adrenalina</trd>
   <trdgrp lng="fr">
     <trd>adr&eacute;naline</trd>,
     <trd>&eacute;pin&eacute;phrine</trd>
   </trdgrp>
   <trd lng="hu">adrenalin</trd>
   <trd lng="it">adrenalina</trd>
   <trd lng="nl">adrenaline</trd>
   <trd lng="pl">adrenalina</trd>
   <trd lng="pt">adrenalina</trd>
   <trd lng="ro">adrenalin&abreve;</trd>
</drv>
</art>
<!--
$Log: adrenalin.xml,v $
Revision 1.10  2018/05/23 03:10:30  revo
Dusan Juretic: +trd es

Revision 1.9  2013/10/31 20:10:23  revo
Vito Redsky: +trd  pl ro

Revision 1.8  2013/02/07 10:10:12  revo
Dmitri Gabinski: redakto: +trd be

Revision 1.7  2010/06/15 16:30:39  revo
Evandro Avellar: +trd pt

Revision 1.6  2009/07/11 16:30:54  revo
Paul Peeraerts: +trd nl

Revision 1.5  2009/03/01 17:31:27  revo
Russ Williams: +trd en

Revision 1.4  2008/11/14 17:30:37  revo
Marc Bavant: konformigis al 9OA; ~o: mod dif

Revision 1.3 2007/05/04 16:30:31 revo
-->
</vortaro>
