<?xml version="1.0"?>
<!DOCTYPE vortaro SYSTEM "../dtd/vokoxml.dtd">

<vortaro>
<art mrk="$Id: adriatik.xml,v 1.7 2018/10/22 18:10:20 revo Exp $">
<kap>
    <rad>Adriatik</rad>/o <fnt><bib>PIV1</bib></fnt>
</kap>
<drv mrk="adriatik.0o">
  <kap><tld/>o</kap>
  <snc mrk="adriatik.0o.GEOG">
    <uzo tip="fak">GEOG</uzo>
    <dif>
     <ref tip="dif" cel="mar.0o">Maro</ref> inter la balkana kaj itala
     duoninsuloj:
      <ekz>
        Jugoslavio interkonsentis pri landlimoj kun Italio, per kio precize estis difinita anka&ubreve; la mara limo en <tld/>o
        <fnt>
          <bib>Monato</bib>
          <aut>Zlatko Ti&scaron;ljar</aut>
          <vrk><url ref="http://www.monato.net/2006/008802.php">Mara ko&scirc;maro</url></vrk>
        </fnt>;
      </ekz>
      <ekz>
        ilirianoj (prauloj de hodia&ubreve;aj albanoj) regis longatempe <tld/>on
        de Istrio &gcirc;is Ambrakio, anta&ubreve; la tri iliriaj-romiaj militoj 
        <fnt>
          <bib>Monato</bib>
          <aut>Bardhyl Selimi</aut>
          <vrk><url ref="http://www.monato.net/2007/009244.php">Navige tra prahistorio</url></vrk>
        </fnt>;
      </ekz>
      <ekz>
        venetoj estas grupo da gentoj lo&gcirc;intaj antikve en la norda marbordo
        de <tld/>o, nord-oriente de la rivero Po
        <fnt>
          <bib>Monato</bib>
          <aut>Sergeo Jurji&ccirc;</aut>
          <vrk><url ref="http://www.monato.net/2009/009686.php">Interkontinenta ligo</url></vrk>
        </fnt>.
      </ekz>
    </dif>
  </snc>
  <trdgrp lng="cs">
    <trd>Adriatick&eacute; mo&rcaron;e</trd>,
    <trd>Jadersk&eacute; mo&rcaron;e</trd>,
    <trd>Jadran</trd>
  </trdgrp>
  <trdgrp lng="de">
    <trd>Adriatisches Meer</trd>,
    <trd>Adria</trd>
  </trdgrp>
  <trd lng="en">Adriatic Sea</trd>
  <trd lng="fr">Adriatique</trd>
  <trd lng="pl">Adriatyk</trd>
  <trd lng="sk">Adriatick&eacute; more</trd>
</drv>
</art>

<!--
$Log: adriatik.xml,v $
Revision 1.7  2018/10/22 18:10:20  revo
Wolfram Diestel: +ekz-oj

Revision 1.6  2017/06/03 12:10:14  revo
Vito Redsky: +trd pl

Revision 1.5  2016/12/18 08:10:14  revo
Jessica Grasso: +tr en, de

Revision 1.4  2015/07/04 08:37:29  revo
aldono de trd cs per skripto de M. von Laer

Revision 1.3  2015/06/28 12:03:35  revo
aldono de trd sk per skripto de M. von Laer

Revision 1.2  2015/05/29 14:10:15  revo
Damien Brucker: -tajperaro

Revision 1.1  2015/05/29 08:10:15  revo
Damien Brucker: nova artikolo

-->
</vortaro>
