<?xml version="1.0"?>
<!DOCTYPE vortaro SYSTEM "../dtd/vokoxml.dtd">

<vortaro>
<art mrk="$Id: adrian.xml,v 1.6 2015/07/04 08:37:29 revo Exp $">
<kap>
  <rad>Adrian</rad>/o <fnt><bib>PIV1</bib></fnt>
</kap>
<drv mrk="adrian.0o">
  <kap><tld/>o</kap>
  <snc mrk="adrian.0o.NOM">
    <uzo tip="fak">NOM</uzo>
    <dif>
      Vira <ref tip="lst" cel="nom.antaux0o"
      lst="voko:personaj_nomoj">anta&ubreve;nomo</ref> latindevena:
      <ekz>
        <tld/>o trinkis fervore kaj gaji&gcirc;is tiom,
        ke li mem proponis iun &scirc;ercan toston
        <fnt>
          <aut>A. Pu&scirc;kin, trad. N. Lozga&ccirc;ev</aut>,
          <vrk><url ref="http://esperanto.org/Ondo/Rn-pusk1.htm">
          &Ccirc;erkisto</url></vrk>,
          <bib>LOdE</bib>,
          <lok>1999:6 (56)</lok>
        </fnt>;
      </ekz>
      <ekz>
        dum ju&gcirc;afero post vagonarakcidento la tre nerva kaj 
        maltrankvila staciestro <tld/>o <klr>...</klr> devis fojon
        post fojo certigi, ke li vere svingis la ru&gcirc;an lanternon
        <fnt>
          <aut>B. Felbi</aut>,
          <vrk>-</vrk>,
          <lok><url
          ref="http://sa.esperanto.org.au/tamenplu/files/TamenPlu-2008/TamenPlu-2008-05.pdf">
          Tamen plu, 2008-05</url></lok>
        </fnt>.
      </ekz>
    </dif>
    <trd lng="fr">Adrien</trd>
    <trd lng="it">Adriano</trd>
    <trd lng="pl">Adrian</trd>
  </snc>
  <trdgrp lng="cs">
    <trd>Adrian</trd>,
    <trd>Adrián</trd>
  </trdgrp>
  <trd lng="sk">Adrián</trd>
</drv>
</art>

<!--
$Log: adrian.xml,v $
Revision 1.6  2015/07/04 08:37:29  revo
aldono de trd cs per skripto de M. von Laer

Revision 1.5  2015/06/28 12:03:35  revo
aldono de trd sk per skripto de M. von Laer

Revision 1.4  2015/02/26 21:10:14  revo
Wolfram Diestel: lst antaunomoj

Revision 1.3  2011/10/05 16:10:16  revo
Antonio Codazzi: +trd it

Revision 1.2  2010/12/09 17:30:35  revo
Sebastian Cyprych: +trd pl

Revision 1.1  2010/10/04 16:30:46  revo
Jeromo Vasxe: nova artikolo

-->
</vortaro>
