<?xml version="1.0"?>
<!DOCTYPE vortaro SYSTEM "../dtd/vokoxml.dtd">

<vortaro>
<art mrk="$Id: adsorb.xml,v 1.10 2015/07/04 08:37:29 revo Exp $">
<kap>
  <rad>adsorb</rad>/i <fnt><bib>PIV1</bib></fnt>
</kap>
<drv mrk="adsorb.0i">
  <kap><tld/>i</kap>
  <gra><vspec>tr</vspec></gra>
  <snc mrk="adsorb.0i.KEM">
    <uzo tip="fak">KEM</uzo>
    <dif>
      Logi kaj fiksi sur sian surfacon ian substancon:
      <ekz>
        grava propra&jcirc;o de la argiloj estas ilia kapablo sorbi kaj 
        <tld/>i multenombrajn kemiajn substancojn 
        <fnt>
          <bib>Viki</bib>,
          <vrk>
            <url
            ref="http://eo.wikipedia.org/w/index.php?title=Argilo&amp;oldid=2459351">artikolo
            &leftquot;argilo&rightquot;, 2009-08-19</url>
          </vrk>
        </fnt>.
      </ekz>
    </dif>
  </snc>
  <rim mrk="adsorb.0i.RIM">
    Ne konfuzu kun <ref tip="vid" cel="absorb.0i">absorbi</ref>.
  </rim>
  <trd lng="es">adsorber</trd>
  <trd lng="fr">adsorber</trd>
  <trd lng="it">assorbire<klr> (impregnarsi)</klr></trd>
  <trd lng="nl">adsorberen</trd>
  <trd lng="pl">osadza&cacute;</trd>
  <trd lng="sv">adsorbera</trd>
  <trd lng="sk">pohlcovať na povrchu</trd>
  <trdgrp lng="cs">
    <trd>adsorbovat</trd>,
    <trd>pohlcovat na povrchu</trd>,
    <trd>zachycovat na povrchu</trd>
  </trdgrp>
</drv>

<drv mrk="adsorb.0o">
  <kap><tld/>o</kap>
  <snc mrk="adsorb.0o.KEM">
    <uzo tip="fak">KEM</uzo>
    <dif>
      Surfaca fiksado de substanco:
      <ekz>
        per <klr>...</klr> teknologio kombinanta <tld/>on kun purigo, 
        katalizo kaj  bruligo &ccirc;inaj sciencistoj sukcese solvis la 
        problemon de poluo de medio pro granda kvanto da eluzita 
        organika gaso
        <fnt>
          <aut>-</aut>,
          <vrk><url ref="">
          &Ccirc;ina sukceso...</url></vrk>,
          <lok>Espero.com.cn, 2009-08</lok>
        </fnt>.
      </ekz>
    </dif>
  </snc>
  <trd lng="cs">adsorpce</trd>
  <trd lng="es">adsorci&oacute;n</trd>
  <trd lng="fr">adsorption</trd>
  <trd lng="it">assorbimento<klr> (impregnarsi)</klr></trd>
  <trd lng="nl">adsorptie</trd>
  <trd lng="pl">osad</trd>
  <trd lng="sk">absorpcia</trd>
  <trd lng="sv">adsorption</trd>
</drv>
</art>

<!--
$Log: adsorb.xml,v $
Revision 1.10  2015/07/04 08:37:29  revo
aldono de trd cs per skripto de M. von Laer

Revision 1.9  2015/06/28 12:03:35  revo
aldono de trd sk per skripto de M. von Laer

Revision 1.8  2013/11/07 02:10:25  revo
Vito Redsky: +trd  pl

Revision 1.7  2011/10/05 16:10:17  revo
Antonio Codazzi: +trd it

Revision 1.6  2010/10/20 16:30:33  revo
Jerano Zachrisson: +trd sv

Revision 1.5  2010/07/15 16:30:26  revo
Agustin Garcia Lopez: +trd es

Revision 1.4  2009/09/28 16:30:24  revo
Paul Peeraerts: +nl

Revision 1.3  2009/09/27 16:30:23  revo
Jeromo Vasxe: kor 1 ref.

Revision 1.2  2009/09/26 16:31:35  revo
Wieland Pusch: viki url

Revision 1.1  2009/09/23 17:25:30  revo
-->
</vortaro>
