<?xml version="1.0"?>
<!DOCTYPE vortaro SYSTEM "../dtd/vokoxml.dtd">

<vortaro>
<art mrk="$Id: adult.xml,v 1.34 2016/11/20 11:10:14 revo Exp $">
<kap>
  <ofc>*</ofc><rad>adult</rad>/i <fnt><bib>PV</bib></fnt>
</kap>
<drv mrk="adult.0i">
  <kap><ofc>*</ofc><tld/>i</kap>
  <gra><vspec>ntr</vspec></gra>
  <snc>
    <dif>
      Rompi la geedzan fidelecon per seksa rilato kun alia persono:
      <ekz>
        ne <tld/>u
        <fnt><bib>MT</bib>, <lok>&Eli; 20:14</lok></fnt>;
      </ekz>
      <ekz>
        se iu <tld/>is kun la edzino de sia proksimulo, estu
        mortigitaj la <tld/>into kaj la <tld/>intino
        <fnt><bib>MT</bib>, <lok>&Lev; 20:10</lok></fnt>;
      </ekz>
      <ekz>
        kiu rigardas virinon, por deziri &scirc;in, jam <tld/>is
        je &scirc;i en sia koro
        <fnt><bib>NT</bib>, <lok>&Mat; 5:27</lok></fnt>.
      </ekz>
    </dif>
  </snc>
  <trdgrp lng="be">
    <trd>&c_z;&c_d;&c_r;&c_a;&c_d;&c_z;&c_ib;&c_c;&c_mol; <klr>(&c_m;&c_u;&c_zh;&c_u; &c_c;&c_ib; &c_zh;&c_o;&c_n;&c_c;&c_y;)</klr></trd>,
    <trd>&c_p;&c_a;&c_r;&c_u;&c_sh;&c_a;&c_c;&c_mol; &c_sh;&c_l;&c_ju;&c_b;&c_n;&c_u;&c_ju; &c_v;&c_je;&c_r;&c_n;&c_a;&c_s;&c_mol;&c_c;&c_mol;</trd>
  </trdgrp>
  <trd lng="br">avoultri&ntilde;</trd>
  <trdgrp lng="cs">
    <trd>dopustit se cizolo&zcaron;stv&iacute;</trd>,
    <trd>dopustit se nev&ecaron;ry <klr>(man&zcaron;elsk&eacute;)</klr></trd>,
    <trd>smilnit</trd>
  </trdgrp>
  <trdgrp lng="de">
    <trd>Ehebruch begehen</trd>,
    <trd>ehebrechen</trd>
  </trdgrp>
  <trd lng="en">commit adultery</trd>
  <trd lng="es">cometer adulterio</trd>
  <trdgrp lng="fr">
    <trd>commettre l'<ind>adult&egrave;re</ind></trd>,
    <trd>cocufier son conjoint</trd>,
    <trd>faire <ind>cocu</ind> son conjoint</trd>,
    <trd>tromper son conjoint</trd>
  </trdgrp>
  <trdgrp lng="hu">
    <trd>h&udblac;tlenkedik</trd>,
    <trd>h&aacute;zass&aacute;gt&ouml;r&eacute;st k&ouml;vet el</trd>
  </trdgrp>
  <trd lng="it">commettere <ind>adulterio</ind></trd>
  <trd lng="nl">overspel plegen</trd>
  <trd lng="pt">cometer adult&eacute;rio</trd>
  <trdgrp lng="ru">
    <trd>&c_i;&c_z;&c_m;&c_je;&c_n;&c_ja;&c_t;&c_mol; <klr>(&c_s;&c_u;&c_p;&c_r;&c_u;&c_g;&c_u;)</klr></trd>,
    <trd>&c_n;&c_a;&c_r;&c_u;&c_sh;&c_a;&c_t;&c_mol; &c_s;&c_u;&c_p;&c_r;&c_u;&c_zh;&c_je;&c_s;&c_k;&c_u;&c_ju; &c_v;&c_je;&c_r;&c_n;&c_o;&c_s;&c_t;&c_mol;</trd>
  </trdgrp>
  <trd lng="sk">cudzolo&zcaron;i&tcaron;</trd>
  <trdgrp lng="sv">
    <trd>vara <ind>otrogen</ind></trd>,
    <trd>beg&aring; <ind>&auml;ktenskapsbrott</ind></trd>
  </trdgrp>
  <trd lng="tr">z&icirc;na yapmak</trd>
</drv>

<drv mrk="adult.0o">
  <kap><tld/>o</kap>
  <snc>
    <dif>
      Ago <tld/>i:
      <ekz>
        Mi levos la randojn de viaj vestoj &gcirc;is
        via viza&gcirc;o, kaj montri&gcirc;os via hontinda&jcirc;o,
        via <tld/>o, via voluptegeco, viaj mal&ccirc;astaj pensoj
        <fnt><bib>MT</bib>, <lok>&Jer; 13:27</lok></fnt>;
      </ekz>
      <ekz>
        la skribistoj kaj Fariseoj alkondukis virinon, kaptitan en
        <tld/>o
        <fnt><bib>NT</bib>, <lok>&Joh; 8:3</lok></fnt>;
      </ekz>
      <ekz>
        li kontestis la dian devenon de la persaj re&gcirc;oj, asertante,
        ke iliaj patrinoj per la dia deveno intencas nur ka&scirc;i
        siajn <tld/>ojn
        <fnt><bib>SatirRak</bib>, <lok>Pythagoras</lok></fnt>.
      </ekz>
    </dif>
  </snc>
  <trdgrp lng="cs">
    <trd>cizolo&zcaron;stv&iacute;</trd>,
    <trd>man&zcaron;elsk&aacute; nev&ecaron;ra</trd>
  </trdgrp>
  <trdgrp lng="de">
    <trd>Ehebruch</trd>
  </trdgrp>
  <trd lng="en">adultery</trd>
  <trd lng="es">ad&uacute;ltero<klr tip="amb"> (sustantivo)</klr></trd>
  <trdgrp lng="fr">
    <trd>adult&egrave;re<klr tip="ind"> (acte)</klr></trd>,
    <trd>cocufiage</trd>,
    <trd>infid&eacute;lit&eacute;<klr tip="ind"> (envers son
conjoint)</klr></trd>,
    <trd>tromperie<klr tip="ind"> (envers son conjoint)</klr></trd>
  </trdgrp>
  <trd lng="it">adulterio</trd>
  <trdgrp lng="ru">
    <trd>&c_s;&c_u;&c_p;&c_r;&c_u;&c_zh;&c_je;&c_s;&c_k;&c_a;&c_ja;
&c_i;&c_z;&c_m;&c_je;&c_n;&c_a;</trd>,
    <trd>&c_p;&c_r;&c_je;&c_l;&c_ju;&c_b;&c_o;&c_d;&c_je;&c_ja;&c_n;&c_i;&c_je;</trd>,
    <trd>&c_a;&c_d;&c_ju;&c_l;&c_mol;&c_t;&c_je;&c_r;</trd>
  </trdgrp>
  <trd lng="sk">cudzolo&zcaron;stvo</trd>
  <trd lng="sv">&auml;ktenskapsbrott</trd>
  <trd lng="tr">z&icirc;na</trd>
</drv>


<drv mrk="adult.0a">
  <kap><tld/>a</kap>
  <snc>
    <dif>
      <tld lit="A"/>anta:
      <ekz>
        vi konstruis tiom da grandiozaj temploj kaj statuoj honore al
        dioj malbonaj, ven&gcirc;emaj, <tld/>aj kaj falsaj
        <fnt>
          <aut>H. Sienkiewicz, trad. L. Zamenhof</aut>,
          <vrk>Quo vadis?</vrk>,
          <lok>1933</lok>
        </fnt>.
      </ekz>
    </dif>
  </snc>
  <snc>
    <dif>
      Rilata al <tld/>o:
      <ekz>
        por mia sento estus ja inkub' // e&ccirc; son&gcirc;e la
        <tld/>a am-amuzo
        <fnt>
          <aut>P. Peneter</aut>,
          <vrk>Sekretaj Sonetoj</vrk>,
          <lok>1932</lok>
        </fnt>;
      </ekz>
      <ekz>
        <uzo tip="stl">RAR</uzo>
        vi devigos Beatricon esti &ccirc;iame nur via nele&gcirc;a
        kunku&scirc;antino, kaj Ma&ubreve;ricon, nur <tld/>a infano
        <klr>(naskita sekve de <tld/>o)</klr>
        <fnt>
          <aut>H. Vallienne</aut>,
          <vrk>&Ccirc;u li?</vrk>,
          <lok>1908</lok>
        </fnt>.
      </ekz>
    </dif>
  </snc>
  <trd lng="cs">cizolo&zcaron;n&yacute;</trd>
  <trd lng="en">adulterous</trd>
  <trd lng="es">ad&uacute;ltero<klr tip="amb"> (adjetivo)</klr></trd>
  <trdgrp lng="fr">
    <trd>adult&egrave;re<klr tip="ind"> (adj.)</klr></trd>,
    <trd>adult&eacute;rin</trd>,
    <trd>infid&eacute;le<klr tip="ind"> (envers son conjoint)</klr></trd>
  </trdgrp>
  <trdgrp lng="it">
  <trd>adulterino</trd>, <trd>adultero<klr> (agg.)</klr></trd>
  </trdgrp>
  <trd lng="sk">cudzolo&zcaron;n&yacute;</trd>
  <trd lng="sv">otrogen</trd>
</drv>

<drv mrk="adult.0ado">
  <kap><tld/>ado</kap>
  <snc>
    <dif>
      Ago ade <tld/>i:
      <ekz>
        malbenado kaj trompado, mortigado, &scirc;telado, kaj
        <tld/>ado tre disvasti&gcirc;is
        <fnt><bib>MT</bib>, <lok>&Hos; 4:2</lok></fnt>.
      </ekz>
    </dif>
  </snc>
  <trdgrp lng="cs">
    <trd>cizolo&zcaron;stv&iacute;</trd>,
    <trd>man&zcaron;elsk&aacute; nev&ecaron;ra</trd>
  </trdgrp>
  <trdgrp lng="fr">
    <trd>adult&egrave;re<klr tip="ind"> (acte)</klr></trd>,
    <trd>cocufiage</trd>,
    <trd>infid&eacute;lit&eacute;<klr tip="ind"> (envers son
conjoint)</klr></trd>,
    <trd>tromperie<klr tip="ind"> (envers son conjoint)</klr></trd>
  </trdgrp>
  <trd lng="it">adulterio</trd>
  <trdgrp lng="ru">
    <trd>&c_s;&c_u;&c_p;&c_r;&c_u;&c_zh;&c_je;&c_s;&c_k;&c_a;&c_ja;
&c_i;&c_z;&c_m;&c_je;&c_n;&c_a;</trd>,
    <trd>&c_p;&c_r;&c_je;&c_l;&c_ju;&c_b;&c_o;&c_d;&c_je;&c_ja;&c_n;&c_i;&c_je;</trd>,
    <trd>&c_a;&c_d;&c_ju;&c_l;&c_mol;&c_t;&c_je;&c_r;</trd>
  </trdgrp>
  <trd lng="sk">cudzolo&zcaron;stvo</trd>
</drv>

<drv mrk="adult.0ajxo">
  <kap><tld/>a&jcirc;o</kap>
  <uzo tip="stl">RAR</uzo>
  <snc>
    <dif>
      <ref tip="dif" cel="adult.0o"><tld lit="A"/>o</ref>:
      <ekz>
        Mi vidis &ccirc;iujn <tld/>a&jcirc;ojn de la defalinta Izrael,
        kaj Mi forpelis &scirc;in kaj donis al &scirc;i eksedzigan leteron
        <fnt><bib>MT</bib>, <lok>&Jer; 3:8</lok></fnt>.
      </ekz>
    </dif>
  </snc>
  <trd lng="it">atto di <ind>adulterio</ind></trd>
</drv>

<drv mrk="adult.0ema">
  <kap><tld/>ema</kap>
  <snc>
    <dif>
      Ema <tld/>i:
      <ekz>
        mi ne estas kiel la ceteraj homoj, rabemaj, maljustaj,
        <tld/>emaj
        <fnt><bib>NT</bib>, <lok>&Luk; 18:11</lok></fnt>;
      </ekz>
      <ekz>
        &scirc;i forigu la mal&ccirc;astecon de sia viza&gcirc;o
        kaj la <ind><tld/>emeco</ind>n de siaj mamoj
        <fnt><bib>MT</bib>, <lok>&Hos; 2:2</lok></fnt>.
        <trdgrp lng="fr">
          <trd>infid&eacute;lit&eacute;<klr tip="ind"> (inclinaison
&agrave; l'adult&egrave;re)</klr></trd>
        </trdgrp>
      </ekz>
    </dif>
  </snc>
  <trd lng="cs">smiln&yacute;</trd>
  <trdgrp lng="fr">
    <trd>adult&egrave;re<klr tip="ind"> (adj., enclin &agrave;
l'adult&egrave;re)</klr></trd>,
    <trd>infid&egrave;le<klr tip="ind"> (adj., enclin &agrave;
l'adult&egrave;re)</klr></trd>
  </trdgrp>
  <trd lng="it">adultero<klr> (incline all'adulterio)</klr></trd>
  <trd lng="sk">smiln&yacute;</trd>
</drv>

<drv mrk="adult.0igi">
  <kap><tld/>igi</kap>
  <gra><vspec>tr</vspec></gra>
  <uzo tip="stl">RAR</uzo>
  <snc>
    <dif>
      Igi <tld/>i:
      <ekz>
        se mia koro forlogi&gcirc;is al virino, <klr>[...]</klr> tiam
        mia edzino estu <tld/>igata de aliulo, kaj aliuloj klini&gcirc;u
        super &scirc;i
        <fnt><bib>MT</bib>, <lok>&Ijo; 31:10</lok></fnt>.
      </ekz>
    </dif>
  </snc>
  <trd lng="cs">sv&eacute;st k cizolo&zcaron;stv&iacute;</trd>
  <trdgrp lng="fr">
    <trd>pousser &agrave; l'<ind>adult&egrave;re</ind></trd>,
    <trd>d&eacute;baucher<klr tip="ind"> (pousser &agrave;
l'adult&egrave;re)</klr></trd>,
    <trd>d&eacute;praver<klr tip="ind"> (pousser &agrave;
l'adult&egrave;re)</klr></trd>,
    <trd>d&eacute;vergonder<klr tip="ind"> (pousser &agrave;
l'adult&egrave;re)</klr></trd>
  </trdgrp>
  <trd lng="it">condurre all'<ind>adulterio</ind></trd>
  <trd lng="sk">zvies&tcaron; k cudzolo&zcaron;stvu</trd>
</drv>

<drv mrk="adult.0ulo">
  <kap><tld/>ulo, <var><kap><tld/>ulino</kap></var></kap>
  <snc>
    <dif>
      Kulpulo je <tld/>o:
      <ekz>
        la okulo de <tld/>ulo atendas la krepuskon, dirante:
        Neniu okulo min vidu
        <fnt><bib>MT</bib>, <lok>&Ijo; 24:15</lok></fnt>;
      </ekz>
      <ekz>
        Mi ju&gcirc;os vin la&ubreve; la ju&gcirc;oj kontra&ubreve;
        <tld/>ulinoj kaj kontra&ubreve; sangover&scirc;antinoj
        <fnt><bib>MT</bib>, <lok>&Jeh; 16:38</lok></fnt>.
      </ekz>
    </dif>
  </snc>
  <trd lng="cs">cizolo&zcaron;nice</trd>
  <trd lng="en">adulterer</trd>
  <trdgrp lng="fr">
    <trd>adult&egrave;re<klr tip="ind"> (personne)</klr></trd>,
    <trd>homme <ind>adult&egrave;re</ind></trd>,
    <trd>femme <ind>adult&egrave;re</ind></trd>
  </trdgrp>
  <trdgrp lng="it">
  <trd>adultero<klr> (sost.)</klr></trd>, <trd>adultera<klr>
  (sost.)</klr></trd>
  </trdgrp>
  <trd lng="ru">&c_p;&c_r;&c_je;&c_l;&c_ju;&c_b;&c_o;&c_d;&c_je;&c_j;</trd>
  <trd lng="sk">cudzolo&zcaron;nica</trd>
</drv>

<drv mrk="adult.sang0o">
  <kap>sang<tld/>o</kap>
  <snc>
    <dif>
      <ref tip="dif" cel="incest.0o">Incesto</ref>:
      <ekz>
        incesto (anka&ubreve; nomata sang<tld/>o) estas seksumado kun familiano a&ubreve; parenco
        <fnt>
          <bib>Viki</bib>
          <lok><url ref='https://eo.wikipedia.org/?curid=25783'>Incesto</url></lok>
        </fnt>;
      </ekz>
    </dif>
  </snc>
  <trd lng="be">&c_ib;&c_n;&c_c;&c_e;&c_s;&c_t;</trd>
  <trdgrp lng="br">
    <trd>gadaliezh etre kar ha karez</trd>,
    <trd>insest</trd>
  </trdgrp>
  <trdgrp lng="cs">
    <trd>krvesmilstvo</trd>,
    <trd>pokrevn&iacute; sex</trd>
  </trdgrp>
  <trdgrp lng="de">
    <trd>Blutschande</trd>,
    <trd>Inzest</trd>
  </trdgrp>
  <trd lng="en">incest</trd>
  <trd lng="es">incesto</trd>
  <trd lng="fr">inceste</trd>
  <trd lng="hu">v&eacute;rfert&odblac;z&eacute;s</trd>
  <trd lng="it">incesto</trd>
  <trd lng="nl">incest</trd>
  <trd lng="pt">incesto</trd>
  <trdgrp lng="ru">
    <trd>&c_i;&c_n;&c_c;&c_je;&c_s;&c_t;</trd>,
    <trd>&c_k;&c_r;&c_o;&c_v;&c_o;&c_s;&c_m;&c_je;&c_sh;&c_je;&c_n;&c_i;&c_je;</trd>
  </trdgrp>
  <trdgrp lng="sk">
    <trd>incest</trd>,
    <trd>krvismilstvo</trd>
  </trdgrp>
  <trd lng="sv">incest</trd>
</drv>
</art>
<!--
$Log: adult.xml,v $
Revision 1.34  2016/11/20 11:10:14  revo
Wolfram Diestel: dif chirkau ref-dif, ekz-o por sang~o

Revision 1.33  2015/07/04 08:37:29  revo
aldono de trd cs per skripto de M. von Laer

Revision 1.32  2015/06/28 12:03:35  revo
aldono de trd sk per skripto de M. von Laer

Revision 1.31  2011/11/02 10:10:10  revo
Antonio Codazzi: +trd it

Revision 1.30  2010/08/27 16:30:25  revo
Jeromo Vasxe: - kramp

Revision 1.29  2010/07/15 16:30:27  revo
Agustin Garcia Lopez: +trd es (-o, -a)

Revision 1.28  2009/08/23 16:32:46  revo
Emmanuel Debanne: +trd tr

Revision 1.27  2009/03/03 17:30:26  revo
-->
</vortaro>
