<?xml version="1.0"?>
<!DOCTYPE vortaro SYSTEM "../dtd/vokoxml.dtd">

<vortaro>
<art mrk="$Id: adverb.xml,v 1.29 2018/02/28 18:10:15 revo Exp $">
<kap>
  <ofc>*</ofc>
  <rad>adverb</rad>/o
</kap>
<drv mrk="adverb.0o">
  <kap><ofc>*</ofc><tld/>o</kap>
  <snc mrk="adverb.0o.GRA">
    <uzo tip="fak">GRA</uzo>
    <dif>
      Vorto prezentanta diversajn cirkonstancojn (lokon,
      tempon, manieron ktp) a&ubreve; ecojn de agoj, okaza&jcirc;oj, ecoj:
      ekzemple
      <ctl>tie</ctl>, <ctl>tien</ctl>, <ctl>neniam</ctl>,
      <ctl>tiel</ctl>, <ctl>tre</ctl>, <ctl>anka&ubreve;</ctl>,
      <ctl>varme</ctl>, <ctl>sencele</ctl>.
    </dif>
    <refgrp tip="vid">
      <ref cel="e.0.adverbo">-e fina&jcirc;o</ref>
    </refgrp>
    <rim>
      Z. klarigis, ke "kiam la senco tion postulas, ni tre bone
      povas uzi <tld/>on en la senco de <ref tip="dif"
      cel="prepoz.0o.GRA">prepozicio</ref> [...]. Se la
      <tld/>o
      devenas de verbo transira (kiu postulas akuzativon), tiam anka&ubreve;
      la <tld/>o-prepozicio konservas tiun saman econ kaj estas uzata
      kun la akuzativo:<ekz> koncerne tion = kio koncernas tion;
      rilate
      tion = kio rilatas tion</ekz>; se la <tld/>o anstata&ubreve;as vorton,
      kiu povas ligi&gcirc;i kun substantivo nur per ia prepozicio, tiam
      anka&ubreve; la <tld/>o akceptas post si tiun prepozicion:<ekz> ka&ubreve;ze
      de tio = pro la ka&ubreve;zo de tio; responde al via demando = kiel
      respondo al via demando</ekz>"<fnt><bib>LR</bib></fnt>.
    </rim>
  </snc>
  <trd lng="be">&c_p;&c_r;&c_y;&c_s;&c_l;&c_o;&c_w;&c_je;</trd>
  <trd lng="br">adverb</trd>
  <trdgrp lng="cs">
  <trd>adverbium</trd>,
  <trd>p&rcaron;&iacute;slovce</trd>
  </trdgrp>
  <trdgrp lng="de">
    <trd>Adverb</trd>,
    <trd>Umstandswort</trd>
  </trdgrp>
  <trd lng="en">adverb</trd>
  <trd lng="es">adverbio</trd>
  <trd lng="fr">adverbe</trd>
  <trd lng="hu">hat&aacute;roz&oacute;sz&oacute;</trd>
  <trd lng="it">avverbio</trd>
  <trd lng="nl">bijwoord</trd>
  <trd lng="pl">przys&lstroke;&oacute;wek</trd>
  <trd lng="pt">adv&eacute;rbio</trd>
  <trd lng="ru">&c_n;&c_a;&c_r;&c_je;&c_ch;&c_i;&c_je;</trd>
  <trd lng="sk">pr&iacute;slovka</trd>
  <trd lng="sv">adverb</trd>
  <trd lng="ms">kata keterangan</trd>
</drv>

<drv mrk="adverb.0igi">
  <kap><tld/>igi</kap>
  <gra><vspec>tr</vspec></gra>
  <snc mrk="adverb.0igi.GRA">
    <uzo tip="fak">GRA</uzo>
    <dif>
      &Scirc;an&gcirc;i la kategorion de vorto al la <tld/>a:
      <ekz>
        estas strange, ke oni tiom respektas la prepozicion
        <ctl>po</ctl>, kaj oni ne kura&gcirc;as &gcirc;in <tld/>igi 
        <klr>...</klr> kial ne <tld/>igi &gcirc;in, kaj diri:
        &leftquot;La filoj heredis poe kvinonon de la bieno&#8221;?
        <fnt>
          <aut>K. Kalocsay</aut>
          <vrk><url
          ref="http://bibliotekoj.org/literaturamondo/artikolaro/lingvopo6.htm">
          Respondo al d-ro Pumpr</url></vrk>
          <lok>Literatura Mondo, 1949, 57-58</lok>
        </fnt>.
      </ekz>
    </dif>
  </snc>
  <trd lng="fr">convertir en <ind>adverbe</ind></trd>
</drv>

<drv mrk="adverb.lok0o">
  <kap>lok<tld/>o</kap>
  <snc mrk="adverb.lok0o.GRA">
    <uzo tip="fak">GRA</uzo>
    <dif>
      <tld lit="A"/>o indikanta lokon kie ago okazas a&ubreve; kien &gcirc;i
      direkti&gcirc;as:
      <ekz>
        la gramatiko simple kaj klare difinas, ke kazojn havas nur
        substantivoj, adjektivoj kaj pronomoj (se ni ignoras la
        direktan n-fina&jcirc;on de la lok<tld/>oj)
        <fnt>
          <aut>M. Rauhamaa</aut>:
          <lok><url
          ref="http://groups.yahoo.com/group/esperanto-l/message/9428"
              >Afi&scirc;o en s.c.e.</url></lok>
        </fnt>.
      </ekz>
    </dif>
  </snc>
  <trd lng="de">Ortsadverb</trd>
  <trd lng="en">local adverb</trd>
  <trd lng="fr">adverbe de lieu</trd>
  <trd lng="pl">przys&lstroke;&oacute;wek miejsca</trd>
  <trd lng="ru">&c_n;&c_a;&c_r;&c_je;&c_ch;&c_i;&c_je; &c_m;&c_je;&c_s;&c_t;&c_a;</trd>
</drv>
</art>
<!--
$Log: adverb.xml,v $
Revision 1.29  2018/02/28 18:10:15  revo
Jeromo Vasxe: + ~igi

Revision 1.28  2017/01/29 13:10:22  revo
Adam Eng: +trd ms

Revision 1.27  2016/09/28 22:10:21  revo
Sebastian Cyprych: +trd pl

Revision 1.26  2015/07/04 08:37:29  revo
aldono de trd cs per skripto de M. von Laer

Revision 1.25  2014/02/06 16:10:14  revo
Damien Brucker: +ref (dauxrigo)

Revision 1.24  2014/01/08 11:10:13  revo
Damien Brucker: +ref

Revision 1.23  2013/12/09 13:10:21  revo
Damien Brucker: +fak

Revision 1.22  2013/12/09 10:10:16  revo
-->
</vortaro>
