<?xml version="1.0"?>
<!DOCTYPE vortaro SYSTEM "../dtd/vokoxml.dtd">

<vortaro>
<art mrk="$Id: adz.xml,v 1.23 2018/08/14 20:10:16 revo Exp $">
<kap>
  <rad>adz</rad>/o
</kap>
<drv mrk="adz.0o">
  <kap><tld/>o</kap>
  <uzo tip="fak">TEK</uzo>
  <snc>
    <dif>
      Speco de <ref tip="super" cel="hak.0ilo">hakilo</ref>,
      kies klingo estas fiksita en la ebeno orta al la tenilo;
      uzata de &ccirc;arpentistoj kaj barelistoj en la okazoj, kiam la
      uzo de <ref cel="topor.0o">toporo</ref> ne estas oportuna:
      <ekz>
        kaviga <tld/>o
        <fnt>
          <bib>Viki</bib>
          <lok><url ref="https://eo.wikipedia.org/?curid=31897">Barelfaristo</url></lok>
        </fnt>;
      </ekz>
      <ekz>
        forhakante per <tld/>o la brakojn
        <fnt>
          <bib>Monato</bib>
          <aut>Bob Felby</aut>
          <vrk><url ref="http://www.monato.net/2015/011482.php">&Ccirc;irka&ubreve;braku arbon!</url></vrk>
        </fnt>.
      </ekz>
    </dif>
  </snc>
  <trd lng="be">&c_c;&c_ja;&c_s;&c_l;&c_a;</trd>
  <trd lng="bg">&c_t;&c_je;&c_s;&c_l;&c_a;</trd>
  <trd lng="ca">aixa</trd>
  <trd lng="cs">sekera teslice <klr>(moty&ccaron;ka)</klr></trd>
  <trdgrp lng="de">
    <trd>Dechsel</trd>,
    <trd>Dachsbeil</trd>,
    <trd>Querbeil</trd>
  </trdgrp>
  <trdgrp lng="en">
    <trd>adz</trd>,
    <trd>adze</trd>
  </trdgrp>
  <trdgrp lng="fr">
    <trd>herminette</trd>,
    <trd>erminette</trd>,
    <trd>asse</trd>,
    <trd>aissette</trd>
  </trdgrp>
  <trdgrp lng="hu">
    <trd>szekerce</trd>,
    <trd>&aacute;csb&aacute;rd</trd>
  </trdgrp>
  <trd lng="it">ascia</trd>
  <trd lng="nl">dissel</trd>
  <trdgrp lng="pl">
    <trd>toporek</trd>,
    <trd>ciosak</trd>
  </trdgrp>
  <trd lng="pt">enx&oacute;</trd>
  <trd lng="ro">tesl&abreve;</trd>
  <trdgrp lng="ru">
    <trd>&c_t;&c_je;&c_s;&c_l;&c_o;</trd>,
    <trd>&c_d;&c_je;&c_k;&c_s;&c_je;&c_l;&c_mol;</trd>
  </trdgrp>
  <trdgrp lng="sk">
    <trd>sekera <klr>(tes&aacute;rska)</klr></trd>,
    <trd>tes&aacute;rska <ind>sekera</ind></trd>,
    <trd>te&scaron;la</trd>
  </trdgrp>
</drv>
</art>
<!--
$Log: adz.xml,v $
Revision 1.23  2018/08/14 20:10:16  revo
Wolfram Diestel: +ekz, germ trd

Revision 1.22  2015/07/04 08:37:29  revo
aldono de trd cs per skripto de M. von Laer

Revision 1.21  2015/06/28 12:03:35  revo
aldono de trd sk per skripto de M. von Laer

Revision 1.20  2015/06/11 17:10:16  revo
Joop Eggen: +trd bg

Revision 1.19  2013/10/31 20:10:25  revo
Vito Redsky: +trd  pl ro

Revision 1.18  2012/07/15 12:10:12  revo
Marc Rausell: + trd ca

Revision 1.17  2011/11/02 11:10:12  revo
Antonio Codazzi: +trd it

Revision 1.16  2010/04/16 16:30:44  revo
-->
</vortaro>
