<?xml version="1.0"?>
<!DOCTYPE vortaro SYSTEM "../dtd/vokoxml.dtd">

<vortaro>
  <art mrk="$Id: aer.xml,v 1.49 2018/07/12 22:10:14 revo Exp $">
    <kap>
      <ofc>*</ofc><rad>aer</rad>/o
    </kap>

    <drv mrk="aer.0o">
      <kap><ofc>*</ofc><tld/>o <fnt><bib>F</bib>, <lok>Universala
      Vortaro, <url
      ref="http://www.akademio-de-esperanto.org/fundamento/universala_vortaro.html#av-48">aer'</url></lok></fnt></kap>
      <snc mrk="aer.0o.KEM">
        <uzo tip="fak">KEM</uzo>
        <dif>
          Spirebla nesimpla gaso, kiu &ccirc;irka&ubreve;as la teron:
          <ekz>
            Super la tero sin trovas <tld/>o
            <fnt><bib>F</bib>, <lok>&FE; 26</lok></fnt>;
          </ekz><ekz>
            oro estas pli peza ol fero, pli malpeza ol <tld/>o
            <fnt><bib>PrV</bib></fnt>;
          </ekz><ekz>
            preni iom da fre&scirc;a <tld/>o<fnt>Z</fnt>.
          </ekz>
        </dif>
        <refgrp tip="vid">
          <ref cel="pend.0i.FIG">pendi</ref>.
        </refgrp>
        <trd lng="ja">&#31354;&#27671; [<ind>&#12367;&#12358;&#12365;</ind>]</trd>
        <trd lng="th">&#3629;&#3634;&#3585;&#3634;&#3624;</trd>
      </snc>
      <snc mrk="aer.0o.spaco">
        <dif>
          Libera spaco super la tero, ofte konsiderata kiel medio
          por <ref cel="flug.0o">flugado</ref> kaj
          <ref cel="aviad.0o">aviado</ref>:
          <ekz>
            granda blanka cigno &scirc;vebis en la <tld/>o
            <fnt><bib>Fab1</bib><lok>Vojkamarado</lok></fnt>;
          </ekz><ekz>
            <ind>konstrui kastelojn en <tld/>o</ind>
            <klr>(revi pri &hcirc;imeraj profitoj)</klr>
            <fnt><bib>PrV</bib></fnt>;
            <trd lng="fr">
              b&acirc;tir des ch&acirc;teaux en <ind>Espagne</ind>
            </trd>
            <trd lng="hu">l&eacute;gv&aacute;rakat
            &eacute;p&iacute;t</trd>
          </ekz><ekz>
            celi anseron, <ind>trafi <tld/>on</ind>
            <fnt><bib>PrV</bib></fnt>.
            <trdgrp lng="fr">
              <trd>faire <ind>chou</ind> blanc</trd>,
              <trd>
                donner un coup d'<ind>&eacute;p&eacute;e</ind> dans
                l'eau
              </trd>
            </trdgrp>
            <trd lng="hu">bakot l&odblac;</trd>
          </ekz>
        </dif>
        <refgrp tip="vid">
          <ref cel="arme.aer0o"><tld/>armeo</ref>,
          <ref cel="flot.aero0o"><tld/>ofloto</ref>,
          <ref cel="sxip.aer0o"><tld/>o&scirc;ipo</ref>
        </refgrp>
        <trdgrp lng="ja">
          <trd>&#31354; [<ind>&#12381;&#12425;</ind>]</trd>,
          <trd>&#31354;&#20013; [<ind>&#12367;&#12358;&#12385;&#12421;&#12358;</ind>]</trd>
        </trdgrp>
      </snc>
  <trd lng="be">&c_p;&c_a;&c_v;&c_je;&c_t;&c_r;&c_a;</trd>
  <trd lng="bg">&c_v;&c_malmol;&c_z;&c_d;&c_u;&c_h;</trd>
  <trd lng="br">aer</trd>
  <trd lng="ca">aire</trd>
  
  <trdgrp lng="cs">
    <trd>ovzdu&scaron;&iacute;</trd>,
    <trd>vzduch</trd>
  </trdgrp>
  <trd lng="de">Luft</trd>
  <trd lng="en">air<klr tip="ind"> (gas)</klr></trd>
  <trd lng="es">aire</trd>
  <trd lng="fr">air</trd>
  <trd lng="he">&alef;&vav;&vav;&yod;&resh;</trd>
  <trd lng="hu">leveg&odblac;</trd>
  <trd lng="id">udara</trd>
  <trd lng="it">aria</trd>
  <trd lng="nl">lucht</trd>
  <trd lng="oc">aire</trd>
  <trd lng="pl">powietrze</trd>
  <trd lng="pt">ar</trd>
  <trd lng="ru">&c_v;&c_o;&c_z;&c_d;&c_u;&c_h;</trd>
  <trd lng="ms">udara</trd>
  <trdgrp lng="sk">
    <trd>povetrie</trd>,
    <trd>vzduch</trd>
  </trdgrp>
  <trd lng="sv">luft</trd>
  <trd lng="tp">kon</trd>
  <trd lng="tr">hava</trd>
  <trd lng="vo">lut</trd>
  <trdgrp lng="zh">
        <trd>&#31354;&#27668;</trd>,
        <trd>&#31354;&#27683;<klr> [k&#333;ngq&igrave;]</klr></trd>
      </trdgrp>
</drv>

    <drv mrk="aer.0a">
      <kap><tld/>a</kap>
      <snc mrk="aer.0a.el_0o">
        <dif>
          Konsistanta el <tld/>o, malpeza kvaza&ubreve; el <tld/>o:
          <ekz>
            <tld/>a veziketo<fnt>B</fnt>;
          </ekz><ekz>
            <klr>[la infanoj de&scirc;iris]</klr> tiun malkompaktan,
            <tld/>an, lansimilan floron <klr>[de leontodo]</klr>
            <fnt><bib>Fab3</bib><lok>Ekzistas diferenco</lok></fnt>.
          </ekz>
        </dif>
        <trd lng="en">airy</trd>
      </snc>
      <snc mrk="aer.0a.en_0o">
        <dif>
          Estanta en la <tld/>o:
          <ekz>
            kelkaj vegeta&jcirc;oj havas <tld/>ajn radikojn.
          </ekz>
        </dif>
        <trd lng="en">airborne</trd>
        <trd lng="es">a&eacute;reo</trd>
      </snc>
      <snc mrk="aer.0a.0rilata">
        <dif>
          Rilata al <tld/>o:
          <ekz>
            la pantofloj flugis al ili trans la orelojn <klr>[:]</klr>
            tiajn <tld/>ajn fenomenojn ili neniam anta&ubreve;e vidis
            <fnt><bib>Fab1</bib><lok>Fluganta kofro</lok></fnt>.
          </ekz>
        </dif>
        <trd lng="en">aerial</trd>
        <trd lng="ja">&#31354;&#27671;&#12398; [<ind>&#12367;&#12358;&#12365;&#12398;</ind>]</trd>
        <trd lng="pl">powietrzny</trd>
      </snc>
      <snc mrk="aer.0a.malfirma">
        <uzo tip="stl">FIG</uzo>
        <dif>
          <ref cel="firm.mal0a">Malfirma</ref>,
          <ref cel="baz.sen0a">senbaza</ref>:
          <ekz>
            gloramo havas esencon <tld/>an kaj
            senfundamentan<fnt>Z</fnt>.
          </ekz>
        </dif>
        <refgrp tip="vid">
          <ref cel="vant.0a">vanta</ref>,
          <ref cel="vent.0a">venta</ref>
        </refgrp>
        <trd lng="en">airy</trd>
      </snc>
  <trd lng="be">&c_p;&c_a;&c_v;&c_je;&c_t;&c_r;&c_a;&c_n;&c_y;</trd>
  <trd lng="br">-<ind>aer</ind></trd>
  <trd lng="ms">berangin</trd>
  <trdgrp lng="cs">
    <trd>leteck&yacute;</trd>,
    <trd>nadnesen&yacute;</trd>,
    <trd>nere&aacute;ln&yacute;</trd>,
    <trd>vzduchov&yacute;</trd>,
    <trd>vzdu&scaron;n&yacute;</trd>
  </trdgrp>
  <trdgrp lng="de">
        <trd>luftig</trd>,
        <trd>Luft-</trd>
      </trdgrp>
  <trdgrp lng="fr">
        <trd>d'<ind>air</ind></trd>,
        <trd>a&eacute;rien</trd>,
        <trd>illusoire</trd>,
        <trd>inconsistant</trd>,
        <trd>vain</trd>
      </trdgrp>
  <trdgrp lng="hu">
        <trd>l&eacute;gi</trd>,
        <trd>l&eacute;g-</trd>,
        <trd>leveg&odblac;-</trd>
      </trdgrp>
  <trdgrp lng="nl">
        <trd>luchtig</trd>,
        <trd>lucht-</trd>
      </trdgrp>
  <trd lng="pt">a&eacute;reo</trd>
  <trd lng="ru">&c_v;&c_o;&c_z;&c_d;&c_u;&c_sh;&c_n;&c_y;&c_j;</trd>
  <trdgrp lng="sk">
    <trd>prevzdu&scaron;&ncaron;uj&uacute;ci</trd>,
    <trd>vetrac&iacute;</trd>,
    <trd>vzdu&scaron;n&yacute;</trd>
  </trdgrp>
</drv>

    <drv mrk="aer.0umi">
      <kap><ofc>*</ofc><tld/>umi <fnt><bib>F</bib>, <lok>Universala
      Vortaro, <url
      ref="http://www.akademio-de-esperanto.org/fundamento/universala_vortaro.html#av-4966">aer'um'</url></lok></fnt></kap>
      <gra><vspec>tr</vspec></gra>
      <snc>
        <dif>
          Lasi ion en ekstera <tld/>o a&ubreve; enlasi eksteran <tld/>on en
          iun lokon, por forigi de &gcirc;i malagrablajn odorojn a&ubreve;
          malsanigajn gasojn:
          <ekz>
            oni zorge <tld/>umu la dormo&ccirc;ambrojn &ccirc;iun
            matenon.
          </ekz>
        </dif>
        <ref tip="vid" cel="ventol.0i">ventoli</ref>
      </snc>
  <trd lng="be">&c_p;&c_r;&c_a;&c_v;&c_je;&c_t;&c_r;&c_y;&c_v;&c_a;&c_c;&c_mol;</trd>
  <trd lng="br">aera&ntilde;</trd>
  <trdgrp lng="cs">
    <trd>prov&ecaron;trat</trd>,
    <trd>vyv&ecaron;trat</trd>,
    <trd>v&ecaron;trat</trd>
  </trdgrp>
  <trd lng="de">l&uuml;ften</trd>
  <trdgrp lng="en">
    <trd>air</trd>,
    <trd>air out</trd>,
    <trd>aerate</trd>,
    <trd>ventilate</trd>
  </trdgrp>
  <trd lng="es">airear</trd>
  <trdgrp lng="fr">
    <trd>a&eacute;rer<klr tip="ind"> (renouveler l'air)</klr></trd>,
    <trd>ventiler</trd>
  </trdgrp>
  <trd lng="hu">szell&odblac;ztet</trd>
  <trdgrp lng="ja">
    <trd><klr>(&#34915;&#39006;&#12539;&#23517;&#20855;&#12394;&#12393;&#12434;)</klr>&#31354;&#27671;&#12395;&#24403;&#12390;&#12427; [<ind>&#12367;&#12358;&#12365;&#12395;&#12354;&#12390;&#12427;</ind>]</trd>,
    <trd>&#39080;&#12395;&#12373;&#12425;&#12377; [<ind>&#12363;&#12380;&#12395;&#12373;&#12425;&#12377;</ind>]</trd>,
    <trd><klr>(&#37096;&#23627;&#12394;&#12393;&#12395;)</klr>&#39080;&#12434;&#36890;&#12377;</trd>,
    <trd>&#25563;&#27671;&#12377;&#12427; [<ind>&#12363;&#12435;&#12365;&#12377;&#12427;</ind>]</trd>
  </trdgrp>
  <trdgrp lng="nl">
    <trd>luchten</trd>,
    <trd>uitluchten</trd>,
    <trd>verluchten</trd>,
    <trd>ventileren</trd>
  </trdgrp>
  <trd lng="pl">wietrzy&cacute;</trd>
  <trdgrp lng="pt">
    <trd>arejar</trd>,
    <trd>ventilar</trd>
  </trdgrp>
  <trd lng="ru">&c_p;&c_r;&c_o;&c_v;&c_je;&c_t;&c_r;&c_i;&c_t;&c_mol;</trd>
  <trd lng="sk">vetra&tcaron;</trd>
  <trd lng="sv">v&auml;dra</trd>
  <trd lng="th">&#3648;&#3611;&#3636;&#3604;&#3619;&#3632;&#3610;&#3634;&#3618;&#3621;&#3617;</trd>
</drv>

    <drv mrk="aer.Bon0o">
      <kap>Bon<tld/>o <fnt><bib>PIV2</bib></fnt></kap>
      <snc>
      <uzo tip="fak">GEOG</uzo>
      <uzo tip="fak">POL</uzo>
        <dif>
          &Ccirc;efurbo de Argentino:
          <ekz>
            luita a&ubreve;to devis veturigi nin al la flughaveno,
            situanta &ccirc;e la &ccirc;efurbo Bon<tld/>o,
            trovi&gcirc;anta je
            60 km for de La Plata
            <fnt>
              <aut>Jos&eacute; de N. MARQUES</aut>:
              <vrk>Voja&gcirc;o al Ushuaia</vrk>. <bib>Monato</bib>
            </fnt>;
          </ekz><ekz>
            en la sidejo de Bon<tld/>a Esperanto-Asocio dudeko da
            partoprenantoj plenumis la kutiman tagordon
            <fnt><aut>Roberto Sartor</aut>:
              <vrk>Argentina asembleo</vrk>.
              <bib>LOdE</bib>, <lok>2003:12 (110)</lok>
            </fnt>.
          </ekz>
        </dif>
      </snc>
      <trd
      lng="be">&c_B;&c_u;&c_e;&c_n;&c_a;&c_s;-&c_A;&c_j;&c_r;&c_e;&c_s;</trd>
      <trd lng="en">Buenos Aires</trd>
      <trd lng="es">Buenos Aires</trd>
      <trd lng="fr">Buenos Aires</trd>
      <trd lng="hu">Buenos Aires</trd>
      <trd lng="id">Buenos Aires</trd>
      <trd lng="ja">&#12502;&#12456;&#12494;&#12473;&#12450;&#12452;&#12524;&#12473; [<ind>&#12406;&#12360;&#12398;&#12377;&#12354;&#12356;&#12428;&#12377;</ind>]</trd>
      <trd lng="nl">Buenos Aires</trd>
      <trd lng="ru">&c_B;&c_u;&c_e;&c_n;&c_o;&c_s;-&c_A;&c_j;&c_r;&c_je;&c_s;</trd>
      <trd lng="th">&#3610;&#3633;&#3623;&#3650;&#3609;&#3626;&#3652;&#3629;&#3648;&#3619;&#3626;</trd>
    </drv>

  </art>
  <!--
  $Log: aer.xml,v $
  Revision 1.49  2018/07/12 22:10:14  revo
  Benoit Soubeyran: +he

  Revision 1.48  2017/12/21 15:10:17  revo
  Michel Cantigneaux: aldono de fontaj ligiloj (al Universala Vortaro)

  Revision 1.47  2017/11/06 17:10:15  revo
  Sam Penter: sxangxo al difino de ~umi; + trd ja,en,nl

  Revision 1.46  2017/07/10 06:10:17  revo
  Warut Bunprasert: +trd th

  Revision 1.45  2017/01/29 13:10:26  revo
  Adam Eng: +trd ms

  Revision 1.44  2015/07/04 08:37:29  revo
  aldono de trd cs per skripto de M. von Laer

  Revision 1.43  2015/06/28 12:03:35  revo
  aldono de trd sk per skripto de M. von Laer

  Revision 1.42  2014/06/10 15:10:14  revo
  Eko Nur Syah Hidayat: +id

  Revision 1.41  2014/05/08 18:10:40  revo
  Damien Brucker: +trd fr

  Revision 1.40  2013/06/30 10:10:14  revo
  Benito Subejrano: + trd ca oc

  Revision 1.39  2013/03/21 20:10:22  revo
  Dmitri Gabinski: redakto: +trd be

  Revision 1.38  2011/03/23 08:10:09  revo
  Larry Gilbert: korekti rompitan ligilon; +trd en

  Revision 1.37  2011/03/03 08:10:09  revo
  Jozefo Horvath: +trd hu

  Revision 1.36  2010/02/20 18:02:17  revo
  Sergio Pokrovskij: +Bon~o

  Revision 1.35  2008/07/30 18:14:01  revo
  Wieland Pusch: +trd bg

  Revision 1.34  2007/11/30 17:30:38  revo
  Sebastian Cyprych: +trd pl

  Revision 1.33  2006/09/19 17:39:13  revo
  Axel Rousseau: +trd tp

  Revision 1.32  2005/04/27 16:32:46  revo
  Raul Salinas Monteagudo: korekto trd es

  Revision 1.31  2005/04/05 16:37:03  revo
  Jozefo Horvath: +trd hu

  Revision 1.30  2005/03/19 17:32:10  revo
  Marc Bavant: +trd fr, kor ref tip sin, mod ref al pendi; ~o: +KEM,
  +snc;
  ~a: +tld en dif, apartigis FIG, +snc, -ekz pri ~aj kasteloj; ~umi: mod
  dif; ~sxtono: sxovis al sub "sxtono"; ~transporto: sxovis al sub
  "port"

  Revision 1.29 2005/03/06 17:35:28 revo
  Alan ar Gall: kor mal&gcirc;uste rompitajn liniojn
  -->
</vortaro>
