<?xml version="1.0"?>
<!DOCTYPE vortaro SYSTEM "../dtd/vokoxml.dtd">

<vortaro>
<art mrk="$Id: aerosol.xml,v 1.10 2015/07/04 08:37:29 revo Exp $">
<kap>
  <rad>aerosol</rad>/o <fnt><bib>PIV1</bib></fnt>
</kap>
<drv mrk="aerosol.0o">
  <kap><tld/>o</kap>
  <snc mrk="aerosol.0o.KEM">
    <uzo tip="fak">KEM</uzo>
    <dif>
      Substanco el subtilaj eroj &scirc;vebantaj en gaso:
      <ekz>
        mi kun amiko ebrii&gcirc;is <klr>...</klr> &scirc;prucis 
        &ccirc;irka&ubreve;sidantojn per kontra&ubreve;skabia <tld/>o kaj kriis "mi cin 
        subpremos!"  
        <fnt>
          <aut>junas</aut>,
          <vrk>[blogo]</vrk>,
          <lok><url ref="http://junas.livejournal.com/63556.html">
          2007-08-05</url></lok>
        </fnt>;
      </ekz>
      <ekz>
        estis plenumataj mezuradoj de <tld/>aj partikloj de la nuboj
        <fnt>
          <aut>-</aut>,
          <vrk><url
          ref="http://kosmonauxtiko.narod.ru/Baza_informo/Venusa_programo/La_venusa_esplora_programo.htm">
          La Venusa Programo de Sovet-unio</url></vrk>,
          <lok>[vidita en 2010]</lok>
        </fnt>.
      </ekz>
    </dif>
  </snc>
  <trd lng="be">&c_a;&c_e;&c_r;&c_a;&c_z;&c_o;&c_l;&c_mol;</trd>
  <trd lng="ca">aerosol</trd>
  <trd lng="cs">aerosol</trd>
  <trd lng="de">Aerosol</trd>
  <trd lng="en">aerosol</trd>
  <trd lng="fr">a&eacute;rosol</trd>
  <trd lng="it">aerosol</trd>
  <trd lng="pl">aerozol</trd>
  <trd lng="sk">aerosól</trd>
  <trd lng="sv">aerosol</trd>
</drv>
</art>

<!--
$Log: aerosol.xml,v $
Revision 1.10  2015/07/04 08:37:29  revo
aldono de trd cs per skripto de M. von Laer

Revision 1.9  2015/06/28 12:03:35  revo
aldono de trd sk per skripto de M. von Laer

Revision 1.8  2013/02/07 10:10:14  revo
Dmitri Gabinski: redakto: +trd be

Revision 1.7  2011/12/05 01:10:25  revo
Marc Rausell: kataluna traduko

Revision 1.6  2011/11/02 11:10:15  revo
Antonio Codazzi: +trd it

Revision 1.5  2010/10/20 16:30:35  revo
Jerano Zachrisson: +trd sv

Revision 1.4  2010/04/16 16:31:03  revo
Russ Williams: +trd en

Revision 1.3  2010/04/15 16:30:40  revo
Sebastian Cyprych: +trd pl

Revision 1.2  2010/04/14 06:05:21  revo
Wieland Pusch: +trd de

Revision 1.1  2010/04/12 16:30:19  revo
-->
</vortaro>
