<?xml version="1.0"?>
<!DOCTYPE vortaro SYSTEM "../dtd/vokoxml.dtd">

<vortaro>
<art mrk="$Id: aerona.xml,v 1.18 2019/02/20 18:10:25 revo Exp $">
<kap>
  <rad>aerona&ubreve;t</rad>/o <fnt>Z</fnt> <fnt><bib>PV</bib></fnt>
</kap>
<drv mrk="aerona.0o">
  <kap><tld/>o</kap>
  <snc mrk="aerona.0o.AVI">
    <uzo tip="fak">AVI</uzo>
    <dif>
      Veturanto en <ref tip="vid" cel="aerost.0o">aerostato</ref>:
      <ekz>
        <nom>Auguste Piccard</nom> <klr>[&#8230;]</klr> estis la &gcirc;emela
        frato de <nom>Jean Piccard</nom>, <tld/>o
        <fnt>
          <bib>Viki</bib>
          <lok><url ref="https://eo.wikipedia.org/?curid=24284">Auguste Piccard</url></lok>
        </fnt>;
      </ekz>
      <ekz>
        <nom>Joseph Proust</nom> <klr>[&#8230;]</klr> donis lecionojn pri kemio kune kun la <tld/>o
        <nom>Pil&acirc;tre de Rozier</nom>
        <fnt>
          <bib>Viki</bib>
          <lok><url ref="https://eo.wikipedia.org/?curid=481205">Joseph Proust</url></lok>
        </fnt>.
      </ekz>
    </dif>
    <trdgrp lng="de">
      <trd>Luftschiffer</trd>,
      <trd>Ballonfahrer</trd>
    </trdgrp>
  </snc>
  <trd lng="be">&c_a;&c_e;&c_r;&c_a;&c_n;&c_a;&c_w;&c_t;</trd>
  <trd lng="en">aeronaut</trd>
  <trd lng="es">aeronauta</trd>
  <trdgrp lng="fr">
    <trd>a&eacute;ronaute</trd>,
    <trd>a&eacute;rostier</trd>
  </trdgrp>
  <trd lng="hu">l&eacute;ghaj&oacute;s</trd>
  <trd lng="it">aeronauta</trd>
  <trd lng="nl">a&euml;ronaut</trd>
  <trd lng="pl">aeronauta</trd>
  <trd lng="pt">aeronauta</trd>
  <trd lng="ro">aviator</trd>
  <trd lng="ru">&c_a;&c_e;&c_r;&c_o;&c_n;&c_a;&c_v;&c_t;</trd>
  <trd lng="sk">vzduchoplavec</trd>
</drv>
</art>
<!--
$Log: aerona.xml,v $
Revision 1.18  2019/02/20 18:10:25  revo
Wolfram Diestel: +ekz-oj, germ trd-oj

Revision 1.17  2013/11/16 20:10:27  revo
Vito Redsky: +trd  pl ro

Revision 1.16  2009/12/18 17:30:26  revo
Antonio Codazzi: +trd it

Revision 1.15  2008/10/20 18:43:19  revo
Jozefo Horvath: +trd hu

Revision 1.14  2006/07/21 18:04:14  revo
Jeromo Vasxe: + mrk

Revision 1.13 2003/10/28 17:31:30 revo
Dmitri Gabinski: +trd be

Revision 1.12 2003/05/17 16:31:23 revo
Viliam Bur: +trd sk

Revision 1.11 2002/04/22 16:32:55 revo
-->
</vortaro>
