<?xml version="1.0"?>
<!DOCTYPE vortaro SYSTEM "../dtd/vokoxml.dtd">

<vortaro>
<art mrk="$Id: aerobik.xml,v 1.2 2016/12/06 00:10:15 revo Exp $">
<kap>
  <rad>aerobik</rad>/o <fnt><bib>PIV2</bib></fnt>
</kap>
<drv mrk="aerobik.0o">
  <kap><tld/>o</kap>
  <snc mrk="aerobik.0o.SPO">
    <uzo tip="fak">SPO</uzo>
    <dif>
      Ritma, rapida speco de <ref tip="vid"
      cel="gimnas1.0o">gimnastiko</ref>
      kutime plenumata la&ubreve; muziko:
      <ekz>
        la movoj &ccirc;e <ctl>zumba</ctl> enhavas elementojn
        precipe de <tld/>o kaj latin-amerikaj dancoj
        <fnt>
          <aut>&Eacute;. Baloghn&eacute; Fodor</aut>,
          <bib>Monato</bib>
          <vrk>Zumba: ne nur por gejunuloj</vrk>,
          <lok>Monato, 2016:12</lok>
        </fnt>.
      </ekz>
    </dif>
  </snc>
  <trd lng="en">aerobics</trd>
  <trd lng="fr">a&eacute;robic</trd>
  <trd lng="nl">aerobics</trd>
</drv>
</art>

<!--
$Log: aerobik.xml,v $
Revision 1.2  2016/12/06 00:10:15  revo
Filip van Laenen: +trd nl

Revision 1.1  2016/11/30 23:10:16  revo
Jeromo Vasxe: nova artikolo

-->
</vortaro>
