<?xml version="1.0"?>
<!DOCTYPE vortaro SYSTEM "../dtd/vokoxml.dtd">

<vortaro>
<art mrk="$Id: aerome.xml,v 1.19 2015/07/04 08:37:29 revo Exp $">
<kap>
  <rad>aerometr</rad>/o
  <fnt>Z</fnt>
</kap>
<drv mrk="aerome.0o">
  <kap><tld/>o</kap>
  <uzo tip="fak">FIZ</uzo>
  <snc>
    <dif>
      Instrumento por mezuri la <ref cel="dens.0o.FIZ">denson</ref>
      de gasoj.
    </dif>
  </snc>
  <trd lng="be">&c_a;&c_e;&c_r;&c_o;&c_m;&c_e;&c_t;&c_a;&c_r;</trd>
  <trd lng="bg">&c_a;&c_r;&c_je;&c_o;&c_m;&c_je;&c_t;&c_malmol;&c_r;</trd>
  <trd lng="ca">aer&ograve;metre</trd>
  <trd lng="cs">aerometr</trd>
  <trd lng="en">aerometer</trd>
  <trd lng="es">aer&oacute;metro</trd>
  <trd lng="fr">a&eacute;rom&egrave;tre</trd>
  <trdgrp lng="hu">
    <trd>l&eacute;gs&udblac;r&udblac;s&eacute;gm&eacute;r&odblac;</trd>,
    <trd>aerom&eacute;ter</trd>
  </trdgrp>
  <trd lng="it">aerometro</trd>
  <trd lng="nl">a&euml;rometer</trd>
  <trd lng="pl">aerometr</trd>
  <trd lng="pt">aer&ocirc;metro</trd>
  <trd lng="ro">hidrometru</trd>
  <trd lng="ru">&c_a;&c_e;&c_r;&c_o;&c_m;&c_je;&c_t;&c_r;</trd>
  <trdgrp lng="sk">
    <trd>aerometer</trd>,
    <trd>hustomer plynov</trd>
  </trdgrp>
</drv>
</art>
<!--
$Log: aerome.xml,v $
Revision 1.19  2015/07/04 08:37:29  revo
aldono de trd cs per skripto de M. von Laer

Revision 1.18  2015/06/28 12:03:35  revo
aldono de trd sk per skripto de M. von Laer

Revision 1.17  2013/11/16 20:10:26  revo
Vito Redsky: +trd  pl ro

Revision 1.16  2013/08/26 15:10:42  revo
Joop Eggen: +trd bg

Revision 1.15  2011/11/02 11:10:14  revo
Antonio Codazzi: +trd it

Revision 1.14  2007/03/06 17:31:35  revo
Jozefo Horvath: +trd hu

Revision 1.13  2005/06/17 17:20:47  revo
Marc Bavant: s/SCI/FIZ

Revision 1.12  2005/05/24 16:35:28  revo
Marc Bavant: mod dif

Revision 1.11  2005/04/05 16:34:49  revo
Raul Salinas Monteagudo: +trd ca,es

Revision 1.10  2003/10/28 17:31:29  revo
-->
</vortaro>
