<?xml version="1.0"?>
<!DOCTYPE vortaro SYSTEM "../dtd/vokoxml.dtd">

<vortaro>
<art mrk="$Id: aerobi.xml,v 1.22 2017/05/25 22:10:15 revo Exp $">
<kap>
  <rad>aerobi</rad>/a <fnt><bib>PV</bib></fnt>
</kap>
<drv mrk="aerobi.0a">
  <kap><tld/>a</kap>
  <snc mrk="aerobi.0a.KOMUNE">
    <dif>
      Uzanta oksigenon.
    </dif>
    <subsnc mrk="aerobi.0a.FIZL">
      <uzo tip="fak">FIZL</uzo>
      <dif>
        Bezonanta, konsumanta oksigenon:
        <ekz>
          <tld/>aj bakterioj estas plej aktivaj en  grundo kiu estas 
          humida
          <fnt>
            <aut>-</aut>,
            <vrk><url
            ref="http://epo.wikitrans.net/Edafon?eng=Soil+life">
            edafo</url></vrk>,
            <lok>2010-03-04</lok>
          </fnt>.
        </ekz>
      </dif>
    </subsnc>
    <subsnc mrk="aerobi.0a.KEM">
      <uzo tip="fak">KEM</uzo>
      <dif>
        Okazanta kun konsumo de oksigeno:
        <ekz>
          la biodigestado generas multe malpli da biologiaj &scirc;limoj ol 
          la <tld/>aj traktadoj
          <fnt>
          <aut>-</aut>,
          <vrk>Reser&ccirc;o kaj Disvolvo</vrk>,
          <lok><url ref="http://www.bio-tec.net">biotec</url>,
          [vidita en 2010]</lok>
          </fnt>.
        </ekz>
      </dif>
    </subsnc>
  </snc>
  <trd lng="be">&c_a;&c_e;&c_r;&c_o;&c_b;&c_n;&c_y;</trd>
  <trd lng="ca">aer&ograve;bic</trd>
  <trd lng="cs">aerobn&iacute; <klr>(za p&rcaron;&iacute;stupu vzduchu)</klr></trd>
  <trd lng="de">aerob</trd>
  <trd lng="en">aerobic</trd>
  <trd lng="es">aerobio</trd>
  <trd lng="fr">a&eacute;robie</trd>
  <trd lng="hu">aerob</trd>
  <trd lng="it">aerobico</trd>
  <trd lng="nl">a&euml;roob</trd>
  <trd lng="pl">aerobiczny</trd>
  <trdgrp lng="pt">
    <trd>aer&oacute;bio</trd>,
    <trd>aer&oacute;bico</trd>
  </trdgrp>
  <trd lng="ro">aerobic</trd>
  <trd lng="ru">&c_a;&c_e;&c_r;&c_o;&c_b;&c_n;&c_y;&c_j;</trd>
  <trdgrp lng="sk">
    <trd>aer&oacute;bny</trd>,
    <trd>aerobn&yacute;</trd>
  </trdgrp>
  <trd lng="sv">aerob</trd>
</drv>

<drv mrk="aerobi.ne0a">
  <kap>ne<tld/>a, <var><kap>mal<tld/>a</kap></var></kap>
  <snc mrk="aerobi.ne0a.KOMUNE">
    <dif>
      Ne uzanta oksigenon.
    </dif>
    <subsnc mrk="aerobi.ne0a.FIZL">
      <uzo tip="fak">FIZL</uzo>
      <dif>
        Ne konsumanta oksigenon:
        <ekz>
          mal<tld/>aj bakterioj
          <fnt>
            <bib>Viki</bib>,
            <lok><url
            ref="http://eo.wikipedia.org/wiki/Ekskrementa_cisterno">
            ekskrementa cisterno</url>, 2010-07-16</lok>
          </fnt>.
        </ekz>
      </dif>
    </subsnc>
    <subsnc mrk="aerobi.ne0a.KEM">
      <uzo tip="fak">KEM</uzo>
      <dif>
        Okazanta sen uzo de oksigeno:
        <ekz>
          la ne<tld/>a &scirc;an&gcirc;i&gcirc;o de piruva acido en laktan acidon estas 
          normala procezo en multaj organismoj
          <fnt>
            <bib>Viki</bib>,
            <lok><url ref="http://eo.wikipedia.org/wiki/Glikolizo">
            glikolizo</url>, 2010-08-31</lok>
          </fnt>.
        </ekz>
      </dif>
    </subsnc>
  </snc>
  <trd lng="be">&c_a;&c_n;&c_a;&c_e;&c_r;&c_o;&c_b;&c_n;&c_y;</trd>
  <trd lng="ca">anaer&ograve;bic</trd>
  <trdgrp lng="cs">
    <trd>anaerobn&iacute;</trd>,
    <trd>bezkysl&iacute;kat&yacute;</trd>
  </trdgrp>
  <trd lng="fr">ana&eacute;robie<klr> (adj.)</klr></trd>
  <trd lng="it">anaerobico</trd>
  <trd lng="pl">anaerobiczny</trd>
  <trd lng="ro">anaerobic</trd>
  <trd lng="sk">bezkysl&iacute;kat&yacute;</trd>
  <trd lng="sv">anaerob</trd>
</drv>
</art>
<!--
$Log: aerobi.xml,v $
Revision 1.22  2017/05/25 22:10:15  revo
Vito Redsky: trd pl+trd ro

Revision 1.21  2015/07/04 08:37:29  revo
aldono de trd cs per skripto de M. von Laer

Revision 1.20  2015/06/28 12:03:35  revo
aldono de trd sk per skripto de M. von Laer

Revision 1.19  2013/04/16 07:10:12  revo
Dmitri Gabinski: redakto: +trd be

Revision 1.18  2011/12/07 10:10:10  revo
Marc Rausell: kataluna traduko

Revision 1.17  2010/11/05 17:30:18  revo
Antonio Codazzi: +trd it

Revision 1.16  2010/10/20 16:30:34  revo
Jerano Zachrisson: +trd sv

Revision 1.15  2010/09/19 16:30:50  revo
-->
</vortaro>
