<?xml version="1.0"?>
<!DOCTYPE vortaro SYSTEM "../dtd/vokoxml.dtd">

<vortaro>
<art mrk="$Id: afazi.xml,v 1.19 2018/08/14 20:10:17 revo Exp $">
<kap>
  <rad>afazi</rad>/o
</kap>
<drv mrk="afazi.0o">
  <kap><tld/>o</kap>
  <uzo tip="fak">MED</uzo>
  <snc>
    <dif>
      Perdo de la parolkapablo, sen paralizo de la langaj muskoloj:
      <ekz>
        simptomoj de apopleksio <klr>[&#8230;]</klr>:
        problemoj kun kompreno a&ubreve; esprimo de lingvo (<tld/>o)
        <fnt>
          <bib>Viki</bib>
          <lok><url ref="https://eo.wikipedia.org/?curid=51997">Apopleksio</url></lok>
        </fnt>;
      </ekz>
      <ekz>
        en la kazo de cerbdevena <tld/>o, la maldekstramanuloj pli facile rekapabli&gcirc;as
        <fnt>
          <bib>Viki</bib>
          <lok><url ref="https://eo.wikipedia.org/?curid=166259">Maldekstramanulo</url></lok>
        </fnt>.
      </ekz>
    </dif>
  </snc>
  <trd lng="be">&c_a;&c_f;&c_a;&c_z;&c_ib;&c_ja;</trd>
  <trd lng="bg">&c_a;&c_f;&c_a;&c_z;&c_i;&c_ja;</trd>
  <trd lng="ca">af&agrave;sia</trd>
  <trd lng="cs">af&aacute;zie</trd>
  <trd lng="de">Aphasie</trd>
  <trd lng="en">aphasia</trd>
  <trd lng="es">afasia</trd>
  <trd lng="fa">&a_z;&a_b;&a_A;&a_n;&zwnj;&f_p;&a_r;&f_y;&a_sh;&f_y;</trd>
  <trd lng="fr">aphasie</trd>
  <trd lng="hu">af&aacute;zia</trd>
  <trd lng="it">afasia</trd>
  <trd lng="nl">afasie</trd>
  <trd lng="pt">afasia</trd>
  <trd lng="ru">&c_a;&c_f;&c_a;&c_z;&c_i;&c_ja;</trd>
  <trd lng="sk">af&aacute;zia</trd>
</drv>
</art>
<!--
$Log: afazi.xml,v $
Revision 1.19  2018/08/14 20:10:17  revo
Wolfram Diestel: +ekz

Revision 1.18  2015/07/04 08:37:29  revo
aldono de trd cs per skripto de M. von Laer

Revision 1.17  2011/12/12 10:10:10  revo
Marc Rausell: +trd ca

Revision 1.16  2011/11/02 11:10:16  revo
Antonio Codazzi: +trd it

Revision 1.15  2010/04/15 16:30:45  revo
Wieland Pusch: +trd bg

Revision 1.14  2010/04/14 06:06:05  revo
Behnam Tabatabai: +trd fa

Revision 1.13  2007/01/30 17:30:46  revo
Wieland Pusch: +trd de

Revision 1.12  2003/10/28 17:31:37  revo
-->
</vortaro>
