<?xml version="1.0"?>
<!DOCTYPE vortaro SYSTEM "../dtd/vokoxml.dtd">

<vortaro>
<art mrk="$Id: afekci.xml,v 1.19 2017/06/14 16:10:15 revo Exp $">
<kap>
  <rad>afekci</rad>/o
  <fnt>Z</fnt>
</kap>
<drv mrk="afekci.0o">
  <kap><tld/>o</kap>
  <snc mrk="afekci.0o.MED">
    <uzo tip="fak">MED</uzo>
    <dif>
      Iu el diversaj malsanoj karaterizitaj de
      malharmonio inter ekstera situacio kaj sento a&ubreve;
      inter sento kaj &gcirc;ia eskstera esprimado:
      <ekz>
        longa starado, fortostre&ccirc;oj, sidema vivo, mallakso,
        da&ubreve;ra seksa eksciti&gcirc;o ktp. kontribuas al la apero
        de tiu <tld/>o kaj al ties pligravi&gcirc;o
        <fnt>
        <vrk>Skrotovariko</vrk>
        <lok><url
        ref="http://www.naturkuracado.info/51088195f60b7be04/51088195f60cea532/51088195f70e847aa.html">Naturkuracado.info</url></lok>
        </fnt>.
      </ekz>
    </dif>
    <trdgrp lng="fr">
      <trd>affection<klr tip="ind"> (maladie)</klr></trd>,
      <trd>maladie</trd>
    </trdgrp>
    <trdgrp lng="hu">
      <trd>b&aacute;ntalom</trd>,
      <trd>beteg &aacute;llapot</trd>,
      <trd>affekci&oacute;</trd>
    </trdgrp>
    <trdgrp lng="it">
      <trd>affezione<klr tip="ind"> (malattia)</klr></trd>,
      <trd>malattia</trd>
    </trdgrp>
    <trd lng="pt">afec&ccedil;&atilde;o</trd>
    <trd lng="sk">z&aacute;chvat</trd>
  </snc>
  <snc mrk="afekci.0o.PSI">
    <uzo tip="fak">PSI</uzo>
    <dif>
      Emociego, pasia eksciti&gcirc;o, sentoskuo:
      <ekz>
        venis la kronprinco de Germanio, ne tro sukcese ka&scirc;anta
        sub malvarma masko sian <tld/>on pro la tragika pereo de la kuzo
        <fnt>
        <aut>V. Rybakov trad J. Finkel</aut>
        <vrk>Gravitavio &leftquot;Carido&rightquot;</vrk>
        <lok><url
        ref="http://lib.ru/RYBAKOW/graviletesp.txt">http://lib.ru/RYBAKOW/graviletesp.txt</url></lok>
        </fnt>;
      </ekz>
      <ekz>
        poste lia avo enkarceri&gcirc;is kaj lia patro falis en <tld/>on,
        tial prospero sin forturnis el lia hejmo
        <fnt>
        <vrk>Lusin</vrk>
        <lok><url
        ref="http://es1.chinabroadcast.cn/1/2003/12/09/1@946.htm">&Ccirc;ina
        Radio Internacia</url></lok>
        </fnt>.
      </ekz>
    </dif>
    <trd lng="en">affection</trd>
    <trd lng="es">afecci&oacute;n</trd>
    <trdgrp lng="fr">
      <trd><ind>transport</ind> nerveux</trd>,
      <trd><ind>affection</ind> de l'&acirc;me</trd>,
      <trd>commotion<klr tip="ind"> (affective)</klr></trd>,
      <trd>choc<klr tip="ind"> (affectif)</klr></trd>,
      <trd>&eacute;motion</trd>,
      <trd>secousse<klr tip="ind"> (affective)</klr></trd>
    </trdgrp>
    <trdgrp lng="hu">
      <trd>indulat</trd>,
      <trd>felindul&aacute;s</trd>,
      <trd>em&oacute;ci&oacute;</trd>
    </trdgrp>
    <trdgrp lng="it">
      <trd>affezione<klr tip="ind"> (sentimento)</klr></trd>,
      <trd>trasporto<klr> (sentimento)</klr></trd>,
      <trd>emozione</trd>,
      <trd>sentimento</trd>
    </trdgrp>
    <trdgrp lng="pt">
      <trd>como&ccedil;&atilde;o</trd>,
      <trd>abalo</trd>,
      <trd>choque</trd>
    </trdgrp>
    <trdgrp lng="ru">
      <trd>&c_p;&c_o;&c_t;&c_r;&c_ja;&c_s;&c_je;&c_n;&c_i;&c_je;</trd>,
      <trd>&c_v;&c_o;&c_z;&c_b;&c_u;&c_zh;&c_d;&c_je;&c_n;&c_i;&c_je;</trd>,
      <trd>&c_a;&c_f;&c_f;&c_je;&c_k;&c_t;</trd>
    </trdgrp>
    <trd lng="sk">afekt</trd>
  </snc>
  <snc mrk="afekci.0o.FIL">
    <uzo tip="fak">FIL</uzo>
    <dif>
      &Scirc;an&gcirc;i&gcirc;o en la animstato de ekzista&jcirc;o.
    </dif>
    <trd lng="en">affection</trd>
    <trd lng="fr">affect</trd>
    <trdgrp lng="hu">
      <trd>affektus</trd>,
      <trd>indulat</trd>
    </trdgrp>
    <trdgrp lng="it">
      <trd>affezione<klr tip="ind"> (conoscenza passiva)</klr></trd>
    </trdgrp>
  </snc>
  <trdgrp lng="cs">
    <trd>afekce</trd>,
    <trd>afekt</trd>,
    <trd>hnut&iacute; mysli</trd>,
    <trd>vzru&scaron;en&iacute;</trd>
  </trdgrp>
  <trd lng="de">Affekt</trd>
  <trd lng="nl">affectie</trd>
  <trdgrp lng="sk">
    <trd>afekcia</trd>,
    <trd>ochorenie</trd>,
    <trd>pohnutie mysle <klr>(lek.)</klr></trd>
  </trdgrp>
</drv>

<drv mrk="afekci.0i">
  <kap><tld/>i</kap>
  <gra><vspec>tr</vspec></gra>
  <dif>
    Tu&scirc;i kiel <tld/>o:
  </dif>
  <snc mrk="afekci.0i.MED" ref="afekci.0o.MED">
    <uzo tip="fak">MED</uzo>
    <ekz>
      li haltis por spiri, &ccirc;ar la krutaj &scirc;tuparoj <tld/>is lin;
    </ekz>
    <ekz>
      ekzistas aliaj formoj de histerio, <klr>[karakterizitaj per]</klr>
      paralizoj, kiuj povas <tld/>i la duonon de la korpo a&ubreve;
      nur unu membron
      <fnt>
      <vrk>Histerio</vrk>
      <lok><url
      ref="http://www.naturkuracado.info/51088195f60b7be04/51088195f60ce412c/51088195f70a21a4e.html">Naturkuracado.info</url></lok>
      </fnt>.
    </ekz>
    <trd lng="fr">affecter<klr tip="ind"> (en p. d'une
    maladie)</klr></trd>
    <trdgrp lng="it">
      <trd>colpire<klr tip="ind"> (di malattia)</klr></trd>,
      <trd>interessare<klr tip="ind"> (di malattia)</klr></trd>,
      <trd>rendere <ind>affetto</ind></trd>
    </trdgrp>
  </snc>
  <snc mrk="afekci.0i.PSI" ref="afekci.0o.PSI">
    <uzo tip="fak">PSI</uzo>
    <ekz>
      emociita de la aklamo kaj <tld/>ita de la murmurado de la
      gratulantoj.
    </ekz>
    <trdgrp lng="fr">
      <trd>commotionner<klr tip="ind"> (affectivement)</klr></trd>,
      <trd>choquer<klr tip="ind"> (affectivement)</klr></trd>,
      <trd>secouer<klr tip="ind"> (affectivement)</klr></trd>,
      <trd>&eacute;mouvoir</trd>
    </trdgrp>
    <trdgrp lng="it">
      <trd>commuovere<klr> (generare sentimento)</klr></trd>,
      <trd>emozionare</trd>,
      <trd>colpire<klr> (generare sentimento)</klr></trd>
    </trdgrp>
  </snc>
  <trdgrp lng="cs">
    <trd>p&uring;sobit na n&ecaron;co</trd>,
    <trd>siln&ecaron; rozru&scaron;it</trd>,
    <trd>vzru&scaron;it</trd>,
    <trd>vzru&scaron;it dr&aacute;&zcaron;div&ecaron;</trd>
  </trdgrp>
  <trdgrp lng="sk">
    <trd>silne rozru&scaron;i&tcaron;</trd>,
    <trd>vzru&scaron;i&tcaron;</trd>
  </trdgrp>
</drv>

<drv mrk="afekci.0a">
  <kap><tld/>a</kap>
  <uzo tip="fak">PSI</uzo>
  <snc>
    <dif>
      Rilata al la emocia a&ubreve; senta flanko de la menso, kontraste al la
      racia:
      <ekz>
        tiu vorto sufi&ccirc;is por elvoki <tld/>ajn reagojn;
      </ekz>
      <ekz>
        la parton per kiu la psiko amas kaj malsatas kaj soifas kaj
        eksciti&gcirc;as pro emocioj &ccirc;iaspecaj ni nomas malracia kaj <tld/>a
        <fnt>
          <aut>Platono, trad. Donald Broadribb</aut>
          <vrk>La Respubliko</vrk>
          <lok>parto 4</lok>
        </fnt>
      </ekz>
    </dif>
    <ref tip="sin" cel="afektiv.0a">afektiva</ref>
  </snc>
  <trd lng="cs">vzru&scaron;en&yacute;</trd>
  <trdgrp lng="fr">
    <trd>affectif</trd>,
    <trd>&eacute;motionnel</trd>
  </trdgrp>
  <trdgrp lng="it">
    <trd>affettivo</trd>,
    <trd>emotivo<klr> (sfera emozionale)</klr></trd>
  </trdgrp>
  <trd lng="sk">vzru&scaron;en&yacute;</trd>
</drv>
<adm>
  Cxi tiu radiko estas verba en PIV1, PIV2.
  <aut>MB</aut>
</adm>
</art>
<!--
$Log: afekci.xml,v $
Revision 1.19  2017/06/14 16:10:15  revo
Ludoviko Francisco: +ekz ~a

Revision 1.18  2017/06/13 17:10:15  revo
Ludoviko Francisco: +trd fr

Revision 1.17  2015/07/04 08:37:29  revo
aldono de trd cs per skripto de M. von Laer

Revision 1.16  2015/06/28 12:03:35  revo
aldono de trd sk per skripto de M. von Laer

Revision 1.15  2015/01/22 20:10:16  revo
Wolfram Diestel: provis adapti la difinojn MED kaj FIL iom lau
Vikipedio, kiu shajnas pli fidinda

Revision 1.14  2010/04/30 12:25:19  revo
Antonio Codazzi: +trd it; + sxangxo de difino FIL. en ~o

Revision 1.13  2005/08/15 16:32:09  revo
Marc Bavant: +adm, +ekz; +drv ~i; ~o: sxovis ekz-ojn kun ~i, ~a
gxustaloken; ~o FIL: +adm; mod trd fr
-->
</vortaro>
