<?xml version="1.0"?>
<!DOCTYPE vortaro SYSTEM "../dtd/vokoxml.dtd">

<vortaro>
  <art mrk="$Id: afekt.xml,v 1.28 2015/07/04 08:37:29 revo Exp $">
    <kap>
      <ofc>*</ofc>
      <rad>afekt</rad>/i <fnt><bib>PV</bib></fnt>
    </kap>

    <drv mrk="afekt.0i">
      <kap><ofc>*</ofc><tld/>i</kap>
      <gra><vspec>tr</vspec></gra>
      <snc mrk="afekt.0i.sxajnigi">
        <dif>
          Alpreni <klr>(sintenon)</klr>,
          &scirc;ajnigi <klr>(senton, kvaliton)</klr>
          per nenaturaj, nesimplaj, troaj
          <ref cel="manier.0o.sinteno">manieroj</ref>:
          <ekz>
            <tld/>i solenan sintenadon, gravan mienon, grandaniman
            konduton, kavaliran pozon...;
          </ekz>
          <ekz>
            <tld/>i amikecon, indiferentecon, piecon, simpation, sa&gcirc;on,
            virton...;
          </ekz>
          <ekz>
            sinjorino Kuk&scirc;in ellasis siajn demandojn unu post alia
            kun <ind><tld/>ita</ind> malzorgeco
            <fnt><bib>PatrojFiloj</bib>, <lok>&ccirc;ap. 13</lok></fnt>;
            <trdgrp lng="fr">
              <trd>affect&eacute;<klr tip="ind"> (feint)</klr></trd>,
              <trd>artificiel<klr tip="ind"> (feint)</klr></trd>,
              <trd>de <ind>commande</ind><klr tip="ind">
              (comportement)</klr></trd>,
              <trd>feint<klr tip="ind"> (artificiel)</klr></trd>,
              <trd>forc&eacute;<klr tip="ind"> (artificiel)</klr></trd>,
              <trd>peu <ind>naturel</ind></trd>
            </trdgrp>
          </ekz>
          <ekz>
            pretekstante la grandan influon, kiun ili <tld/>is atribui
            al mi,
            <klr>[ili]</klr> volis tiu- a&ubreve; alimaniere proprigi min al si
            <fnt><bib>Revadoj</bib>, <lok>Sesa promenado</lok></fnt>;
          </ekz>
          <ekz>
            facile estas <klr>[...]</klr> iri kolekti sablon kaj &scirc;tonojn
            <klr>[...]</klr> kaj <tld/>i mienon de naturesploranto
            <fnt><bib>Revadoj</bib>, <lok>Sepa promenado</lok></fnt>.
          </ekz>
        </dif>
        <trdgrp lng="fr">
          <trd>affecter<klr tip="ind"> (adopter une
          attitude)</klr></trd>,
          <trd>adopter<klr tip="amb"> (une attitude)</klr></trd>,
          <trd>afficher<klr tip="ind"> (une attitude)</klr></trd>,
          <trd>feindre</trd>,
          <trd>jouer<klr tip="ind"> (adopter une attitude)</klr></trd>,
          <trd>faire <ind>semblant</ind> (de)</trd>,
          <trd>simuler<klr tip="ind"> (adopter une attitude)</klr></trd>
        </trdgrp>
      </snc>
      <snc mrk="afekt.0i.absolute">
        <uzo tip="klr">(abs.)</uzo>
        <dif>
          <tld lit="A"/>i<sncref ref="afekt.0i.sxajnigi"/> superecon,
          altan socian rangon, kapricemon k.a. por
          altiri al si atenton, respekton:
          <ekz>
            ne <tld/>u, infano, kaj ne enmetu al vi freneza&jcirc;ojn en la
            kapon!
            <fnt><bib>Fab2</bib>, <lok>Malbela anasido</lok></fnt>;
          </ekz>
          <ekz>
            vi bone diris tion: simple, ne hontante kaj ne <tld/>ante
            <fnt><bib>PatrojFiloj</bib>, <lok>&ccirc;ap. 25</lok></fnt>;
          </ekz>
          <ekz>
            jen &scirc;i komencas <tld/>adi anta&ubreve; la spegulo
            <fnt><bib>Revizoro</bib>, <lok>1:6</lok></fnt>.
          </ekz>
        </dif>
        <refgrp tip="vid">
          <ref cel="koket.0i">koketi</ref>,
          <ref cel="poz.0i.afekti">pozi</ref>,
          <ref cel="dand.0o">dando</ref>.
        </refgrp>
        <trdgrp lng="fr">
          <trd>agir avec <ind>affectation</ind></trd>,
          <trd>prendre des <ind>air</ind>s</trd>,
          <trd>faire des <ind>fa&ccedil;on</ind>s</trd>,
          <trd>feindre</trd>,
          <trd>faire des <ind>mani&egrave;re</ind>s</trd>,
          <trd>minauder</trd>
        </trdgrp>
      </snc>
  <trdgrp lng="be">
        <trd>&c_p;&c_r;&c_y;&c_t;&c_v;&c_a;&c_r;&c_a;&c_c;&c_c;&c_a;</trd>,
        <trd>&c_p;&c_r;&c_y;&c_k;&c_ib;&c_d;&c_v;&c_a;&c_c;&c_c;&c_a;</trd>,
        <trd>&c_v;&c_y;&c_s;&c_t;&c_a;&c_w;&c_l;&c_ja;&c_c;&c_c;&c_a;</trd>,
        <trd>&c_m;&c_a;&c_n;&c_je;&c_r;&c_n;&c_ib;&c_ch;&c_a;&c_c;&c_mol;
        </trd>
      </trdgrp>
  <trdgrp lng="br">
        <trd>ober (an) <ind>neuz</ind> (da)</trd>,
        <trd>stumma&ntilde;<klr tip="ind"> (un dremm)</klr></trd>
      </trdgrp>
  <trd lng="cs">tvářit se</trd>
  <trdgrp lng="en"><trd>feign</trd>, <trd>pretend</trd></trdgrp>
  <trd lng="es">afectar</trd>
  <trdgrp lng="it">
        <trd>affettare</trd>,
        <trd>far mostra di</trd>,
        <trd>atteggiare</trd>,
        <trd>ostentare</trd>
      </trdgrp>
  <trd lng="nl">z. <ind>aanstellen</ind></trd>
  <trdgrp lng="pt">
        <trd>afetar</trd>,
        <trd>fingir</trd>
      </trdgrp>
  <trdgrp lng="ru">
        <trd>&c_p;&c_r;&c_i;&c_t;&c_v;&c_o;&c_r;&c_ja;&c_t;&c_mol;&c_s;&c_ja;</trd>,
        <trd>&c_l;&c_o;&c_m;&c_a;&c_t;&c_mol;&c_s;&c_ja;</trd>,
        <trd>&c_r;&c_i;&c_s;&c_o;&c_v;&c_a;&c_t;&c_mol;&c_s;&c_ja;</trd>,
        <trd>&c_zh;&c_je;&c_m;&c_a;&c_n;&c_i;&c_t;&c_mol;&c_s;&c_ja;</trd>
      </trdgrp>
  <trdgrp lng="sk">
    <trd>afektova&tcaron;</trd>,
    <trd>neprirodzene sa správať</trd>,
    <trd>strojene</trd>
  </trdgrp>
</drv>

    <drv mrk="afekt.0o">
      <kap><tld/>o</kap>
      <snc>
        <dif>
          Sinteno de tiu, kiu <tld/>as:
        </dif>
        <subsnc mrk="afekt.0o.sxajnigi" ref="afekt.0i.sxajnigi">
          <ekz>
            kiom a&ccirc;as la <tld/>o komplezi al duonvivul'
            <fnt>
              <aut>A. Pu&scirc;kin, trad. V. Melnikov</aut>
              <vrk>E&ubreve;geno Onegin</vrk>
              <lok><url
              ref="http://esperanto.org/Ondo/Rn-pusk3.htm">LOdE
                  2003:6</url></lok>
            </fnt>.
          </ekz>
        </subsnc>
        <subsnc mrk="afekt.0o.absolute" ref="afekt.0i.absolute">
          <ekz>
            same kiel liaj prozoj, liaj poemoj kun stilo fre&scirc;a
            sentigas nenian <tld/>on
            <fnt>
              <vrk>Granda literatoro de la dinastio Song</vrk>
              <lok><url
                  ref="http://es1.chinabroadcast.cn/1/2004/12/14/1@18423.htm">&Ccirc;ina
                  Radio Internacia</url></lok>
            </fnt>;
          </ekz>
          <ekz>
            ekzistas aspektoj de George Bush kiu<klr>[j]</klr>n &ccirc;iu
            konas:
            ekzemple lia manko de <tld/>o
            <fnt>
              <aut>trad. V. Lutermano</aut>
              <vrk>Le Monde Diplomatique en Esperanto</vrk>
              <lok><url
                  ref="http://eo.mondediplo.com/article939.html">2004-10</url></lok>
            </fnt>.
          </ekz>
        </subsnc>
        <rim>
          Pro nacilingva influo a&ubreve; simileco de la formoj
          oni foje konfuzas &ccirc;i tiun vorton kun
          <refgrp tip="vid">
            <ref cel="efekt.0o">efekto</ref>,
            <ref cel="afekci.0o">afekcio</ref>, a&ubreve;
            <ref cel="inklin.kor0o">korinklino</ref>.
          </refgrp>
        </rim>
      </snc>
  <trdgrp lng="cs">
    <trd>afekt</trd>,
    <trd>strojenost</trd>
  </trdgrp>
  <trd lng="en">affectation</trd>
  <trdgrp lng="fr">
        <trd>affectation<klr tip="ind"> (attitude peu
        naturelle)</klr></trd>,
        <trd>aff&eacute;terie</trd>,
        <trd>artificialit&eacute;<klr tip="ind"> (attitude peu
            naturelle)</klr></trd>
        <trd>minauderie</trd>
        <trd>pr&eacute;ciosit&eacute;</trd>,
      </trdgrp>
  <trdgrp lng="it">
        <trd>affettazione<klr> (atteggiamento)</klr></trd>,
        <trd>ostentazione<klr> (atteggiarsi a)</klr></trd>
      </trdgrp>
  <trdgrp lng="ru">
        <trd>&c_zh;&c_je;&c_m;&c_a;&c_n;&c_s;&c_t;&c_v;&c_o;</trd>,
        <trd>&c_r;&c_i;&c_s;&c_o;&c_v;&c_k;&c_a;</trd>,
        <trd>&c_p;&c_o;&c_z;&c_jo;&c_r;&c_s;&c_t;&c_v;&c_o;</trd>
      </trdgrp>
  <trdgrp lng="sk">
    <trd>afekt</trd>,
    <trd>strojenosť</trd>
  </trdgrp>
</drv>

    <drv mrk="afekt.0a">
      <kap><tld/>a</kap>
      <snc mrk="afekt.0a.0anta">
        <dif>
          <tld lit="A"/>anta:
          <ekz>
            Seabra evidenti&gcirc;as ne <tld/>a, sed a&ubreve;tenta, maldekstrulo
            <fnt>
              <aut>J. Camacho</aut>
              <vrk>Soluloj kaj putinoj</vrk>
              <lok><url
                  ref="http://esperanto.net/literaturo/novel/paneobskur.html">Originala
                  literaturo Esperanta</url></lok>
            </fnt>;
          </ekz>
          <ekz>
            la a&ubreve;toro <klr>[verkas]</klr> en la vortumema frazado
            de humila kaj <tld/>a duonklera farmbienisto
            <fnt>
              <aut>R. Platteau</aut>
              <vrk>Ri&ccirc;iga, agrabla, nepre leginda libro</vrk>
              <lok><url
              ref="http://esperanto.org/Ondo/R-steel2.htm">LOdE
                  2003:11</url></lok>
            </fnt>;
          </ekz>
          <ekz>
            subite la geamantoj sin liberigis reciproke, el preno kaj
            teno,
            kaj <tld/>e senkulpaj ili dissidi&gcirc;is
            <fnt><bib>UrdHadda</bib>, <lok>p. 24</lok></fnt>;
          </ekz>
          <ekz>
            &Scirc;ol starigis la klasikan demandon en
            <ind>dol&ccirc;<tld/>a</ind> tono
            <klr>(tono <tld/>anta dol&ccirc;econ)</klr>
            <fnt><bib>UrdHadda</bib>, <lok>p. 7</lok></fnt>;
            <trdgrp lng="fr">
              <trd>doucereux</trd>,
              <trd>mielleux</trd>
            </trdgrp>
          </ekz>
          <ekz>
            <klr>[mi estas ludilo]</klr> de ilia <ind>mild<tld/>a</ind>
            malico
            <fnt><bib>Revadoj</bib>, <lok>Oka promenado</lok></fnt>.
            <trdgrp lng="fr">
              <trd>doucereux</trd>,
              <trd>mielleux</trd>
            </trdgrp>
          </ekz>
        </dif>
        <ref tip="vid" cel="afekt.0ema"><tld/>ema</ref>
        <trdgrp lng="en"><trd>affected</trd>, <trd>artificial</trd>,
          <trd>assumed</trd></trdgrp>
        <trdgrp lng="fr">
          <trd>qui <ind>affecte</ind></trd>,
          <trd>affect&eacute;<klr tip="ind"> (qui affecte)</klr></trd>,
          <trd>appr&ecirc;t&eacute;</trd>,
          <trd>artificiel<klr tip="ind"> (qui affecte)</klr></trd>,
          <trd>chichiteux</trd>,
          <trd>mani&eacute;r&eacute;</trd>,
          <trd>minaudier</trd>,
          <trd>peu <ind>naturel</ind></trd>,
          <trd>pr&eacute;cieux<klr tip="ind"> (affect&eacute;)</klr></trd>,
        </trdgrp>
      </snc>
      <snc mrk="afekt.0a.montranta_0on">
        <dif>
          Montranta ies <tld/>on:
          <ekz>
            <tld/>a vo&ccirc;o, parolmaniero, rideto;
          </ekz>
          <ekz>
            kiam oni ludas en <tld/>a maniero, lia muziko estas
            abomeninda
            <fnt>
              <vrk>Granda konanto</vrk>
              <lok><url
              ref="http://es1.chinabroadcast.cn/1/2004/08/14/1@13721.htm"
                  >&Ccirc;ina Radio Internacia</url></lok>
            </fnt>;
          </ekz>
          <ekz>
            Stanjo tiel kondutis kun mi, ke mi ne povis ekskludi
            <tld/>an strebon vundi min
            <fnt>
              <aut>V. Rybakov, trad. J. Finkel</aut>
              <vrk>Gravitavio &leftquot;Carido&rightquot;</vrk>
              <lok><url ref="http://lib.ru/RYBAKOW/graviletesp.txt"
                  >http://lib.ru/RYBAKOW/graviletesp.txt</url></lok>
            </fnt>;
          </ekz>
          <ekz>
            Rita <tld/>e levis al li admone minacan fingron
            <fnt><bib>UrdHadda</bib>, <lok>p. 12</lok></fnt>.
          </ekz>
        </dif>
        <trdgrp lng="fr">
          <trd>affect&eacute;<klr tip="ind"> (qui trahit de
              l'affectation)</klr></trd>,
          <trd>appr&ecirc;t&eacute;</trd>,
          <trd>artificiel<klr tip="ind"> (qui trahit de
          l'affectation)</klr></trd>,
          <trd>chichiteux</trd>,
          <trd>de <ind>commande</ind><klr tip="ind">
          (comportement)</klr></trd>,
          <trd>mani&eacute;r&eacute;</trd>,
          <trd>peu <ind>naturel</ind></trd>,
        </trdgrp>
      </snc>
      <snc mrk="afekt.0a.0ita">
        <dif>
          <tld lit="A"/>ita:
          <ekz>
            ne turmentu min kiel anta&ubreve;e per vanaj duboj kaj
            <tld/>a malvarmo
            <fnt>
              <aut>M. Lermontov, trad. N. Danovskij</aut>
              <vrk>Princidino Mary</vrk>
              <lok><url
              ref="http://www.sezonoj.itgo.com/Mary-01.htm">Rusa
                  literaturo en Esperanto</url></lok>
            </fnt>;
          </ekz>
          <ekz>
            li donis al &scirc;i la kajeron kun la brulnigri&gcirc;inta rando,
            la sekan rozon, la foton kaj, kun <tld/>a zorgemo, la
            &scirc;parkasan
            libreton
            <fnt><bib>MkM</bib>, <lok>&ccirc;ap. 24</lok></fnt>.
          </ekz>
        </dif>
        <trdgrp lng="fr">
          <trd>affect&eacute;<klr tip="ind"> (feint)</klr></trd>,
          <trd>artificiel<klr tip="ind"> (feint)</klr></trd>,
          <trd>de <ind>commande</ind><klr tip="ind">
          (comportement)</klr></trd>,
          <trd>feint<klr tip="ind"> (artificiel)</klr></trd>,
          <trd>forc&eacute;<klr tip="ind"> (artificiel)</klr></trd>,
          <trd>peu <ind>naturel</ind></trd>
        </trdgrp>
        <trdgrp lng="it">
        <trd>affettato<klr> (artificiale)</klr></trd>,
        <trd>artificioso</trd>,
        <trd>manierato</trd>,
        <trd>ricercato<klr> (atteggiamento)</klr></trd>
      </trdgrp>
      </snc>
  <trdgrp lng="cs">
    <trd>afektovaný</trd>,
    <trd>afektový</trd>,
    <trd>nepřirozený</trd>,
    <trd>strojený chováním</trd>
  </trdgrp>
  <trdgrp lng="sk">
    <trd>predstieraný</trd>,
    <trd>strojený</trd>
  </trdgrp>
</drv>

    <drv mrk="afekt.0ajxo">
      <kap><tld/>a&jcirc;o</kap>
      <snc>
        <dif>
          Konkreta elemento de <tld/>a konduto:
          <ekz>
            la ideo pri nacieco facile povas tiel etendi&gcirc;i,
            ke &gcirc;i fari&gcirc;os <tld/>a&jcirc;o
            <fnt><bib>Fab3</bib>, <lok>Io</lok></fnt>;
          </ekz>
          <ekz>
            <klr>[en &scirc;ia konduto]</klr> mi trovis ian formon de
            &gcirc;entileco, <klr>[...]</klr> kiu miaopinie ja valoras
            tiun de la <tld/>a&jcirc;oj
            <fnt><bib>Revadoj</bib>, <lok>Na&ubreve;a promenado</lok></fnt>;
          </ekz>
          <ekz>
            <klr>[vidante la malordemon de mia kunlo&gcirc;anto]</klr>
            mi ekhavigis al mi virtajn <tld/>a&jcirc;ojn
            <fnt><aut>A. Conan Doyle, trad. D. Booton</aut>
              <vrk><url
              ref="http://members.tripod.com/~booton/musgravo/musgravo.html"
                  >La musgrava rito</url></vrk>
            </fnt>.
          </ekz>
        </dif>
      </snc>
      <trdgrp lng="en"><trd>affectation</trd>,
      <trd>mannerism</trd></trdgrp>
      <trdgrp lng="fr">
        <trd>chichi<klr tip="ind"> (minauderie)</klr></trd>,
        <trd>fa&ccedil;on<klr tip="ind"> (chichi)</klr></trd>,
        <trd>mani&egrave;re<klr tip="ind"> (chichi)</klr></trd>,
        <trd>minauderie</trd>,
        <trd>mine<klr tip="ind"> (minauderie)</klr></trd>,
        <trd>simagr&eacute;e</trd>,
        <trd>singerie<klr tip="ind"> (minauderie)</klr></trd>
      </trdgrp>
      <trdgrp lng="it">
        <trd>smanceria</trd>,
        <trd>leziosaggine</trd>
      </trdgrp>
      <trdgrp lng="ru">
        <trd>&c_zh;&c_je;&c_m;&c_a;&c_n;&c_s;&c_t;&c_v;&c_o;</trd>,
        <trd>&c_r;&c_i;&c_s;&c_o;&c_v;&c_k;&c_a;</trd>,
        <trd>&c_p;&c_o;&c_z;&c_a;</trd>
      </trdgrp>
    </drv>

    <drv mrk="afekt.0ema">
      <kap><tld/>ema</kap>
      <fnt><bib>VdE</bib></fnt>
      <snc>
        <dif>
          Ema <tld/>i:
          <ekz>
            kiel <tld/>ema estas la nuntempa junularo!
            <fnt><bib>PatrojFiloj</bib>, <lok>&ccirc;ap. 10</lok></fnt>.
          </ekz>
        </dif>
        <ref tip="vid" cel="afekt.0a.0anta"><tld/>a<sncref/></ref>
      </snc>
  <trdgrp lng="cs">
    <trd>afektovaný člověk</trd>,
    <trd>člověk strojeného chování</trd>
  </trdgrp>
  <trdgrp lng="en"><trd>affected</trd>, <trd>artificial</trd>,
        <trd>assumed</trd></trdgrp>
  <trdgrp lng="fr">
        <trd>affect&eacute;<klr tip="ind"> (enclin &agrave;
            l'affectation)</klr></trd>,
        <trd>appr&ecirc;t&eacute;</trd>,
        <trd>artificiel<klr tip="ind"> (enclin &agrave;
        l'affectation)</klr></trd>,
        <trd>chichiteux</trd>,
        <trd>mani&eacute;r&eacute;</trd>,
        <trd>minaudier</trd>,
        <trd>peu <ind>naturel</ind></trd>,
        <trd>pr&eacute;cieux<klr tip="ind"> (affect&eacute;)</klr></trd>,
      </trdgrp>
  <trdgrp lng="it">
        <trd>smorfioso</trd>,
        <trd>leziosa</trd>,
        <trd>artificiosa</trd>,
        <trd>ricercato<klr> (atteggiamento)</klr></trd>
      </trdgrp>
  <trdgrp lng="ru">
        <trd>&c_m;&c_a;&c_n;&c_je;&c_r;&c_n;&c_y;&c_j;</trd>,
        <trd>&c_zh;&c_je;&c_m;&c_a;&c_n;&c_n;&c_y;&c_j;</trd>,
        <trd>&c_n;&c_je;&c_je;&c_s;&c_t;&c_je;&c_s;&c_t;&c_v;&c_je;&c_n;&c_n;&c_y;&c_j;</trd>
      </trdgrp>
  <trd lng="sk">afektovaný človek</trd>
</drv>

    <drv mrk="afekt.0ulo">
      <kap><tld/>ulo, <var><kap><tld/>ulino</kap></var></kap>
      <snc>
        <dif>
          Tiu, kiu kutime <tld/>as:
          <ekz>
            la viroj nomis lin <tld/>ulo, sed sekrete enviis lin
            <fnt><bib>PatrojFiloj</bib>, <lok>&ccirc;ap. 7</lok></fnt>;
          </ekz>
          <ekz>
            hipokritulo &scirc;ajnigas por ka&scirc;i, <tld/>ulo por paradi;
          </ekz>
          <ekz>
            <ctl><tld/>ulino!</ctl> moke respondis la kolumo
            <fnt><bib>Fab3</bib>, <lok>Kolumo</lok></fnt>;
          </ekz>
          <ekz>
            pruduloj, hipokrituloj, <klr>[...]</klr> &ccirc;ast<tld/>uloj,
            <klr>[...]</klr> rancaj gevirguloj, vi ver&scirc;ajne malatente
            legis la titolon de tiu &ccirc;i anekdotaro
            <fnt>
              <aut>L. Beaucaire</aut>,
              <vrk>Kruko kaj Baniko el Bervalo</vrk>,
              <lok>1970</lok>
            </fnt>.
          </ekz>
        </dif>
      </snc>
  <trd lng="cs">afektovaná žena</trd>
  <trd lng="en">poseur</trd>
  <trdgrp lng="fr">
        <trd>personne <ind>affect&eacute;</ind>e</trd>,
        <trd>faiseur<klr tip="ind"> (personne affect&eacute;e)</klr></trd>,
        <trd>poseur<klr tip="ind"> (personne affect&eacute;e)</klr></trd>
      </trdgrp>
  <trdgrp lng="it">
        <trd>poseur</trd>,
        <trd>falso<klr> (manierato)</klr></trd>,
        <trd>falsullo<klr> (manierato)</klr></trd>,
        <trd>smorfioso</trd>,
        <trd>abatino<klr> (fig.)</klr></trd>
      </trdgrp>
  <trd lng="ru">&c_p;&c_o;&c_z;&c_jo;&c_r;</trd>
  <trd lng="sk">afektovaná žena</trd>
</drv>

    <drv mrk="afekt.sen0a">
      <kap>sen<tld/>a</kap>
      <snc>
        <dif>
          Montranta nenian <tld/>on:
          <ekz>
            anta&ubreve; 70 jaroj kvar sen<tld/>aj knabinoj en
            familio Zhang fondis la gazeton <ctl>Akvo</ctl>
            <fnt>
              <aut>Pang Bian</aut>
              <vrk>Homo amema kun koro &ccirc;iam juna</vrk>
              <lok><url
 ref="http://esperanto.china.org.cn/EL/EL/ElPopolaCxinio/9910/bd99-10-3.html">El
                  Popola &Ccirc;inio</url></lok>
            </fnt>;
          </ekz>
          <ekz>
            Remus Gordens sen<tld/>e enpa&scirc;is la oficejon kaj
            lasis sin sinki sur la indikitan se&gcirc;on
            <fnt><bib>UrdHadda</bib>, <lok>p. 7</lok></fnt>.
          </ekz>
        </dif>
      </snc>
  <trdgrp lng="cs">
    <trd>bez předstírání</trd>,
    <trd>nenucený</trd>
  </trdgrp>
  <trdgrp lng="en"><trd>unaffected</trd>, <trd>simple</trd></trdgrp>
  <trdgrp lng="fr">
        <trd>naturel<klr tip="ind"> (sans affectation)</klr></trd>,
        <trd>simple<klr tip="ind"> (sans affectation)</klr></trd>
        <trd>sinc&egrave;re<klr tip="ind"> (sans affectation)</klr></trd>
        <trd>sans <ind>fa&ccedil;on</ind>s<klr tip="ind"> (loc adj.,
        simple)</klr></trd>
        <trd>sans <ind>mani&egrave;re</ind>s<klr tip="ind"> (loc adj.,
        simple)</klr></trd>
      </trdgrp>
  <trdgrp lng="it">
        <trd>spontaneo</trd>,
        <trd>disinvolto</trd>,
        <trd>semplice<klr> (atteggiamento)</klr></trd>
      </trdgrp>
  <trdgrp lng="ru">
        <trd>&c_b;&c_je;&c_z;&c_y;&c_s;&c_k;&c_u;&c_s;&c_n;&c_y;&c_j;</trd>,
        <trd>&c_je;&c_s;&c_t;&c_je;&c_s;&c_t;&c_v;&c_je;&c_n;&c_n;&c_y;&c_j;</trd>,
        <trd>&c_p;&c_r;&c_o;&c_s;&c_t;&c_o;&c_j;</trd>
      </trdgrp>
  <trdgrp lng="sk">
    <trd>nenútený</trd>,
    <trd>prirodzený</trd>
  </trdgrp>
</drv>
  </art>
  <!--
  $Log: afekt.xml,v $
  Revision 1.28  2015/07/04 08:37:29  revo
  aldono de trd cs per skripto de M. von Laer

  Revision 1.27  2015/06/28 12:03:35  revo
  aldono de trd sk per skripto de M. von Laer

  Revision 1.26  2011/11/12 17:10:10  revo
  Antonio Codazzi: ++trd it

  Revision 1.25  2010/08/27 16:30:26  revo
  Jeromo Vasxe: - kramp

  Revision 1.24  2010/01/22 17:30:25  revo
  Sergio Pokrovskij: -tajperaro

  Revision 1.23  2010/01/21 17:30:42  revo
  Sergio Pokrovskij: +trd=ru

  Revision 1.22  2006/09/26 16:30:20  revo
  Russ Williams: +trd en kaj plibonigas misgvidantan en-tradukon de
  "afekti"

  Revision 1.21  2005/08/29 16:31:11  revo
  Marc Bavant: kor fnt url

  Revision 1.20  2005/08/26 16:32:45  revo
  Marc Bavant: interpunkcio, denove

  Revision 1.19  2005/08/17 16:31:08  revo
  Marc Bavant: ~i: kor interpunkcion, +sncref; ~o: kor ekz; ~ema: +ref
  al ~a; ~o: mod rim, +ekz, splitis en du subsnc
  Revision 1.18 2005/08/15 16:32:15 revo
  Marc Bavant: +trd fr; ~i: reverkis; +drv ~a, ~o, ~ajxo, ~ema, ~ulo,
  sen~a
  Revision 1.17 2005/06/17 17:20:03 revo
  Alan ar Gall: kor trd br
  Revision 1.16 2005/02/24 17:32:21 revo
  Alan ar Gall: +trd br
  Revision 1.15 2002/09/07 17:38:28 revo
  Viliam Bur: +sk trd
  Revision 1.14 2002/04/22 16:33:02 revo
  Alejandro Mejia Greene: ald his trd
  -->
</vortaro>
