<?xml version="1.0"?>
<!DOCTYPE vortaro SYSTEM "../dtd/vokoxml.dtd">

<vortaro>
<art mrk="$Id: afektiv.xml,v 1.6 2015/07/04 08:37:29 revo Exp $">
<kap>
  <rad>afektiv</rad>/a <fnt><bib>NeoGlo</bib></fnt>
</kap>
<drv mrk="afektiv.0a">
  <kap><tld/>a</kap>
  <snc>
    <ref tip="dif" cel="afekci.0a">afekcia</ref>
    <ekz>
      tia sinteno, nur <tld/>a kaj neniel racia, beda&ubreve;rinde renkonti&gcirc;as
      sufi&ccirc;e ofte
      <fnt><bib>Aventuroj</bib>, <lok>&ccirc;apitro 13a, p. 40a</lok></fnt>.
    </ekz>
  </snc>
  <trdgrp lng="cs">
    <trd>afektivní</trd>,
    <trd>citový</trd>
  </trdgrp>
  <trd lng="es">afectivo</trd>
  <trdgrp lng="fr">
    <trd>affectif</trd>,
    <trd>&eacute;motionnel</trd>
  </trdgrp>
  <trdgrp lng="it">
    <trd>affettivo</trd>,
    <trd>emotivo</trd>
  </trdgrp>
  <trdgrp lng="sk">
    <trd>afektívny</trd>,
    <trd>citový</trd>
  </trdgrp>
</drv>
</art>
<!--
$Log: afektiv.xml,v $
Revision 1.6  2015/07/04 08:37:29  revo
aldono de trd cs per skripto de M. von Laer

Revision 1.5  2015/06/28 12:03:35  revo
aldono de trd sk per skripto de M. von Laer

Revision 1.4  2011/11/02 11:10:17  revo
Antonio Codazzi: +trd it

Revision 1.3  2005/08/15 16:32:11  revo
Marc Bavant: mod ekz

Revision 1.2 2005/03/31 16:33:22 revo
Raul Salinas Monteagudo: +trd es

Revision 1.1 2003/09/17 16:30:41 revo
Jeromo Vasxe: nova artikolo

-->
</vortaro>
