<?xml version="1.0"?>
<!DOCTYPE vortaro SYSTEM "../dtd/vokoxml.dtd">

<vortaro>
<art mrk="$Id: afeli.xml,v 1.20 2019/01/28 17:10:19 revo Exp $">
<kap>
  <rad>afeli</rad>/o
</kap>
<drv mrk="afeli.0o">
  <kap><tld/>o</kap>
  <uzo tip="fak">AST</uzo>
  <snc>
    <dif>
      <ref tip="super" cel="punkt.0o.spaco">Punkto</ref>
      de la <ref tip="malprt" cel="orbit.0o.AST">orbito</ref>
      de sun-&ccirc;irka&ubreve;anta objekto,
      &ccirc;e kiu tiu estas plej malproksima de la suno:
      <ekz>
        la orbito de la Tero estas elipsa, la finpunktoj, nomitaj apsidoj, estas la
        perihelio, kie la Tero estas plej proksima al la suno, kaj la <tld/>o, kie la
        Tero estas <klr>[plej malproksima]</klr> de la suno
        <fnt>
          <bib>Viki</bib>
          <lok><url ref="https://eo.wikipedia.org/?curid=2025"
              >Jaro</url></lok>
        </fnt>.
      </ekz>
    </dif>
    <refgrp tip="vid">
      <ref cel="perihe.0o">perihelio</ref>
    </refgrp>
    <refgrp tip="super">
      <ref cel="apsid.0o">apsido</ref>
    </refgrp>
  </snc>
  <trd lng="be">&c_a;&c_f;&c_e;&c_l;&c_ib;&c_j;</trd>
  <trd lng="ca">afeli</trd>
  <trdgrp lng="cs">
    <trd>afel</trd>,
    <trd>af&eacute;lium</trd>,
    <trd>odslun&iacute;</trd>
  </trdgrp>
  <trd lng="de">Aphel</trd>
  <trd lng="en">aphelion</trd>
  <trd lng="es">afelio</trd>
  <trd lng="fr">aph&eacute;lie</trd>
  <trdgrp lng="hu">
    <trd>napt&aacute;vol</trd>,
    <trd>af&eacute;lium</trd>
  </trdgrp>
  <trd lng="it">afelio</trd>
  <trd lng="pl">afelium</trd>
  <trd lng="pt">af&eacute;lio</trd>
  <trd lng="ru">&c_a;&c_f;&c_je;&c_l;&c_i;&c_j;</trd>
  <trdgrp lng="sk">
    <trd>af&eacute;lium</trd>,
    <trd>odslnie</trd>
  </trdgrp>
  <trd lng="sv">aphelium</trd>
</drv>
</art>
<!--
$Log: afeli.xml,v $
Revision 1.20  2019/01/28 17:10:19  revo
Wolfram Diestel: +ekz

Revision 1.19  2015/07/04 08:37:29  revo
aldono de trd cs per skripto de M. von Laer

Revision 1.18  2012/07/16 12:10:16  revo
Marc Rausell: + trd ca

Revision 1.17  2011/11/02 11:10:18  revo
Antonio Codazzi: +trd it

Revision 1.16  2011/07/13 19:11:21  revo
Sebastian Cyprych: +trd pl +ref

Revision 1.15  2010/11/11 17:30:29  revo
Jerano Zachrisson: +trd sv

Revision 1.14  2005/08/15 16:31:25  revo
Marc Bavant: kor ref tip sin, mod dif, mod ref tip al apsido

Revision 1.13 2003/10/28 17:31:39 revo
-->
</vortaro>
