<?xml version="1.0"?>
<!DOCTYPE vortaro SYSTEM "../dtd/vokoxml.dtd">

<vortaro>
  <art mrk="$Id: afer.xml,v 1.51 2018/01/29 23:10:31 revo Exp $">
    <kap>
      <ofc>*</ofc><rad>afer</rad>/o <fnt><bib>PV</bib></fnt>
    </kap>

    <drv mrk="afer.0o">
      <kap><ofc>*</ofc><tld/>o</kap>
      <snc mrk="afer.0o.objekto">
        <dif>
          Okupo, laboro a&ubreve; tasko kiun oni faras a&ubreve;
          intencas fari:
          <ekz>
            <ind>la <tld/>o ne ur&gcirc;as</ind>
            <fnt><bib>PrV</bib></fnt>;
            <trd lng="fr">il n'y a pas le <ind>feu</ind></trd>
            <trd lng="es">la cosa no urge</trd>
          </ekz><ekz>
          la obeado al la personaj gustoj en tiel komuna <tld/>o, kiel
          la nia, estas tre malutila<fnt><bib>LR</bib>, <lok>La
          Esperantisto, 1891, p.49</lok></fnt>;
          </ekz><ekz>
            en tiu &ccirc;i lernejo la infanoj estas edukataj tre bone,
            &ccirc;ar
            la lernejestro sin okupas je sia <tld/>o kun amo
            <fnt>
              <aut>&Z;</aut>:
              <vrk>Aldono al la Dua Libro de l' Lingvo Internacia</vrk>.
            </fnt>;
          </ekz><ekz>
            faru vian <tld/>on, Dio zorgos ceteron
	    <fnt><bib>PrV</bib></fnt>;
          </ekz><ekz>
            aran&gcirc;i la <tld/>on
            <fnt><bib>MT</bib>, <lok>&Dan; 11:6</lok></fnt>;
          </ekz><ekz>
            <ind>nun ni transiru al la <tld/>o</ind>
            <klr>(al la diskutata temo)</klr>;
            <trd lng="fr">venons-en &agrave; notre <ind>affaire</ind>
            </trd>
            <trd lng="es">vayamo al asunto en cuesti&oacute;n</trd>
            <trd lng="pl">przejd&zacute;my do rzeczy</trd>
          </ekz><ekz>
            <ind>al la afero!</ind>
            <fnt><bib>PrV</bib></fnt>;
            <trd lng="fi">asiaan!</trd>
            <trd lng="es">&#161;al grano!</trd>
            <trd lng="fr"><klr tip="ind">(venez-en) </klr>au <ind>fait
              </ind>!</trd>
            <trd lng="pl">do rzeczy!</trd>
          </ekz><ekz>
            <ind>pri kio estas la <tld/>o?</ind>
            <fnt><bib>PrV</bib></fnt>;
            <trd lng="fr">de quoi s'<ind>agit</ind>-il?</trd>
            <trd lng="pl">o co chodzi?</trd>
            <trd lng="es">&#191;de qu&eacute; se trata?</trd>
          </ekz><ekz>
            sa&gcirc;a tenas <tld/>on, malsa&gcirc;a esperon
            <fnt><bib>PrV</bib></fnt>;
          </ekz><ekz>
            <ind>zorgu pri viaj <tld/>oj!</ind>;
            <trdgrp lng="fr">
              <trd>occupez-vous de vos <ind>affaire</ind>s!</trd>,
              <trd>occupez-vous de vos <ind>pied</ind>s!</trd>
            </trdgrp>
            <trd lng="pl">zajmij si&eogonek; zwoimi sprawami</trd>
            <trd lng="tr">kendi i&scedil;inizle
            u&gbreve;ra&scedil;&inodot;n</trd>
            <trd lng="es">&#161;m&eacute;tete en tus asuntos!</trd>
          </ekz><ekz>
            <ind>estas lia <tld/>o</ind> <klr>(tio koncernas lin)</klr>
            skribi al lia patro;
            <trdgrp lng="fr">
              <trd>c'est son <ind>affaire</ind></trd>,
              <trd>c'est son <ind>probl&egrave;me</ind></trd>,
              <trd>c'est lui que &ccedil;a <ind>regarde</ind></trd>
            </trdgrp>
            <trd lng="pl">to jest jego sprawa</trd>
            <trdgrp lng="tr">
              <trd>o kendisini ilgilendirir</trd>,
              <trd>o onun problemi</trd>
            </trdgrp>
            <trdgrp lng="es">
              <trd>es asunto suyo</trd>,
              <trd>es cosa suya</trd>
            </trdgrp>
          </ekz><ekz>
            li forveturis por unu tago pro tre
            <ind>grava <tld/>o</ind>
	    <fnt>
	      <aut>N.V. Gogol, tr. &Z;</aut>: <vrk>La revizoro</vrk>.
              <lok>5:7</lok>.
	    </fnt>;
            <trd lng="pl">wa&zdot;na sprawa</trd>
            <trd lng="ru">&c_v;&c_a;&c_zh;&c_n;&c_o;&c_je;
            <ind>&c_d;&c_je;&c_l;&c_o;</ind></trd>
          </ekz><ekz>
            <ind>min ne tu&scirc;as la afero</ind>, mi staras ekstere
            <fnt><bib>PrV</bib></fnt>.
            <trdgrp lng="fr">
              <trd>ce n'est pas mon <ind>affaire</ind></trd>,
              <trd>ce n'est pas mon <ind>probl&egrave;me</ind></trd>,
              <trd>ce ne sont pas mes <ind>oignon</ind>s</trd>,
              <trd>cette affaire ne me <ind>regarde</ind> pas</trd>
            </trdgrp>
            <trd lng="pl">mnie ta sprawa nie dotyczy</trd>
            <trd lng="es">no es asunto m&iacute;o</trd>
            <trdgrp lng="tr">
              <trd>beni ilgilendirmez</trd>,
              <trd>o benim problemim de&gbreve;il</trd>
            </trdgrp>
          </ekz>
        </dif>
        <trd lng="br">afer</trd>
        <trdgrp lng="fi">
          <trd>asia</trd>,
          <trd>kysymys</trd>
        </trdgrp>
        <trdgrp lng="en">
          <trd>object</trd>,
          <trd>thing</trd>
        </trdgrp>
        <trdgrp lng="fr">
          <trd>affaire<klr tip="ind"> (qui occupe)</klr></trd>,
          <trd>probl&egrave;me<klr tip="ind"> (qui occupe)</klr></trd>,
          <trd>question<klr tip="ind"> (qui occupe)</klr></trd>,
        </trdgrp>
        <trd lng="hu">&uuml;gy</trd>
        <trdgrp lng="ja">
          <trd>&#29992;&#20214; [<ind>&#12424;&#12358;&#12369;&#12435;</ind>]</trd>
          <trd>&#29992;&#20107; [<ind>&#12424;&#12358;&#12376;</ind>]</trd>
        </trdgrp>
        <trdgrp lng="pl">
          <trd>sprawa</trd>,
          <trd>rzecz</trd>
        </trdgrp>
        <trdgrp lng="pt">
          <trd>quest&atilde;o</trd>,
          <trd>assunto</trd>,
          <trd>neg&oacute;cio</trd>
        </trdgrp>
        <trd lng="ru">&c_d;&c_je;&c_l;&c_o;</trd>
        <trd lng="sk">z&aacute;le&zcaron;itos&tcaron;</trd>
        <trdgrp lng="th">
          <trd>&#3648;&#3619;&#3639;&#3656;&#3629;&#3591;&#3619;&#3634;&#3623;</trd>,
          <trd>&#3585;&#3634;&#3619;&#3591;&#3634;&#3609;</trd>
        </trdgrp>
        <trdgrp lng="tr">
          <trd>problem</trd>,
          <trd>sorun</trd>,
          <trd>i&scedil;</trd>,
          <trd>dert</trd>
        </trdgrp>
      </snc>
      <snc mrk="afer.0o.SOC">
        <dif>
          Socia interago:
        </dif>
        <subsnc mrk="afer.0o.publika">
          <dif>
            Io koncernanta publikajn interesojn:
            <ekz>
              tio estas &scirc;tata <tld/>o;
            </ekz><ekz>
               ministro pri internaj, eksterlandaj <tld/>oj;
            </ekz><ekz>
              mi formetas de mi &ccirc;ian oficialan rolon en nia
              <tld/>o
              <fnt>
                <aut>&Z;</aut>:
                <vrk>La parolado anta&ubreve; la Oka Kongreso
                Esperantista</vrk>
                <lok>Krakovo, 1912-08-11</lok>
              </fnt>.
            </ekz>
          </dif>
          <trd lng="id"><ind>urus</ind>an</trd>
        </subsnc>
        <subsnc mrk="afer.0o.JUR">
          <uzo tip="fak">JUR</uzo>
          <dif>
            Io koncernanta privatulojn a&ubreve; publikajn personojn,
            aparte
            traktata de oficialaj instancoj a&ubreve; gazetaro; precipe
            <ref tip="sub" cel="afer.jugx0o.JUR">ju&gcirc;<tld/>o</ref>:
            <ekz>
              defendu <tld/>on de vidvino
              <fnt><bib>MT</bib>, <lok>&Jes; 1:17</lok></fnt>;
            </ekz><ekz>
              formeti la <tld/>on en la keston de forgeso
              <fnt><bib>PrV</bib></fnt>;
            </ekz><ekz>
              se sa&gcirc;a homo havas ju&gcirc;an <tld/>on kun homo
              malsa&gcirc;a,
              tiam, &ccirc;u li koleras, &ccirc;u li ridas, li ne havas
              trankvilon.
              <fnt><bib>MT</bib>, <lok>&Sen; &ccirc;ap.
              29:9</lok></fnt>;
            </ekz><ekz>
              David <klr>...</klr> ne forklini&gcirc;is de &ccirc;io,
              kion la
              Eternulo ordonis al li, krom la <tld/>o kun Urija, la
              &Hcirc;etido
              <fnt><bib>MT</bib>, <lok>&Re1; 15:5</lok></fnt>;
            </ekz><ekz>
              mi esperas, ke mia <tld/>o balda&ubreve; venos
              anta&ubreve;
              la tribunalon;
            </ekz><ekz>
              krima, sensacia <tld/>o;
            </ekz><ekz>
              sesono de la historio pritraktas la
              <ctl><tld/>on Lapenna</ctl>
              <fnt>
                <aut>Petro DESMET'</aut>:
                <vrk>Politika historio de la ne&ubreve;trala UEA</vrk>.
                <bib>Monato</bib>. <lok>2007</lok>
              </fnt>.
            </ekz>
          </dif>
          <trd lng="br">afer</trd>
          <trdgrp lng="en">
            <trd>case</trd>
          </trdgrp>
          <trdgrp lng="fi">
            <trd>(oikeus)asia</trd>,
            <trd>tapaus</trd>,
            <trd>juttu</trd>
          </trdgrp>
          <trdgrp lng="es">
            <trd>caso</trd>,
            <trd>asunto</trd>
          </trdgrp>
          <trdgrp lng="fr">
            <trd>affaire<klr tip="ind"> (en justice)</klr></trd>,
            <trd>cas<klr tip="ind"> (en justice)</klr></trd>
            <trd>cause<klr tip="ind"> (en justice)</klr></trd>
            <trd>dossier<klr tip="ind"> (en justice)</klr></trd>
            <trd>proc&egrave;s</trd>
          </trdgrp>
          <trd lng="hu">&uuml;gy</trd>
          <trd lng="id">kasus</trd>
          <trdgrp lng="pl">
            <trd>sprawa</trd>
          </trdgrp>
          <trdgrp lng="pt">
            <trd>caso</trd>,
            <trd>quest&atilde;o</trd>,
            <trd>causa</trd>
          </trdgrp>
          <trd lng="ru">&c_d;&c_je;&c_l;&c_o;</trd>
          <trd lng="sk">pr&iacute;pad</trd>
          <trdgrp lng="tr">
            <trd>dosya<klr>(hukuk)</klr></trd>,
            <trd>dava</trd>
          </trdgrp>
        </subsnc>
        <subsnc mrk="afer.0o.komerco">
          <uzo tip="fak">EKON</uzo>
          <dif>
            Komerco, negoco:
            <ekz>
              negocaj <tld/>oj estas severaj
              <fnt><bib>PrV</bib></fnt>;
            </ekz><ekz>
              <ind>amikeco aparte, <tld/>o aparte</ind>
              <fnt><bib>PrV</bib></fnt>;
              <trdgrp lng="fr">
                <trd>en affaires, on ne fait pas de <ind>sentiment</ind>
                </trd>,
                <trd>les <ind>affaire</ind>s sont les affaires</trd>
              </trdgrp>
            </ekz><ekz>
              tago festa, for <tld/>oj
              <fnt><bib>PrV</bib></fnt>.
            </ekz>
          </dif>
          <trd lng="br">afer</trd>
          <trd lng="en">concern</trd>
          <trd lng="es">negocio</trd>
          <trd lng="fi">liikeasia</trd>
          <trdgrp lng="fr">
            <trd>affaire<klr tip="ind"> (commerciale)</klr></trd>,
            <trd>business<klr tip="ind"> (entreprise commerciale)</klr>
            </trd>
            <trd>entreprise</trd>,
            <trd>commerce</trd>,
            <trd>firme</trd>,
            <trd>soci&eacute;t&eacute;<klr tip="ind">
                (entreprise commerciale)</klr></trd>
          </trdgrp>
          <trd lng="id">bisnis</trd>
          <trdgrp lng="pl">
            <trd>sprawa</trd>,
            <trd>interes</trd>
          </trdgrp>
          <trdgrp lng="pt">
            <trd>assunto</trd>,
            <trd>neg&oacute;cio</trd>
          </trdgrp>
          <trd lng="ru">&c_d;&c_je;&c_l;&c_o;</trd>
          <trd lng="th">&#3608;&#3640;&#3619;&#3632;</trd>
          <trdgrp lng="tr">
            <trd>i&scedil;</trd>,
            <trd>&scedil;irket</trd>,
            <trd>firma</trd>,
            <trd>ticaret</trd>
          </trdgrp>
        </subsnc>
        <trd lng="fr">affaire</trd>
      </snc>
      <snc mrk="afer.0o.cxio">
        <uzo tip="stl">FIG</uzo>
        <dif>
          <ref tip="sin" cel="io.0.nepreciza">Io</ref> estanta en la
          mondo, konkreta a&ubreve; abstrakta objekto, cirkonstanco,
          fenomeno:
          <ekz>
            sen povo kolero estas ridinda <tld/>o
            <fnt><bib>PrV</bib></fnt>;
          </ekz><ekz>
            dum mia voja&gcirc;o <ind>mi vidis interesajn
            <tld/>ojn</ind>;
            <trd lng="fi">olen n&auml;hnyt paljon mielenkiintoista</trd>
          </ekz><ekz>
            scienca <tld/>o;
          </ekz><ekz>
            <ind>pri kiu <tld/>o li parolas?</ind>;
            <trd lng="pl">o czym mowa?</trd>
          </ekz><ekz>
            <ind>tio estas alia <tld/>o</ind>;
            <trdgrp lng="fr">
              <trd>c'est une autre <ind>affaire</ind></trd>,
              <trd>c'est autre <ind>chose</ind></trd>
              <trd>c'est une autre paire de <ind>manche</ind>s</trd>
            </trdgrp>
            <trd lng="pl">to jest inna sprawa</trd>
            <trd lng="ru">&c_e;&c_t;&c_o;
            &c_d;&c_r;&c_u;&c_g;&c_o;&c_je;
            <ind>&c_d;&c_je;&c_l;&c_o;</ind></trd>
          </ekz><ekz>
            <ind>paroloj kaj faroj estas malsamaj <tld/>oj</ind>
            <fnt><bib>PrV</bib></fnt>;
            <trd lng="fr">entre dire et faire, il y a un
              <ind>monde</ind>
            </trd>
            <trd lng="es">del dicho al hecho hay un trecho</trd>
            <trd lng="pl">
              co innego m&oacute;wi&cacute;, a co innego robi&cacute;
            </trd>
            <trd lng="tr">lafla pilav pi&scedil;mez</trd>
          </ekz><ekz>
            <ind>ne ju&gcirc;u pri <tld/>o la&ubreve; &gcirc;ia ekstero
            </ind>
            <fnt><bib>PrV</bib></fnt>;
            <trd lng="fi">ulkon&auml;k&ouml; pett&auml;&auml;</trd>
            <trdgrp lng="fr">
              <trd>il ne faut pas juger de l'arbre par
                l'<ind>&eacute;corce</ind></trd>,
              <trd>les <ind>apparence</ind>s sont trompeuses</trd>
            </trdgrp>
            <trd lng="pl">nie oceniaj rzeczy po wygl&aogonek;dzie</trd>
            <trd lng="tr">g&ouml;r&uuml;n&uuml;&scedil;e
            aldanmamal&inodot;</trd>
          </ekz><ekz>
            e&ccirc; la plej nekredeblajn <tld/>ojn <klr>...</klr> li
            tuj
            kredas
            <fnt><bib>F</bib>, <lok>&FE;41.</lok></fnt>.
          </ekz>
        </dif>
        <refgrp tip="vid">
          <ref cel="ajx.0o">a&jcirc;o</ref>,
          <ref cel="objekt.0o">objekto</ref>.
        </refgrp>
        <trd lng="br">tra</trd>
        <trdgrp lng="en">
          <trd>object</trd>,
          <trd>thing</trd>
        </trdgrp>
        <trdgrp lng="es">
          <trd>cosa</trd>,
          <trd>asunto</trd>,
          <trd>las apariencias enga&ntilde;an</trd>
        </trdgrp>
        <trd lng="fi">asia <klr>(voi tarkoittaa jotain konkreettistakin,
          j&auml;&auml; usein k&auml;&auml;nt&auml;m&auml;tt&auml;
          erillisell&auml; sanalla)</klr></trd>
        <trdgrp lng="fr">
          <trd>chose</trd>,
          <trd>affaire<klr tip="ind"> (chose)</klr></trd>
        </trdgrp>
        <trd lng="hu">dolog</trd>
        <trd lng="id">hal</trd>
        <trdgrp lng="ja">
          <trd>&#20107; [<ind>&#12371;&#12392;</ind>]</trd>,
          <trd>&#20107;&#26564; [<ind>&#12371;&#12392;&#12364;&#12425;</ind>]</trd>,
          <trd>&#29289; [<ind>&#12418;&#12398;</ind>]</trd>,
          <trd>&#20107;&#20214; [<ind>&#12376;&#12369;&#12435;</ind>]</trd>,
          <trd>&#20986;&#26469;&#20107; [<ind>&#12391;&#12365;&#12372;&#12392;</ind>]</trd>
        </trdgrp>
        <trdgrp lng="pl">
          <trd>sprawa</trd>,
          <trd>rzecz</trd>
        </trdgrp>
        <trdgrp lng="pt">
          <trd>coisa</trd>,
          <trd>assunto</trd>
        </trdgrp>
        <trdgrp lng="ru">
          <trd>&c_v;&c_je;&c_shch;&c_mol;</trd>,
          <trd>&c_d;&c_je;&c_l;&c_o;</trd>
        </trdgrp>
        <trd lng="sk">vec</trd>
        <trdgrp lng="tr">
          <trd>&scedil;ey</trd>,
          <trd>e&scedil;ya</trd>
        </trdgrp>
      </snc>
  <trd lng="be">&c_s;&c_p;&c_r;&c_a;&c_v;&c_a;</trd>
  <trdgrp lng="ca">
        <trd>afer</trd>,
        <trd>assumpte</trd>
        <trd>cosa</trd>
      </trdgrp>
  <trdgrp lng="cs">
    <trd>p&rcaron;&iacute;pad</trd>,
    <trd>v&ecaron;c</trd>,
    <trd>v&ecaron;c</trd>,
    <trd>z&aacute;le&zcaron;itost</trd>
  </trdgrp>
  <trdgrp lng="de">
        <trd>Sache</trd>,
        <trd>Angelegenheit</trd>
      </trdgrp>
  <trdgrp lng="en">
        <trd>matter</trd>,
        <trd>affair</trd>
      </trdgrp>
  <trd lng="it">faccenda, affare, cosa</trd>
  <trd lng="nl">zaak</trd>
  <trdgrp lng="oc">
        <trd>afar</trd>,
        <trd>causa</trd>
      </trdgrp>
  <trd lng="tp">ijo</trd>
</drv>

    <drv mrk="afer.0a">
      <kap><tld/>a</kap>
      <snc>
        <dif>
          Rilata al <tld/>o:
        </dif>
        <subsnc ref="afer.0o.objekto">
          <ekz>
            bestaj radikoj kaj multaj <tld/>aj radikoj signifas
            en verba formo <ctl>agi kiel tia besto a&ubreve;
            <tld/>o</ctl>
            <fnt>
              <aut>B. Wennergren</aut>
              <vrk>Verboj el ne-agaj radikoj</vrk>
              <lok><url
                  ref="http://bertilow.com/pmeg/vortfarado/principoj/finajhoj/verbaj.html"
                  >PMEG</url></lok>
            </fnt>.
          </ekz>
          <trd lng="en">object-, related to objects</trd>
          <trd lng="fr">de <ind>chose</ind></trd>
        </subsnc>
        <subsnc ref="afer.0o.komerco">
          <ekz>
            &ccirc;e sociaj kaj <tld/>aj kunvenoj kutime kaj
            la&ubreve;more estas saluti kaj adia&ubreve;i &ccirc;iun
            personon individue, per manpremo
            <fnt>
              <bib>Voja&gcirc;o</bib>
              <aut>A. Tilmont</aut>
              <vrk>Praktikaj informoj pri Antverpeno</vrk><lok>leciono
                11a
              </lok>
            </fnt>;
          </ekz><ekz>
            retpo&scirc;to estas tre efika en persona kaj <tld/>a
            korespondado
            <fnt>
              <bib>Voja&gcirc;o</bib>
              <aut>B. Kolker</aut>
              <vrk>Pri Interreto per simplaj vortoj</vrk><lok>leciono
                26a
              </lok>
            </fnt>.
          </ekz>
          <trd lng="en">business-, related to business</trd>
          <trd lng="fr">d'<ind>affaire</ind>(s)</trd>
        </subsnc>
        <trd lng="fi">asia-</trd>
      </snc>
  <trd lng="cs">af&eacute;rov&yacute;</trd>
  <trdgrp lng="es">
        <trd>de asuntos</trd>,
        <trd>de negocios</trd>,
        <trd>relacionado con asuntos</trd>
      </trdgrp>
      <trd lng="sk">af&eacute;rov&yacute;</trd>
</drv>

    <drv mrk="afer.0eca">
      <kap><tld/>eca</kap>
      <snc>
        <dif>
          Havanta a&ubreve; afektanta seriozecon a&ubreve; alian
          econ, necesan por pritrakti gravajn <tld/>ojn:
          <ekz>
            afereca tono;
          </ekz><ekz>
            fakte temas pri preska&ubreve; scienca faklibro
            en tre sobra <tld/>eca kaj preska&ubreve; senripro&ccirc;a
            lingva&jcirc;o
            <fnt>
              <aut>Pejno S.</aut>
              <vrk>Faligas la fundamentojn de esperantismo</vrk>
              <lok>
                <url
                  ref="http://www.esperanto.be/fel/mon/rec/esmi.html">
                  Monato</url>
              </lok>
            </fnt>.
          </ekz>
        </dif>
        <trd lng="en">business-like</trd>
        <trd lng="fi">asiallinen</trd>
      </snc>
    </drv>

    <drv mrk="afer.0ema">
      <kap><tld/>ema</kap>
      <snc>
        <dif>
          Inklina okupi&gcirc;i pri siaj <tld/>oj; tre okupita de ili,
          a&ubreve; &scirc;ajniganta sin tia:
          <ekz>
            anta&ubreve;e iras du <tld/>emaj homoj kaj petas kamaradojn
            gejunulojn iome doni vojon
            <fnt>
              <aut>A. Sol&jcirc;enicin trad L. Isajeva</aut>
              <vrk>La Paska Krucirado</vrk><lok>
                <url ref="http://esperanto.org/Ondo/Rn-solj1.htm">
                  LOdE 1994:2</url></lok>
            </fnt>;
          </ekz><ekz>
            tio &scirc;ajnas stranga, ke en <tld/>ema kaj agema Usono
            ekzistas tiuj personoj
            <fnt>
              <aut>trad V. Okc</aut>
              <vrk>Santa Feo</vrk>
              <lok>
                <url ref="http://www.esperanto.mv.ru/Usono/truu22.html">
                  http://www.esperanto.mv.ru/Usono/truu22.html</url>
              </lok></fnt>.
          </ekz>
        </dif>
      </snc>
      <trd lng="en">business-like</trd>
      <trdgrp lng="fi">
        <trd>toimelias</trd>,
        <trd>puuhakas</trd>
      </trdgrp>
      <trd lng="fr">affair&eacute;</trd>
      <trdgrp lng="th">
        <trd>&#3648;&#3619;&#3639;&#3656;&#3629;&#3591;&#3617;&#3634;&#3585;</trd>,
        <trd>&#3592;&#3640;&#3657;&#3609;&#3592;&#3657;&#3634;&#3609;</trd>
      </trdgrp>
    </drv>

    <drv mrk="afer.0isto">
      <kap><tld/>isto</kap>
      <snc mrk="afer.0isto.EKON">
        <uzo tip="fak">EKON</uzo>
        <dif>
          Profesiulo pri <tld/>oj<sncref ref="afer.0o.komerco"/>:
          <ekz>
            lastatempe mi estis laborinta pli forte ol iu ajn el tiuj
            <tld/>istoj, kies sorton mi tiom arde volis eviti
            <fnt><bib>&Scirc;talrato</bib>, <lok>&ccirc;ap.
            10</lok></fnt>;
          </ekz><ekz>
            Hadda estis ne nur teatrogeniulo, li estis anka&ubreve; ruza
            <tld/>isto, scianta kiom valoras bona organizado
            <fnt><bib>UrdHadda</bib>, <lok>p. 16</lok></fnt>;
          </ekz><ekz>
            mi metis &ccirc;ion en <tld/>istan tekon
            <fnt><bib>&Scirc;talrato</bib>, <lok>&ccirc;ap.
            13</lok></fnt>.
          </ekz>
        </dif>
        <trd lng="th">&#3609;&#3633;&#3585;&#3608;&#3640;&#3619;&#3585;&#3636;&#3592;</trd>
      </snc>
  <trdgrp lng="cs">
    <trd>obchodn&iacute; z&aacute;stupce</trd>,
    <trd>spr&aacute;vce majetku</trd>
  </trdgrp>
  <trdgrp lng="en">
        <trd>businessperson</trd>,
        <trd>businessman</trd>
      </trdgrp>
  <trd lng="es">persona de negocios</trd>
      <trdgrp lng="fi">
        <trd>liikemies</trd>,
        <trd>liikenainen</trd>
      </trdgrp>
  <trdgrp lng="fr">
        <trd>homme d'<ind>affaire</ind>s</trd>,
        <trd><ind>business</ind>-man</trd>
      </trdgrp>
  <trdgrp lng="id">
        <trd>[<ind>bisnis</ind>] pebisnis</trd>,
        <trd>[<ind>usaha</ind>] pengusaha</trd>
      </trdgrp>
  <trdgrp lng="sk">
    <trd>obchodn&yacute; z&aacute;stupca</trd>,
    <trd>spr&aacute;vca majetku</trd>
  </trdgrp>
  <trd lng="tr">i&scedil; adam&inodot;</trd>
</drv>

    <drv mrk="afer.am0o">
      <kap>am<tld/>o</kap>
      <snc mrk="afer.am0o.KOMUNE">
        <dif>
          Ama kaj seksa interrilato.
        </dif>
        <trd
        lng="th">&#3648;&#3619;&#3639;&#3656;&#3629;&#3591;&#3588;&#3623;&#3634;&#3617;&#3619;&#3633;&#3585;</trd>
      </snc>
  <trd lng="cs">milostn&aacute; z&aacute;le&zcaron;itost
  <klr>(sn&ecaron;k&yacute;m)</klr></trd>
  <trdgrp lng="en">
        <trd>affair</trd>,
        <trd>love affair</trd>
      </trdgrp>
  <trdgrp lng="es">
        <trd>aventura amorosa</trd>,
        <trd>asunto amoroso</trd>
      </trdgrp>
      <trdgrp lng="fi">
        <trd>rakkausjuttu</trd>,
        <trd>suhde</trd>
      </trdgrp>
  <trdgrp lng="fr">
        <trd>aventure<klr tip="ind"> (amoureuse)</klr></trd>,
        <trd>liaison<klr tip="ind"> (amoureuse)</klr></trd>
      </trdgrp>
  <trd lng="id"><ind>hubung</ind>an cinta</trd>
  <trd lng="sk">milostn&aacute; z&aacute;le&zcaron;itos&tcaron;</trd>
  <trd lng="tr">macera<klr>(a&scedil;k)</klr></trd>
</drv>

    <drv mrk="afer.jugx0o">
      <kap>ju&gcirc;<tld/>o</kap>
      <uzo tip="fak">JUR</uzo>
      <snc mrk="afer.jugx0o.JUR">
        <dif>
          Tio, kio estas diskutata anta&ubreve; juristo:
          <ekz>
            Honkongo &gcirc;uas altan memstarecon en administracio,
            le&gcirc;farado kaj en ju&gcirc;<tld/>oj
            <fnt>
              <aut>Alice LIU</aut>:
              <vrk>Honkongo: &#171;Migranta filo&#187; post 10
                jaroj</vrk>.
              <bib>Monato</bib>
            </fnt>;
          </ekz><ekz>
            mi ne havas sufi&ccirc;an monon por gajni ju&gcirc;<tld/>on
            se
            direktoro K. atakas min pro kalumnio
            <fnt>
              <aut>Dafydd ap Fergus</aut>:
              <vrk>Vide el Bruselo: Kalumnio de malri&ccirc;a
                esperantisto</vrk>.
              <bib>LOdE</bib>, <lok>2001. N-ro 10</lok>
            </fnt>;
          </ekz><ekz>
            <uzo tip="stl">FIG</uzo>
            Vi, ho Sinjoro, defendis mian ju&gcirc;<tld/>on
            <fnt><bib>MT</bib>, <lok>&Plo; 3:38</lok></fnt>.
          </ekz>
        </dif>
      </snc>
      <trdgrp lng="es">
        <trd>caso</trd>,
        <trd>proceso</trd>
      </trdgrp>
      <trdgrp lng="fr">
        <trd>affaire<klr tip="ind"> (en justice)</klr></trd>,
        <trd>cause<klr tip="ind"> (en justice)</klr></trd>
        <trd>proc&egrave;s</trd>
      </trdgrp>
      <trd lng="ru">&c_s;&c_u;&c_d;&c_je;&c_b;&c_n;&c_o;&c_je;
      &c_d;&c_je;&c_l;&c_o;</trd>
    </drv>

    <drv mrk="afer.havi0onkun">
      <kap>havi <tld/>on kun</kap>
      <snc mrk="afer.havi0onkun.FRAZ">
        <uzo tip="stl">FRAZ</uzo>
        <dif>
          Pro negoco, ju&gcirc;afero a&ubreve; alia socia neceso rilati
          kun:
          <ekz>
            tiam la rabistoj komprenis, ke ili havas <tld/>on kun
            sekreta
            sor&ccirc;a forto, kaj kun timego ili forkuris
            <fnt>
              <bib>Fab4</bib>, <lok>Filino de la mar&ccirc;a
              re&gcirc;o</lok>
            </fnt>;
          </ekz><ekz>
            &ccirc;u ni povis scii, kun kiu kaj kio ni havos <tld/>on?
            <fnt>
              <aut>A. Grin, trad. J. Finkel</aut>,
              <vrk><url
                  ref="http://www.esperanto.mv.ru/Grin/mondo.html">
                  La mondo brilanta</url></vrk>,
              <lok>2010</lok>
            </fnt>.
          </ekz>
        </dif>
        <trdgrp lng="es">
          <trd>tener algo con</trd>,
          <trd>tener un asunto con</trd>
        </trdgrp>
        <trd lng="fr">avoir affaire &agrave;</trd>
        <trd
        lng="th">&#3617;&#3637;&#3608;&#3640;&#3619;&#3632;&#3585;&#3633;&#3610;</trd>
      </snc>
    </drv>
  </art>
  <!--
  $Log: afer.xml,v $
  Revision 1.51  2018/01/29 23:10:31  revo
  Neil Roberts: ripari finnan tradukon

  Revision 1.50  2017/11/06 19:10:25  revo
  Sam Penter: +trd ja

  Revision 1.49  2017/08/26 22:10:13  revo
  Vito Redsky: kor trd pl

  Revision 1.48  2017/07/10 06:10:19  revo
  Warut Bunprasert: +trd th

  Revision 1.47  2017/05/31 11:10:12  revo
  Ludoviko Francisco: +trd

  Revision 1.46  2017/05/31 04:10:15  revo
  Warut Bunprasert: +trd th

  Revision 1.45  2016/08/13 17:10:25  revo
  Alejandro Escobedo: +trd es

  Revision 1.44  2016/07/30 12:10:18  revo
  Warut Bunprasert: +trd th

  Revision 1.43  2015/07/04 08:37:29  revo
  aldono de trd cs per skripto de M. von Laer

  Revision 1.42  2015/06/28 12:03:35  revo
  aldono de trd sk per skripto de M. von Laer

  Revision 1.41  2015/01/23 08:10:16  revo
  Eko Nur Syah Hidayat: +trd id

  Revision 1.40  2014/05/13 09:10:13  revo
  Damien Brucker: +ekz

  Revision 1.39  2014/04/25 03:10:20  revo
  Sergio Pokrovskij: +ekz

  Revision 1.38  2014/03/24 17:10:24  revo
  Sergio Pokrovskij: +~o.publika

  Revision 1.37  2014/03/23 03:10:16  revo
  Sergio Pokrovskij: +ekz, rearangxo de la snc

  Revision 1.36  2014/03/22 03:10:14  revo
  Sergio Pokrovskij: +ekz

  Revision 1.35  2014/03/05 07:10:15  revo
  Sergio Pokrovskij: +jugx~o

  Revision 1.34  2013/06/01 20:10:08  revo
  Benito Subejrano: + trd ca oc

  Revision 1.33  2011/05/11 12:10:11  revo
  Jeromo Vasxe: + havi ~on kun

  Revision 1.32  2009/08/28 16:31:03  revo
  Emmanuel Debanne: +trd tr

  Revision 1.31  2008/02/21 17:30:12  revo
  Wieland Pusch: +korr trd en ekz sen ind

  Revision 1.30  2008/01/21 17:30:28  revo
  Teo Sankaro: aldonis kelkajn anglajn tradukojn

  Revision 1.29  2008/01/07 17:30:21  revo
  -->
   </vortaro>
