<?xml version="1.0"?>
<!DOCTYPE vortaro SYSTEM "../dtd/vokoxml.dtd">

<vortaro>
<art mrk="$Id: afgan.xml,v 1.20 2018/11/17 17:10:17 revo Exp $">
<kap>
  <rad>afgan</rad>/o
</kap>

<drv mrk="afgan.0o">
  <kap><tld/>o</kap>
  <snc mrk="afgan.0o.sxtatano">
    <dif>
      <ref tip="super" cel="sxtat.0ano">&Scirc;tatano</ref> de
      <ref tip="malprt" cel="afgan.A0ujo"><tld lit="A"/>ujo</ref>:
      <ekz>en Irano kaj Pakistano lo&gcirc;as pli ol 4 milionoj da
      <tld/>oj
      kiel rifu&gcirc;intoj
        <fnt>
          <aut>Renato Corsetti</aut>
          <vrk><url
          ref="http://esperanto-ondo.ru/87-lode.htm#87-07">Lingvo de
          paco</url></vrk>
          <bib>LOdE</bib>
          <lok>2002:1</lok>
        </fnt>;
      </ekz>
      <ekz>germana ministro pri eksterlandaj aferoj ina&ubreve;guris
      trinkakvosistemon en la urbo Herat kaj transdonis &gcirc;in al
      <tld/>oj
        <fnt>
          <aut>Stefan Maul</aut>
          <vrk>Du mil ok</vrk>
          <bib>Monato</bib>
          <lok>jaro 2008a, numero 12a, p. 7a</lok>
        </fnt>.
      </ekz>
    </dif>
  </snc>
  <trd lng="fr">Afghan<klr tip="ind"> (subst.)</klr></trd>
</drv>

<drv mrk="afgan.A0ujo">
  <kap>
    <tld lit="A"/>ujo
    <fnt>
      <vrk>Oficiala Informo de AdE</vrk>,
      <lok>numero 11</lok>
    </fnt>
  </kap>
  <snc mrk="afgan.A0ujo.GEOG">
    <uzo tip="fak">GEOG</uzo>
    <uzo tip="fak">POL</uzo>
    <mlg>AF</mlg>
    <dif>
      <ref tip="lst" cel="sxtat.0o.POL"
      lst="voko:&scirc;tatoj">&Scirc;tato</ref> en
      la sudcentra Azio kun &ccirc;efurbo Kabulo.
      Oficiala nomo: <em>Islama Respubliko de Afganujo</em>.
      &Gcirc;i limas kun <ref tip="vid"
      cel="cxin.CX0ujo">&Ccirc;inujo</ref>,
      <ref tip="vid" cel="iran.I0o.GEOG">Irano</ref>,
      <ref tip="vid" cel="pakistan.P0o.GEOG">Pakistano</ref>,
      <ref tip="vid" cel="tagxik.T0ujo.GEO">Ta&gcirc;ikujo</ref>,
      <ref tip="vid" cel="turkmen.T0ujo.GEOG">Turkmenujo</ref>
      kaj <ref tip="vid" cel="uzbek.U0ujo">Uzbekujo</ref>:
      <ekz>Instruado de Esperanto al rifu&gcirc;intoj, kiuj jam emas
      reiri
      siajn hejmojn, garantias la ekziston kaj vivon de Esperanto en
      <tld lit="A"/>ujo
        <fnt>
          <aut>Reza Torabi</aut>
          <vrk><url
          ref="http://esperanto-ondo.ru/90-lode.htm#90-05">Zaban-e-salam</url></vrk>
          <bib>LOdE</bib>
          <lok>2002:4</lok>
        </fnt>
      </ekz>
    </dif>
    <ref tip="sin" cel="afgani.A0o.GEOG">Afganio</ref>
    </snc>
    <trd
    lng="be">&c_A;&c_w;&c_g;&c_a;&c_n;&c_ib;&c_s;&c_t;&c_a;&c_n;</trd>
    <trd
    lng="bg">&c_A;&c_f;&c_g;&c_a;&c_n;&c_i;&c_s;&c_t;&c_a;&c_n;</trd>
    <trdgrp lng="ca">
      <trd>Afganistan</trd>,
      <trd>Rep&uacute;blica Isl&agrave;mica de l'Afganistan</trd>
    </trdgrp>
    <trd lng="de">Afghanistan</trd>
    <trd
    lng="el">&Alfa;&phi;&gamma;&alfa;&ny;&jota;&sigma;&tau;&alfa_ton;&ny;</trd>
    <trd lng="en">Afghanistan</trd>
    <trd lng="es">Afganist&aacute;n</trd>
  <trd lng="fa">&a_A;&a_f;&a_gh;&a_A;&a_n;&a_s;&a_t;&a_A;&a_n;</trd>
    <trdgrp lng="fr">
      <trd>Afghanistan</trd>,
      <trd>R&eacute;publique islamique d'Afghanistan</trd>
    </trdgrp>
    <trd lng="hu">Afganiszt&aacute;n</trd>
    <trd lng="id">Afganistan</trd>
    <trdgrp lng="it">
      <trd>Afganistan</trd>
    </trdgrp>
    <trdgrp lng="pl">
      <trd>Afganistan</trd>,
      <trd>Islamska Republika <ind>Afganistanu</ind></trd>
    </trdgrp>
    <trd lng="pt">Afeganist&atilde;o</trd>
</drv>

</art>

<!--
$Log: afgan.xml,v $
Revision 1.20  2018/11/17 17:10:17  revo
Michel Cantigneaux: afgano estas nek fundamenta nek oficiala radiko

Revision 1.19  2018/05/20 22:10:24  revo
Dusan Jureti&cacute;: +trd es

Revision 1.18  2017/06/22 10:10:22  revo
Ludoviko Francisco: +drv ~o

Revision 1.17  2017/06/20 15:10:19  revo
Ludoviko Francisco: +lst +ekz

Revision 1.16  2014/06/06 16:10:17  revo
Eko Nur Syah Hidayat: +id

Revision 1.15  2014/05/08 18:10:38  revo
Damien Brucker: +trd fr

Revision 1.14  2013/03/01 07:10:17  revo
Dmitri Gabinski: redakto: +trd be

Revision 1.13  2013/02/11 03:10:08  revo
-->
</vortaro>
