<?xml version="1.0"?>
<!DOCTYPE vortaro SYSTEM "../dtd/vokoxml.dtd">

<vortaro>
<art mrk="$Id: afided.xml,v 1.12 2019/03/03 19:10:19 revo Exp $">
<kap>
  <rad>afided</rad>/oj
</kap>
<drv mrk="afided.0oj">
  <kap>
    <tld/>oj
  </kap>
  <uzo tip="fak">ZOO</uzo>
  <snc>
    <dif>
      <ref tip="lst" cel="famili.0o.BIO"
      lst="voko:zoologiaj_familioj">Familio</ref> el la ordo <ref
      tip="malprt"
      cel="hemipt.0oj">hemipteroj</ref>
      (<trd lng="la">Aphididae</trd>), su&ccirc;antaj la sukon de plantoj:
      <ekz>
        <ref tip="prt" cel="afid.0o.genro">afido</ref>
        estas malgranda insekto el la ordo de hemipteroj, <klr>[&#8230;]</klr>
        familio de <tld/>oj
        <fnt>
          <bib>Viki</bib>
          <lok><url
          ref="https://eo.wikipedia.org/?curid=209566">Afido</url></lok>
        </fnt>;
      </ekz>
      <ekz>
        junkokanbirdo ser&ccirc;as lokojn kun granda nombro de <tld/>oj kaj
        restas ne tre for de tiaj lokoj
        <fnt>
          <bib>Viki</bib>
          <lok><url
          ref="https://eo.wikipedia.org/?curid=307695">Junkokanbirdo</url></lok>
        </fnt>.
      </ekz>
    </dif>
  </snc>
  <trd lng="be">&c_t;&c_l;&c_ib; <klr tip="amb">(&c_s;&c_ja;&c_m;'&c_ja;)</klr></trd>
  <trd lng="bg">&c_l;&c_i;&c_s;&c_t;&c_n;&c_i; <ind>&c_v;&c_malmol;&c_sh;&c_k;&c_i;</ind></trd>
  <trd lng="ca">af&iacute;dids</trd>
  <trd lng="de">R&ouml;hrenl&auml;use</trd>
  <trd lng="en">Aphididae</trd>
  <trd lng="hu">igazi
<ind>lev&eacute;ltet&udblac;f&eacute;l&eacute;k</ind></trd>
  <trd lng="it">afididi</trd>
  <trd lng="nl">bladluizen</trd>
  <trd lng="pt">afid&iacute;deos</trd>
  <trd lng="fr">aphidiens</trd>
  <trd lng="ru">&c_t;&c_l;&c_i; <klr
tip="amb">(&c_s;&c_je;&c_m;&c_je;&c_j;&c_s;&c_t;&c_v;&c_o;)</klr></trd>
</drv>
</art>
<!--
$Log: afided.xml,v $
Revision 1.12  2019/03/03 19:10:19  revo
Marc Rausell: +trd ca

Revision 1.11  2018/10/31 15:10:16  revo
Wolfram Diestel: +ekz-oj, kor. ord al hemipteroj

Revision 1.10  2015/08/10 16:10:15  revo
Joop Eggen: +trd bg

Revision 1.9  2013/08/31 15:10:39  revo
Wolfram Diestel: referenco al listo zoo familioj

Revision 1.8  2011/11/02 11:10:19  revo
Antonio Codazzi: +trd it

Revision 1.7  2004/06/01 17:23:48  revo
Dmitri Gabinski: +trd be

Revision 1.6  2002/09/22 08:14:29  revo
Christopher Zervic: + ang

Revision 1.5  2002/06/18 17:31:03  revo
-->
</vortaro>
