<?xml version="1.0"?>
<!DOCTYPE vortaro SYSTEM "../dtd/vokoxml.dtd">

<vortaro>
<art mrk="$Id: aforis.xml,v 1.21 2015/07/04 08:37:29 revo Exp $">
<kap>
  <ofc>1</ofc>
  <rad>aforism</rad>/o
</kap>
<drv mrk="aforis.0o">
  <kap><tld/>o</kap>
  <snc mrk="aforis.0o.BELE">
    <uzo tip="fak">BELE</uzo>
    <dif>
      Konciza, sencori&ccirc;a <ref tip="super" 
      cel="senten.0o">sentenco</ref>, rilata al scienco a&ubreve; arto, 
      resumanta iun principon &gcirc;ian:
      <ekz>
        lia decido estis firma, kiel se li praktike montras veraj la 
        <tld/>ojn, per kiuj lia instruisto stimulis knabojn puranimajn
        <fnt><aut>Ueyama M.</aut>, <vrk>Pardonon!</vrk>, <lok>l' 
        omnibuso, 1970</lok></fnt>.
      </ekz>
    </dif>
  </snc>
  <trd lng="be">&c_a;&c_f;&c_a;&c_r;&c_y;&c_z;&c_m;</trd>
  <trd lng="ca">aforisme</trd>
  <trdgrp lng="cs">
    <trd>aforizmus</trd>,
    <trd>průpověď</trd>,
    <trd>rčení</trd>
  </trdgrp>
  <trdgrp lng="de">
    <trd>Aphorismus</trd>,
    <trd>Sinnspruch</trd>
  </trdgrp>
  <trd lng="en">aphorism</trd>
  <trd lng="es">aforismo</trd>
  <trd lng="fr">aphorisme</trd>
  <trd lng="hu">aforizma</trd>
  <trd lng="it">aforisma</trd>
  <trd lng="nl">aforisme</trd>
  <trd lng="pl">aforyzm</trd>
  <trd lng="pt">aforismo</trd>
  <trd lng="ru">&c_a;&c_f;&c_o;&c_r;&c_i;&c_z;&c_m;</trd>
  <trd lng="sk">aforizmus</trd>
</drv>
</art>
<!--
$Log: aforis.xml,v $
Revision 1.21  2015/07/04 08:37:29  revo
aldono de trd cs per skripto de M. von Laer

Revision 1.20  2015/03/31 23:10:17  revo
Josep-Enric Peres-i-Blesa: Aldono de novaj tradukoj katalunaj

Revision 1.19  2013/04/10 10:10:10  revo
Sebastian Cyprych: +trd pl

Revision 1.18  2010/05/22 16:30:24  revo
Antonio Codazzi: +trd it

Revision 1.17  2007/04/27 16:30:32  revo
Jeromo Vasxe: + mrk + ekz

Revision 1.16  2004/01/18 17:30:39  revo
Jeromo Vasxe: + tez

Revision 1.15 2003/10/28 17:31:49 revo
Dmitri Gabinski: +trd be

Revision 1.14 2003/05/17 16:31:50 revo
Viliam Bur: +trd sk

Revision 1.13 2003/02/03 17:31:21 revo
-->
</vortaro>
