<?xml version="1.0"?>
<!DOCTYPE vortaro SYSTEM "../dtd/vokoxml.dtd">

<vortaro>
<art mrk="$Id: afrika.xml,v 1.26 2019/01/28 19:10:15 revo Exp $">
<kap>
  <rad>afrikat</rad>/o <fnt><bib>PV</bib></fnt>
</kap>
<drv mrk="afrika.0o">
  <kap><tld/>o</kap>
  <uzo tip="fak">FON</uzo>
  <snc mrk="afrika.0o.FON">
    <dif>
      <ref tip="dif" cel="frot.ek0akonsonanto">Ekfrota konsonanto</ref>:
      <ekz>
        afrikatoj komenci&gcirc;as kiel plozivo (plej ofte alveolara konsonanto kiel [t] a&ubreve;
        [d]), sed ellasi&gcirc;as kiel frikativa konsonanto (kiel [s] a&ubreve; [z] a&ubreve;, en kelkaj
        lingvoj, en frikativa trila konsonanto) anstata&ubreve; rekte en la sekvan vokalon
        a&ubreve; vortan finon
        <fnt>
          <bib>Viki</bib>
          <lok><url ref="https://eo.wikipedia.org/?curid=201826"
              >Afrikato</url></lok>
        </fnt>.
      </ekz>
    </dif>
  </snc>
  <rim>
    Kompreneble, <tld/>o neniel rilatas al Afriko, &gcirc;i devenas de
    la latina &leftquot;<nac>affricatus</nac>&rightquot;, pasiva participo de
    &leftquot;<nac>affricare</nac>&rightquot; = &leftquot;<nac>ad</nac>&rightquot; + &leftquot;<nac>fricare</nac>&rightquot; =
    <ctl>ek/frot/at/a</ctl> (la prefikso &leftquot;<nac>ad-</nac>&rightquot; havas &ccirc;i
    tie la signifon de <ctl>ek-</ctl>, kiel en
    &leftquot;<nac>ad/amare</nac>&rightquot; = <ctl>ek/ami</ctl>). Do
    <ctl>ekfrota</ctl> tute klare kaj esperantece esprimas ekzakte la
    saman ideon.
    <aut>Sergio Pokrovskij</aut>
  </rim>
  <trd lng="be">&c_a;&c_f;&c_r;&c_y;&c_k;&c_a;&c_t;&c_a;</trd>
  <trd lng="bg">&c_a;&c_f;&c_r;&c_i;&c_k;&c_a;&c_t;</trd>
  <trdgrp lng="de">
    <trd>Affrikat</trd>,
    <trd>Affrikata</trd>,
    <trd>Affrikate</trd>
  </trdgrp>
  <trd lng="ca">africat</trd>
  <trd lng="en">affricative</trd>
  <trd lng="es">africada</trd>
  <trd lng="fa">&a_h;&a_m;&a_kh;&a_w;&a_A;&a_n; &a_m;&a_r;&f_k;&a_b;</trd>
  <trd lng="fr">affriqu&eacute;e<klr> (subst.)</klr></trd>
  <trdgrp lng="hu">
    <trd>z&aacute;r-r&eacute;shang</trd>,
    <trd>affrik&aacute;ta</trd>
  </trdgrp>
  <trd lng="it">affricata</trd>
  <trd lng="nl">affricaat</trd>
  <trd lng="pl">afrykata</trd>
  <trdgrp lng="pt">
    <trd>africado</trd>,
    <trd>explosivo-fricativo</trd>
  </trdgrp>
  <trd lng="ru">&c_a;&c_f;&c_f;&c_r;&c_i;&c_k;&c_a;&c_t;&c_a;</trd>
  <trd lng="sk">polosykavka <klr>(c| &ccaron;| dz| d&zcaron;)</klr></trd>
  <trd lng="sk">polosykavka <klr>(c| &ccaron;| dz| d&zcaron;)</klr></trd>
  <trdgrp lng="cs">
    <trd>afrik&aacute;ta</trd>,
    <trd>asibil&aacute;ta</trd>,
    <trd>polosykavka</trd>
  </trdgrp>
</drv>
</art>
<!--
$Log: afrika.xml,v $
Revision 1.26  2019/01/28 19:10:15  revo
Wolfram Diestel: +ekz

Revision 1.25  2015/07/04 08:37:29  revo
aldono de trd cs per skripto de M. von Laer

Revision 1.24  2015/06/29 16:39:29  revo
aldono de trd sk per skripto de M. von Laer

Revision 1.23  2015/06/29 10:10:15  revo
Joop Eggen: +trd bg nl

Revision 1.22  2015/06/28 12:03:35  revo
aldono de trd sk per skripto de M. von Laer

Revision 1.21  2015/01/15 11:10:16  revo
Sergio Pokrovskij: +Rim

Revision 1.20  2015/01/06 07:10:13  revo
Sergio Pokrovskij: ref-dif

Revision 1.19  2014/03/31 15:10:26  revo
-->
</vortaro>
