<?xml version="1.0"?>
<!DOCTYPE vortaro SYSTEM "../dtd/vokoxml.dtd">

<vortaro>
<art mrk="$Id: afrodit.xml,v 1.13 2019/01/28 17:10:16 revo Exp $">
<kap><rad>Afrodit</rad>/o</kap>

<drv mrk="afrodit.0o">
  <kap><tld/>o</kap>
  <snc>
    <uzo tip="fak">MIT</uzo>
    <dif>
      Helena <ref tip="super" cel="di.0o.politeisma">diino</ref> de amo
      kaj beleco, naski&gcirc;inta el la mara &scirc;a&ubreve;mo:
      <ekz>
        la <klr>[&#8230;]</klr> templo de <tld/>o
        <fnt>
          <bib>Monato</bib>
          <aut>Roberto Pigro</aut>
          <vrk><url ref="https://www.monato.net/2014/011357.php"
              >Kio estas la kipra silabaro?</url></vrk>
        </fnt>;
      </ekz>
      <ekz>
        en la tiel nomata insulo de <tld/>o estas tiuj, kiuj pretas elspezi &gcirc;is 50
        e&ubreve;rojn kontra&ubreve; &ccirc;iu kilogramo da &ndash; la&ubreve;aserte &ndash; bongustega muflona viando
        <fnt>
          <bib>Monato</bib>
          <aut>Roberto Pigro</aut>
          <vrk><url ref="https://www.monato.net/2010/010163.php"
              >&Ccirc;asantoj &ccirc;asataj</url></vrk>
        </fnt>.
      </ekz>
    </dif>
    <ref tip="vid" cel="venus.0o.mita">Venuso</ref>
  </snc>
  <trd lng="be">&c_A;&c_f;&c_r;&c_a;&c_d;&c_y;&c_t;&c_a;</trd>
  <trd lng="ca">Afrodita</trd>
  <trdgrp lng="cs">
    <trd>Afrodita</trd>,
    <trd>Afrodite</trd>,
    <trd>Afrodit&eacute;</trd>
  </trdgrp>
  <trd lng="de">Aphrodite</trd>
  <trd lng="el">&Alfa;&phi;&rho;&omikron;&delta;&jota_acute;&tau;&eta;
  </trd>
  <trd lng="en">Aphrodite</trd>
  <trd lng="es">Afrodita</trd>
  <trd lng="fr">Aphrodite</trd>
  <trd lng="it">Afrodite</trd>
  <trd lng="pl">Afrodyta</trd>
  <trd lng="pt">Afrodite</trd>
  <trd lng="ru">&c_A;&c_f;&c_r;&c_o;&c_d;&c_i;&c_t;&c_a;</trd>
  <trd lng="sk">Afrodita</trd>
  <trd lng="sv">Afrodite</trd>
</drv>
</art>

<!--
$Log: afrodit.xml,v $
Revision 1.13  2019/01/28 17:10:16  revo
Wolfram Diestel: +ekz-oj, -var

Revision 1.12  2015/07/04 08:37:29  revo
aldono de trd cs per skripto de M. von Laer

Revision 1.11  2015/06/28 12:03:35  revo
aldono de trd sk per skripto de M. von Laer

Revision 1.10  2012/10/22 00:10:12  revo
Neil Roberts: aldonu la etikedon <var>

Revision 1.9  2010/06/07 16:30:23  revo
Antonio Codazzi: +trd it

Revision 1.8  2009/03/02 17:30:33  revo
Jerano Zachrisson: +trd sv

Revision 1.7  2008/06/12 19:06:30  revo
Sebastian Cyprych: +trd pl

Revision 1.6  2007/05/20 16:30:35  revo
-->
</vortaro>
