<?xml version="1.0"?>
<!DOCTYPE vortaro SYSTEM "../dtd/vokoxml.dtd">

<vortaro>
<art mrk="$Id: aft.xml,v 1.22 2015/07/04 08:37:29 revo Exp $">
<kap>
  <rad>aft</rad>/o
  <fnt>Z</fnt>
</kap>
<drv mrk="aft.0o">
  <kap><tld/>o</kap>
  <snc mrk="aft.0o.MED">
    <uzo tip="fak">MED</uzo>
    <dif>
      Sendan&gcirc;era ulcereto en la bu&scirc;o.
    </dif>
    <trd lng="be">&c_a;&c_f;&c_t;&c_a;</trd>
    <trdgrp lng="hu">
      <trd>sz&aacute;jfek&eacute;ly</trd>,
      <trd>afta ulcer</trd>
  </trdgrp>
  <trdgrp lng="pl">
    <trd>afta</trd>,
    <trd>ple&sacute;niawka</trd>,
    <trd>bed&lstroke;ka</trd>,
    <trd>grzybek</trd>,
    <trd>gnilec ustny</trd>
  </trdgrp>
    <trd lng="ru">&c_a;&c_f;&c_t;&c_a;</trd>
    <trd lng="sk">vriedok <klr>(v &uacute;stach)</klr></trd>
    <trd lng="sv">afte</trd>
  </snc>
  <snc mrk="aft.0o.epizootia">
    <uzo tip="fak">ZOO</uzo>
    <dif>
      Febrodona &scirc;vela&jcirc;o &ccirc;e la brusto, mamo, hufoj de
      brutaro:
      <ekz>
        <tld/>a epidemio <fnt>PIV</fnt>, <tld/>a malsano.
      </ekz>
    </dif>
    <ref tip="vid" cel="aftoz.0o">aftozo</ref>
    <trd lng="be">&c_ja;&c_sh;&c_ch;&c_u;&c_r; <klr
tip="amb">(&c_h;&c_v;&c_a;&c_r;&c_o;&c_b;&c_a;)</klr></trd>
    <trd lng="hu">sz&aacute;j- &eacute;s
k&ouml;r&ouml;mf&aacute;j&aacute;s</trd>
    <trd lng="ru">&c_ja;&c_shch;&c_u;&c_r;</trd>
  </snc>
  <trd lng="cs">slintavka a kulhavka</trd>
  <trd lng="de">Aphte</trd>
  <trdgrp lng="en">
    <trd>aphtha</trd>,
    <trd>aphthous ulcer</trd>
  </trdgrp>
  <trd lng="es">afta</trd>
  <trd lng="fr">aphte</trd>
  <trd lng="it">afta</trd>
  <trdgrp lng="nl">
    <trd>tongblaar</trd>,
    <trd>koortsblaasje</trd>,
    <trd>aft</trd>
  </trdgrp>
  <trd lng="pt">afta</trd>
  <trd lng="sk">slintačka a krívačka</trd>
</drv>
</art>
<!--
$Log: aft.xml,v $
Revision 1.22  2015/07/04 08:37:29  revo
aldono de trd cs per skripto de M. von Laer

Revision 1.21  2015/06/28 12:03:35  revo
aldono de trd sk per skripto de M. von Laer

Revision 1.20  2011/11/12 17:10:14  revo
Antonio Codazzi: +trd it

Revision 1.19  2009/03/03 17:30:27  revo
Jerano Zachrisson: +trd sv

Revision 1.18  2006/05/12 16:31:15  revo
Sebastian Cyprych: korekto trd pl

Revision 1.17  2004/06/01 17:23:51  revo
Dmitri Gabinski: +trd be

Revision 1.16  2003/05/17 16:31:53  revo
Viliam Bur: +trd sk

Revision 1.15  2002/06/20 17:31:12  revo
Jozefo Horvath: +trd hu

Revision 1.14  2002/05/02 11:37:42  revo
Alejandro Mejia Greene: ald 1 his trd

Revision 1.13  2002/02/14 17:38:44  revo
-->
</vortaro>
