<?xml version="1.0"?>

<!DOCTYPE vortaro SYSTEM "../dtd/vokoxml.dtd">

<vortaro>
<art mrk="$Id: agac.xml,v 1.27 2018/03/29 14:10:14 revo Exp $">
<kap>
  <ofc>*</ofc>
  <rad>agac</rad>/o
</kap>

<drv mrk="agac.0o">
  <kap><ofc>*</ofc><tld/>o</kap>
  <snc mrk="agac.0o.FIZL">
    <dif>
      Malagrabla, incita sento &ccirc;e la dentoj a&ubreve;
      &ccirc;e la nervaro.
    </dif>
  </snc>
  <trd lng="fr">agacement <klr>(des dents, des nerfs)</klr></trd>
</drv>

<drv mrk="agac.0i">
  <kap><tld/>i</kap>
  <gra><vspec>tr</vspec></gra>
  <snc mrk="agac.0i.dento">
    <dif>
      Ka&ubreve;zi <tld/>on,
      <ref tip="vid" cel="irit.0i.MED">iriti</ref>,
      forte <ref tip="vid" cel="juk.0i.KOMUNE">juki</ref>:
      <ekz>
        frotado de fajlilo <tld/>as;
      </ekz>
      <ekz>
        la patroj man&gcirc;is nematurajn vinberojn, kaj la dentoj de la
        filoj <tld/>i&gcirc;is
        <fnt><bib>MT</bib>, <lok>&Jer; 31:29</lok></fnt>.
      </ekz>
    </dif>
    <trdgrp lng="be">
      <trd>&c_n;&c_a;&c_b;&c_ib;&c_v;&c_a;&c_c;&c_mol; <ind>&c_a;&c_s;&c_k;&c_o;&c_m;&c_ib;&c_n;&c_u;</ind></trd>,
      <trd>&c_r;&c_a;&c_z;&c_d;&c_r;&c_a;&c_zh;&c_n;&c_ja;&c_c;&c_mol;</trd>
    </trdgrp>
    <trd lng="br">tozona&ntilde;</trd>
    <trd lng="de">reizen</trd>
    <trdgrp lng="en">
      <trd>aggravate</trd>,
      <trd>annoy</trd>,
      <trd>irritate</trd>
    </trdgrp>
    <trd lng="es">causar dentera</trd>
    <trdgrp lng="fr">
      <trd>agacer <klr>(les dents)</klr></trd>,
      <trd>porter sur les <ind>nerfs</ind></trd>
    </trdgrp>
    <trdgrp lng="it">
      <trd>allappare</trd>,
      <trd>stridere<klr> (fig.)</klr></trd>,
      <trd>irritare</trd>,
      <trd>dare sui nervi</trd>
    </trdgrp>
    <trd lng="nl">pijn doen aan de tanden of aan de zenuwen</trd>
    <trdgrp lng="ru">
      <trd>&c_v;&c_y;&c_z;&c_y;&c_v;&c_a;&c_t;&c_mol; <ind>&c_o;&c_s;&c_k;&c_o;&c_m;&c_i;&c_n;&c_u;</ind></trd>,
      <trd>&c_r;&c_a;&c_z;&c_d;&c_r;&c_a;&c_zh;&c_a;&c_t;&c_mol;</trd>
    </trdgrp>
  </snc>
  <snc mrk="agac.0i.inciti">
    <dif>
      <ref tip="dif" cel="incit.0i.kolerigi">Inciti<sncref/></ref>.
    </dif>
    <trd lng="be">&c_r;&c_a;&c_z;&c_d;&c_r;&c_a;&c_zh;&c_n;&c_ja;&c_c;&c_mol;</trd>
    <trd lng="br">hegazi&ntilde;</trd>
    <trd lng="nl">op de <ind>zenuwen</ind> werken</trd>
    <trd lng="ru">&c_r;&c_a;&c_z;&c_d;&c_r;&c_a;&c_zh;&c_a;&c_t;&c_mol;</trd>
  </snc>
  <trd lng="cs">trnout <klr>(zuby)</klr></trd>
  <trdgrp lng="sk">
    <trd>st&racute;pnu&tcaron;</trd>,
    <trd>t&racute;pnu&tcaron;</trd>
  </trdgrp>
</drv>
</art>
<!--

$Log: agac.xml,v $
Revision 1.27  2018/03/29 14:10:14  revo
Jeromo Vasxe: kor. akuz., + kk ref

Revision 1.26  2018/03/26 10:10:14  revo
Michel Cantigneaux: agaco (ne agaci) estas Universala radikvorto laux la
Universalaj tradukoj

Revision 1.25  2015/07/04 08:37:29  revo
aldono de trd cs per skripto de M. von Laer

Revision 1.24  2015/06/28 12:03:35  revo
aldono de trd sk per skripto de M. von Laer

Revision 1.23  2013/03/30 14:10:13  revo
Dmitri Gabinski: +trd be

Revision 1.22  2011/11/12 17:10:16  revo
Antonio Codazzi: +trd it

Revision 1.21  2010/07/15 16:30:29  revo
Agustin Garcia Lopez: eraro es

-->

</vortaro>
