<?xml version="1.0"?>
<!DOCTYPE vortaro SYSTEM "../dtd/vokoxml.dtd">

<vortaro>
<art mrk="$Id: agap.xml,v 1.13 2015/07/04 08:37:29 revo Exp $">
<kap><rad>agap</rad>/o</kap>
<drv mrk="agap.0o">
  <kap><tld/>o<fnt>Z</fnt></kap>
  <uzo tip="fak">KRI</uzo>
  <snc>
    <dif>
      En la antikva eklezio, komuna vesperman&gcirc;o kun
      <ref tip="prt" cel="euxkar.0o">e&ubreve;&hcirc;aristio</ref>,
      simbolanta gefratan amon de la kristanoj:
      <ekz>
        ili <klr>(malpiuloj)</klr> estas la subakvaj rokoj en viaj
        <tld/>oj, kun vi kunfestenante
        <fnt><bib>NT</bib>, <lok>&Jud; 12.</lok></fnt>.
      </ekz>
     </dif>
     <rim>
      En &ccirc;i tiu senco la vorto <tld/>o estas ofte uzata plurale
      <aut>Mireille Corobu</aut>.
    </rim>
  </snc>
  <trd lng="be">&c_a;&c_g;&c_a;&c_p;&c_a;</trd>
  <trdgrp lng="bg">
    <trd>&c_b;&c_r;&c_a;&c_t;&c_s;&c_k;&c_a; &c_v;&c_je;&c_ch;&c_je;&c_r;&c_ja;</trd>,
    <trd>&c_h;&c_r;&c_i;&c_s;&c_t;&c_i;&c_ja;&c_n;&c_s;&c_k;&c_a; &c_l;&c_ju;&c_b;&c_o;&c_v;</trd>
  </trdgrp>
  <trd lng="cs">agapa</trd>
  <trdgrp lng="de">
    <trd>Agape</trd>,
    <trd>Freundesmahl</trd>,
    <trd>Liebesmahl</trd>
  </trdgrp>
  <trd lng="en">agape</trd>
  <trd lng="es">&aacute;gape</trd>
  <trd lng="fr">agape</trd>
  <trd lng="it">agape<klr> (rel. e fil.)</klr></trd>
  <trdgrp lng="nl">
    <trd>agape</trd>,
    <trd>liefdemaal</trd>,
    <trd>vriendenmaal</trd>
  </trdgrp>
  <trd lng="pt">&aacute;gape</trd>
  <trd lng="ru">&c_a;&c_g;&c_a;&c_p;&c_a;</trd>
  <trdgrp lng="sk">
    <trd>agapa</trd>,
    <trd>agapy</trd>
  </trdgrp>
</drv>
</art>
<!--
$Log: agap.xml,v $
Revision 1.13  2015/07/04 08:37:29  revo
aldono de trd cs per skripto de M. von Laer

Revision 1.12  2015/06/28 12:03:35  revo
aldono de trd sk per skripto de M. von Laer

Revision 1.11  2014/05/08 18:10:43  revo
Damien Brucker: +trd fr

Revision 1.10  2013/08/05 16:10:14  revo
Joop Eggen: +trd bg

Revision 1.9  2011/11/13 10:10:09  revo
Antonio Codazzi: korekt trd it

Revision 1.8  2011/11/12 17:10:17  revo
Antonio Codazzi: +trd it

Revision 1.7  2010/11/22 17:30:14  revo
Mireille Corobu: dua difino de agapo

Revision 1.6  2005/12/06 17:34:12  revo
Raul Salinas Monteagudo: +trd es

Revision 1.5  2004/06/01 17:23:52  revo
Dmitri Gabinski: +trd be

Revision 1.4  2003/05/13 16:32:18  revo
-->
</vortaro>
