<?xml version="1.0"?>
<!DOCTYPE vortaro SYSTEM "../dtd/vokoxml.dtd">

<vortaro>
<art mrk="$Id: agarag.xml,v 1.18 2019/01/28 20:10:24 revo Exp $">
<kap>
  <rad>agaragar</rad>/o
</kap>
<drv mrk="agarag.0o">
  <kap><tld/>o</kap>
  <uzo tip="fak">KUI</uzo>
  <uzo tip="fak">TEKS</uzo>
  <uzo tip="fak">MED</uzo>
  <snc>
    <dif>
      Substanco simila al <ref cel="gelate.0o">gelateno</ref>,
      ekstraktata el kelkaj specoj de hindaj algoj, kaj uzata por apreturi &scirc;tofojn 
      a&ubreve; por prepari laksigilojn:
      <ekz>
        la nutra energio de tiu &ccirc;i dol&ccirc;a&jcirc;o estas 293 kilo&jcirc;uloj kaj &gcirc;ia kemia konsisto
        jenas: sakarozo, blanka&jcirc;o de kokina ovo, planta graso, <klr>[&#8230;]</klr> lakta
        pulvoro, &gcirc;eliga&jcirc;o, <tld/>o, sojolecitino, <klr>[&#8230;]</klr>
        <fnt>
          <bib>Monato</bib>
          <aut>Walter Klag</aut>
          <vrk><url ref="https://www.monato.net/2013/010973.php"
              >Bombo-bankroto</url></vrk>
        </fnt>.
      </ekz>
    </dif>
    <ref tip="sin" cel="geloz.0o">gelozo</ref>
  </snc>
  <trd lng="be">&c_a;&c_g;&c_a;&c_r;-&c_a;&c_g;&c_a;&c_r;</trd>
  <trd lng="bg">&c_a;&c_g;&c_a;&c_r;-&c_a;&c_g;&c_a;&c_r;</trd>
  <trd lng="ca">agar-agar</trd>
  <trd lng="cs">agar-agar</trd>
  <trd lng="de">Agar-Agar</trd>
  <trdgrp lng="en">
    <trd>agar</trd>,
    <trd>agar-agar</trd>
  </trdgrp>
  <trd lng="fr">agar-agar</trd>
  <trdgrp lng="it">
    <trd>agar</trd>,
    <trd>agar-agar</trd>
  </trdgrp>
  <trd lng="nl">agar-agar</trd>
  <trd lng="pt">&aacute;gar-&aacute;gar</trd>
  <trd lng="ru">&c_a;&c_g;&c_a;&c_r;-&c_a;&c_g;&c_a;&c_r;</trd>
  <trdgrp lng="sk">
    <trd>agar</trd>,
    <trd>agar-agar</trd>
  </trdgrp>
</drv>
</art>
<!--
$Log: agarag.xml,v $
Revision 1.18  2019/01/28 20:10:24  revo
Wolfram Diestel: +ekz, fakoj

Revision 1.17  2015/07/04 08:37:29  revo
aldono de trd cs per skripto de M. von Laer

Revision 1.16  2015/06/28 12:03:35  revo
aldono de trd sk per skripto de M. von Laer

Revision 1.15  2011/12/31 10:10:23  revo
Marc Rausell: +trd ca

Revision 1.14  2011/11/13 19:10:08  revo
Wieland Pusch: +trd bg

Revision 1.13  2011/11/13 10:10:10  revo
Antonio Codazzi: korekt trd it

Revision 1.12  2004/03/05 17:31:38  revo
Dmitri Gabinski: +trd be

Revision 1.11  2003/05/17 16:32:02  revo
-->
</vortaro>
