<?xml version="1.0"?>
<!DOCTYPE vortaro SYSTEM "../dtd/vokoxml.dtd">

<vortaro>
<art mrk="$Id: agarik1.xml,v 1.10 2019/03/16 19:10:16 revo Exp $">
<kap>
  <rad>agarikac</rad>/oj
</kap>
<drv mrk="agarik1.0oj">
  <kap>
    <tld/>oj
  </kap>
  <uzo tip="fak">BOT</uzo>
  <snc>
    <dif>
      <ref tip="lst" lst="voko:botanikaj_familioj" cel="famili.0o.BIO">Familio</ref>
      de <ref tip="super" cel="fung.klab0oj">klabfungoj</ref>
      (<trd lng="la">Agaricaceae</trd>),
      kies ombrelforma fruktokorpo prezentas de sube
      alcentrajn lamenojn:
      <ekz>
        la funga indekso &leftquot;<nom>Index Fungorum</nom>&rightquot; kaj inkluzivas la plej gravajn genroj el la
        familio <tld/>oj
        <fnt>
          <bib>Viki</bib>
          <lok><url ref="https://eo.wikipedia.org/?curid=509697"
              >Agarikacoj</url></lok>
        </fnt>.
      </ekz>
    </dif>
    <ref tip="prt" cel="fung.lamen0o">lamenfungo</ref>
    <refgrp tip="sub">
      <ref cel="cxampinjon.0o">&ccirc;ampinjono</ref>,
      <ref cel="amanit.0o">amanito</ref>.
    </refgrp>
  </snc>
  <trd lng="be">&c_a;&c_g;&c_a;&c_r;&c_y;&c_k;&c_a;&c_v;&c_y;&c_ja;</trd>
  <trd lng="de">Lamellenpilze</trd>
  <trd lng="en">Agrucis family</trd>
  <trd lng="fr">agaricac&eacute;es</trd>
  <trd lng="hu">csiperkef&eacute;l&eacute;k
<klr tip="ind">(csal&aacute;dja)</klr></trd>
  <trd lng="it">agaricacee</trd>
  <trd lng="nl">agaricaceae</trd>
  <trd lng="pt">agaric&aacute;ceas</trd>
  <trd lng="ru">&c_a;&c_g;&c_a;&c_r;&c_i;&c_k;&c_o;&c_v;&c_y;&c_je;</trd>
</drv>
</art>

<!--
$Log: agarik1.xml,v $
Revision 1.10  2019/03/16 19:10:16  revo
Wolfram Diestel: +ekz

Revision 1.9  2013/04/12 10:10:16  revo
Dmitri Gabinski: redakto: +trd be

Revision 1.8  2011/11/13 10:10:11  revo
Antonio Codazzi: +trd it

Revision 1.7  2009/09/29 16:30:51  revo
Paul Peeraerts: +nl

Revision 1.6  2003/04/07 16:37:10  revo
Jozefo Horvath: ind > klr trd hu

Revision 1.5  2003/02/03 17:31:27  revo
Ulrich Fellmann: + 1 trd de

Revision 1.4  2002/09/22 08:14:51  revo
Christopher Zervic: +en

Revision 1.3  2002/03/18 18:10:49  revo
-->
</vortaro>
