<?xml version="1.0"?>
<!DOCTYPE vortaro SYSTEM "../dtd/vokoxml.dtd">

<vortaro>
<art mrk="$Id: agat.xml,v 1.24 2019/01/28 20:10:26 revo Exp $">
<kap>
  <ofc>1</ofc>
  <rad>agat</rad>/o
</kap>

<drv mrk="agat.0o">
  <kap><tld/>o</kap>
  <snc mrk="agat.0o.MIN">
    <uzo tip="fak">MIN</uzo>
    <dif>
      <ref tip="super" cel="sxton.juvel0o.MIN">Juvel&scirc;tono</ref>,
      speco de <ref tip="super" cel="kvarc.0o">kvarco</ref>,
      kun diverskoloraj vejnoj, kiu brili&gcirc;as per polurado:
      <ekz>
        tria vico: ligurio, <tld/>o, kaj ametisto
        <fnt>
          <bib>MT</bib>
          <lok>Eliro 28:19</lok>
        </fnt>;
      </ekz>
      <ekz>
        kuraciloj estas: la viva ar&gcirc;ento, smeraldo kaj <tld/>o, nuksoj kaj fine pistitaj
        partoj de la korpo de l' rano kaj strigo
        <fnt>
          <bib>Far2</bib>
          <lok>&Ccirc;apitro I</lok>
        </fnt>;
      </ekz>
      <ekz>
        tiun &ccirc;i <tld/>on mi portas pro la honoro de unu viaspeca pastro, kiun mi sufokis
        per mia propra mano
        <fnt>
          <bib>Rabistoj</bib>
          <lok>Akto Dua</lok>
        </fnt>.
      </ekz>
    </dif>
    <refgrp tip="vid">
      <ref cel="oniks.0o">onikso</ref>
    </refgrp>
  </snc>
  <trd lng="be">&c_a;&c_g;&c_a;&c_t;</trd>
  <trd lng="bg">&c_a;&c_h;&c_a;&c_t;</trd>
  <trd lng="cs">ach&aacute;t</trd>
  <trd lng="de">Achat</trd>
  <trd lng="en">agate</trd>
  <trd lng="es">&aacute;gata</trd>
  <trd lng="fa">&a_ayn;&a_q;&f_y;&a_q;</trd>
  <trd lng="fr">agate</trd>
  <trd lng="hu">ach&aacute;t</trd>
  <trd lng="it">agata</trd>
  <trd lng="nl">agaat</trd>
  <trd lng="pl">agat</trd>
  <trd lng="pt">&aacute;gata</trd>
  <trd lng="ru">&c_a;&c_g;&c_a;&c_t;</trd>
  <trd lng="sk">ach&aacute;t</trd>
</drv>
</art>
<!--
$Log: agat.xml,v $
Revision 1.24  2019/01/28 20:10:26  revo
Wolfram Diestel: +ekz-oj

Revision 1.23  2015/07/04 08:37:29  revo
aldono de trd cs per skripto de M. von Laer

Revision 1.22  2011/11/13 10:10:13  revo
Antonio Codazzi: +trd it

Revision 1.21  2009/06/20 18:00:53  revo
Behnam Tabatabai: korr arabaj/persaj koderoj

Revision 1.20  2009/05/17 16:30:55  revo
Behnam Tabatabai: +trd fa

Revision 1.19  2007/12/04 17:30:14  revo
Wieland Pusch: +trd bg

Revision 1.18  2007/11/22 17:30:27  revo
Wieland Pusch: +trd bg

Revision 1.17  2007/10/30 17:30:29  revo
-->
</vortaro>
