<?xml version="1.0"?>
<!DOCTYPE vortaro SYSTEM "../dtd/vokoxml.dtd">

<vortaro>
<art mrk="$Id: agatid.xml,v 1.6 2019/01/29 06:10:13 revo Exp $">
<kap>
  <rad>agatid</rad>/o <fnt><bib>PIV2</bib></fnt> 
</kap>
<drv mrk="agatid.0o">
  <kap><tld/>o</kap>
  <snc mrk="agatid.0o.BOT">
    <uzo tip="fak">BOT</uzo>
    <dif>
      &Ccirc;iamverda granda arbo el <ref tip="lst" cel="konifer.0o" 
      lst="voko:koniferoj">koniferoj</ref>, kun lar&gcirc;aj ledecaj folioj,
      kreskanta en tropikaj landoj de Okcidenta Pacifiko;
      <ref tip="lst" cel="genr.0o.BIO" lst="voko:botanikaj_genroj">genro</ref>
      el familio <ref tip="malprt" cel="arauxk1.0oj.BOT">ara&ubreve;kariacoj</ref>
      (<trd lng="la">Agathis</trd>):
      <ekz>
        <tld/>o trovi&gcirc;as en la Insuloj de <nom>Santa Cruz</nom>, kune kun 
        <nom>Dacrydium elatum</nom> kaj
        pluraj sizigiaj specioj, kiuj &gcirc;enerale estas montaraj specioj aliloke
        <fnt>
          <bib>Viki</bib>
          <lok><url ref="https://eo.wikipedia.org/?curid=314416"
              >Vanuatuaj pluvarbaroj</url></lok>
        </fnt>.
      </ekz>
    </dif>
    <bld
      lok="&WCU;/thumb/1/18/Agathis_robusta_cone.jpg/375px-Agathis_robusta_cone.jpg"
      prm="CC BY 2.0"
      >strobilo de <tld/>o (Agathis robusta), Melbourne, A&ubreve;stralujo
        <fnt>
          <aut>Wendy Cutler from Vancouver, Canada, IMG_1298_20081119MelbourneRBG_Kauri_Cutler</aut>
          <lok><url ref="&WCW;/File:Agathis_robusta_cone.jpg"
              >https://commons.wikimedia.org/wiki/File:Agathis_robusta_cone.jpg</url></lok>
        </fnt>
    </bld>
  </snc>
  <trdgrp lng="cs">
    <trd>damara</trd>,
    <trd>jedle moluck&aacute;</trd>
  </trdgrp>
  <trd lng="de">Kauribaum</trd>
  <trd lng="fr">agathis</trd>
  <trd lng="id">damar</trd>
  <trd lng="sk">damara</trd>
</drv>
</art>

<!--
$Log: agatid.xml,v $
Revision 1.6  2019/01/29 06:10:13  revo
Wolfram Diestel: +ekz, +bld

Revision 1.5  2019/01/28 20:10:22  revo
Wolfram Diestel: +<?xml...

Revision 1.4  2015/07/04 08:37:29  revo
aldono de trd cs per skripto de M. von Laer

Revision 1.3  2015/06/28 12:03:35  revo
aldono de trd sk per skripto de M. von Laer

Revision 1.2  2014/11/09 15:10:18  revo
Eko Nur Syah Hidayat: +trd id

Revision 1.1  2013/10/27 10:10:10  revo
Wolfram Diestel: nova artikolo

-->
</vortaro>
