<?xml version="1.0"?>
<!DOCTYPE vortaro SYSTEM "../dtd/vokoxml.dtd">

<vortaro>
<art mrk="$Id: agav.xml,v 1.23 2019/01/28 17:10:18 revo Exp $">
<kap>
  <rad>agav</rad>/o
</kap>
<drv mrk="agav.0o">
  <kap><tld/>o</kap>
  <snc mrk="agav.0o.BOT">
    <uzo tip="fak">BOT</uzo>
    <dif>
      <ref tip="lst" cel="genr.0o.BIO"
      lst="voko:botanikaj_genroj">Genro</ref> de <ref tip="malprt"
      cel="liliac.0oj">liliacoj</ref>
      (<trd lng="la">Agave</trd>), simila al aloo:
      <ekz>
        por la antikvaj popoloj de la lando Meksiko, <tld/>o estis dio-planto, la nobla
        vegetalo el kiu oni eltiris &ccirc;ion por subteni la vivon
        <fnt>
          <bib>Monato</bib>
          <vrk><url ref="http://steloj.de/esperanto/monato2/007033.html"
              >Centra Ameriko: Nepre &gcirc;ia nomo estas Meksiko</url></vrk>
        </fnt>;
      </ekz>
      <ekz>
        <tld/>oj <klr>[&#8230;]</klr> estas ofte arbaj plantoj kun malalta trunko,
        disvasti&gcirc;intaj en tropikaj, subtropikaj, moderaj klimatoj, la lancoformaj,
        mallar&gcirc;aj folioj kreskas el la bazo <klr>[kaj]</klr> estas karnecaj, dentaj
        <fnt>
          <bib>Viki</bib>
          <lok><url ref="https://eo.wikipedia.org/?curid=129968"
              >Agavo</url></lok>
        </fnt>.
      </ekz>
    </dif>
    <bld
      lok="&WCU;/thumb/3/3b/Agave_July_2011-1.jpg/427px-Agave_July_2011-1.jpg"
      prm="CC BY-SA 3.0"
      >florantaj <tld/>oj, Porto Covo, Portugalujo
        <fnt>
          <aut>Alvesgaspar, propra verko</aut>
          <lok><url ref="&WCW;/File:Agave_July_2011-1.jpg"
              >https://commons.wikimedia.org/wiki/File:Agave_July_2011-1.jpg</url></lok>
        </fnt>
    </bld>
  </snc>
  <trd lng="be">&c_a;&c_g;&c_a;&c_v;&c_a;</trd>
  <trd lng="cs">ag&aacute;ve</trd>
  <trd lng="de">Agave</trd>
  <trd lng="en">agave</trd>
  <trd lng="es">agave</trd>
  <trd lng="fa">&a_A_madda;&f_g;&a_A;&a_w;</trd>
  <trd lng="fr">agave</trd>
  <trd lng="hu">ag&aacute;v&eacute;</trd>
  <trd lng="it">agave</trd>
  <trd lng="nl">agave</trd>
  <trd lng="pl">agawa</trd>
  <trd lng="pt">agave</trd>
  <trd lng="ru">&c_a;&c_g;&c_a;&c_v;&c_a;</trd>
  <trd lng="sk">ag&aacute;ve</trd>
  <trd lng="sv">agave</trd>
</drv>
</art>
<!--
$Log: agav.xml,v $
Revision 1.23  2019/01/28 17:10:18  revo
Wolfram Diestel: +ekz-oj, +bld

Revision 1.22  2015/07/04 08:37:29  revo
aldono de trd cs per skripto de M. von Laer

Revision 1.21  2015/06/28 12:03:35  revo
aldono de trd sk per skripto de M. von Laer

Revision 1.20  2013/08/27 10:10:27  revo
Wolfram Diestel: referenco al listo bot grupoj

Revision 1.19  2013/04/09 11:10:52  revo
Sebastian Cyprych: +trd pl

Revision 1.18  2011/11/13 10:10:14  revo
Antonio Codazzi: +trd it

Revision 1.17  2009/12/01 17:30:30  revo
Behnam Tabatabai: +trd fa

Revision 1.16  2005/08/25 16:33:16  revo
-->
</vortaro>
