<?xml version="1.0"?>
<!DOCTYPE vortaro SYSTEM "../dtd/vokoxml.dtd">

<vortaro>
<art mrk="$Id: agitator.xml,v 1.2 2013/04/19 10:10:12 revo Exp $">
<kap>
    <rad>agitator</rad>/o
</kap>
<drv mrk="agitator.0o">
  <kap><tld/>o</kap>
  <uzo tip="stl">EVI</uzo>
  <snc mrk="agitator.0o.POL">
    <uzo tip="fak">POL</uzo>
    <ref tip="dif" cel="agit.0isto.POL">agitisto</ref>
      <ekz>
        bol&scirc;evika hundo, dungita <tld/>o
        <fnt>
          <aut>J. Baghy</aut>,
          <vrk>Sur Sanga Tero</vrk>,
          <lok>1933</lok>
        </fnt>;
      </ekz>
      <ekz>
        in&gcirc;eniero Elias estis bona <tld/>o
        <fnt>
          <aut>P. Kuusberg, trad. A. Lekko</aut>,
          <vrk><url
          ref="http://miresperanto.narod.ru/biblioteko/somermeze.htm">
          Somermeze</url></vrk>,
          <lok>1981</lok>
        </fnt>.
      </ekz>
  </snc>
</drv>
</art>

<!--
$Log: agitator.xml,v $
Revision 1.2  2013/04/19 10:10:12  revo
Jeromo Vasxe: -rar + evi

Revision 1.1  2011/03/10 14:10:08  revo
Jeromo Vasxe: nova artikolo

-->
</vortaro>
