<?xml version="1.0"?>
<!DOCTYPE vortaro SYSTEM "../dtd/vokoxml.dtd">

<vortaro>
<art mrk="$Id: agl.xml,v 1.49 2018/12/24 12:10:14 revo Exp $">
<kap>
  <ofc>*</ofc>
  <rad>agl</rad>/o
</kap>

<drv mrk="agl.0o">
  <kap>
    <ofc>*</ofc>
    <tld/>o
  </kap>
  <snc mrk="agl.0o.ZOO">
    <uzo tip="fak">ZOO</uzo>
    <dif>
      Genro el familio
      <ref tip="super" cel="akcipi1.0oj">akcipitredoj</ref>
      (<trd lng="la">Aquila</trd>), kaj similaj rabobirdoj kun
      kurba beko:
      <ekz>
        <uzo tip="stl">FRAZ</uzo>
        <ind>pasero kaptita estas pli bona, ol <tld/>o kaptota</ind>
        <trd lng="fr">un &leftquot;tiens&rightquot; vaut deux
        &leftquot;tu l'auras&rightquot;</trd>
        <trd lng="pl">lepszy wr&oacute;bel w gar&sacute;ci ni&zdot;
        <ind>go&lstroke;&aogonek;b</ind> na dachu</trd>
        <fnt>
          <bib>F</bib>,
          <lok>&FE; 22</lok>
        </fnt>;
      </ekz>
      <ekz>la <tld/>o &ccirc;irka&ubreve;&scirc;vebis &gcirc;in, trankvila kaj digna
        <fnt>
          <aut>Bj&oslash;rnstjerne Bj&oslash;rnson trad. &Eacute;dith kaj
          August Weide</aut>
          <vrk>Synn&oslash;ve Solbakken</vrk>
          <lok>&ccirc;apitro 3a</lok>.
        </fnt>
      </ekz>
    </dif>
  </snc>
  <trd lng="be">&c_a;&c_r;&c_o;&c_l;</trd>
  <trd lng="br">erer</trd>
  <trd lng="bg">&c_o;&c_r;&c_je;&c_l;</trd>
  <trdgrp lng="ca">
    <trd>&agrave;guila</trd>,
    <trd>&agrave;liga</trd>
  </trdgrp>
  <trdgrp lng="de">
    <trd>Adler</trd>,
    <trd>Aar<klr> [poezie]</klr></trd>
  </trdgrp>
  <trd lng="en">eagle</trd>
  <trd lng="es">&aacute;guila</trd>
  <trd lng="fr">aigle</trd>
  <trd lng="hu">sas</trd>
  <trd lng="it">aquila</trd>
  <trdgrp lng="nl">
    <trd>arend</trd>,
    <trd>adelaar</trd>
  </trdgrp>
  <trd lng="pl">orze&lstroke;</trd>
  <trd lng="pt">&aacute;guia</trd>
  <trd lng="tr">kartal</trd>
  <trd lng="ro">vultur</trd>
  <trd lng="ru">&c_o;&c_r;&c_jo;&c_l;</trd>
  <trd lng="sk">orol</trd>
  <trd lng="sv">&ouml;rn</trd>
</drv>

<drv mrk="agl.A0o">
  <kap><tld lit="A"/>o
    <fnt>
      <aut>Galad&iacute;-Enr&iacute;quez, David; Wandel, Amri</aut>:
      <vrk>La kosmo kaj ni. Galaksioj, planedoj kaj vivo en la
      universo</vrk>.
      <lok>FEL, Antverpeno, 2005</lok>
    </fnt>
  </kap>
  <mlg>Aqu</mlg>
  <snc mrk="agl.A0o.AST">
    <uzo tip="fak">AST</uzo>
    <dif>
      Ekvatora <ref tip="lst" cel="stel.0figuro"
      lst="voko:stelfiguroj">stelfiguro</ref> (<trd
      lng="la">Aquila</trd>).
    </dif>
  </snc>
  <trd lng="bg">&c_O;&c_r;&c_je;&c_l;<klr tip="amb">
  (&c_s;&c_malmol;&c_z;&c_v;&c_je;&c_z;&c_d;&c_i;&c_je;)</klr></trd>
  <trd lng="ca">&Agrave;guila</trd>
  <trdgrp lng="cs">
    <trd>Orel</trd>,
    <trd>orel</trd>
  </trdgrp>
  <trd lng="de">Adler</trd>
  <trd lng="el">&Alfa;&epsilon;&tau;&omikron_ton;&sigma_fina;</trd>
  <trd lng="en">Eagle</trd>
  <trd lng="es">&Aacute;guila</trd>
  <trd lng="fr">Aigle<klr tip="ind"> (constellation)</klr></trd>
  <trd lng="he">&nun;&shin;&resh;</trd>
  <trd lng="hu">Sas</trd>
  <trd lng="it">Aquila</trd>
  <trd lng="nl">Arend</trd>
  <trd lng="pl">Orze&lstroke;</trd>
  <trd lng="pt">&Aacute;guia</trd>
  <trd lng="ro">Vultur</trd>
  <trd lng="sk">orol</trd>
  <trd lng="sv">&Ouml;rnen</trd>
  <trd lng="tr">Kartal</trd>
</drv>

<drv mrk="agl.0eca">
  <kap><tld/>eca</kap>
  <snc>
    <dif>
      Simila al <tld/>o:
      <ekz>
        <tld/>eca nazo, rigardo;
      </ekz>
      <ekz>lia nazo <klr>[estis]</klr> pli agleca <klr>[ol la &scirc;ia]</klr>
        <fnt>
          <aut>Henri Bernardin de Saint-Pierre, trad. Hector
          Hodler</aut>
          <vrk>Pa&ubreve;lo kaj Virginio</vrk>
        </fnt>;
      </ekz>
      <ekz>&Scirc;ia viza&gcirc;o estis klara, agleca, viza&gcirc;o kiun oni eble nomus
      nobla
        <fnt><aut>George Orwell, trad. Donald Broadribb</aut>
        <vrk>Mil Na&ubreve;cent Okdek Kvar</vrk>
        <lok>parto 1a, &ccirc;apitro 6a</lok></fnt>.
      </ekz>
    </dif>
  </snc>
  <trd lng="be">&c_a;&c_r;&c_l;&c_ib;&c_n;&c_y;</trd>
  <trd lng="br">-<ind>erer</ind></trd>
  <trdgrp lng="ca">
    <trd>aguilenc</trd>,
    <trd>aquil&iacute;</trd>
  </trdgrp>
  <trdgrp lng="cs">
    <trd>orl&iacute;</trd>,
    <trd>s vlastnostmi jako m&aacute; orel</trd>
  </trdgrp>
  <trd lng="de">Adler-</trd>
  <trd lng="en">aquiline</trd>
  <trd lng="es">aguile&ntilde;o</trd>
  <trdgrp lng="fr">
    <trd>aquilin <klr>(nez)</klr></trd>,
    <trd>d'<ind>aigle</ind></trd>
  </trdgrp>
  <trd lng="hu">sas-</trd>
  <trd lng="it">aquilino</trd>
  <trdgrp lng="nl">
    <trd>arends-</trd>,
    <trd>adelaars-</trd>
  </trdgrp>
  <trd lng="pl">orli</trd>
  <trdgrp lng="pt">
    <trd>aquilino</trd>,
    <trd>adunco</trd>
  </trdgrp>
  <trd lng="ru">&c_o;&c_r;&c_l;&c_i;&c_n;&c_y;&c_j;</trd>
  <trdgrp lng="sk">
    <trd>orl&iacute;</trd>,
    <trd>orlia <klr>(vlastnos&tcaron;)</klr></trd>
  </trdgrp>
</drv>

<drv mrk="agl.fisx0o">
  <kap>fi&scirc;<tld/>o</kap>
  <uzo tip="stl">KOMUNE</uzo>
  <snc mrk="agl.fisx0o.ZOO">
    <uzo tip="fak">ZOO</uzo>
    <dif>
      Granda rabobirdo kaptanta fi&scirc;ojn,
      genro el familio <ref tip="super"
      cel="pandio1.0oj"><tld/>edoj</ref>
      (<trd lng="la">Pandion</trd>):
      <ekz>
        fi&scirc;<tld/>o aktive ordigas kaj riparas la neston
        <fnt>
          <aut>H. Laine</aut>,
          <vrk>[blogo]</vrk>,
          <lok><url
          ref="http://www.ipernity.com/blog/harri/141911">2009-04-08</url></lok>
        </fnt>.
      </ekz>
    </dif>
  </snc>
  <ref tip="sin" cel="pandio.0o">pandiono</ref>
  <trd lng="bg">&c_o;&c_r;&c_je;&c_l; &c_r;&c_i;&c_b;&c_a;&c_r;</trd>
  <trd lng="br">erer-spluj</trd>
  <trdgrp lng="ca">
    <trd>&agrave;guila pescadora</trd>,
    <trd>&agrave;guila d'estany</trd>
  </trdgrp>
  <trd lng="cs">orel &rcaron;&iacute;&ccaron;n&iacute;</trd>
  <trd lng="de">Fischadler</trd>
  <trd lng="en">osprey</trd>
  <trd lng="es">&aacute;guila pescadora</trd>
  <trd lng="fr">balbuzard p&ecirc;cheur</trd>
  <trd lng="hu">hal&aacute;szsas</trd>
  <trd lng="it"><ind>falco</ind> pescatore</trd>
  <trd lng="la">Pandion haliaetus</trd>
  <trd lng="nl">visarend</trd>
  <trd lng="pl">rybo&lstroke;&oacute;w</trd>
  <trd lng="pt">&aacute;guia-pescadora</trd>
  <trd lng="ru">&c_s;&c_k;&c_o;&c_p;&c_a;</trd>
  <trd lng="sv">fiskgjuse</trd>
</drv>

<drv mrk="agl.mar0o">
  <kap>mar<tld/>o</kap>
  <snc>
    <uzo tip="fak">ZOO</uzo>
    <fnt>
       <aut>Wouter F. Pilger</aut>,
       <vrk>
         <url ref="http://www.xs4all.nl/~pilger/wfp/birdhvu8.htm">
           Birdonomoj en Esperanto por Hejma Vortaro</url>
       </vrk>
    </fnt>
    <dif>
      <ref tip="lst" lst="voko:zoologiaj_genroj" cel="genr.0o.BIO">Genro</ref>
      (<trd lng="la">Haliae&euml;tus</trd>) de mar- a&ubreve;
      lag-bordaj a&ubreve; riveraj rabobirdoj el la familio de <ref tip="malprt"
      cel="akcipi1.0oj">akcipitredoj</ref>,
      grandaj kun duone plumkovritaj tarsoj:
      <ekz>
        tie havis siajn nestojn la mar<tld/>o, la arbaraj kolomboj, la blue-nigraj
        korvoj kaj e&ccirc; la nigra cikonio
        <fnt>
          <bib>Fab4</bib>
          <lok>La vento rakontas pri Valdemaro Doe kaj pri liaj filinoj</lok>
        </fnt>.
      </ekz>
    </dif>
    <ref tip="sin" cel="haliaet.0o">haliaeto</ref>
    <trdgrp lng="ca">
      <trd>&agrave;guila marina</trd>,
      <trd>pigarg</trd>
    </trdgrp>
    <trd lng="de">Seeadler</trd>
    <trd lng="en">sea <ind>eagle</ind></trd>
    <trd lng="fr">pygargue</trd>
    <trd lng="hu">r&eacute;tisas</trd>
    <trd lng="it"><ind>aquila</ind> di mare</trd>
    <trd lng="nl">zee-arend</trd>
    <trdgrp lng="pl">
      <trd>orze&lstroke; bielik</trd>,
      <trd>bielik</trd>
    </trdgrp>
  </snc>
  <trd lng="cs">orel mo&rcaron;sk&yacute;</trd>
  <trd lng="sk">morsk&yacute; orol</trd>
</drv>

<drv mrk="agl.mar0o.blankkola">
  <kap>blankkola mar<tld/>o</kap>
  <snc>
    <uzo tip="fak">ZOO</uzo>
    <fnt>
       <aut>Wouter F. Pilger</aut>,
       <vrk>
         <url ref="http://www.xs4all.nl/~pilger/wfp/birdeou8.htm">
           Komunlingvaj nomoj de E&ubreve;ropaj birdoj</url>
       </vrk>
    </fnt>
    <dif>
      Specio de <ref tip="super" cel="agl.mar0o">maraglo</ref>
      (<trd lng="la">Haliae&euml;tus leucoryphus</trd> a&ubreve;
       <trd lng="la">Haliaeetus leucoryphus</trd>).
    </dif>
    <bld
      lok="&WCU;/thumb/f/f1/Haliaeetus_leucoryphus_-Corbett_National_Park%2C_Uttarakhand,_India-8.jpg/640px-Haliaeetus_leucoryphus_-Corbett_National_Park%2C_Uttarakhand%2C_India-8.jpg"
      prm="CC BY 2.0"
      >Blankkola mar<tld/>o en Nacia Parko Corbett, Uttarakhand, Barato
        <fnt>
          <aut>Koshy Koshy el Faridabad, Haryana, Barato</aut>
          <lok><url ref="&WCW;/File:Haliaeetus_leucoryphus_-Corbett_National_Park,_Uttarakhand,_India-8.jpg"
              >https://commons.wikimedia.org/wiki/File:Haliaeetus_leucoryphus_-Corbett_National_Park,_Uttarakhand,_India-8.jpg</url></lok>
        </fnt>
    </bld>
    <trd lng="ca">pigarg americ&agrave;</trd>
    <trd lng="en">Pallas's fish <ind>eagle</ind></trd>
    <trd lng="it"><ind>aquila</ind> di mare testabianca</trd>
    <trd lng="pl"><klr>orze&lstroke; </klr>bielik wschodni</trd>
  </snc>
</drv>

<drv mrk="agl.mar0o.blankvosta">
  <kap>blankvosta mar<tld/>o</kap>
  <snc>
    <uzo tip="fak">ZOO</uzo>
    <fnt>
       <aut>Wouter F. Pilger</aut>,
       <vrk>
         <url ref="http://www.xs4all.nl/~pilger/wfp/birdeou8.htm">
           Komunlingvaj nomoj de E&ubreve;ropaj birdoj</url>
       </vrk>
    </fnt>
    <dif>
      Specio de <ref tip="super" cel="agl.mar0o">maraglo</ref>
      (<trd lng="la">Haliae&euml;tus albicilla</trd> a&ubreve;
       <trd lng="la">Haliaeetus albicilla</trd>):
      <ekz>
        mortis jam pro man&gcirc;o de venenitaj fi&scirc;oj du birdoj de rigore protektata specio:
        blankvosta mar<tld/>o, el kiuj oni kalkulas nur entute 10 parojn en tiu
        regiono, kaj multaj mutaj cignoj kaj kormoranoj
        <fnt>
          <bib>Monato</bib>
          <vrk><url ref="http://steloj.de/esperanto/monato2/006912.html"
              >Poluado: Cinike cianide &dash; &ccirc;u respondecas Okcidento?</url></vrk>
        </fnt>.
      </ekz>
    </dif>
    <bld
      lok="&WCU;/thumb/a/a5/Haliaeetus_albicilla_(Svolv%C3%A6r%2C_2012).jpg/640px-Haliaeetus_albicilla_(Svolv%C3%A6r%2C_2012).jpg"
      prm="CC BY-SA 3.0"
      >Blankvosta mar<tld/>o, en Svolvaer, Norvegujo
        <fnt>
          <aut>Yathin S Krishnappa, propra verko</aut>
          <lok><url ref="&WCW;/File:Haliaeetus_albicilla_(Svolv%C3%A6r,_2012).jpg"
              >https://commons.wikimedia.org/wiki/File:Haliaeetus_albicilla_(Svolv&aelig;r,_2012).jpg</url></lok>
        </fnt>
    </bld>
    <trd lng="ca">&agrave;guila marina de Pallas</trd>
    <trd lng="en">white-tailed <ind>eagle</ind></trd>
    <trd lng="it"><ind>aquila</ind> di mare a coda bianca</trd>
    <trdgrp lng="pl">
      <trd>orze&lstroke; bielik</trd>,
      <trd>bielik</trd>
    </trdgrp>
    <trd lng="sv">havs<ind>&ouml;rn</ind></trd>
  </snc>
</drv>

<drv mrk="agl.0o.regxa">
  <kap>re&gcirc;a <tld/>o</kap>
  <snc>
    <uzo tip="fak">ZOO</uzo>
    <fnt>
       <aut>Wouter F. Pilger</aut>,
       <vrk>
         <url ref="http://www.xs4all.nl/~pilger/wfp/birdeou8.htm">
           Komunlingvaj nomoj de E&ubreve;ropaj birdoj</url>
       </vrk>
    </fnt>
    <dif>
      Specio de <ref tip="super" cel="agl.0o">aglo</ref>
      (<trd lng="la">Aquila chrysa&euml;tos</trd> a&ubreve;
       <trd lng="la">Aquila chrysaetos</trd>).
    </dif>
    <ref tip="sin" cel="agl.0o.ora">ora aglo</ref>
    <trdgrp lng="ca">
      <trd>&agrave;guila daurada</trd>,
      <trd>&agrave;guila reial</trd>
    </trdgrp>
    <trd lng="en">golden <ind>eagle</ind></trd>
    <trd lng="it"><ind>aquila</ind> reale</trd>
    <trd lng="es">&aacute;guila real</trd>
    <trd lng="pl">orze&lstroke; przedni</trd>
    <trd lng="sv">kungs<ind>&ouml;rn</ind></trd>
  </snc>
</drv>

<drv mrk="agl.0o.ora">
  <kap>ora <tld/>o</kap>
  <snc>
    <uzo tip="fak">ZOO</uzo>
    <fnt>
       <aut>Wouter F. Pilger</aut>,
       <vrk>
         <url ref="http://www.xs4all.nl/~pilger/wfp/birdeou8.htm">
           Komunlingvaj nomoj de E&ubreve;ropaj birdoj</url>
       </vrk>
    </fnt>
    <ref tip="dif" cel="agl.0o.regxa">re&gcirc;a aglo</ref>
    <trd lng="en">golden <ind>eagle</ind></trd>
    <trd lng="it"><ind>aquila</ind> reale</trd>
    <trdgrp lng="la">
      <trd>Aquila chrysa&euml;tos</trd>,
      <trd>Aquila chrysaetos</trd>
    </trdgrp>
    <trd lng="pl">orze&lstroke; przedni</trd>
    <trd lng="sv">kungs<ind>&ouml;rn</ind></trd>
  </snc>
</drv>

<drv mrk="agl.ipmeria0o">
  <kap>imperia <tld/>o</kap>
  <snc>
    <uzo tip="fak">ZOO</uzo>
    <fnt>
       <aut>Wouter F. Pilger</aut>,
       <vrk>
         <url ref="http://www.xs4all.nl/~pilger/wfp/birdeou8.htm">
           Komunlingvaj nomoj de E&ubreve;ropaj birdoj</url>
       </vrk>
    </fnt>
    <dif>
      Specio de <ref tip="super" cel="agl.0o">aglo</ref> (<trd
      lng="la">Aquila heliaca</trd>).
    </dif>
    <trd lng="ca">&agrave;guila imperial</trd>
    <trd lng="en">imperial <ind>eagle</ind></trd>
    <trd lng="it"><ind>aquila</ind> imperiale</trd>
     <trd lng="es">&aacute;guila imperial</trd>
     <trd lng="pl">orze&lstroke; cesarski</trd>
    <trd lng="sv">kejsar<ind>&ouml;rn</ind></trd>
  </snc>
</drv>

<drv mrk="agl.rab0o">
  <kap>rab<tld/>o</kap>
  <snc>
    <uzo tip="fak">ZOO</uzo>
    <fnt>
       <aut>Wouter F. Pilger</aut>,
       <vrk>
         <url ref="http://www.xs4all.nl/~pilger/wfp/birdeou8.htm">
           Komunlingvaj nomoj de E&ubreve;ropaj birdoj</url>
       </vrk>
    </fnt>
    <dif>
      Specio de <ref tip="super" cel="agl.0o">aglo</ref> (<trd
      lng="la">Aquila rapax</trd>).
    </dif>
    <trd lng="ca">&agrave;guila rapa&ccedil;</trd>
    <trd lng="it"><ind>aquila</ind> rapace</trd>
    <trd lng="sv">st&auml;pp<ind>&ouml;rn</ind></trd>
  </snc>
  <trd lng="cs">orel stepn&iacute;</trd>
  <trd lng="sk">orol stepn&yacute;</trd>
</drv>

<drv mrk="agl.step0o">
  <kap>step<tld/>o</kap>
  <snc>
    <uzo tip="fak">ZOO</uzo>
    <fnt>
       <aut>Wouter F. Pilger</aut>,
       <vrk>
         <url ref="http://www.xs4all.nl/~pilger/wfp/birdeou8.htm">
           Komunlingvaj nomoj de E&ubreve;ropaj birdoj</url>
       </vrk>
    </fnt>
    <dif>
      Specio de <ref tip="super" cel="agl.0o">aglo</ref> (<trd
      lng="la">Aquila nipalensis</trd>).
    </dif>
    <trd lng="ca">&agrave;guila d'estepa</trd>
    <trd lng="en">steppe <ind>eagle</ind></trd>
    <trd lng="it"><ind>aquila</ind> delle steppe</trd>
    <trd lng="pl">orze&lstroke; stepowy</trd>
    <trd lng="sv">st&auml;pp<ind>&ouml;rn</ind></trd>
  </snc>
  <trd lng="cs">orel stepn&iacute;</trd>
  <trd lng="sk">orol stepn&yacute;</trd>
</drv>

<drv mrk="agl.kri0o.granda">
  <kap>granda kri<tld/>o</kap>
  <snc>
    <uzo tip="fak">ZOO</uzo>
    <fnt>
       <aut>Wouter F. Pilger</aut>,
       <vrk>
         <url ref="http://www.xs4all.nl/~pilger/wfp/birdeou8.htm">
           Komunlingvaj nomoj de E&ubreve;ropaj birdoj</url>
       </vrk>
    </fnt>
    <dif>
      Specio de <ref tip="super" cel="agl.0o">aglo</ref> (<trd
      lng="la">Aquila clanga</trd>).
    </dif>
    <trd lng="ca">&agrave;guila cridanera</trd>
    <trd lng="en">spotted <ind>eagle</ind></trd>
    <trdgrp lng="it">
      <trd><ind>aquila</ind> macchiata</trd>
      <trd><ind>aquila</ind> anatraia maggiore</trd>
    </trdgrp>
    <trd lng="pl">orlik grubodzioby</trd>
    <trd lng="sv">st&ouml;rre skrik<ind>&ouml;rn</ind></trd>
  </snc>
</drv>

<drv mrk="agl.kri0o.malgranda">
  <kap>malgranda kri<tld/>o</kap>
  <snc>
    <uzo tip="fak">ZOO</uzo>
    <fnt>
       <aut>Wouter F. Pilger</aut>,
       <vrk>
         <url ref="http://www.xs4all.nl/~pilger/wfp/birdeou8.htm">
           Komunlingvaj nomoj de E&ubreve;ropaj birdoj</url>
       </vrk>
    </fnt>
    <dif>
      Specio de <ref tip="super" cel="agl.0o">aglo</ref> (<trd
      lng="la">Aquila pomarina</trd>).
    </dif>
    <ref tip="sin" cel="agl.kri0o.eta">eta kriaglo</ref>
    <trd lng="ca">&agrave;guila pomer&agrave;nia</trd>
    <trd lng="en">lesser spotted <ind>eagle</ind></trd>
    <trd lng="it"><ind>aquila</ind> anatraia minore</trd>
    <trd lng="pl">orlik krzykliwy</trd>
    <trd lng="sv">mindre skrik<ind>&ouml;rn</ind></trd>
  </snc>
</drv>

<drv mrk="agl.kri0o.eta">
  <kap>eta kri<tld/>o</kap>
  <snc>
    <uzo tip="fak">ZOO</uzo>
    <fnt>
      <bib>PIV3</bib>
    </fnt>
    <ref tip="dif" cel="agl.kri0o.malgranda">malgranda kriaglo</ref>
    <trd lng="en">lesser spotted <ind>eagle</ind></trd>
    <trd lng="it"><ind>aquila</ind> anatraia minore</trd>
    <trd lng="la">Aquila pomarina</trd>
    <trd lng="pl">orlik krzykliwy</trd>
    <trd lng="sv">mindre skrik<ind>&ouml;rn</ind></trd>
  </snc>
</drv>

<drv mrk="agl.niz0o">
  <kap>niz<tld/>o</kap>
  <snc>
    <uzo tip="fak">ZOO</uzo>
    <fnt>
       <aut>Wouter F. Pilger</aut>,
       <vrk>
         <url ref="http://www.xs4all.nl/~pilger/wfp/birdeou8.htm">
           Komunlingvaj nomoj de E&ubreve;ropaj birdoj</url>
       </vrk>
    </fnt>
    <dif>
      Specio de <ref tip="super" cel="agl.0o">aglo</ref>
      (<trd lng="la">Hieraa&euml;tus fasciatus</trd> a&ubreve;
       <trd lng="la">Hieraaetus fasciatus</trd>).
    </dif>
    <trd lng="ca">&agrave;guila cuabarrada</trd>
    <trd lng="en">Bonelli&#8217;s eagle</trd>
    <trd lng="it"><ind>aquila</ind> del Bonelli</trd>
    <trd lng="la">Hieraaetus fasciatus</trd>
  </snc>
  <trd lng="cs">orel jest&rcaron;&aacute;b&iacute;</trd>
  <trd lng="sk">orol jastrabovit&yacute;</trd>
</drv>

<drv mrk="agl.bot0o">
  <kap>bot<tld/>o</kap>
  <snc>
    <uzo tip="fak">ZOO</uzo>
    <fnt>
       <aut>Wouter F. Pilger</aut>,
       <vrk>
         <url ref="http://www.xs4all.nl/~pilger/wfp/birdeou8.htm">
           Komunlingvaj nomoj de E&ubreve;ropaj birdoj</url>
       </vrk>
    </fnt>
    <dif>
      Specio de <ref tip="super" cel="agl.0o">aglo</ref>
      (<trd lng="la">Hieraa&euml;tus pennatus</trd> a&ubreve;
       <trd lng="la">Hieraaetus pennatus</trd>).
    </dif>
    <trd lng="ca">&agrave;guila cal&ccedil;ada</trd>
    <trd lng="en">booted eagle</trd>
    <trd lng="it"><ind>aquila</ind> pennata</trd>
    <trdgrp lng="la">
      <trd>Hieraaetus pennatus</trd>,
      <trd>Aquila pennata</trd>
    </trdgrp>
    <trd lng="pl">orze&lstroke;ek</trd>
    <trd lng="sv">dv&auml;rg<ind>&ouml;rn</ind></trd>
  </snc>
  <trd lng="cs">orel nejmen&scaron;&iacute;</trd>
  <trd lng="sk">orol mal&yacute;</trd>
</drv>

<drv mrk="agl.serpent0o">
  <kap>serpent<tld/>o</kap>
  <snc>
    <uzo tip="fak">ZOO</uzo>
    <fnt>
       <aut>Wouter F. Pilger</aut>,
       <vrk>
         <url ref="http://www.xs4all.nl/~pilger/wfp/birdeou8.htm">
           Komunlingvaj nomoj de E&ubreve;ropaj birdoj</url>
       </vrk>
    </fnt>
    <dif>
      Specio de <ref tip="super" cel="agl.0o">aglo</ref>
      (<trd lng="la">Circa&euml;tus gallicus</trd> a&ubreve;
        <trd lng="la">Circaetus gallicus</trd>).
    </dif>
    <ref tip="sin" cel="cirkaet.0o">cirkaeto</ref>
    <trd lng="ca">&agrave;guila marcenca</trd>
    <trd lng="en">short-toed <ind>eagle</ind></trd>
    <trdgrp lng="fr">
      <trd>circa&egrave;te</trd>,
      <trd>aigle des serpents</trd>
    </trdgrp>
    <trd lng="it">biancone<klr> (zoo)</klr></trd>
    <trd lng="la">Circaetus gallicus</trd>
    <trd lng="pl">gado&zdot;er</trd>
    <trd lng="sv">orm<ind>&ouml;rn</ind></trd>
  </snc>
  <trdgrp lng="cs">
    <trd>orel kr&aacute;tkoprst&yacute;</trd>,
    <trd>orl&iacute;k kr&aacute;tkoprst&yacute;</trd>
  </trdgrp>
  <trd lng="sk">hadiar kr&aacute;tkoprst&yacute;</trd>
</drv>

</art>
<!--
$Log: agl.xml,v $
Revision 1.49  2018/12/24 12:10:14  revo
Wolfram Diestel: kor. de en-difinaj tradukoj, maragloj: + 2 ekz, +2 bld

Revision 1.48  2017/11/26 16:10:16  revo
Vito Redsky: +trd ro

Revision 1.47  2017/06/07 15:10:15  revo
Ludoviko Francisco: +trd fr

Revision 1.46  2017/05/30 14:10:16  revo
Ludoviko Francisco: +ekz

Revision 1.45  2017/04/19 20:10:27  revo
Ludoviko Francisco: +ind klr trd fr

Revision 1.44  2017/04/10 10:10:15  revo
Ludoviko Francisco: +ref lst stelfiguroj

Revision 1.43  2015/07/04 08:37:29  revo
aldono de trd cs per skripto de M. von Laer

Revision 1.42  2015/06/28 12:03:35  revo
-->
</vortaro>
