<?xml version="1.0"?>
<!DOCTYPE vortaro SYSTEM "../dtd/vokoxml.dtd">

<vortaro>
<art mrk="$Id: aglutinin.xml,v 1.3 2015/07/04 08:37:29 revo Exp $">
<kap>
  <rad>aglutinin</rad>/o <fnt><bib>NePiv</bib></fnt>
</kap>
<drv mrk="aglutinin.0o">
  <kap><tld/>o</kap>
  <snc mrk="aglutinin.0o.FIZL">
    <uzo tip="fak">FIZL</uzo>
    <dif>
      <ref tip="super" cel="antikorp.0o.FIZL">Antikorpo</ref>
      kiu aperas responde al entrudo de fremda
      <ref tip="vid" cel="aglutinogen.0o.FIZL">aglutinogeno</ref>
      kaj ka&ubreve;zas kunglui&gcirc;on
      (<ref tip="vid" cel="agluti.0i.KEM">aglutinon</ref>)
      de la fremdaj ru&gcirc;aj sango&ccirc;eloj:
      <ekz>
        <tld/>oj <klr>...</klr> aglutinas, t.e. kungluas 
        fremdspecajn eritrocitojn
        <fnt>
          <aut>J. Hradil</aut>,
          <vrk>La &ccirc;elo kaj  la histoj</vrk>,
          <lok><url
          ref="http://www.freeweb.hu/eventoj/steb/medicino/med-mallonge.htm">
          Mallongaj artikoloj</url>, [vidita en 2008]</lok>
        </fnt>.
      </ekz>
    </dif>
  </snc>
  <trd lng="cs">aglutinin</trd>
  <trd lng="en">agglutinin</trd>
  <trd lng="fr">agglutinine</trd>
  <trd lng="sk">aglutinín</trd>
</drv>
</art>

<!--
$Log: aglutinin.xml,v $
Revision 1.3  2015/07/04 08:37:29  revo
aldono de trd cs per skripto de M. von Laer

Revision 1.2  2015/06/28 12:03:35  revo
aldono de trd sk per skripto de M. von Laer

Revision 1.1  2014/01/01 21:10:24  revo
Jeromo Vasxe: nova artikolo

-->
</vortaro>