<?xml version="1.0"?>
<!DOCTYPE vortaro SYSTEM "../dtd/vokoxml.dtd">

<vortaro>
<art mrk="$Id: aglutinogen.xml,v 1.1 2014/01/01 21:10:25 revo Exp $">
<kap>
  <rad>aglutinogen</rad>/o <fnt><bib>NePiv</bib></fnt>
</kap>
<drv mrk="aglutinogen.0o">
  <kap><tld/>o</kap>
  <snc mrk="aglutinogen.0o.FIZL">
    <uzo tip="fak">FIZL</uzo>
    <dif>
      Iu el la <ref tip="super" cel="antigen.0o.FIZL">antigenoj</ref>
      troveblaj interalie sur ru&gcirc;aj sango&ccirc;eloj, al kiuj respondas
      specifaj antikorpoj, nome
      <ref tip="vid" cel="aglutinin.0o.FIZL">aglutininoj</ref>:
      <ekz>
        la laboratorio esploris la <tld/>ojn <klr>...</klr> 
        kaj konkludis<klr>...</klr>, ke tiu sangospecimeno 
        apartenas al la grupo B
        <fnt><aut>C. Piron</aut>, <vrk>&Ccirc;u ni kunvenis 
        vane?</vrk>, <lok>1982</lok></fnt>.
      </ekz>
    </dif>
  </snc>
  <trd lng="en">agglutinogen</trd>
  <trd lng="fr">agglutinog&egrave;ne</trd>
</drv>
</art>

<!--
$Log: aglutinogen.xml,v $
Revision 1.1  2014/01/01 21:10:25  revo
Jeromo Vasxe: nova artikolo

-->
</vortaro>