<?xml version="1.0"?>
<!DOCTYPE vortaro SYSTEM "../dtd/vokoxml.dtd">

<vortaro>
<art mrk="$Id: agni.xml,v 1.6 2015/07/04 08:37:29 revo Exp $">
<kap>
  <rad>Agni</rad>/o <fnt><bib>PIV1</bib></fnt>
</kap>
<drv mrk="agni.0o">
  <kap><tld/>o</kap>
  <snc mrk="agni.0o.HIN">
    <uzo tip="fak">HIN</uzo>
    <dif>
      Fajrodio ofte menciata en la vedoj:
      <ekz>
        pli efikeme estas servi momente al arhato, ol oferi kaj pre&gcirc;i 
        jarlonge al <tld/>o
        <fnt><aut>trad. Seiho Nishi</aut>, <vrk><url          
        ref="http://www001.upp.so-net.ne.jp/jble/sutro/darmapado/teksto.html">Darmapado
        
        8:108</url></vrk>,
        <lok>Japana Budhano, 1974-75, numeroj 162-169</lok></fnt>;
      </ekz>
      <ekz>
        adorsternon al &Scirc;i kiu ricevadas la oferojn de <tld/>o, Indro, 
        Bramo, Vajo, ja de &ccirc;iuj dioj
        <fnt>
          <aut>tradukis &Gcirc;. &Ubreve;. Starling</aut>,
          <vrk><url
          ref="http://esperanto.us/Budhanaj/21NoblaTara.html">La
          Dudek Unu La&ubreve;doj pri Tara</url></vrk>,
          <lok>2002</lok>
        </fnt>.
      </ekz>
    </dif>
  </snc>
  <trd lng="cs">Agni</trd>
  <trd lng="de">Agni</trd>
  <trd lng="fr">Agni</trd>
  <trd lng="hu">Agni</trd>
  <trd lng="it">Agni</trd>
  <trd lng="nl">Agni</trd>
  <trd lng="sk">Agni</trd>
</drv>
</art>

<!--
$Log: agni.xml,v $
Revision 1.6  2015/07/04 08:37:29  revo
aldono de trd cs per skripto de M. von Laer

Revision 1.5  2015/06/28 12:03:35  revo
aldono de trd sk per skripto de M. von Laer

Revision 1.4  2009/08/19 18:42:17  revo
Paul Peeraerts: +trd nl

Revision 1.3  2008/09/26 16:30:54  revo
Jozefo Horvath: +trd hu

Revision 1.2  2007/01/30 17:30:39  revo
Wieland Pusch: +trd de

Revision 1.1  2007/01/07 17:30:52  revo
Jeromo Vasxe: nova artikolo

-->
</vortaro>
