<?xml version="1.0"?>
<!DOCTYPE vortaro SYSTEM "../dtd/vokoxml.dtd">

<vortaro>
<art mrk="$Id: agnost.xml,v 1.21 2018/06/12 02:10:14 revo Exp $">
<kap>
  <rad>agnostik</rad>/a
</kap>
<drv mrk="agnost.0a">
  <kap><tld/>a</kap>
  <snc mrk="agnost.0a.FIL">
    <dif>
      Sendecida pri metafizikaj demandoj, ju&gcirc;ante ke
      la fundamentaj veroj ne estas koneblaj:
      <ekz>
        mia familio estas <tld/>a, krom ke ili kredas
        je la Dio de akcioj, bu&gcirc;etoj, kaj dividendoj
        <fnt><aut>T. Steele</aut>, <vrk>Flugi kun kakatuoj</vrk>, 
        <lok>2010</lok></fnt>.
      </ekz>
    </dif>
    <refgrp tip="vid">
      <ref cel="skepti.0a">skeptika</ref>
    </refgrp>
  </snc>
  <trdgrp lng="cs">
    <trd>agnostick&yacute;</trd>,
    <trd>nepoznateln&yacute;</trd>
  </trdgrp>
  <trd lng="es">agn&oacute;stico<klr> (adj.)</klr></trd>
  <trd lng="fr">agnostique<klr> (adj.)</klr></trd>
  <trd lng="sk">nepoznate&lcaron;n&yacute;</trd>
</drv>

<drv mrk="agnost.0ismo">
  <kap><tld/>ismo<fnt><bib>PV</bib></fnt></kap>
  <snc mrk="agnost.0ismo.FIL">
    <uzo tip="fak">FIL</uzo>
    <uzo tip="fak">REL</uzo>
    <dif>
      Doktrino la&ubreve; kiu la fundo de &ccirc;io kaj precipe Dio
      estas
      nekonebla:
      <ekz>
        la <tld/>ismo estas teorie altira, sed en la praktiko &gcirc;i
        apena&ubreve; distingi&gcirc;as de la intelekta pigreco
        <fnt>
          <aut>T. del Barrio</aut>,
          <vrk><url
          ref="http://www.airbits.com/~miner/TAGLIBRO_package/Septembro_2007.html">
          [komento]</url></vrk>,
          <lok>2007-09-25</lok>
        </fnt>.
      </ekz>
    </dif>
    <refgrp tip="vid">
      <ref cel="skepti.0a">skeptika</ref>.
    </refgrp>
  </snc>
  <trd
  lng="be">&c_a;&c_g;&c_n;&c_a;&c_s;&c_t;&c_y;&c_c;&c_y;&c_z;&c_m;</trd>
  <trd lng="de">Agnostizismus</trd>
  <trd lng="en">agnosticism</trd>
  <trd lng="es">agnosticismo</trd>
  <trdgrp lng="fa">
    <trd>&a_n;&a_d;&a_A;&a_n;&a_m;&zwnj;&f_g;&a_w;&f_y;&f_y;</trd>,
    <trd>&a_l;&a_A;&a_A;&a_d;&a_r;&f_y;&a_h;</trd>
  </trdgrp>
  <trd lng="fr">agnosticisme</trd>
  <trd lng="hu">agnoszticizmus</trd>
  <trd lng="it">agnosticismo</trd>
  <trd lng="nl">agnosticisme</trd>
  <trd lng="pt">agnosticismo</trd>
  <trd
  lng="ru">&c_a;&c_g;&c_n;&c_o;&c_s;&c_t;&c_i;&c_c;&c_i;&c_z;&c_m;</trd>
  <trd lng="sk">agnosticizmus</trd>
  <trd lng="tr">bilinemezcilik</trd>
</drv>

<drv mrk="agnost.0ulo">
  <kap><tld/>ulo</kap>
  <snc mrk="agnost.0ulo.FIL">
    <dif>
      Homo ne akceptanta filozofian a&ubreve; religian kredon:
      <ekz>
        ateisto, kiu certas, ke Dio ne ekzistas, estas por mi alia 
        speco de kredanto kaj pro tio, mi preferas konsideri min
        kiel <tld/>ulo<klr>n</klr>
        <fnt>
          <aut>J. Marin</aut>,
          <vrk>&Ccirc;u ateisto a&ubreve; agnostikulo?</vrk>,
          <lok><url ref="http://www.gazetoteko.com/ateo/ateo11.pdf">
          Ateismo, 2010-12 (11)</url></lok>
        </fnt>.
      </ekz>
    </dif>
  </snc>
  <trd lng="cs">agnostik</trd>
  <trd lng="es">agn&oacute;stico<klr> (subst.)</klr></trd>
  <trd lng="fr">agnostique<klr> (subst.)</klr></trd>
  <trd lng="sk">agnostik</trd>
</drv>
</art>
<!--
$Log: agnost.xml,v $
Revision 1.21  2018/06/12 02:10:14  revo
Dusan Juretic: +trd es

Revision 1.20  2015/07/04 08:37:29  revo
aldono de trd cs per skripto de M. von Laer

Revision 1.19  2015/06/28 12:03:35  revo
aldono de trd sk per skripto de M. von Laer

Revision 1.18  2011/05/20 09:10:08  revo
Jeromo Vasxe: + ~a + ~ulo

Revision 1.17  2010/04/30 12:25:20  revo
Antonio Codazzi: +trd it

Revision 1.16  2009/08/25 16:32:40  revo
Emmanuel Debanne: +trd tr

Revision 1.15  2009/06/29 18:05:48  revo
Behnam Tabatabai: +trd fa

Revision 1.14  2003/10/30 17:31:36  revo
-->
</vortaro>
