<?xml version="1.0"?>
<!DOCTYPE vortaro SYSTEM "../dtd/vokoxml.dtd">

<vortaro>
<art mrk="$Id: agord.xml,v 1.37 2018/06/15 15:10:16 revo Exp $">
<kap>
  <ofc>*</ofc>
  <rad>agord</rad>/i <fnt><bib>PV</bib></fnt>
</kap>

<drv mrk="agord.0i">
  <kap><ofc>*</ofc><tld/>i</kap>
  <gra><vspec>tr</vspec></gra>
  <snc mrk="agord.0i.MUZ">
    <uzo tip="fak">MUZ</uzo>
    <dif>
      Fiksi &gcirc;ustan harmonian rilaton inter la diversaj
      sonoj produktataj de unu a&ubreve; pluraj muzikiloj:
      <ekz>
        la violonisto <tld/>is sian instrumenton;
      </ekz><ekz>
        violonoj kaj violon&ccirc;eloj <tld/>i&gcirc;is.
      </ekz>
    </dif>
    <trdgrp lng="br">
      <trd>tonia&ntilde;<klr tip="ind"> (sonerezh)</klr></trd>,
      <trd>keida&ntilde;<klr tip="ind"> (sonerezh)</klr></trd>,
      <trd>kendonia&ntilde;</trd>
    </trdgrp>
    <trd lng="en">tune</trd>
    <trd lng="es">afinar</trd>
    <trd lng="nl">stemmen</trd>
    <trd lng="fr">accorder<klr tip="ind">
        (r&eacute;gler un instrument de musique)</klr></trd>
    <trdgrp lng="it">
      <trd>accordare<klr> (mus.)</klr></trd>,
      <trd>intonare<klr> (mus.)</klr></trd>
    </trdgrp>
    <trd lng="pt">afinar</trd>
    <trd lng="sk">ladi&tcaron;</trd>
  </snc>
  <snc mrk="agord.0i.FIG">
    <uzo tip="stl">FIG</uzo>
    <dif>
      Inklinigi iun al ia agmaniero, emigi iun al io, ta&ubreve;ge
      humorigi
      iun por:
      <ekz>
        li estas &ccirc;iam kritikeme, melankolie <tld/>ita;
      </ekz><ekz>
        lia animo <tld/>i&gcirc;is pie<fnt>Z</fnt>;
      </ekz><ekz>
        tiuj mensogoj <tld/>is vin maljuste kontra&ubreve; mi.
      </ekz>
    </dif>
    <trdgrp lng="es">
      <trd>cambiar el humor o car&aacute;cter de alguien<klr tip="ind">
          (en c&oacute;lera, de buen humor, melanc&oacute;lico,
          ...)</klr></trd>
    </trdgrp>
    <trdgrp lng="fr">
      <trd>mettre<klr tip="ind">
          (en col&egrave;re, de bonne humeur,...)</klr></trd>,
      <trd>rendre<klr tip="ind"> (heureux, m&eacute;lancolique,
      ...)</klr></trd>
    </trdgrp>
    <trdgrp lng="it">
     <trd>mettere<klr> (predisporre a)</klr></trd>,
     <trd>rendere<klr> (predisporre a)</klr></trd>,
     <trd>predisporre</trd>,
     <trd>intonare<klr> (fig.)</klr></trd>
    </trdgrp>
    <trd lng="nl">in <ind>stemming</ind> brengen</trd>
  </snc>
  <snc mrk="agord.0i.TEK">
    <uzo tip="fak">TEK</uzo>
    <dif>
      Al&gcirc;ustigi aparaton a&ubreve; komputilan programon por atingi
      deziratan
      funkcimanieron:
      <ekz>
        <tld/>i motoron por pleja rendimento;
      </ekz><ekz>
        <tld/>i cirkvitojn resonance.
      </ekz>
    </dif>
    <trdgrp lng="br">
      <trd>reizha&ntilde;<klr tip="ind"> (benvego&ugrave;,
      gwikefreo&ugrave;)
        </klr></trd>,
      <trd>keflunia&ntilde;</trd>
    </trdgrp>
    <trdgrp lng="en">
      <trd>customize</trd>,
      <trd>configure</trd>
    </trdgrp>
    <trdgrp lng="es">
      <trd>personalizar</trd>,
      <trd>configurar</trd>
    </trdgrp>
    <trdgrp lng="fr">
      <trd>accorder<klr tip="ind">(un circuit)</klr></trd>,
      <trd>r&eacute;gler<klr tip="ind">(un m&eacute;canisme, un
      appareil)</klr></trd>,
      <trd>param&eacute;trer</trd>,
      <trd>configurer</trd>
    </trdgrp>
    <trdgrp lng="it">
      <trd>sintonizzare</trd>,
      <trd>configurare<klr> (tec.)</klr></trd>,
      <trd>settare</trd>,
      <trd>mettere a punto</trd>,
      <trd>calibrare</trd>
    </trdgrp>
    <trdgrp lng="nl">
      <trd>afstellen</trd>,
      <trd>configureren</trd>
    </trdgrp>
    <trdgrp lng="pt">
      <trd>calibrar <klr>(um motor)</klr></trd>,
      <trd>configurar <klr>(o computador)</klr></trd>,
      <trd>sintonizar <klr>(r&aacute;dio)</klr></trd>
    </trdgrp>
  </snc>
  <trd lng="bg">&c_n;&c_a;&c_s;&c_t;&c_r;&c_o;&c_j;&c_v;&c_a;&c_m;</trd>
  <trdgrp lng="cs">
    <trd>ladit</trd>,
    <trd>ladit barvy</trd>,
    <trd>ladit hud.</trd>,
    <trd>naladit</trd>,
    <trd>p&rcaron;ipravit</trd>,
    <trd>se&rcaron;&iacute;dit</trd>,
    <trd>za&rcaron;&iacute;dit</trd>
  </trdgrp>
  <trd lng="de">stimmen</trd>
  <trd lng="ru">&c_n;&c_a;&c_s;&c_t;&c_r;&c_o;&c_i;&c_t;&c_mol;</trd>
  <trdgrp lng="sk">
    <trd>naladi&tcaron;</trd>,
    <trd>nastavi&tcaron;</trd>
  </trdgrp>
</drv>

<drv mrk="agord.0o">
  <kap><tld/>o</kap>
  <snc mrk="agord.0o.ado">
    <dif>
      La ago <tld/>i, <tld/>ado:
      <ekz>
        &leftquot;<tld lit="A"/>o de Esperanto sur Debiano a&ubreve;
        Ubunto: &ccirc;u
        facila?&rightquot;
        <fnt>
          <lok><url
             
ref="http://www.nabble.com/Agordo-de-Esperanto-sur-Debiano-aux-Ubunto:-cxu-facila&ndash;t1383675.html"
              >Nabble</url></lok>
        </fnt>;
      </ekz><ekz>
        &leftquot;Instalo kaj lingva <tld/>o&rightquot;
        <fnt>
          <vrk><url
              ref="http://www.reta-vortaro.de/revo/dok/vindoza_manlibro.html"
              >Manlibro por vindozuloj inter la revuloj</url></vrk>
        </fnt>;
      </ekz><ekz>
        okazas siaspeca <tld/>o de la nerva sistemo kaj aperas
        bazo por formi&gcirc;o de la estonta karaktero
        <fnt>
          <aut>D. Serkov</aut>: <vrk>Naskitaj tempeste</vrk>
        </fnt>;
      </ekz><ekz>
        &ccirc;i tiu intervjuo postulis l' <tld/>on de pluraj
        te&hcirc;nikaj aferoj: mikrofonoj, lumo <klr>...</klr>
        <fnt>
          <vrk>Nia E-Asocio en la inform-medioj</vrk>,
          <lok><url
 ref="http://carleos.epv.uniovi.es/~faustino/informilo/n4/n4.doc"
              >A.E.A-informilo, n-ro 4, 2007</url></lok>
        </fnt>.
      </ekz>
    </dif>
    <trd lng="en">set-up</trd>
    <trdgrp lng="es">
      <trd>sintonizaci&oacute;n</trd>,
      <trd>configuraci&oacute;n<klr> (t&eacute;c.)</klr></trd>,
      <trd>puesta a punto</trd>
    </trdgrp>
    <trdgrp lng="it">
      <trd>sintonizzazione</trd>,
      <trd>configurazione<klr> (tec.)</klr></trd>,
      <trd>settaggio</trd>,
      <trd>messa a punto</trd>,
      <trd>calibratura</trd>
    </trdgrp>
    <trdgrp lng="nl">
      <trd>overeenstemming</trd>,
      <trd>instelling</trd>,
      <trd>configuratie</trd>
    </trdgrp>
    <trd lng="ru">&c_n;&c_a;&c_s;&c_t;&c_r;&c_o;&c_j;&c_k;&c_a;</trd>
  </snc>
  <snc mrk="agord.0o.ajxo">
    <dif>
      Rezulto de la ago <tld/>i, <tld/>a&jcirc;o:
    </dif>
    <subsnc mrk="agord.0o.MUZ">
      <uzo tip="fak">MUZ</uzo>
      <dif>
        &Gcirc;usta rilato inter la diversaj sonoj de unu a&ubreve;
        pluraj
        instrumentoj:
        <ekz>
          la <tld/>o de via tria tria kordo estas
          mal&gcirc;usta<fnt>PIV</fnt>.
        </ekz>
        <trd lng="es">afinado</trd>
        <trdgrp lng="pt">
          <trd>acordo</trd>,
          <trd>afina&ccedil;&atilde;o</trd>
        </trdgrp>
      </dif>
      <trd lng="br">klotad<klr> (sonerezh)</klr></trd>
      <trdgrp lng="de">
        <trd>Akkord</trd>, <trd>Stimmung</trd>
      </trdgrp>
      <trd lng="en">accord</trd>
      <trd lng="fr">accord<klr tip="ind">
          (r&eacute;glage d'un instrument de musique)</klr></trd>
      <trdgrp lng="it">
        <trd>accordatura</trd>,
        <trd>intonazione</trd>,
        <trd>temperamento<klr> (mus.)</klr></trd>
      </trdgrp>
      <trd lng="nl">samenklank</trd>
      <trd lng="ru">&c_n;&c_a;&c_s;&c_t;&c_r;&c_o;&c_j;&c_k;&c_a;</trd>
      <trd lng="sk">akord</trd>
    </subsnc>
    <subsnc mrk="agord.0o.humoro">
      <dif>
        Emo, <ref cel="humor.0o">humoro</ref>:
        <ekz>
          doni al la interparolo pli &ccirc;iutagan
          <tld/>on<fnt>B</fnt>;
        </ekz><ekz>
          lia politika situacio kreas
          <tld/>ojn momente malfavorajn por nia movado.
        </ekz>
      </dif>
      <refgrp tip="vid">
        <ref cel="etos.0o">etoso</ref>,
        <ref cel="ton.0o">tono</ref>.
      </refgrp>
      <trdgrp lng="br">
        <trd>imor</trd>,
        <trd>aergelc'h<klr tip="ind"> (endro)</klr></trd>,
        <trd>endro<klr tip="ind"> (aergelc'h)</klr></trd>
      </trdgrp>
      <trd lng="en">mood</trd>
      <trd lng="de">Stimmung</trd>
      <trdgrp lng="es">
        <trd>ambiente</trd>
        <trd>atm&oacute;sfera</trd>,
        <trd><ind>estado</ind> del esp&iacute;ritu</trd>,
        <trd>humor<klr tip="ind"> (estado del
        esp&iacute;ritu)</klr></trd>
      </trdgrp>
      <trdgrp lng="fr">
        <trd><ind>&eacute;tat</ind> d'esprit</trd>,
        <trd>atmosph&egrave;re</trd>,
        <trd>ambiance</trd>
        <trd>humeur<klr tip="ind"> (&eacute;tat d'esprit)</klr></trd>
      </trdgrp>
      <trd lng="it">tono<klr> (umore, spirito)</klr></trd>
      <trd lng="nl">stemming</trd>
      <trd lng="pt">humor</trd>
      <trdgrp lng="ru">
        <trd>&c_n;&c_a;&c_s;&c_t;&c_r;&c_o;&c_je;&c_n;&c_i;&c_je;</trd>,
        <trd>&c_n;&c_a;&c_s;&c_t;&c_r;&c_o;&c_j;</trd>
      </trdgrp>
      <trd lng="sk">n&aacute;lada</trd>
    </subsnc>
    <subsnc mrk="agord.0o.POE">
      <uzo tip="fak">POE</uzo>
      <dif>
        <ref tip="super" cel="rim.nepura0o">Nepura rimo</ref>, en
        kiu la
        akcentaj vokaloj ne rigore samas, sed nur similas:
        <ekz>
          &leftquot;ondo-abundo&rightquot;,
        </ekz><ekz>
          &leftquot;post la fasto venas festo&rightquot;
          <fnt><bib>PrV</bib></fnt> konsistigas
          <tld/>ojn.
        </ekz>
      </dif>
      <refgrp tip="vid">
        <ref cel="asonan.0o.rimo">asonanco</ref>,
        <ref cel="konson.0o.FON">konsonanco</ref>
      </refgrp>
      <adm>
        Tiun nomon (kaj la fenomenon) enkondukis en Esperanton
        G. Waringhien; lin sekvis K. Kalocsay. Malgra&ubreve; ilia
        granda
        a&ubreve;toritato kaj nekontestita tradicio &scirc;ajnas ke la
        termino
        malbone akordas kun la &ccirc;efsenco de ~o; &scirc;ajnas ke pli
        trafa
        estus <!--ref tip="vid" cel="konson.0o"-->konsonanco<!--
        /ref -->
        (precipe se ties fonetikan sencon proksimigi al la muzika
        kaj al la
        angla, kio krome sonus iom simile al
        &leftquot;asonanco&rightquot;); a&ubreve; eble
        oni povus diri tute simple kaj klare:
        <!-- em -->konsonanta rimo.<!-- /em -->
        [Noto de Sergio Pokrovskij]
      </adm>
      <adm>
        La rimarko de Sergio kongruas kun la PV-a kaj PIV-a
        difinoj, sed LSF kaj Parnasa Gvidlibro donas difinon
        pli malvastan (konforman al la ekzemploj) -- kaj laux
        mi pli gxustan --, la&ubreve; kiu la akcentaj vokaloj
        devas "simili" kaj la senakcenta vokalo
        devas resti sama (ne kiel en "aminda/abundi" ekz-e).
        Mi do transformis la rimarkon en
        administran noton kaj rekomendas kontrolon de la jamaj
        tradukoj. <aut>MB</aut>
      </adm>
      <adm>
        Tio ne konvikas min: "agordo" ja estas a&ubreve; _ago_ per kiu
        oni
        fiksas deziratajn parametrojn, a&ubreve; aro da rezultaj
        parametrovaloroj. Kiel tio povas indiki specon de rimo, mi
        ne komprenas. Tio estas same maltrafa, kiel nomi iun specon
        de rimo "regulado" a&ubreve; "tuning". Resume, mi vidas en tiu
        nomo nek logikon nek internaciecon, sed iun bizaran kapricon
        de W&amp;K.
        <aut>Sergio</aut>
      </adm>
      <trd lng="en">consonance</trd>
      <trd lng="es">asonancia</trd>
      <trd lng="it">assonanza<klr> (lett.)</klr></trd>
      <trdgrp lng="nl">
        <trd>alliteratie</trd>,
        <trd>medeklinkerrijm</trd>
      </trdgrp>
      <trdgrp lng="ru">
        <trd>&c_s;&c_o;&c_z;&c_v;&c_u;&c_ch;&c_i;&c_je;</trd>,
        <trd>&c_k;&c_o;&c_n;&c_s;&c_o;&c_n;&c_a;&c_n;&c_s;</trd>,
        <trd>&c_d;&c_i;&c_s;&c_s;&c_o;&c_n;&c_a;&c_n;&c_s;</trd>
      </trdgrp>
    </subsnc>
    <subsnc mrk="agord.0o.TEK">
      <uzo tip="fak">KOMP</uzo>
      <uzo tip="fak">TEK</uzo>
      <dif>
        Aro da valoroj de reguleblaj parametroj de aparato a&ubreve;
        programo,
        fiksitaj dum unu a&ubreve; pluraj <tld/>adoj:
        <ekz>
          kiam vi <tld/>os la fenestrokolorojn la&ubreve; via
          pla&ccirc;o,
          konservu
          la <tld/>on en la dosiero SETUP;
        </ekz><ekz>
          <tld/>on al la frekvenco de la elektita radiostacio vi
          povas
          &scirc;alti per klavo.
        </ekz>
      </dif>
      <ref tip="vid" cel="instal.0i">instali</ref>
      <trdgrp lng="br">
        <trd>reizhidigezh<klr tip="ind"> (benvego&ugrave;,
        gwikefreo&ugrave;)
          </klr></trd>,
        <trd>kefluniadur</trd>
      </trdgrp>
      <trdgrp lng="de">
        <trd>Abstimmung</trd>,
        <trd>Tuning</trd>,
        <trd>Einstellung</trd>,
        <trd>Anpassung</trd>
      </trdgrp>
      <trdgrp lng="en">
        <trd>options</trd>,
        <trd>settings</trd>,
        <trd>customization</trd>
      </trdgrp>
      <trdgrp lng="es">
        <trd>opci&oacute;n</trd>,
        <trd>par&aacute;metro</trd>,
        <trd>configuraci&oacute;n</trd>
      </trdgrp>
      <trdgrp lng="fr">
        <trd>r&eacute;glage</trd>,
        <trd>param&eacute;trage</trd>,
        <trd>configuration</trd>
      </trdgrp>
      <trdgrp lng="it">
        <trd>settaggio</trd>,
        <trd>configurazione</trd>
      </trdgrp>
      <trdgrp lng="nl">
        <trd>configuratie</trd>,
        <trd>instelling</trd>
      </trdgrp>
      <trd lng="pt">configura&ccedil;&atilde;o</trd>
      <trd lng="ru">&c_n;&c_a;&c_s;&c_t;&c_r;&c_o;&c_j;&c_k;&c_a;</trd>
      <trd lng="sk">nastavenie</trd>
    </subsnc>
  </snc>
  <refgrp tip="vid">
    Ne konfuzu kun <ref cel="akord.0o">akordo</ref>
  </refgrp>
  <trd lng="bg">&c_n;&c_a;&c_s;&c_t;&c_r;&c_o;&c_j;&c_k;&c_a;</trd>
  <trd lng="sk">akord, s&uacute;zvuk</trd>
  <trd lng="sk">akord, s&uacute;zvuk</trd>
  <trdgrp lng="cs">
    <trd>akord</trd>,
    <trd>souzvuk</trd>
  </trdgrp>
</drv>

<drv mrk="agord.0ilo">
  <kap><tld/>ilo<fnt>Z</fnt></kap>
  <snc mrk="agord.0ilo.MUZ">
    <uzo tip="fak">MUZ</uzo>
    <dif>
      Ilo (tonforko, <tld/>a forko, a&ubreve; <tld/>a tubo) por
      a&ubreve;digi
      sen&scirc;an&gcirc;an tonon, la&ubreve; kiu oni <tld/>as
      muzikilojn.
    </dif>
    <trd lng="br">tonreizher</trd>
    <trd lng="de">Stimmgabel</trd>
    <trdgrp lng="en">
      <trd>tuning fork</trd>,
      <trd>pitch pipe</trd>
    </trdgrp>
    <trdgrp lng="es">
      <trd>diapas&oacute;n</trd>,
      <trd>martillo <klr>(templador)</klr></trd>
    </trdgrp>
    <trd lng="fr">diapason</trd>
    <trdgrp lng="it">
        <trd>diapason</trd>,
        <trd>accordatore<klr> (strumento)</klr></trd>
      </trdgrp>
    <trd lng="nl">stemvork</trd>
    <trd lng="pt">diapas&atilde;o</trd>
    <trd lng="ru">&c_k;&c_a;&c_m;&c_je;&c_r;&c_t;&c_o;&c_n;</trd>
    <trd lng="sk">ladi&ccaron;ka</trd>
  </snc>
  <snc mrk="agord.0ilo.KOMP">
    <uzo tip="fak">KOMP</uzo>
    <dif>
      Ilo por <tld/>i aparaton a&ubreve; programon.
    </dif>
    <adm>
      Sxajnas, ke la tradukoj per "instala programo" ne tute
      tauxgas. Ja foje instala programo ebligas agordon, sed
      ne temas pri gxia unuavica funkcio. <aut>MB</aut>
    </adm>
    <trdgrp lng="bg">
      <trd>&c_p;&c_r;&c_o;&c_g;&c_r;&c_a;&c_m;&c_a; &c_z;&c_a;
      &c_u;&c_s;&c_t;&c_a;&c_n;&c_o;&c_v;&c_k;&c_a;</trd>,
      <trd>&c_i;&c_n;&c_s;&c_t;&c_a;&c_l;&c_a;&c_t;&c_o;&c_r;</trd>,
      <trd>&c_p;&c_o;&c_m;&c_o;&c_shch;&c_n;&c_i;&c_k; &c_z;&c_a;
      &c_i;&c_n;&c_s;&c_t;&c_a;&c_l;&c_i;&c_r;&c_a;&c_n;&c_je;</trd>
    </trdgrp>
    <trdgrp lng="en">
      <trd>setup program</trd>,
      <trd>customization facility</trd>,
      <trd>wizard (in applications)</trd>
    </trdgrp>
    <trdgrp lng="es">
      <trd>instalador</trd>,
      <trd>programa de instalaci&oacute;n</trd>,
      <trd>opci&oacute;n de configuraci&oacute;n guiada</trd>
    </trdgrp>
    <trd lng="fr"><ind>programme</ind> de configuration</trd>
    <trdgrp lng="it">
      <trd>wizard</trd>,
      <trd>configurazione guidata</trd>,
      <trd><ind>programma</ind> di configurazione</trd>,
      <trd><ind>procedura</ind> guidata<klr> (inf.)</klr></trd>,
    </trdgrp>
    <trd lng="nl">installatieprogramma</trd>
    <trd lng="pt">configurador</trd>
    <trdgrp lng="ru">
      <trd>&c_s;&c_r;&c_je;&c_d;&c_s;&c_t;&c_v;&c_o;
      &c_n;&c_a;&c_s;&c_t;&c_r;&c_o;&c_j;&c_k;&c_i;</trd>,
      <trd>&c_m;&c_a;&c_s;&c_t;&c_je;&c_r;
      &c_n;&c_a;&c_s;&c_t;&c_r;&c_o;&c_j;&c_k;&c_i;
        <klr>(&c_p;&c_r;&c_i;&c_l;&c_o;&c_zh;&c_je;&c_n;&c_i;&c_j;
        &c_M;&c_a;&c_j;&c_k;&c_r;&c_o;&c_s;&c_o;&c_f;&c_t;)</klr></trd>
    </trdgrp>
  </snc>
  <trd lng="cs">ladi&ccaron;ka</trd>
</drv>

<drv mrk="agord.0isto">
  <kap><tld/>isto<fnt>PIV</fnt></kap>
  <snc mrk="agord.0isto.MUZ">
    <uzo tip="fak">MUZ</uzo>
    <dif>
      Homo profesie <tld/>anta muzikilojn.
    </dif>
  </snc>
  <trd lng="br">toniour</trd>
  <trd lng="cs">ladi&ccaron;</trd>
  <trd lng="de">Stimmer</trd>
  <trd lng="en">tuner</trd>
  <trd lng="es">afinador</trd>
  <trd lng="fr">accordeur</trd>
  <trd lng="it">accordatore<klr> (uomo)</klr></trd>
  <trd lng="nl">stemmer</trd>
  <trd lng="pt">afinador</trd>
  <trd
  lng="ru">&c_n;&c_a;&c_s;&c_t;&c_r;&c_o;&c_j;&c_shch;&c_i;&c_k;</trd>
  <trd lng="sk">ladi&ccaron;</trd>
</drv>

<drv mrk="agord.anim0o">
  <kap>anim<tld/>o</kap>
  <snc mrk="agord.anim0o.PSI">
    <dif>
      &Gcirc;enerala, komuna humoro;
      emocia flanko de 
      <ref tip="malprt" cel="karakt.0o.PSI">karaktero</ref>:
      <ekz>
        mi trovi&gcirc;as en ege ekscitita anim<tld/>o
        <fnt>
          <aut>P. Lagerkvist, trad. F. Szil&aacute;gyi</aut>,
          <vrk><url
          ref="http://donh.best.vwh.net/Esperanto/Literaturo/Revuoj/np/np5606/gasto.html">
          La pretendema gasto</url></vrk>,
          <lok>Norda Prismo, 1956:6, p. 221a-225a</lok>
        </fnt>.
      </ekz>
    </dif>
  </snc>
  <trdgrp lng="fr">
    <trd>&eacute;tat d'&acirc;me</trd>,
    <trd>tournure d'<ind>esprit</ind></trd>
  </trdgrp>
</drv>

<drv mrk="agord.mis0a">
  <kap>mis<tld/>a</kap>
  <snc mrk="agord.mis0a.MUZ">
    <uzo tip="fak">MUZ</uzo>
    <dif>
      Ne<tld/>ita, mise <tld/>ita a&ubreve; perdinta <tld/>on:
      <ekz>
        falsaj sonoj de mis<tld/>a piano.
      </ekz>
    </dif>
  </snc>
  <trd lng="bg">&c_r;&c_a;&c_z;&c_s;&c_t;&c_r;&c_o;&c_je;&c_n;
  (&c_z;&c_a; &c_m;&c_u;&c_z;&c_i;&c_k;&c_a;&c_l;&c_je;&c_n;
  &c_i;&c_n;&c_s;&c_t;&c_r;&c_u;&c_m;&c_je;&c_n;&c_t;)</trd>
  <trd lng="br">didoniet</trd>
  <trd lng="de">verstimmt</trd>
  <trd lng="en">out of tune</trd>
  <trd lng="es">desafinado</trd>
  <trd lng="fr">d&eacute;saccord&eacute;</trd>
  <trd lng="it">scordato<klr> (mus.)</klr></trd>
  <trd lng="pt">dissonante</trd>
  <trd
  lng="ru">&c_r;&c_a;&c_s;&c_s;&c_t;&c_r;&c_o;&c_je;&c_n;&c_n;&c_y;&c_j;</trd>
  <trd lng="sk">rozladen&yacute;</trd>
</drv>
</art>
<!--

$Log: agord.xml,v $
Revision 1.37  2018/06/15 15:10:16  revo
Wieland Pusch: ligo kun http

Revision 1.36  2018/06/02 08:10:14  revo
Bart Demeyere: +trd nl

Revision 1.35  2017/06/02 22:10:27  revo
Robin van der Vliet: ne nur por Windows

Revision 1.34  2017/01/30 15:10:18  revo
Lyubomir Vasilev: +trd bg

Revision 1.33  2015/07/04 08:37:29  revo
aldono de trd cs per skripto de M. von Laer

Revision 1.32  2015/06/29 16:39:29  revo
aldono de trd sk per skripto de M. von Laer

Revision 1.31  2015/06/28 12:03:35  revo
aldono de trd sk per skripto de M. von Laer

Revision 1.30  2015/01/08 00:10:48  revo
-->

</vortaro>
