<?xml version="1.0"?>
<!DOCTYPE vortaro SYSTEM "../dtd/vokoxml.dtd">

<vortaro>
<art mrk="$Id: agoraf.xml,v 1.21 2019/01/28 20:10:25 revo Exp $">
<kap>
  <rad>agorafobi</rad>/o
</kap>
<drv mrk="agoraf.0o">
  <kap><tld/>o</kap>
  <uzo tip="fak">MED</uzo>
  <snc>
    <dif>
      Mensa <ref tip="lst" cel="san.mal0o.MED"
      lst="voko:malsanoj">malsano</ref> karakterizata per timo al
      malplena spaco:
      <ekz>
        <nom>Anton&iacute;n Dvo&rcaron;&aacute;k</nom> <klr>[&#8230;]</klr> suferis pro <tld/>o (timo pro eksteraj publikaj
        spacoj), kiu grandi&gcirc;is precipe en la lastaj jaroj de lia vivo
        <fnt>
          <bib>Viki</bib>
          <lok><url ref="https://eo.wikipedia.org/?curid=259"
              >Anton&iacute;n Dvo&rcaron;&aacute;k</url></lok>
        </fnt>.
      </ekz>
    </dif>
    <refgrp tip="vid">
      <ref cel="klostr1.0o">klostrofobio</ref>.
    </refgrp>
  </snc>
  <trd lng="be">&c_a;&c_g;&c_a;&c_r;&c_a;&c_f;&c_o;&c_b;&c_ib;&c_ja;</trd>
  <trd lng="ca">agoraf&ograve;bia</trd>
  <trd lng="cs">agorafobie</trd>
  <trdgrp lng="de">
     <trd>Platzangst</trd>,
     <trd>Agoraphobie<klr> [fak]</klr></trd>,
     <trd>Angst vor gro&szlig;en Pl&auml;tzen</trd>
  </trdgrp>
  <trd lng="en">agoraphobia</trd>
  <trd lng="es">agorafobia</trd>
  <trd lng="fr">agoraphobie</trd>
  <trd lng="hu">t&eacute;riszony</trd>
  <trd lng="id">agorafobia</trd>
  <trd lng="it">agorafobia</trd>
  <trdgrp lng="nl">
    <trd>pleinvrees</trd>,
    <trd>agorafobie</trd>
  </trdgrp>
  <trd lng="pt">agorafobia</trd>
  <trd lng="ru">&c_a;&c_g;&c_o;&c_r;&c_a;&c_f;&c_o;&c_b;&c_i;&c_ja;</trd>
  <trdgrp lng="sk">
    <trd>agoraf&oacute;bia</trd>,
    <trd>agoraf&oacute;bia <klr>(lek.)</klr></trd>,
    <trd>strach z priestoru</trd>
  </trdgrp>
</drv>
</art>
<!--
$Log: agoraf.xml,v $
Revision 1.21  2019/01/28 20:10:25  revo
Wolfram Diestel: +ekz

Revision 1.20  2015/07/04 08:37:29  revo
aldono de trd cs per skripto de M. von Laer

Revision 1.19  2015/06/28 12:03:35  revo
aldono de trd sk per skripto de M. von Laer

Revision 1.18  2014/11/15 05:10:19  revo
Eko Nur Syah Hidayat: +trd id

Revision 1.17  2013/10/09 18:10:28  revo
Wolfram Diestel: ref al lst malsanoj

Revision 1.16  2012/01/05 16:10:32  revo
Marc Rausell: +trd ca (kor)

Revision 1.15  2011/11/18 11:10:11  revo
Antonio Codazzi: + trd it

Revision 1.14  2004/12/18 19:19:32  revo
-->
</vortaro>
