<?xml version="1.0"?>
<!DOCTYPE vortaro SYSTEM "../dtd/vokoxml.dtd">

<vortaro>
<art mrk="$Id: agr.xml,v 1.21 2019/01/28 17:10:17 revo Exp $">
<kap>
   <rad>agr</rad>/o
</kap>
<drv mrk="agr.0o">
   <kap><tld/>o</kap>
   <uzo tip="fak">AGR</uzo>
   <snc>
     <dif>
      Kulturata <ref tip="super" cel="kamp.0o.AGR">kampo</ref>:
      <ekz>
        la <tld/>o produktis, krom la cerealojn, anka&ubreve; legomojn
        <fnt>
          <bib>Monato</bib>
          <aut>Roland Rotsaert</aut>
          <vrk><url ref="http://steloj.de/esperanto/monato2/007205.html"
              >Kosovo: Voja&gcirc;impresoj, somero 2000</url></vrk>
        </fnt>;
      </ekz>
      <ekz>
        la <tld/>oj estas fekundigataj per fukoj
        <fnt>
          <bib>Monato</bib>
          <aut>William Simcock</aut>
          <vrk><url ref="https://www.monato.net/2003/007873.html"
              >Impresoj pri Portugalio</url></vrk>
        </fnt>;
      </ekz>
      <ekz>
        depost senkolektivigo, la vjetnama <ind><tld/>okulturo</ind> travivis veran revolucion
        <fnt>
          <bib>Monato</bib>
          <aut>S. Maul</aut>
          <vrk><url ref="http://steloj.de/esperanto/monato2/006831.html"
              >La&ubreve; ritmo de la rizejoj</url></vrk>
        </fnt>;
        <trd lng="de">Ackerbau</trd>
      </ekz>
      <ekz>
        la papavaj <tld/>oj en tiu lando kreskas kaj do same la kvanto de heroino
        envenanta E&ubreve;ropon
        <fnt>
          <bib>Monato</bib>
          <aut>Nikolai Gudskov</aut>
          <vrk><url ref="https://www.monato.net/2003/008029.html"
              >Ordinara fa&scirc;ismo</url></vrk>
        </fnt>;
      </ekz>
      <ekz>
        sen&ccirc;ese etendi&gcirc;anta dezerto atakas parton de la <ind><tld/>oareo</ind> kaj preska&ubreve; &ccirc;iujare
        okazantaj inundoj dama&gcirc;as la grenrikolton
        <fnt>
          <bib>Monato</bib>
          <aut>Mu Binghua</aut>
          <vrk><url ref="https://www.monato.net/2005/008709.php"
              >Grenokrizo minacas</url></vrk>
        </fnt>;
        <trd lng="de">Anbaufl&auml;che</trd>
      </ekz>
      <ekz>
        &ccirc;ar la <ind><tld/>okulturisto</ind> ne uzas kemia&jcirc;ojn, kultivejoj i&gcirc;as pli fekundaj,
        man&gcirc;a&jcirc;oj estas bonkvalitaj
        <fnt>
          <bib>Monato</bib>
          <aut>Marie-Ho</aut>
          <vrk><url ref="https://www.monato.net/2010/009979.php"
              >La ekologiaj nutra&jcirc;oj de AMAP</url></vrk>
        </fnt>.
        <trdgrp lng="de">
          <trd>Bauer</trd>,
          <trd>Ackerbauer</trd>
        </trdgrp>
      </ekz>
     </dif>
   </snc>
  <trd lng="be">&c_z;&c_ja;&c_m;&c_je;&c_l;&c_mol;&c_n;&c_y;
<ind>&c_n;&c_a;&c_d;&c_z;&c_je;&c_l;</ind></trd>
  <trd lng="ca">camp</trd>
  <trdgrp lng="cs">
    <trd>obd&ecaron;l&aacute;van&eacute; pole</trd>,
    <trd>role</trd>
  </trdgrp>
  <trd lng="de">Acker</trd>
  <trd lng="en">arable land</trd>
  <trd lng="es">agro</trd>
  <trd lng="fr"><ind>champ</ind> cultiv&eacute;</trd>
  <trd lng="hu">sz&aacute;nt&oacute;f&ouml;ld</trd>
  <trd lng="it">agro<klr> (campo)</klr></trd>
  <trd lng="nl">akker</trd>
  <trd lng="oc">camp</trd>
  <trdgrp lng="pt">
     <trd>agro</trd>,
     <trd>terra cultiv&aacute;vel</trd>
   </trdgrp>
  <trdgrp lng="ru">
     <trd>&c_n;&c_i;&c_v;&c_a;</trd>,

<trd>&c_v;&c_o;&c_z;&c_d;&c_je;&c_l;&c_y;&c_v;&c_a;&c_je;&c_m;&c_o;&c_je;
<ind>&c_p;&c_o;&c_l;&c_je;</ind></trd>
   </trdgrp>
  <trdgrp lng="sk">
    <trd>pole</trd>,
    <trd>pole <klr>(po&lcaron;nohospod&aacute;rske)</klr></trd>,
    <trd>p&ocirc;da <klr>(po&lcaron;nohospod&aacute;rska)</klr></trd>
  </trdgrp>
</drv>
</art>
<!--
$Log: agr.xml,v $
Revision 1.21  2019/01/28 17:10:17  revo
Wolfram Diestel: +ekz-oj, germ trd-oj

Revision 1.20  2015/07/04 08:37:29  revo
aldono de trd cs per skripto de M. von Laer

Revision 1.19  2015/06/28 12:03:35  revo
aldono de trd sk per skripto de M. von Laer

Revision 1.18  2013/10/21 17:10:14  revo
Benito Subejrano: + trd ca oc

Revision 1.17  2011/11/18 11:10:17  revo
Antonio Codazzi: + trd it

Revision 1.16  2004/03/12 17:30:36  revo
Emmanuel Debanne: + trd fr

Revision 1.15  2003/05/17 16:32:42  revo
Viliam Bur: +trd sk

Revision 1.14  2002/06/05 17:31:41  revo
-->
</vortaro>
