<?xml version="1.0"?>
<!DOCTYPE vortaro SYSTEM "../dtd/vokoxml.dtd">

<vortaro>
  <art mrk="$Id: agraf.xml,v 1.23 2015/07/04 08:37:29 revo Exp $">
    <kap>
      <ofc>1</ofc>
      <rad>agraf</rad>/o
    </kap>
    <drv mrk="agraf.0o">
      <kap><tld/>o</kap>
      <snc>
        <dif>
          Ileto por provizore kunfiksi (<tld/>i) diversajn objektojn,
          tiel ke eblu facile kaj sendifekte malfiksi ilin
          (mal<tld/>i).
        </dif>
        <subsnc mrk="agraf.0o.krocxilo">
          <dif>
            Metalhoketo, kiu eni&gcirc;as en ringeton (<tld/>ingo) por
            fiksi la randojn de vesta&jcirc;o a&ubreve; tuko.
          </dif>
          <trd lng="ca">gafet</trd>
          <trd lng="de">Spange</trd>
          <trd lng="en">fastener</trd>
          <trd lng="fr">agrafe <klr>(de v&ecirc;tement)</klr></trd>
          <trd lng="hu">ruhakapocs</trd>
          <trdgrp lng="it">
            <trd>fermaglio</trd>,
            <trd>chiusura<klr> (con ganci)</klr></trd>
          </trdgrp>
          <trd lng="nl">haakje</trd>
          <trd lng="pt">colchete</trd>
          <trd lng="ru">&c_z;&c_a;&c_s;&c_t;&c_jo;&c_zh;&c_k;&c_a;</trd>
          <trd lng="sv">sp&auml;nne</trd>
          <trdgrp lng="tr">
            <trd>kop&ccedil;a</trd>,
            <trd>kenet</trd>
          </trdgrp>
        </subsnc>
        <subsnc mrk="agraf.0o.braceleta">
          <dif>
            Fiksilo por <tld/>i la kovrilpa&gcirc;ojn de libro, la
            ekstremojn de koliero a&ubreve; braceleto.
          </dif>
          <trd lng="ca">tancador</trd>
          <trd lng="en">binding</trd>
          <trd lng="de">Schlie&szlig;e</trd>
          <trd lng="hu">k&ouml;nyvkapocs</trd>
          <trdgrp lng="it">
            <trd>fermaglio</trd>,
            <trd>gancio</trd>
          </trdgrp>
          <trdgrp lng="ru">
            <trd>&c_z;&c_a;&c_s;&c_t;&c_jo;&c_zh;&c_k;&c_a;</trd>,
            <trd>&c_z;&c_a;&c_m;&c_o;&c_k;</trd></trdgrp>
        </subsnc>
        <subsnc mrk="agraf.0o.premtenilo">
          <dif>
            Premfiksilo por kunteni plurajn paperfoliojn, la randojn
            de vundo ktp.
          </dif>
          <trd lng="ca">grapa</trd>
          <trd lng="en">clamp</trd>
          <trd lng="de">Klammer</trd>
          <trdgrp lng="hu">
            <trd>iratcsipesz</trd>,
            <trd>sebkapocs</trd>
          </trdgrp>
          <trdgrp lng="it">
            <trd>graffa</trd>,
            <trd>graffetta</trd>
          </trdgrp>
          <trdgrp lng="ru">
            <trd>&c_z;&c_a;&c_zh;&c_i;&c_m;</trd>,
            <trd>&c_s;&c_k;&c_r;&c_je;&c_p;&c_k;&c_a;</trd>,
            <trd>&c_p;&c_r;&c_i;&c_shch;&c_je;&c_p;&c_k;&c_a;</trd></trdgrp>
        </subsnc>
      </snc>
  <trdgrp lng="be">
        <trd>&c_z;&c_a;&c_s;&c_mol;&c_c;&c_je;&c_zh;&c_k;&c_a;</trd>,
        <trd>&c_z;&c_a;&c_sh;&c_p;&c_ib;&c_l;&c_mol;&c_k;&c_a;</trd>,
        <trd>&c_s;&c_a;&c_sh;&c_ch;&c_e;&c_p;&c_k;&c_a;</trd>,
        <trd>&c_z;&c_a;&c_m;&c_o;&c_k;</trd>
      </trdgrp>
  <trdgrp lng="cs">
    <trd>agrafa</trd>,
    <trd>přezka</trd>,
    <trd>spona</trd>,
    <trd>spínadlo</trd>
  </trdgrp>
  <trd lng="es">corchete</trd>
  <trdgrp lng="sk">
    <trd>pracka</trd>,
    <trd>spona</trd>,
    <trd>spínadlo</trd>
  </trdgrp>
</drv>
    <drv mrk="agraf.0i">
      <kap><tld/>i</kap>
      <gra><vspec>tr</vspec></gra>
      <snc>
        <dif>
          Kunigi, fermi per <tld/>&c_o;:
          <ekz>
            <tld/>i robon, kolieron<fnt>PIV1</fnt>.
          </ekz>
        </dif>
        <refgrp tip="sub">
          <ref cel="buk.0i">buki</ref>,
          <ref cel="buton.0umi">butonumi</ref>
        </refgrp>
      </snc>
  <trdgrp lng="be">
        <trd>&c_z;&c_a;&c_sh;&c_p;&c_ib;&c_l;&c_ib;&c_c;&c_mol;</trd>,
        <trd>&c_s;&c_a;&c_sh;&c_ch;&c_a;&c_p;&c_ib;&c_c;&c_mol;</trd>,
        <trd>&c_z;&c_m;&c_a;&c_c;&c_a;&c_v;&c_a;&c_c;&c_mol; <klr>(&c_n;&c_a;&c_p;&c_r;.,
        &c_s;&c_a;&c_sh;&c_ch;&c_e;&c_p;&c_k;&c_a;&c_j;)</klr></trd>
      </trdgrp>
  <trd lng="ca">engafetar, engrapar</trd>
  <trdgrp lng="cs">
    <trd>sepnout přezkou</trd>,
    <trd>sepnout sponkou</trd>
  </trdgrp>
  <trd lng="en">clamp together</trd>
  <trd lng="es">cerrar con corchetes</trd>
  <trd lng="fr">agrafer <klr>(un v&ecirc;tement)</klr></trd>
  <trdgrp lng="hu">
          <trd>&ouml;sszekapcsol</trd>,
          <trd>&ouml;sszecs&iacute;ptet</trd>
        </trdgrp>
  <trdgrp lng="it">
          <trd>agganciare<klr> (chiudere con ganci)</klr></trd>,
          <trd>pinzare<klr> (tenere assieme con graffe)</klr></trd>
        </trdgrp>
  <trdgrp lng="pt">
        <trd>acolchetear</trd>,
        <trd>abrochar</trd></trdgrp>
  <trdgrp lng="ru">
        <trd>&c_z;&c_a;&c_s;&c_t;&c_je;&c_g;&c_n;&c_u;&c_t;&c_mol;</trd>,
        <trd>&c_r;&c_a;&c_s;&c_sh;&c_i;&c_t;&c_mol;</trd></trdgrp>
  <trdgrp lng="sk">
    <trd>zapnúť sponu</trd>,
    <trd>zopn&uacute;&tcaron;</trd>
  </trdgrp>
  <trd lng="tr">kop&ccedil;alamak</trd>
</drv>
    <drv mrk="agraf.mal0i">
      <kap>mal<tld/>i</kap>
      <gra><vspec>tr</vspec></gra>
      <snc>
        <dif>
          Malfermi <tld/>on kaj disigi, malfiksi objektojn
          anta&ubreve;e <tld/>itajn:
          <ekz>
            mal<tld/>i sian jupon<fnt>PIV1</fnt>;
          </ekz><ekz>
            ili mal<tld/>as la &ccirc;arnirojn de siaj flugiloj
            <fnt><bib>DOz</bib>, <lok>&Ccirc;ap. 12.</lok></fnt>.
          </ekz>
        </dif>
      </snc>
  <trdgrp lng="be">
        <trd>&c_r;&c_a;&c_s;&c_sh;&c_p;&c_ib;&c_l;&c_ib;&c_c;&c_mol;</trd>,
        <trd>&c_r;&c_a;&c_z;&c_m;&c_a;&c_c;&c_a;&c_v;&c_a;&c_c;&c_mol;</trd>
      </trdgrp>
  <trd lng="ca">desengafetar, desfermar</trd>
  <trd lng="cs">rozepnout sponu</trd>
  <trd lng="en">unclamp</trd>
  <trd lng="fr">d&eacute;grafer</trd>
  <trdgrp lng="hu">
    <trd>sz&eacute;tkapcsol</trd>,
    <trd>kinyit <klr tip="ind">(cs&iacute;ptet&odblac;t)</klr></trd>
  </trdgrp>
  <trdgrp lng="it">
          <trd>slacciare<klr> (aprire, sganciare)</klr></trd>,
          <trd>sganciare<klr> (aprire, slacciare)</klr></trd>,
          <trd>sgraffettare</trd>,
          <trd>togliere le graffette</trd>,
          <trd>aprire<klr> (togliere le graffette, gancio
          ecc..)</klr></trd>
        </trdgrp>
  <trdgrp lng="ru">
        <trd>&c_r;&c_a;&c_s;&c_s;&c_t;&c_je;&c_g;&c_n;&c_u;&c_t;&c_mol;</trd>,
        <trd>&c_r;&c_a;&c_z;&c_o;&c_m;&c_k;&c_n;&c_u;&c_t;&c_mol;</trd>,
        <trd>&c_o;&c_t;&c_k;&c_r;&c_je;&c_p;&c_i;&c_t;&c_mol;</trd>
      </trdgrp>
  <trdgrp lng="sk">
    <trd>rozopn&uacute;&tcaron;</trd>,
    <trd>rozopnúť sponu</trd>
  </trdgrp>
  <trd lng="tr">kop&ccedil;alar&inodot;n&inodot; &ccedil;&ouml;zmek</trd>
</drv>
  </art>
  <!--
  $Log: agraf.xml,v $
  Revision 1.23  2015/07/04 08:37:29  revo
  aldono de trd cs per skripto de M. von Laer

  Revision 1.22  2015/06/28 12:03:35  revo
  aldono de trd sk per skripto de M. von Laer

  Revision 1.21  2011/12/11 13:10:09  revo
  Marc Rausell: +trd ca

  Revision 1.20  2011/11/18 11:10:14  revo
  Antonio Codazzi: + trd it

  Revision 1.19  2010/07/19 16:30:23  revo
  Agustin Garcia Lopez: +trd es

  Revision 1.18  2009/08/25 16:32:44  revo
  Emmanuel Debanne: +trd tr

  Revision 1.17  2005/06/30 16:32:09  revo
  Jozefo Horvath: +trd hu

  Revision 1.16  2005/02/02 17:33:25  revo
  Dmitri Gabinski: +trd be

  Revision 1.15  2003/05/17 16:32:18  revo
  Viliam Bur: +trd sk

  Revision 1.14  2002/10/24 21:17:07  revo
  aktualigo de malnovaj fnt-indikoj enkondukante <bib>

  Revision 1.13  2002/09/22 08:15:12  revo
  Christopher Zervic: + trd ang

  Revision 1.12  2001/10/01 18:14:48  revo
  Jerome Vachey: trad fr: degrafer - d'egrafer

  Revision 1.11  2001/09/02 18:16:35  revo
  Sergio Pokrovskij: snc-mrk

  Revision 1.10  2001/08/28 18:13:10  revo
  Ulrich Fellmann: + 3 germ trdj

  Revision 1.9  2001/08/24 12:04:52  revo
  Sergio Pokrovskij: koncepta dif, subsencigo de la PIV-ajxoj (krom la
  malkohera "agrafilo")

  Revision 1.8  2001/07/30 18:12:28  revo
  Paul Peeraerts: ald trd nl

  Revision 1.7  2001/04/14 17:24:17  revo
  Helio Jaques: trd pt

  Revision 1.6  2001/02/21 20:05:01  revo
  Jerano Zachrisson: +trd sv

  Revision 1.5  2001/02/08 09:22:35  revo
  korektis oficialecon

  Revision 1.4  2000/09/06 16:15:17  revo
  Marc Bavant: aldono de franca traduko

  -->
</vortaro>
