<?xml version="1.0"?>
<!DOCTYPE vortaro SYSTEM "../dtd/vokoxml.dtd">

<vortaro>
<art mrk="$Id: agres.xml,v 1.26 2018/08/06 09:10:15 revo Exp $">
<kap>
  <ofc>9</ofc>
  <rad>agres</rad>/i <fnt><bib>SPV</bib></fnt>
</kap>
<drv mrk="agres.0i">
  <kap><ofc>9</ofc><tld/>i</kap>
  <gra><vspec>tr</vspec></gra>
  <snc>
    <dif>
      Ataki ne provokite; ataki kiel unua ne estante mem minacata de
      atako:
      <ekz>
        <tld/>i personon, landon
        <fnt><bib>9OA</bib></fnt>.
      </ekz>
    </dif>
  </snc>
  <trdgrp lng="be">
    <trd>&c_n;&c_a;&c_p;&c_a;&c_d;&c_a;&c_c;&c_mol;</trd>,
    <trd>&c_a;&c_t;&c_a;&c_k;&c_a;&c_v;&c_a;&c_c;&c_mol;</trd>
  </trdgrp>
  <trdgrp lng="de">
    <trd>angreifen</trd>,
    <trd>zuerst angreifen</trd>,
    <trd>&uuml;berfallen</trd>
  </trdgrp>
  <trd lng="en">aggress</trd>
  <trd lng="es">agredir</trd>
  <trd lng="fr">agresser</trd>
  <trd lng="it">aggredire</trd>
  <trd lng="nl">agressie plegen</trd>
  <trd lng="pt">agredir</trd>
  <trdgrp lng="ru">
    <trd>&c_n;&c_a;&c_p;&c_a;&c_s;&c_t;&c_mol;</trd>,
    <trd>&c_n;&c_a;&c_p;&c_a;&c_d;&c_a;&c_t;&c_mol;</trd>,
    <trd>&c_a;&c_t;&c_a;&c_k;&c_o;&c_v;&c_a;&c_t;&c_mol;</trd>
  </trdgrp>
  <trd lng="sk">&uacute;to&ccaron;i&tcaron;</trd>
  <trdgrp lng="tr">
    <trd>sata&scedil;mak</trd>,
    <trd>sald&inodot;rmak</trd>
  </trdgrp>
</drv>

<drv mrk="agres.0o">
  <kap><tld/>o</kap>
  <snc>
    <dif>
      Spontanea, nedefenda subita atako:
      <ekz>
        procesoj kondamnis urbestrojn a&ubreve; kunlaborantojn
        &ccirc;efe pro
        agresoj,
        insultoj
        <fnt><aut>Adrien Durandard</aut>: <vrk>FN-fono</vrk>,
        <bib>Monato</bib><lok>jaro 2002a, numero 7a, p. 12a</lok></fnt>.
      </ekz>
    </dif>
  </snc>
  <trdgrp lng="be">
    <trd>&c_a;&c_g;&c_r;&c_e;&c_s;&c_ib;&c_ja;</trd>,
    <trd>&c_n;&c_a;&c_p;&c_a;&c_d;</trd>
  </trdgrp>
  <trdgrp lng="cs">
    <trd>agrese</trd>,
    <trd>p&rcaron;epad</trd>,
    <trd>v&yacute;boj</trd>,
    <trd>&uacute;tok</trd>
  </trdgrp>
  <trdgrp lng="de">
    <trd>Angriff</trd>,
    <trd>Attacke</trd>,
    <trd>&Uuml;berfall</trd>
  </trdgrp>
  <trd lng="es">agresi&oacute;n</trd>
  <trdgrp lng="fr">
    <trd>agression</trd>
  </trdgrp>
  <trd lng="it">aggresione</trd>
  <trdgrp lng="ru">
    <trd>&c_a;&c_g;&c_r;&c_je;&c_s;&c_s;&c_i;&c_ja;</trd>,
    <trd>&c_n;&c_a;&c_p;&c_a;&c_d;&c_je;&c_n;&c_i;&c_je;</trd>
  </trdgrp>
  <trdgrp lng="sk">
    <trd>agresia</trd>,
    <trd>dobyva&ccaron;n&yacute; &uacute;tok</trd>,
    <trd>prepad</trd>
  </trdgrp>
  <trdgrp lng="tr">
    <trd>sald&inodot;r&inodot;</trd>,
    <trd>sata&scedil;ma</trd>
  </trdgrp>
</drv>

<drv mrk="agres.0ema">
  <kap><ofc>9</ofc><tld/>ema <fnt><bib>SPV</bib></fnt></kap>
  <snc>
    <dif>
      &Ccirc;iam preta ataki, a&ubreve; inklina kutime ataki, e&ccirc;
      ne provokite:
      <ekz>
        <uzo tip="stl">FIG</uzo>pura, dika roksono, iom
        <tld/>ema
        <fnt><aut>Manuel Pancorbo Castro</aut>: <vrk>Al la
        barikadoj! (JoMo kaj Liberecanoj)</vrk>,
        <bib>Monato</bib><lok>jaro 1999a, numero 7a, p. 24a</lok></fnt>.
      </ekz>
    </dif>
    <refgrp tip="vid">
      <ref cel="atak.0ema">atakema</ref>
    </refgrp>
  </snc>
  <trdgrp lng="de">
    <trd>angriffslustig</trd>,
    <trd>angriffig [CH]</trd>,
    <trd>aggressiv</trd>
  </trdgrp>
  <trd lng="be">&c_a;&c_g;&c_r;&c_e;&c_s;&c_ib;&c_w;&c_n;&c_y;</trd>
  <trd lng="en">aggressive</trd>
  <trd lng="es">agresivo</trd>
  <trd lng="fr">agressif</trd>
  <trd lng="it">aggresivo</trd>
  <trd lng="nl">agressief</trd>
  <trd lng="sv">aggressiv</trd>
  <trd lng="pt">agressivo</trd>
  <trd lng="ms">agresif</trd>
  <trd
  lng="ru">&c_a;&c_g;&c_r;&c_je;&c_s;&c_s;&c_i;&c_v;&c_n;&c_y;&c_j;</trd>
  <trdgrp lng="sk">
    <trd>&uacute;to&ccaron;n&yacute;</trd>,
    <trd>agres&iacute;vny</trd>
  </trdgrp>
  <trdgrp lng="tr">
    <trd>sata&scedil;kan</trd>,
    <trd>sald&inodot;rgan</trd>
  </trdgrp>
</drv>

<drv mrk="agres.0emo">
  <kap><tld/>emo</kap>
  <snc>
    <dif>
      Eco de iu <tld/>ema:
      <ekz>
        foje &scirc;i plendis pro la <tld/>emo de fifotistoj
        <fnt><aut>Paul Gubbins</aut>: <vrk>Diana... &ccirc;u
        diino?</vrk>,
        <bib>Monato</bib><lok>jaro 1997a, numero 9a, p. 16a</lok></fnt>.
      </ekz>
    </dif>
  </snc>
  <trd
  lng="be">&c_a;&c_g;&c_r;&c_e;&c_s;&c_ib;&c_w;&c_n;&c_a;&c_s;&c_mol;&c_c;&c_mol;</trd>
  <trd lng="cs">agresivita</trd>
  <trdgrp lng="de">
    <trd>Angriffslust</trd>,
    <trd>Aggressivit&auml;t</trd>
  </trdgrp>
  <trd lng="es">agresividad</trd>
  <trdgrp lng="fr">
    <trd>agressivit&eacute;</trd>
  </trdgrp>
  <trd lng="it">aggresivit&agrave;</trd>
  <trd
  lng="ru">&c_a;&c_g;&c_r;&c_je;&c_s;&c_s;&c_i;&c_v;&c_n;&c_o;&c_s;&c_t;&c_mol;</trd>
  <trd lng="sk">agresivita</trd>
  <trd lng="tr">sald&inodot;rganl&inodot;k</trd>
</drv>
</art>
<!--
$Log: agres.xml,v $
Revision 1.26  2018/08/06 09:10:15  revo
Michel Cantigneaux: aperas unue en SPV (1953), oficialaj en 9OA (2007)

Revision 1.25  2017/01/29 13:10:23  revo
Adam Eng: +trd ms

Revision 1.24  2015/07/04 08:37:29  revo
aldono de trd cs per skripto de M. von Laer

Revision 1.23  2015/06/28 12:03:35  revo
aldono de trd sk per skripto de M. von Laer

Revision 1.22  2015/04/17 22:10:17  revo
Carlos Garcia: +trd es -emo

Revision 1.21  2011/11/18 11:10:15  revo
Antonio Codazzi: + trd it

Revision 1.20  2010/07/19 16:30:24  revo
Agustin Garcia Lopez: +trd es (-o)

Revision 1.19  2009/08/25 16:32:45  revo
-->
</vortaro>
