<?xml version="1.0"?>
<!DOCTYPE vortaro SYSTEM "../dtd/vokoxml.dtd">

<vortaro>
<art mrk="$Id: agriku.xml,v 1.22 2018/09/10 07:10:15 revo Exp $">
<kap>
  <rad>agrikultur</rad>/o <fnt>Z</fnt> <fnt><bib>PV</bib></fnt>
</kap>
<drv mrk="agriku.0o">
  <kap><tld/>o</kap>
  <snc mrk="agriku.0o.AGR">
    <uzo tip="fak">AGR</uzo>
    <dif>
      <ref tip="dif" cel="kultur.ter0o.AGR">Terkulturo</ref>:
      <ekz>
        translimaj instancoj inter Nord-Irlando kaj Irlanda Respubliko
        <klr>[&#8230;]</klr> respondecos pri turismo, <tld/>o, sekureco, ktp, sed ne pri politikaj aferoj
        <fnt>
          <bib>Monato</bib>
          <vrk><url ref="http://steloj.de/esperanto/monato2/006826.html">Irlando: &Ccirc;u pa&scirc;oj al paco?</url></vrk>
        </fnt>;
      </ekz>
      <ekz>
        multaj firmaoj &ccirc;esis funkcii, kaj homoj pene vivtenas sin per et<tld/>o
        <fnt>
          <bib>Monato</bib>
          <aut>Evgeni Georgiev</aut>
          <vrk><url ref="http://steloj.de/esperanto/monato2/007150.html">Anseroj kaj azeno</url></vrk>
        </fnt>;
      </ekz>
      <ekz>
        ciferoj lastatempe publikigitaj de la ministrejo pri <tld/>o montras, ke en 1999 &Ccirc;inio produktis pli ol 8 milionojn da tunoj da lakto
        <fnt>
          <bib>Monato</bib>
          <aut>Mu Binghua</aut>
          <vrk><url ref="http://steloj.de/esperanto/monato2/007169.html">Lakto ne &scirc;atata</url></vrk>
        </fnt>;
      </ekz>
      <ekz>
        grundo ta&ubreve;ga a&ubreve; por <tld/>o
        <fnt>
          <bib>Monato</bib>
          <aut>D. E. Rogers</aut>
          <vrk><url ref="http://www.esperanto.be/fel/2004/008269.html">Libera programaro: nova rimedo komerci</url></vrk>
        </fnt>.
      </ekz>
    </dif>
  </snc>
  <trd lng="be">&c_z;&c_je;&c_m;&c_l;&c_ja;&c_r;&c_o;&c_b;&c_s;&c_t;&c_v;&c_a;</trd>
  <trdgrp lng="cs">
    <trd>agrikultura</trd>,
    <trd>zem&ecaron;d&ecaron;lstv&iacute;</trd>,
    <trd>zem&ecaron;d&ecaron;lstv&iacute;</trd>
  </trdgrp>
  <trd lng="de">Landwirtschaft</trd>
  <trd lng="en">agriculture</trd>
  <trd lng="es">agricultura</trd>
  <trd lng="ms">pertanian</trd>
  <trdgrp lng="fa">
    <trd>&f_k;&a_sh;&a_A;&a_w;&a_r;&a_z;&f_y;</trd>,
    <trd>&a_z;&a_r;&a_A;&a_ayn;&a_t;</trd>
  </trdgrp>
  <trd lng="fr">agriculture</trd>
  <trd lng="hu">mez&odblac;gazdas&aacute;g</trd>
  <trd lng="it">agricoltura</trd>
  <trd lng="nl">landbouw</trd>
  <trd lng="pt">agricultura</trd>
  <trd lng="ru">&c_z;&c_je;&c_m;&c_l;&c_je;&c_d;&c_je;&c_l;&c_i;&c_je;</trd>
  <trd lng="sk">po&lcaron;nohospod&aacute;rstvo</trd>
  <trdgrp lng="tr">
    <trd>tar&inodot;m</trd>,
    <trd>&ccedil;ift&ccedil;ilik</trd>,
    <trd>ziraat</trd>
  </trdgrp>
</drv>

<drv mrk="agriku.0isto">
  <kap><tld/>isto</kap>
  <snc mrk="agriku.0isto.AGR">
    <uzo tip="fak">AGR</uzo>
    <dif>
      <ref tip="dif" cel="kultur.ter0isto.AGR">Terkulturisto</ref>:
      <ekz>
        la garantiitaj prezoj instigis la <tld/>istojn produkti pli
        ol bezonate kaj la troo estis je granda kosto longda&ubreve;re stokita
        a&ubreve; kun grandaj subvencioj vendata en la monda merkato
        <fnt>
          <bib>Monato</bib>
          <aut>Roland Rotsaert</aut>
          <vrk><url ref="http://www.monato.net/2008/009511.php">Man&gcirc;i estos pli koste</url></vrk>
        </fnt>;
      </ekz>
      <ekz>
        la kreskanta bezono de etanolo devigas <tld/>istojn akceli kultivadon de plantoj
        <fnt>
          <bib>Monato</bib>
          <aut>Stefan Maul</aut>
          <vrk><url ref="http://www.monato.net/2011/010226.php">Ekologio paradokse</url></vrk>
        </fnt>.
      </ekz>
    </dif>
  </snc>
  <trd lng="be">&c_z;&c_je;&c_m;&c_l;&c_ja;&c_r;&c_o;&c_b;</trd>
  <trd lng="cs">zem&ecaron;d&ecaron;lec</trd>
  <trd lng="de">Landwirt</trd>
  <trdgrp lng="fa">
    <trd>&f_k;&a_sh;&a_A;&a_w;&a_r;&a_z;</trd>,
    <trd>&a_b;&a_r;&a_z;&f_g;&a_r;</trd>,
    <trd>&a_z;&a_A;&a_r;&a_ayn;</trd>
  </trdgrp>
  <trd lng="fr">agriculteur</trd>
  <trdgrp lng="hu">
    <trd>(mez&odblac;)<ind>gazda</ind></trd>,
    <trd>gazd&aacute;lkod&oacute;</trd>
  </trdgrp>
  <trd lng="it">agricoltore</trd>
  <trd lng="sk">po&lcaron;nohospod&aacute;r</trd>
  <trd lng="tr">&ccedil;ift&ccedil;i</trd>
</drv>

</art>
<!--
$Log: agriku.xml,v $
Revision 1.22  2018/09/10 07:10:15  revo
Wolfram Diestel: +ekz-oj

Revision 1.21  2017/01/28 12:10:25  revo
Adam Eng: + trd

Revision 1.20  2015/10/02 19:10:16  revo
Jeromo Vasxe: +fak agr, ref dif

Revision 1.19  2015/07/04 08:37:29  revo
aldono de trd cs per skripto de M. von Laer

Revision 1.18  2011/11/18 11:10:16  revo
Antonio Codazzi: + trd it

Revision 1.17  2009/08/25 16:32:46  revo
Emmanuel Debanne: +trd tr

Revision 1.16  2009/08/23 16:31:48  revo
Behnam Tabatabai: +trd fa

Revision 1.15  2005/11/16 11:23:22  revo
-->
</vortaro>
