<?xml version="1.0"?>
<!DOCTYPE vortaro SYSTEM "../dtd/vokoxml.dtd">

<vortaro>
<art mrk="$Id: agrono.xml,v 1.21 2018/08/06 08:10:14 revo Exp $">
<kap>
  <ofc>7</ofc>
  <rad>agronom</rad>/o <fnt><bib>ZR</bib></fnt>
  <fnt><bib>PIV1</bib></fnt>
  
</kap>

<drv mrk="agrono.0o">
  <kap><tld/>o</kap>
  <snc mrk="agrono.0o.AGR">
    <ref tip="dif" cel="agrono1.0isto">agronomiisto</ref>
      <ekz>
        mi malgranda <tld/>o ripetis mian lekcion
        pri la bur&gcirc;onoj, la floroj
        <fnt>
          <aut>W. F. Hermans, trad. M. Meeuwissen</aut>,
          <vrk><url ref="http://meeuw.org/wimshurst/">
          La elektrilo de Wimshurst</url></vrk>,
          <lok>2013-01-06</lok>
        </fnt>.
      </ekz>
  </snc>
  <trd lng="be">&c_a;&c_g;&c_r;&c_a;&c_n;&c_o;&c_m;</trd>
  <trd lng="bg">&c_a;&c_g;&c_r;&c_o;&c_n;&c_o;&c_m;</trd>
  <trd lng="cs">v&ecaron;dec agronom</trd>
  <trdgrp lng="de">
     <trd>Agronom</trd>,
     <trd>studierter <ind>Landwirt</ind></trd>
  </trdgrp>
  <trd lng="en">agronomist</trd>
  <trd lng="fr">agronome</trd>
  <trd lng="nl">agronoom</trd>
  <trd lng="pl">agronom</trd>
  <trd lng="pt">agr&ocirc;nomo</trd>
  <trd lng="ru">&c_a;&c_g;&c_r;&c_o;&c_n;&c_o;&c_m;</trd>
  <trdgrp lng="sk">
    <trd>agron&oacute;m</trd>,
    <trd>vedec agron&oacute;m</trd>
  </trdgrp>
  <trd lng="sv">agronom</trd>
</drv>
</art>
<!--
$Log: agrono.xml,v $
Revision 1.21  2018/08/06 08:10:14  revo
Michel Cantigneaux: aperas unue nur en la PIV1, ne PV

Revision 1.20  2017/06/03 12:10:15  revo
Vito Redsky: +trd pl

Revision 1.19  2015/07/04 08:37:29  revo
aldono de trd cs per skripto de M. von Laer

Revision 1.18  2015/06/28 12:03:35  revo
aldono de trd sk per skripto de M. von Laer

Revision 1.17  2013/08/09 20:10:10  revo
Jeromo Vasxe: + ekz

Revision 1.16  2008/01/29 17:30:51  revo
Wieland Pusch: +trd bg

Revision 1.15  2003/10/30 17:31:41  revo
Dmitri Gabinski: +trd be

Revision 1.14  2003/05/17 16:32:26  revo
-->
</vortaro>
