<?xml version="1.0"?>
<!DOCTYPE vortaro SYSTEM "../dtd/vokoxml.dtd">

<vortaro>
<art mrk="$Id: agx.xml,v 1.54 2019/01/24 18:10:18 revo Exp $">
<kap>
   <ofc>*</ofc>
   <rad>a&gcirc;</rad>/o <fnt><bib>PV</bib></fnt>
</kap>

<drv mrk="agx.0o">
   <kap><ofc>*</ofc><tld />o</kap>
   <snc mrk="agx.0o.KOMUNE">
     <dif>
       Kiomo de la tempo pasinta depost la naski&gcirc;o a&ubreve;
       esti&gcirc;o:
       <ekz>
	 kia estas via <tld/>o?<fnt>Z</fnt>
       </ekz>
       <ekz>
	 kioman <tld/>on vi havas?
       </ekz>
       <ekz>
	 kian <tld />on mi havas
	 <fnt><bib>FK</bib>, <lok>3, anekdotoj</lok></fnt>?
       </ekz>
       <ekz>
	 en la <tld />o de ok tagoj
	 <fnt><bib>MT</bib>, <lok>&Gen; 17:12</lok></fnt>;
       </ekz>
       <ekz>
	 en la <tld />o de dudek jaroj
	 <fnt><bib>MT</bib>, <lok>&Nom; 1:20</lok></fnt>.
       </ekz>
     </dif>
     <trd lng="th">&#3629;&#3634;&#3618;&#3640;</trd>
   </snc>
   <trd lng="be">&c_u;&c_z;&c_r;&c_o;&c_s;&c_t;</trd>
   <trd lng="br">oad</trd>
   <trd lng="cs">st&aacute;&rcaron;&iacute;</trd>
   <trd lng="de">Alter</trd>
   <trd lng="en">age</trd>
   <trd lng="es">edad</trd>
   <trd lng="fr">&acirc;ge</trd>
   <trd lng="ms">umur</trd>
   <trdgrp lng="id">
     <trd>umur</trd>,
     <trd>usia</trd>
   </trdgrp>
   <trd lng="it">et&agrave;</trd>
   <trd lng="ja">&#24180;&#40802; [<ind>&#12397;&#12435;&#12428;&#12356;</ind>]</trd>
   <trd lng="nl">leeftijd</trd>
   <trd lng="pl">wiek</trd>
   <trd lng="pt">idade</trd>
   <trd lng="ro">v&acirc;rst&abreve;</trd>
   <trd lng="ru">&c_v;&c_o;&c_z;&c_r;&c_a;&c_s;&c_t;</trd>
   <trd lng="sk">vek</trd>
   <trd lng="sv">&aring;lder</trd>
   <trd lng="tr">ya&scedil;</trd>
</drv>

<drv mrk="agx.0i">
   <kap><tld />i</kap>
   <gra><vspec>ntr</vspec></gra>
   <snc mrk="agx.0i.KOMUNE">
     <dif>
       Esti atinginta la <tld />on de:
       <ekz>
         kiom li <tld />as? li estas dekkvinjara;
       </ekz>
       <ekz>
         tiu &ccirc;i tombo <tld />as almena&ubreve; jarcenton
         <fnt><bib>Kiso</bib>, <lok>tombeja arabesko</lok></fnt>.
       </ekz>
     </dif>
     <trd lng="th">&#3617;&#3637;&#3629;&#3634;&#3618;&#3640;</trd>
   </snc>
   <trd lng="br">beza&ntilde; <ind>oadet</ind> a</trd>
   <trd lng="de">alt sein</trd>
   <trd lng="en">be the age of</trd>
   <trd lng="es">cumplir a&ntilde;os</trd>
   <trd lng="fr">&ecirc;tre <ind>&acirc;g&eacute;</ind> <klr>(de)</klr></trd>
   <trdgrp lng="id">
     <trd>[<ind>umur</ind>] berumur</trd>,
     <trd>[<ind>usia</ind>] berusia</trd>
   </trdgrp>
   <trd lng="ja">&#65288;&#12316;&#27507;&#12398;&#65289;&#24180;&#40802;&#12391;&#12354;&#12427;</trd>
   <trd lng="pl"><klr tip="amb">(mie&cacute;)</klr> <ind>lat</ind></trd>
   <trd lng="pt">ter a <ind>idade</ind> <klr>(de)</klr></trd>
   <trd lng="ru">&c_i;&c_m;&c_je;&c_t;&c_mol; <ind>&c_v;&c_o;&c_z;&c_r;&c_a;&c_s;&c_t;</ind></trd>
</drv>

<drv mrk="agx.0a">
   <kap><tld />a<fnt>Z</fnt></kap>
   <snc mrk="agx.0a.KOMUNE">
     <dif>
       Havanta ian <tld />on:
       <ekz>
	 mi estas pli <tld />a ol vi;
       </ekz>
       <ekz>
	 esti 5 jarojn <tld />a;
       </ekz>
       <ekz>
	 <tld />ulo de unu monato &gcirc;is kvin jaroj
	 <fnt><bib>MT</bib>, <lok>&Lev; 27:6</lok></fnt>.
       </ekz>
     </dif>
   </snc>
   <trd lng="br">oadet</trd>
   <trd lng="de">alt</trd>
   <trd lng="en">aged</trd>
   <trd lng="fr">&acirc;g&eacute;</trd>
   <trdgrp lng="id">
     <trd>tua</trd>,
     <trd>[<ind>umur</ind>] berumur</trd>
   </trdgrp>
   <trd lng="nl">oud</trd>
   <trd lng="pl"><klr tip="amb">(maj&aogonek;cy)</klr>
   <ind>lat</ind></trd>
   <trd lng="pt">idoso</trd>
   <trd lng="ru">&c_i;&c_m;&c_je;&c_ju;&c_shch;&c_i;&c_j;
  <ind>&c_v;&c_o;&c_z;&c_r;&c_a;&c_s;&c_t;</ind></trd>
  <trd lng="tr">ya&scedil;l&inodot;</trd>
</drv>

<drv mrk="agx.flor0o">
  <kap>flor<tld />o</kap>
  <snc mrk="agx.flor0o.KOMUNE">
    <dif>
      A&gcirc;o de florado, de prospera juneco:
      <ekz>
        kie oni volas esti en sia matura <tld/>o,
        tien oni devas strebi jam en sia flor<tld/>o!
        <fnt>
        <aut>J. Dorosmai, trad. J. Dorosmai jun. kaj J. Horvath</aut>
        <vrk>Fabloj kaj Aforismoj</vrk>
        <lok>2002</lok>
        </fnt>.
      </ekz>
    </dif>
  </snc>
  <trdgrp lng="fr">
    <trd>fleur de l'&acirc;ge</trd>,
    <trd>printemps <klr>de la vie</klr></trd>
  </trdgrp>
</drv>

<drv mrk="agx.grand0a">
   <kap>grand<tld />a</kap>
   <snc mrk="agx.grand0a.KOMUNE">
     <dif>
       Jam tre <ref tip="super" cel="jun.mal0a">maljuna</ref>:
       <ekz>
	 kiel vi ne hontas, grand<tld />a viro, tiel brui pro kelkaj
	 mankantaj butonoj
	 <fnt><bib>FK</bib> <lok>3, anekdotoj</lok></fnt>!
       </ekz>
     </dif>
   </snc>
   <trd lng="be">&c_s;&c_t;&c_a;&c_r;&c_y; <klr>(&c_n;&c_a;&c_z;.)</klr></trd>
   <trdgrp lng="br">
     <trd>kozh-tre</trd>,
     <trd>er maez a <ind>oad</ind></trd>
   </trdgrp>
   <trdgrp lng="en">
     <trd>aged</trd>,
     <trd>of great <ind>age</ind></trd>
   </trdgrp>
   <trdgrp lng="fr">
     <trd>de grand <ind>&acirc;ge</ind></trd>,
     <trd>tr&egrave;s <ind>&acirc;g&eacute;</ind></trd>
   </trdgrp>
   <trdgrp lng="id">
     <trd>tua</trd>,
     <trd>[<ind>umur</ind>] berumur</trd>
   </trdgrp>
   <trd lng="nl">oud</trd>
   <trd lng="pl">wiekowy</trd>
   <trd lng="ru">&c_s;&c_t;&c_a;&c_r;&c_y;&c_j;</trd>
</drv>

<drv mrk="agx.grand0ulo">
   <kap>grand<tld />ulo</kap>
   <snc mrk="agx.grand0ulo.KOMUNE">
     <dif>
       Ulo tre maljuna:
       <ekz>
	 ilia respektego anta&ubreve; la grand<tld />ulo
	 <fnt><bib>I&scirc;tar</bib>, <lok>&ccirc;apitro 10a,
Babel</lok></fnt>
	 .
       </ekz>
     </dif>
   </snc>
   <trdgrp lng="en">
     <trd>elder</trd>,
     <trd>person of great age</trd>,
     <trd>doyen</trd>
   </trdgrp>
   <trd lng="fr">personne &acirc;g&eacute;e</trd>
   <trd lng="id"><ind>orang</ind> tua (bangka)</trd>
   <trd lng="pl">cz&lstroke;owiek w podesz&lstroke;ym
   <ind>wieku</ind></trd>
   <trd lng="ru">&c_s;&c_t;&c_a;&c_r;&c_i;&c_k;</trd>
   <trd lng="tr">ya&scedil;l&inodot; ki&scedil;i</trd>
</drv>

<drv mrk="agx.infan0o">
   <kap>infan<tld />o</kap>
   <snc mrk="agx.infan0o.KOMUNE">
     <dif>
       Unua vivotempo inter nasko kaj jun<tld />o:
       <ekz>
         li komencis blindi&gcirc;i jam en sia infan<tld />o
         <fnt><bib>&Ccirc;uk&ccirc;oj</bib>, <lok>blindaj
         &ccirc;uk&ccirc;oj</lok></fnt>.
       </ekz>
     </dif>
     <trd lng="th">&#3623;&#3633;&#3618;&#3648;&#3604;&#3655;&#3585;</trd>
   </snc>
   <trdgrp lng="br">
     <trd>bugaleaj</trd>,
     <trd>bugeliezh</trd>
   </trdgrp>
   <trd lng="de">Kindheit</trd>
   <trd lng="en">infancy <klr tip="amb">(age)</klr></trd>
   <trd lng="fr">enfance<klr tip="amb"> (&acirc;ge)</klr></trd>
   <trdgrp lng="id">
     <trd><ind>masa</ind> kanak-kanak</trd>,
     <trd><ind>masa</ind> kecil</trd>
   </trdgrp>
   <trd lng="nl">jeugd</trd>
   <trd lng="pl">dzieci&nacute;stwo</trd>
   <trd lng="ro">copil&abreve;rie</trd>
   <trd lng="ru">&c_d;&c_je;&c_t;&c_s;&c_t;&c_v;&c_o;</trd>
   <trd lng="sv">barndom</trd>
</drv>

<drv mrk="agx.jun0o">
   <kap>jun<tld />o</kap>
   <snc mrk="agx.jun0o.KOMUNE">
     <dif>
       Vivotempo, dum kiu oni estas juna:
       <ekz>
	 mi memoras tagojn de mia jun<tld />o
	 <fnt><bib>Metrop</bib></fnt>.
       </ekz>
     </dif>
     <trd lng="th">&#3648;&#3618;&#3634;&#3623;&#3594;&#3609;</trd>
   </snc>
   <trd lng="br">yaouankiz</trd>
   <trd lng="de">Jugend</trd>
   <trd lng="en">youth <klr tip="amb">(age)</klr></trd>
   <trd lng="fr">jeunesse<klr tip="amb"> (&acirc;ge)</klr></trd>
   <trd lng="id"><ind>masa</ind> muda</trd>
   <trd lng="pl">m&lstroke;odo&sacute;&cacute;</trd>
   <trd lng="ro">tinere&tcedil;e</trd>
   <trd lng="ru">&c_ju;&c_n;&c_o;&c_s;&c_t;&c_mol;</trd>
</drv>

<drv mrk="agx.mez0a">
   <kap>mez<tld />a</kap>
   <snc mrk="agx.mez0a.KOMUNE">
     <dif>
       Proksimume en la mezo de normale longa vivo,
       nek tre juna, nek tre maljuna:
       <ekz>
	 mez<tld />a nerazita viro en kalvi&gcirc;inta leda jako
	 <fnt><bib>Metrop</bib></fnt>.
       </ekz>
     </dif>
     <trd lng="th">&#3623;&#3633;&#3618;&#3585;&#3621;&#3634;&#3591;&#3588;&#3609;</trd>
   </snc>
   <trd lng="br">etre daou <ind>oad</ind></trd>
   <trd lng="en">middle-aged</trd>
   <trd lng="fr">d'<ind>&acirc;ge</ind> moyen</trd>
   <trdgrp lng="id">
     <trd>se<ind>paruh</ind> baya</trd>,
     <trd>se<ind>tengah</ind> baya</trd>
   </trdgrp>
   <trd lng="ja">&#20013;&#24180;&#12398; [<ind>&#12385;&#12421;&#12358;&#12397;&#12435;&#12398;</ind>]</trd>
   <trd lng="nl">van <ind>middelbare leeftijd</ind></trd>
   <trd lng="pl">w &sacute;rednim <ind>wieku</ind></trd>
   <trd lng="ru">&c_s;&c_r;&c_je;&c_d;&c_n;&c_je;&c_g;&c_o;
<ind>&c_v;&c_o;&c_z;&c_r;&c_a;&c_s;&c_t;&c_a;</ind></trd>
   <trd lng="sv">medel&aring;lders</trd>
   <trd lng="tr">orta ya&scedil;</trd>
</drv>

<drv mrk="agx.mez0ulo">
   <kap>mez<tld />ulo</kap>
   <snc mrk="agx.mez0ulo.KOMUNE">
     <dif>
       Ulo de meza <tld />o, nek tre juna, nek tre maljuna:
       <ekz>
	 la viro, mez<tld />ulo, estis Hagaj, iama sklavo
	 <fnt><bib>I&scirc;tar</bib>, <lok>&ccirc;apitro 2a</lok></fnt>.
       </ekz>
     </dif>
   </snc>
   <trd lng="en">middle-aged person</trd>
   <trd lng="fr">homme d'&acirc;ge moyen</trd>
   <trdgrp lng="id">
     <trd><ind>orang</ind> separuh baya</trd>,
     <trd><ind>orang</ind> setengah baya</trd>
   </trdgrp>
   <trd lng="ja">&#20013;&#24180;&#12398;&#20154; [<ind>&#12385;&#12421;&#12358;&#12397;&#12435;&#12398;&#12402;&#12392;</ind>]</trd>
   <trd lng="nl">persoon van <ind>middelbare leeftijd</ind></trd>
   <trd lng="pl">cz&lstroke;owiek w &sacute;rednim
   <ind>wieku</ind></trd>
   <trd lng="ru">&c_ch;&c_je;&c_l;&c_o;&c_v;&c_je;&c_k;
&c_s;&c_r;&c_je;&c_d;&c_n;&c_je;&c_g;&c_o;
&c_v;&c_o;&c_z;&c_r;&c_a;&c_s;&c_t;&c_a;</trd>
   <trd lng="sv">medel&aring;lders person</trd>
</drv>

<drv mrk="agx.mond0o">
   <kap>mond<tld />o</kap>
   <snc mrk="agx.mond0o.KAL">
     <uzo tip="fak">KAL</uzo>
     <dif>
       Longa <ref tip="super" cel="epok.0o">epoko</ref>, parto de la
       homa a&ubreve; universa historio:
       <ekz>
	 tiel estos &ccirc;e la fino de la mond<tld />o
	 <fnt><bib>NT</bib>, <lok>&Mat; 13:40</lok></fnt>;
       </ekz>
       <ekz>
	 la sa&gcirc;eco ka&scirc;ita, kiun Dio anta&ubreve;destinis
anta&ubreve; la mond<tld />oj por
	 nia glorado
	 <fnt><bib>NT</bib>, <lok>&Ko1; 2:7</lok></fnt>.
       </ekz>
     </dif>
   </snc>
   <trd lng="br">oadvezh</trd>
   <trdgrp lng="en">
     <trd>epoch</trd>,
     <trd>period <klr tip="amb">(geological)</klr></trd>
   </trdgrp>
   <trdgrp lng="fr">
     <trd>p&eacute;riode<klr tip="amb"> (historique)</klr></trd>,
     <trd>si&egrave;cles<klr tip="amb"> (longue
     &eacute;poque)</klr></trd>
   </trdgrp>
   <trdgrp lng="id">
     <trd>masa</trd>,
     <trd>zaman</trd>
   </trdgrp>
   <trd lng="pl">epoka</trd>
   <trd lng="ro">er&abreve;</trd>
   <trd lng="ru">&c_e;&c_p;&c_o;&c_h;&c_a;</trd>
</drv>

<drv mrk="agx.neplen0a">
   <kap>neplen<tld />a</kap>
   <snc mrk="agx.neplen0a.POL">
     <dif>
       Ankora&ubreve; ne atinginta la <tld />on de plenaj sociaj rajtoj:
       <ekz>
	 Ijob volonte konsentis kontroladi la administradon de la bienoj de
	 Omar dum la neplen<tld />o de ties filino
	 <fnt><bib>I&scirc;tar</bib>, <lok>&ccirc;apitro 23a, paca
Betra&hcirc;</lok></fnt>.
       </ekz>
     </dif>
     <trd lng="th">&#3618;&#3633;&#3591;&#3652;&#3617;&#3656;&#3610;&#3619;&#3619;&#3621;&#3640;&#3609;&#3636;&#3605;&#3636;&#3616;&#3634;&#3623;&#3632;</trd>
   </snc>
   <trd lng="br">dindan an <ind>oad</ind></trd>
   <trd lng="br">dindan an <ind>oad</ind></trd>
   <trdgrp lng="en">
     <trd>minor <klr tip="amb">(legally)</klr></trd>,
     <trd>underage</trd>
   </trdgrp>
   <trd lng="fr">mineur<klr tip="amb"> (civiquement)</klr></trd>
   <trd lng="id"><ind>di</ind> bawah umur</trd>
   <trd lng="ja">&#26410;&#25104;&#24180;&#12398; [<ind>&#12415;&#12379;&#12356;&#12397;&#12435;&#12398;</ind>]</trd>
   <trd lng="nl">minderjarig</trd>
   <trdgrp lng="pl">
     <trd>nieletni</trd>,
     <trd>niepe&lstroke;noletni</trd>
   </trdgrp>
   <trd lng="ro">minor</trd>
   <trd lng="ru">&c_n;&c_je;&c_s;&c_o;&c_v;&c_je;&c_r;&c_sh;&c_je;&c_n;&c_n;&c_o;&c_l;&c_je;&c_t;&c_n;&c_i;&c_j;</trd>
</drv>

<drv mrk="agx.plej0ulo">
   <kap>plej<tld />ulo</kap>
   <snc mrk="agx.plej0ulo.POL">
     <dif> 
       <ref tip="dif" cel="agx.pli0ulo.POL">Pli<tld />ulo</ref>:
       <ekz>
         &ccirc;e &ccirc;iu fenestro staris tri skribistoj kaj unu urba
         plej<tld />ulo
         <fnt>
           <bib>Fab3</bib>, 
           <lok>Johan&ccirc;jo-malsa&gcirc;ulo</lok>
         </fnt>.
       </ekz>
     </dif>
     <trd lng="th">&#3612;&#3641;&#3657;&#3629;&#3634;&#3623;&#3640;&#3650;&#3626;</trd>
   </snc>
   <trd lng="de">&Auml;ltester</trd>
   <trdgrp lng="en">
     <trd>elder</trd>,
     <trd>doyen</trd>
   </trdgrp>
   <trdgrp lng="fr">
     <trd>a&icirc;n&eacute;<klr tip="amb"> (subst.)</klr></trd>,
     <trd>ancien<klr tip="amb"> (subst.)</klr></trd>
   </trdgrp>
   <trdgrp lng="id">
     <trd>senior</trd>,
     <trd>[<ind>sepuh</ind>] sesepuh</trd>,
     <trd>[<ind>tua</ind>]tetua</trd>
   </trdgrp>
   <trd lng="pl">senior</trd>
   <trd lng="ru">&c_s;&c_t;&c_a;&c_r;&c_je;&c_j;&c_sh;&c_i;&c_n;&c_a;</trd>
   <trd lng="sv">&auml;ldste</trd>
</drv>

<drv mrk="agx.plen0a">
   <kap><ofc>*</ofc>plen<tld />a <fnt><bib>F</bib>, <lok>Universala
   Vortaro, <url ref="http://www.akademio-de-esperanto.org/fundamento/universala_vortaro.html#av-5161">plen'a&gcirc;'</url></lok></fnt></kap>
   <snc mrk="agx.plen0a.POL">
     <dif>
       Havanta la <tld />on, kiu donas &ccirc;iujn civitanajn rajtojn:
       <ekz>
         &ccirc;iuj plen<tld />aj lo&gcirc;antoj de amba&ubreve; seksoj
         havas la rajton de vo&ccirc;donado
         <fnt><bib>FK</bib>, <lok>El la vivo kaj sciencoj</lok></fnt>.
       </ekz>
     </dif>
     <trd lng="th">&#3610;&#3619;&#3619;&#3621;&#3640;&#3609;&#3636;&#3605;&#3636;&#3616;&#3634;&#3623;&#3632;</trd>
   </snc>
   <trdgrp lng="be">
     <trd>&c_d;&c_a;&c_r;&c_o;&c_s;&c_l;&c_y;</trd>,
     <trd>&c_p;&c_a;&c_w;&c_n;&c_a;&c_l;&c_je;&c_t;&c_n;&c_ib;</trd>,
     <trd>&c_s;&c_t;&c_a;&c_l;&c_y;</trd>
   </trdgrp>
   <trd lng="br">deuet (d'e oad gour)</trd>
   <trd lng="de">vollj&auml;hrig</trd>
   <trd lng="en">over the age of majority</trd>
   <trd lng="es">mayor de edad</trd>
   <trd lng="fr">majeur<klr tip="amb"> (civiquement)</klr></trd>
   <trd lng="ja">&#38738;&#24180;&#12398; [<ind>&#12379;&#12356;&#12397;&#12435;&#12398;</ind>]</trd>
   <trd lng="nl">meerderjarig</trd>
   <trd lng="pl">pe&lstroke;noletni</trd>
   <trdgrp lng="pt">
     <trd>adulto</trd>,
     <trd>maior de idade</trd>
   </trdgrp>
   <trd lng="ro">major</trd>
   <trdgrp lng="ru">
     <trd>&c_v;&c_z;&c_r;&c_o;&c_s;&c_l;&c_y;&c_j;</trd>,
     <trd>&c_s;&c_o;&c_v;&c_je;&c_r;&c_sh;&c_je;&c_n;&c_n;&c_o;&c_l;&c_je;&c_t;&c_n;&c_i;&c_j;</trd>
   </trdgrp>
   <trd lng="sk">plnolet&yacute;</trd>
   <trd lng="tp">suli</trd>
   <trd lng="tr">ergin</trd>
</drv>

<drv mrk="agx.pli0igxi">
  <kap>pli<tld />i&gcirc;i</kap>
  <snc mrk="agx.pli0igxi.KOMUNE">
    <dif>
      I&gcirc;i pli <tld />a,
      <ref tip="vid" cel="jun.mal0igxi">maljuni&gcirc;i</ref>:
      <ekz>
        li &scirc;ajne neniel &scirc;an&gcirc;i&gcirc;is a&ubreve;
        pli<tld />i&gcirc;is
        <fnt>
          <aut>E. R. Burroughs, trad. K. R. C. Sturmer</aut>,
          <vrk><url ref="http://edu.i-lo.tarnow.pl/esp/lern/librejo/0029/index.php">
          Princino de Marso</url></vrk>,
          <lok>1938</lok>
        </fnt>.
      </ekz>
    </dif>
    <trd lng="th">&#3617;&#3637;&#3629;&#3634;&#3618;&#3640;&#3617;&#3634;&#3585;&#3586;&#3638;&#3657;&#3609;</trd>
  </snc>
  <trdgrp lng="en">
    <trd>age</trd>
    <trd>grow older</trd>
  </trdgrp>
  <trd lng="fr">prendre de l'<ind>&acirc;ge</ind></trd>
  <trd lng="id">[<ind>tua</ind>] menua</trd>
  <trd lng="ja">&#24180;&#12434;&#21462;&#12427; [<ind>&#12392;&#12375;&#12434;&#12392;&#12427;</ind>]</trd>
  <trd lng="nl">ouder worden</trd>
</drv>

<drv mrk="agx.pli0ulo">
   <kap>pli<tld />ulo</kap>
   <snc mrk="agx.pli0ulo.POL">
     <dif>
       Iu el la pli <tld />aj, respektataj homoj en grupo a&ubreve;
       socio:
       <ekz>
	 kiam la &ccirc;efpastroj kaj pli<tld />uloj akuzis lin, li respondis
	 nenion
	 <fnt><bib>NT</bib>, <lok>&Mat; 27:12</lok></fnt>.
       </ekz>
     </dif>
     <trd lng="th">&#3612;&#3641;&#3657;&#3629;&#3634;&#3623;&#3640;&#3650;&#3626;</trd>
   </snc>
   <trdgrp lng="en">
     <trd>elder</trd>,
     <trd>doyen</trd>
   </trdgrp>
   <trdgrp lng="fr">
     <trd>a&icirc;n&eacute;<klr tip="amb"> (subst.)</klr></trd>,
     <trd>ancien<klr tip="amb"> (subst.)</klr></trd>
   </trdgrp>
   <trdgrp lng="id">
     <trd>senior</trd>,
     <trd>[<ind>sepuh</ind>] sesepuh</trd>,
     <trd>[<ind>tua</ind>]tetua</trd>
   </trdgrp>
   <trd lng="de">&Auml;lterer</trd>
   <trd lng="pl">starzec</trd>
   <trd lng="ru">&c_s;&c_t;&c_a;&c_r;&c_je;&c_j;&c_sh;&c_i;&c_n;&c_a;</trd>
</drv>

<drv mrk="agx.profund0a">
   <kap>profund<tld />a</kap>
   <snc mrk="agx.profund0a.KOMUNE">
     <dif>
       <ref tip="dif" cel="agx.grand0a">Grand<tld />a</ref>:
       <ekz>
         Abraham <klr>...</klr> mortis en bona maljuneco, profund<tld />a
         kaj sata de vivo
         <fnt><bib>NT</bib>, <lok>&Gen; 25:8</lok></fnt>.
       </ekz>
     </dif>
   </snc>
   <trd lng="be">&c_s;&c_t;&c_a;&c_r;&c_y;
<klr>(&c_n;&c_a;&c_z;.)</klr></trd>
   <trd lng="br">er maez a <ind>oad</ind></trd>
   <trdgrp lng="en">
     <trd>aged</trd>,
     <trd>of great <ind>age</ind></trd>
   </trdgrp>
   <trdgrp lng="fr">
     <trd>combl&eacute; de jours</trd>,
     <trd>de grand <ind>&acirc;ge</ind></trd>,
     <trd>tr&egrave;s <ind>ag&eacute;</ind></trd>
   </trdgrp>
   <trd lng="id">tua</trd>
   <trd lng="nl">oud</trd>
   <trd lng="pl">wiekowy</trd>
   <trd lng="ru">&c_s;&c_t;&c_a;&c_r;&c_y;&c_j;</trd>
</drv>

<drv mrk="agx.profund0ulo">
   <kap>profund<tld />ulo</kap>
   <snc mrk="agx.profund0ulo.KOMUNE">
     <dif>
       <ref tip="dif" cel="agx.grand0ulo">Grand<tld />ulo</ref>:
       <ekz>
         kiel viro, tiel anka&ubreve; virino estos kaptita, maljunulo
         kaj
         profund<tld />ulo
         <fnt><bib>MT</bib>, <lok>&Jer; 6:11</lok></fnt>.
       </ekz>
     </dif>
   </snc>
   <trdgrp lng="en">
     <trd>elder</trd>,
     <trd>person of great age</trd>,
     <trd>doyen</trd>
   </trdgrp>
   <trd lng="fr">personne &acirc;g&eacute;e</trd>
   <trd lng="id">manula</trd>
   <trd lng="pl">cz&lstroke;owiek w podesz&lstroke;ym
   <ind>wieku</ind></trd>
   <trd lng="ru">&c_s;&c_t;&c_a;&c_r;&c_i;&c_k;</trd>
</drv>

<drv mrk="agx.sam0ulo">
   <kap>sam<tld />ulo</kap>
   <snc mrk="agx.sam0ulo.GEN">
     <uzo tip="fak">GEN</uzo>
     <dif>
       Ulo de proksimume sama a&gcirc;o kiel iu alia, same juna
       a&ubreve; maljuna:
       <ekz>
	 per nenio &scirc;i similis al siaj sam<tld />ulinoj en Kj&ouml;ge
	 <fnt><bib>Fab3</bib>, <lok>sub la saliko</lok></fnt>.
       </ekz>
     </dif>
     <refgrp tip="vid">
       <ref cel="genera.0o">generacio</ref>
     </refgrp>
     <trd lng="th">&#3612;&#3641;&#3657;&#3607;&#3637;&#3656;&#3629;&#3618;&#3641;&#3656;&#3651;&#3609;&#3623;&#3633;&#3618;&#3648;&#3604;&#3637;&#3618;&#3623;&#3585;&#3633;&#3609;</trd>
   </snc>
   <trd lng="br">den <ind>kenoad</ind></trd>
   <trdgrp lng="de">
     <trd>Gleichaltriger</trd>,
     <trd>Altersgenosse</trd>
   </trdgrp>
   <trdgrp lng="en">
     <trd>person of the same age</trd>,
     <trd>peer</trd>
   </trdgrp>
   <trd lng="fr">personne de m&ecirc;me &acirc;ge</trd>
   <trd lng="id"><ind>orang</ind> sebaya</trd>
   <trd lng="ja">&#21516;&#12356;&#24180;&#12398;&#20154; [<ind>&#12362;&#12394;&#12356;&#12393;&#12375;</ind>&#12398;&#12402;&#12392;]</trd>
   <trd lng="nl">leeftijdsgenoot</trd>
   <trd lng="pl">r&oacute;wie&sacute;nik</trd>
   <trd lng="ro">de aceeasi v&acirc;rst&abreve;</trd>
   <trd lng="ru">&c_r;&c_o;&c_v;&c_je;&c_s;&c_n;&c_i;&c_k;</trd>
</drv>

<drv mrk="agx.temp0o">
   <kap>temp<tld />o</kap>
   <snc mrk="agx.temp0o.KAL">
     <dif>
       <ref tip="dif" cel="agx.mond0o">mond<tld />o</ref>:
       <ekz>
         kie estas la diskutisto de &ccirc;i tiu temp<tld />o
         <fnt><bib>NT</bib>, <lok>&Ko1; 1:20</lok></fnt>?
       </ekz>
     </dif>
   </snc>
   <trd lng="br">oadvezh</trd>
   <trdgrp lng="en">
     <trd>epoch</trd>,
     <trd>period <klr tip="amb">(geological)</klr></trd>
   </trdgrp>
   <trdgrp lng="fr">
     <trd>p&eacute;riode<klr tip="amb"> (historique)</klr></trd>,
     <trd>si&egrave;cles<klr tip="amb"> (longue
     &eacute;poque)</klr></trd>
   </trdgrp>
   <trdgrp lng="id">
     <trd>masa</trd>,
     <trd>zaman</trd>
   </trdgrp>
   <trd lng="pl">epoka</trd>
   <trd lng="ro">epoc&abreve;</trd>
   <trd lng="ru">&c_e;&c_p;&c_o;&c_h;&c_a;</trd>
</drv>
</art>
<!--

$Log: agx.xml,v $
Revision 1.54  2019/01/24 18:10:18  revo
Jeromo Vasxe: + flor~o

Revision 1.53  2017/12/20 10:10:24  revo
Michel Cantigneaux: "plen/agx/a" fundamenta kunmetajxo el la U.V.

Revision 1.52  2017/11/06 19:10:26  revo
Sam Penter: +trd ja,nl,en

Revision 1.51  2017/07/10 06:10:22  revo
Warut Bunprasert: +trd th

Revision 1.50  2017/01/28 12:10:24  revo
Adam Eng: + trd

Revision 1.49  2016/11/20 16:10:16  revo
Wolfram Diestel: dif chirkau ref-dif

Revision 1.48  2016/07/30 12:10:20  revo
Warut Bunprasert: +trd th

Revision 1.47  2016/01/21 07:10:15  revo
-->

</vortaro>
