<?xml version="1.0"?>
<!DOCTYPE vortaro SYSTEM "../dtd/vokoxml.dtd">

<vortaro>
<art mrk="$Id: aha.xml,v 1.5 2013/04/15 11:10:20 revo Exp $">
<kap>
  <rad>aha</rad> <fnt><bib>PIV1</bib></fnt>
</kap>
<drv mrk="aha.0">
  <kap><tld/></kap>
  <gra><vspec>ekkrio</vspec></gra>
  <snc mrk="aha.0.ekscio">
    <dif>
      Tio estas interesa nova&jcirc;o! Tio kompletigas jamajn sciojn:
      <ekz>
        &ndash; <tld lit="A"/>, tiel
        <fnt><bib>Metrop</bib></fnt>!
      </ekz>
    </dif>
  </snc>
  <trdgrp lng="es">
    <trd>aj&aacute;!</trd>
  </trdgrp>
  <trdgrp lng="fr">
    <trd>aha !</trd>,
    <trd>tiens-tiens !</trd>
  </trdgrp>
  <trdgrp lng="pl">
    <trd>aha!</trd>,
    <trd>ha!</trd>
  </trdgrp>
  <trdgrp lng="ru">
    <trd>&c_a;&c_g;&c_a;!</trd>
  </trdgrp>
</drv>
</art>

<!--
$Log: aha.xml,v $
Revision 1.5  2013/04/15 11:10:20  revo
Sebastian Cyprych: +trd pl

Revision 1.4  2012/10/01 14:10:10  revo
Valentin Safonnikov: aldonas traduko

Revision 1.3  2005/03/31 16:33:00  revo
Raul Salinas Monteagudo: +trd es

Revision 1.2  2004/06/14 17:01:05  revo
Jeromo Vasxe: kor mrk

Revision 1.1  2004/06/13 17:04:44  revo
Jeromo Vasxe: nova artikolo

-->
</vortaro>
