<?xml version="1.0"?>
<!DOCTYPE vortaro SYSTEM "../dtd/vokoxml.dtd">

<vortaro>
<art mrk="$Id: ahmadism.xml,v 1.2 2013/03/26 10:10:10 revo Exp $">
<kap>
  <rad>Ahmadism</rad>/o
</kap>
<drv mrk="ahmadism.0o">
  <kap><tld/>o</kap>
  <snc mrk="ahmadism.0o.ISL">
    <uzo tip="fak">ISL</uzo>
    <dif>
      Hinddevena bran&ccirc;o de islamo nomata la&ubreve;
      &gcirc;ia fondinto,
      &gcirc;enerale rigardata de tradicia islamo kiel hereza
      pro la profetaj pretendoj de tiu sama fondinto:
      <ekz>
        <tld/>o <klr>...</klr> estis fondita en 1889 de
        Mirza Gulam Ahmad el Kadjan el Kadjan
        <fnt>
          <bib>Viki</bib>,
          <lok><url ref="http://eo.wikipedia.org/wiki/Ahmadismo">
          Ahmadismo</url>, 2011-06-30</lok>
        </fnt>.
      </ekz>
    </dif>
  </snc>
  <trd lng="id">Ahmadiyah</trd>
  <trd lng="fr">Ahmadisme</trd>
</drv>
</art>

<!--
$Log: ahmadism.xml,v $
Revision 1.2  2013/03/26 10:10:10  revo
Eko Nur Syah Hidayat: +trd id

Revision 1.1  2011/09/26 19:10:20  revo
Jeromo Vasxe: nova artikolo

-->
</vortaro>
