<?xml version="1.0"?>
<!DOCTYPE vortaro SYSTEM "../dtd/vokoxml.dtd">

<vortaro>
<art mrk="$Id: ahx.xml,v 1.11 2016/11/14 14:10:28 revo Exp $">
<kap>
  <rad>a&hcirc;</rad> <fnt>Z</fnt>
</kap>
<drv mrk="ahx.0">
  <kap><tld/></kap>
  <fnt><bib>ZR</bib></fnt>
  <fnt><bib>PIV1</bib></fnt>
  <gra><vspec>ekkrio</vspec></gra>
  <snc mrk="ahx.0.KOMUNE">
    <dif>
      Ekkrio pro forta emocio.
    </dif>
    <subsnc mrk="ahx.0.surprizo">
      <dif>
	Forta surprizo:
	<ekz>
	  &mdash; <tld/> &mdash; ekkrias Injo, &mdash; kial do vi, pa&ccirc;jo, min distras per
	  viaj parola&ccirc;oj
	  <fnt><bib>Metrop</bib></fnt>?
	</ekz>
      </dif>
      <trdgrp lng="de">
	<trd>ach</trd>,
	<trd>oha</trd>,
	<trd>was</trd>
      </trdgrp>
      <trd lng="en">oh</trd>
      <trdgrp lng="nl">
	<trd>ah</trd>,
	<trd>o</trd>,
	<trd>och</trd>
      </trdgrp>
      <trdgrp lng="pl">
        <trd>ah</trd>,
        <trd>oh</trd>
      </trdgrp>
    </subsnc>
    <subsnc mrk="ahx.0.bedauxro">
      <dif>
	Forta beda&ubreve;ro:
	<ekz>
	  <tld/>, pa&ccirc;jo, kiomfoje ni knaboj devis rea&ubreve;skulti vian
	  rakontadon pri praavo
	  <fnt>
	    <bib>SkandalJozef</bib>,
	    <lok>plendoj de Jozefo arestita</lok>
	  </fnt>!
	</ekz>
      </dif>
      <trd lng="de">ach</trd>
      <trd lng="en">alas</trd>
      <trd lng="nl">ach</trd>
      <trd lng="pl">eh</trd>
    </subsnc>
  </snc>
  <trd lng="be">&c_a;&c_h;</trd>
  <trdgrp lng="fr">
    <trd>ah</trd>,
    <trd>oh l&agrave; l&agrave;</trd>
  </trdgrp>
  <trd lng="ru">&c_a;&c_h;</trd>
  <trd lng="sk">ah</trd>
  <trd lng="vo">ag</trd>
</drv>

<drv mrk="ahx.0i">
  <kap><tld/>i</kap>
  <gra><vspec>ntr</vspec></gra>
  <snc mrk="ahx.0i.KOMUNE">
    <dif>
      Eldiri &leftquot;<tld/>&rightquot; pro ia emocio:
      <ekz>
	e&ccirc; iu ne konsekrita en misterojn de belo, nepre <tld/>us pro miro
	<fnt><bib>Mary</bib></fnt>;
      </ekz>
      <ekz>
	aparte interesa estas listo de <klr>...</klr> sonimitaj verboj
	<klr>...</klr> ekzemple <ctl><tld/>i</ctl>, <ctl>anheli</ctl>,
	<ctl>baci</ctl>
	<fnt>
	<aut>Ken Miner</aut>,
	<vrk><url
          ref="http://www.sunflower.com/~miner/TAGLIBRO_package/taglibro.html">taglibro</url></vrk>,
	<lok>2003-10-19</lok>
	</fnt>.
      </ekz>
    </dif>
  </snc>
  <trd lng="fr">pousser des <ind>oh</ind> des ah</trd>
  <trd lng="pl">wzdycha&cacute;</trd>
</drv>
</art>
<!--
$Log: ahx.xml,v $
Revision 1.11  2016/11/14 14:10:28  revo
Sebastian Cyprych: +trd pl

Revision 1.10  2008/11/19 09:28:31  revo
Wieland Pusch: rompita linio

Revision 1.9  2008/11/16 17:31:02  revo
Wieland Pusch: entoj por unikodo

Revision 1.8  2006/03/23 17:31:39  revo
Jeromo Vasxe: + ~i, ~ snc/subsnc + vspec + ekz + trd fr

Revision 1.7 2003/10/30 17:31:10 revo
Dmitri Gabinski: +trd be

Revision 1.6 2003/08/25 16:31:55 revo
Yury Finkel: +trd ru

Revision 1.5 2003/06/10 20:12:08 revo
Paul Peeraerts: ald trd nl + belarangho + ref tip super

Revision 1.4 2003/05/17 16:32:32 revo
-->
</vortaro>
