<?xml version="1.0"?>
<!DOCTYPE vortaro SYSTEM "../dtd/vokoxml.dtd">

<vortaro>
<art mrk="$Id: ahxil.xml,v 1.14 2015/02/26 20:11:23 revo Exp $">
<kap>
  <rad>A&hcirc;il</rad>/o <fnt><bib>PIV1</bib></fnt>
</kap>
<drv mrk="ahxil.0o">
  <kap><tld/>o</kap>
  <snc mrk="ahxil.0o.NOM">
    <uzo tip="fak">NOM</uzo>
    <dif>
      Vira <ref tip="lst" cel="nom.antaux0o"
      lst="voko:personaj_nomoj">anta&ubreve;nomo</ref> grekdevena.
    </dif>
    <trd lng="hu">Elek</trd>
  </snc>
  <snc mrk="ahxil.0o.PERS">
    <uzo tip="fak">PERS</uzo>
    <dif>
    Helena heroo, vundebla nur je la kalkano, filo de Peleo kaj de mara
    diino Tetido. Re&gcirc;o kaj fortega militisto en
    <ref tip="vid" cel="iliad.0o">Iliado</ref>:
      <ekz>
	anta&ubreve;en, idoj de <tld/>o!
        <fnt>
          <bib>Far1</bib>, <lok>&ccirc;apitro 4a</lok>
        </fnt>
      </ekz>
    </dif>
    <trdgrp lng="hu">
      <trd>Akhilleusz</trd>,
      <trd>Achilles</trd>
    </trdgrp>
  </snc>	
  <trdgrp lng="be">
    <trd>&c_A;&c_h;&c_ib;&c_l;</trd>,
    <trd>&c_A;&c_h;&c_ib;&c_l;&c_je;&c_s;</trd>
  </trdgrp>	      
  <trd lng="br">Ac'hilles</trd>
  <trdgrp lng="ca">
    <trd>Aquil&middot;leu</trd>,
    <trd>Aquil&middot;les</trd>
  </trdgrp>
  <trdgrp lng="de">
    <trd>Achill</trd>,
    <trd>Achilles</trd>
  </trdgrp>
  <trd lng="el">
  &Alfa_psili;&chi;&jota;&lambda;&lambda;&epsilon;&ypsilon_ton;&sigma_fina;
  </trd>
  <trdgrp lng="fa">
    <trd>&a_A_madda;&a_sh;&f_y;&a_l;</trd>,
    <trd>&a_A_madda;&a_kh;&f_y;&a_l;&a_s;</trd>,
    <trd>&a_A_madda;&a_kh;&f_y;&a_l;&a_y_hamza;&a_w;&a_s;</trd>
  </trdgrp>
  <trd lng="fr">Achille</trd>
  <trd lng="pl">Achilles</trd>
  <trdgrp lng="ru">
    <trd>&c_A;&c_h;&c_i;&c_l;&c_l;
    </trd>,
    <trd>&c_A;&c_h;&c_i;&c_l;&c_l;&c_je;&c_s;
    </trd>
  </trdgrp>
  <trd lng="it">Achille</trd>
</drv>
</art>

<!--
$Log: ahxil.xml,v $
Revision 1.14  2015/02/26 20:11:23  revo
Wolfram Diestel: lst antaunomoj

Revision 1.13  2013/02/07 10:10:15  revo
Dmitri Gabinski: redakto: +trd be

Revision 1.12  2012/01/01 15:10:11  revo
Marc Rausell: +trd ca

Revision 1.11  2009/06/16 16:31:12  revo
Behnam Tabatabai: +trd fa

Revision 1.10  2008/11/19 09:28:32  revo
Wieland Pusch: beligo

Revision 1.9  2008/11/16 17:31:03  revo
Wieland Pusch: entoj por unikodo

Revision 1.8  2008/09/12 16:30:26  revo
Sebastian Cyprych: +trd pl

Revision 1.7  2008/09/11 16:31:05  revo
-->
</vortaro>
