<?xml version="1.0"?>
<!DOCTYPE vortaro SYSTEM "../dtd/vokoxml.dtd">

<vortaro>
<art mrk="$Id: aides.xml,v 1.8 2015/07/04 08:37:29 revo Exp $">
<kap>
  <rad>aides</rad>/o <fnt><bib>SPIV</bib></fnt>
</kap>
<uzo tip="stl">ARK</uzo>
<drv mrk="aides.0o">
  <kap><tld/>o</kap>
  <snc>
    <ref tip="dif" cel="aidos.0o">aidoso</ref>
    <ekz>
      nur sensenculo povas ignori <tld/>on kaj aserti ke la Tero estis
      kreita por la homo
      <fnt><aut>J. Valois, trad. Martin Lavall&eacute;e</aut>, <vrk><url
      ref="ateismo.iespana.es/a0abc.htm">Eseo pri l' aboco de l'
      raciismo</url></vrk></fnt>.
    </ekz>
  </snc>
  <trdgrp lng="be">
    <trd>&c_s;&c_y;&c_n;&c_d;&c_r;&c_o;&c_m;
    &c_n;&c_a;&c_b;&c_y;&c_t;&c_a;&c_g;&c_a;
    &c_ib;&c_m;&c_u;&c_n;&c_a;&c_d;&c_e;&c_f;&c_ib;&c_c;&c_y;&c_t;&c_u;</trd>,
    <trd>&c_S;&c_N;&c_Ib;&c_D;</trd>
  </trdgrp>
  <trd lng="bg">&c_S;&c_P;&c_I;&c_N;</trd>
  <trd lng="ca">sida</trd>
  <trd lng="cs">AIDS <klr>(lék.)</klr></trd>
  <trd lng="de">AIDS</trd>
  <trd lng="en">AIDS<klr> (Acquired Immune Deficiency
  Syndrome)</klr></trd>
  <trd lng="es">sida</trd>
  <trdgrp lng="fr">
    <trd>sida</trd>
  </trdgrp>
  <trd lng="hu">AIDS</trd>
  <trd lng="nl">aids<klr tip="ind"> (arch.)</klr></trd>
  <trdgrp lng="pl">
    <trd>AIDS<klr> (zesp&oacute;&lstroke; nabytej niewydolno&sacute;ci
    systemu odporno&sacute;ciowego)</klr></trd>,
    <trd>adidas<klr> (pot.)</klr></trd>,
    <trd>HIV<klr> (pot.)</klr></trd>
  </trdgrp>
  <trdgrp lng="pt">
    <trd>AIDS</trd>,
    <trd>SIDA</trd>
  </trdgrp>
  <trdgrp lng="ru">
    <trd>&c_S;&c_P;&c_I;&c_D;</trd>,
    <trd>&c_s;&c_i;&c_n;&c_d;&c_r;&c_o;&c_m;
    &c_p;&c_r;&c_i;&c_o;&c_b;&c_r;&c_je;&c_t;&c_jo;&c_n;&c_n;&c_o;&c_g;&c_o;
    &c_i;&c_m;&c_m;&c_u;&c_n;&c_o;&c_d;&c_je;&c_f;&c_i;&c_c;&c_i;&c_t;&c_a;</trd>
  </trdgrp>
  <trd lng="sk">AIDS</trd>
  <trd lng="sv">aids</trd>
</drv>
</art>
<!--
$Log: aides.xml,v $
Revision 1.8  2015/07/04 08:37:29  revo
aldono de trd cs per skripto de M. von Laer

Revision 1.7  2015/06/28 12:03:35  revo
aldono de trd sk per skripto de M. von Laer

Revision 1.6  2011/07/19 12:10:10  revo
Sebastian Cyprych: +trd el aidoso

Revision 1.5  2011/04/15 22:10:17  revo
Nicolas Bros: +trd fr

Revision 1.4  2009/08/11 16:31:20  revo
Paul Peeraerts: +trd nl

Revision 1.3  2009/07/07 16:30:53  revo
Paul Peeraerts: +ARK

Revision 1.2  2005/12/24 17:31:14  revo
Jeromo Vasxe: + ekz

Revision 1.1 2004/02/17 17:30:55 revo
jxeromo vasxe: nova artikolo

-->
</vortaro>
