<?xml version="1.0"?>
<!DOCTYPE vortaro SYSTEM "../dtd/vokoxml.dtd">

<vortaro>
<art mrk="$Id: aikid.xml,v 1.15 2019/01/29 20:10:18 revo Exp $">
<kap>
  <rad>aikid</rad>/o <fnt><bib>EncJap</bib></fnt>
</kap>
<drv mrk="aikid.0o">
  <kap><tld/>o</kap>
  <uzo tip="fak">SPO</uzo>
  <snc>
    <dif>
      Japan-devena korpogarda, senperforta luktarto,
      kompilita de <nom>Ueshiba Morihei</nom>,
      per kiu oni evitas atakanton, alidirektadas lian energion
      kaj senpovigas per artiko-tordo:
      <ekz>
        <nom>Mireille Grosjean</nom> <klr>[&#8230;]</klr> &dash; fakdelegito de UEA pri pacedukado,
        fremdlingvoinstruado kaj <tld/>o
        <fnt>
          <bib>Viki</bib>
          <lok><url ref="https://eo.wikipedia.org/?curid=206340"
              >Mireille Grosjean</url></lok>
        </fnt>.
      </ekz>
    </dif>
  </snc>
  <trd lng="be">&c_a;&c_j;&c_k;&c_ib;&c_d;&c_o;</trd>
  <trd lng="cs">aikido</trd>
  <trd lng="de">Aikido</trd>
  <trd lng="en">aikido</trd>
  <trd lng="es">aikido</trd>
  <trd lng="fr">a&iuml;kido</trd>
  <trd lng="hu">aikido</trd>
  <trd lng="it">aikido</trd>
  <trd lng="ja">&#21512;&#27671;&#36947; 
  [<ind>&#12354;&#12356;&#12365;&#12393;&#12358;</ind>]</trd>
  <trd lng="nl">aikido</trd>
  <trd lng="pl">aikido</trd>
  <trd lng="pt">aiquid&ocirc;</trd>
  <trd lng="ru">&c_a;&c_j;&c_k;&c_i;&c_d;&c_o;</trd>
  <trd lng="sk">aikido</trd>
</drv>
</art>

<!--
$Log: aikid.xml,v $
Revision 1.15  2019/01/29 20:10:18  revo
Wolfram Diestel: +ekz

Revision 1.14  2015/07/04 08:37:29  revo
aldono de trd cs per skripto de M. von Laer

Revision 1.13  2009/03/07 17:30:37  revo
Antonio Codazzi: +trd it

Revision 1.12  2008/06/17 16:30:32  revo
Sebastian Cyprych: sxangxo de dif +trd ja

Revision 1.11  2006/05/12 16:31:14  revo
Sebastian Cyprych: +trd pl

Revision 1.10  2005/02/18 17:35:22  revo
Paul Peeraerts: ald trd nl

Revision 1.9  2003/10/30 17:31:14  revo
Dmitri Gabinski: +trd be

Revision 1.8  2003/05/17 16:32:40  revo
-->
</vortaro>
