<?xml version="1.0"?>
<!DOCTYPE vortaro SYSTEM "../dtd/vokoxml.dtd">

<vortaro>
<art mrk="$Id: ailant.xml,v 1.18 2019/03/06 18:10:22 revo Exp $">
<kap>
  <rad>ailant</rad>/o
</kap>
<drv mrk="ailant.0o">
  <kap>
    <tld/>o
  </kap>
  <uzo tip="fak">BOT</uzo>
  <snc>
    <dif>
      <ref tip="lst" cel="genr.0o.BIO"
      lst="voko:botanikaj_genroj">Genro</ref> el familio <ref
      tip="malprt"
      cel="simarub.0oj">simarubacoj</ref>
      (<trd lng="la">Ailanthus</trd>), orientaziaj kaj a&ubreve;straliaj
      arboj kun longaj, akre odorantaj folioj, kulturataj por bredado de
      silkra&ubreve;poj:
      <ekz>
        plantoj kun forta alelopatia efiko estas <tld/>o,
        hipoka&scirc;tano, agropiro
        <fnt>
          <bib>Viki</bib>
          <lok><url ref="https://eo.wikipedia.org/?curid=248478"
              >Alelopatio</url></lok>
        </fnt>.
      </ekz>
    </dif>
    <bld
      lok="&WCU;/thumb/6/64/AilanthusAltissimaFlower2.jpg/640px-AilanthusAltissimaFlower2.jpg"
      prm="CC-BY-SA-3.0"
      >floranta bran&ccirc;o de <tld/>o (Ailanthus altissima)
        <fnt>
          <aut>Fanghong</aut>
          <lok><url ref="&WCW;/File:AilanthusAltissimaFlower2.jpg"
              >https://commons.wikimedia.org/wiki/File:AilanthusAltissimaFlower2.jpg</url></lok>
        </fnt>
    </bld>
  </snc>
  <trd lng="be">&c_a;&c_j;&c_l;&c_ja;&c_n;&c_t;</trd>
  <trd lng="ca">g&egrave;nere Ailanthus</trd>
  <trd lng="de">G&ouml;tterbaum</trd>
  <trdgrp lng="en">
    <trd>Ailanthus</trd>,
    <trd>tree of heaven</trd>
  </trdgrp>
  <trd lng="fr">ailante</trd>
  <trd lng="hu">b&aacute;lv&aacute;nyfa</trd>
  <trd lng="nl">hemelboom</trd>
  <trd lng="pl">bo&zdot;odrzew</trd>
  <trd lng="pt">ailanto</trd>
  <trd lng="ru">&c_a;&c_j;&c_l;&c_a;&c_n;&c_t;</trd>
  <trd lng="uk">&c_a;&c_j;&c_l;&c_ja;&c_n;&c_t;</trd>
</drv>
</art>
<!--
$Log: ailant.xml,v $
Revision 1.18  2019/03/06 18:10:22  revo
Wolfram Diestel: -tajperaro

Revision 1.17  2019/03/06 07:10:17  revo
Wolfram Diestel: +ekz, +bld

Revision 1.16  2013/08/29 12:10:20  revo
Wolfram Diestel: referenco al listo bot genroj

Revision 1.15  2011/12/06 20:10:17  revo
Marc Rausell: kataluna traduko

Revision 1.14  2005/07/07 16:32:27  revo
Vito Redsky: +trd pl

Revision 1.13  2004/10/05 16:59:11  revo
Dmitri Gabinski: +trd be, uk

Revision 1.12  2002/09/22 08:15:22  revo
Christopher Zervic: + ang

Revision 1.11  2002/03/18 18:10:59  revo
-->
</vortaro>
