<?xml version="1.0"?>
<!DOCTYPE vortaro SYSTEM "../dtd/vokoxml.dtd">

<vortaro>
<art mrk="$Id: aj.xml,v 1.7 2016/03/18 19:10:29 revo Exp $">
<kap>
  <rad>aj</rad> <fnt><bib>PIV1</bib></fnt>
</kap>
<drv mrk="aj.0">
  <kap><tld/></kap>
  <gra><vspec>ekkrio</vspec></gra>
  <snc mrk="aj.0.ve">
    <dif>
      Surprize, malagrable, dolore:
      <ekz>
        <tld/> &ndash; ekkriis Behemoto, &ndash; la papagoj disflugis
        <fnt><bib>MkM</bib>, <lok>&ccirc;apitro 22a, p. 222a</lok></fnt>!
      </ekz>
    </dif>
  </snc>
  <trd lng="ca">ai</trd>
  <trdgrp lng="cs">
    <trd>o</trd>,
    <trd>och</trd>,
    <trd>&oacute;</trd>
  </trdgrp>
  <trd lng="es">ay<klr tip="amb"> (interjecci&oacute;n de dolor)</klr></trd>
  <trdgrp lng="fr">
    <trd>a&iuml;e</trd>,
    <trd>zut</trd>
  </trdgrp>
  <trd lng="oc">ai !</trd>
  <trd lng="pt">ai!</trd>
  <trdgrp lng="sk">
    <trd>o</trd>,
    <trd>och</trd>,
    <trd>&oacute;</trd>
  </trdgrp>
</drv>
</art>

<!--
$Log: aj.xml,v $
Revision 1.7  2016/03/18 19:10:29  revo
Jeromo Vasxe: vspec ekkrio

Revision 1.6  2015/07/04 08:37:29  revo
aldono de trd cs per skripto de M. von Laer

Revision 1.5  2015/06/28 12:03:35  revo
aldono de trd sk per skripto de M. von Laer

Revision 1.4  2013/06/28 11:10:11  revo
Benito Subejrano: + trd ca oc

Revision 1.3  2010/07/10 16:30:50  revo
Agustin Garcia Lopez: +trd es

Revision 1.2  2004/05/25 16:31:55  revo
Gert Bolten Maizonave: +trd pt

Revision 1.1  2004/05/24 16:33:53  revo
Jeromo Vasxe: nova artikolo

-->
</vortaro>
