<?xml version="1.0"?>
<!DOCTYPE vortaro SYSTEM "../dtd/vokoxml.dtd">

<vortaro>
<art mrk="$Id: ajatol.xml,v 1.11 2015/07/04 08:37:29 revo Exp $">
<kap>
  <rad>ajatol</rad>/o <fnt><bib>NePiv</bib></fnt>
</kap>

<drv mrk="ajatol.0o">
  <kap><tld/>o</kap>
  <uzo tip="fak">ISL</uzo>
  <snc>
    <dif>
      Altranga kleriko en <ref tip="vid"
      cel="sxijaism.0o">&scirc;ijaismo</ref>:
      <ekz>
        en 1979 <klr>...</klr> radikala <tld/>o Komejni ekregis en Irano
        <fnt><aut>Stefan Maul</aut>: <vrk>Murdi je nomo de dio</vrk>,
        <bib>Monato</bib>, <lok>jaro 2001a, numero 10a, p.
        5a</lok></fnt>.
      </ekz>
    </dif>
  </snc>
  <trd lng="be">&c_a;&c_ja;&c_t;&c_a;&c_l;&c_a;</trd>
  <trd lng="bg">&c_a;&c_ja;&c_t;&c_o;&c_l;&c_a;&c_h;</trd>
  <trd lng="ca">aiatol&middot;l&agrave;</trd>
  <trd lng="cs">ajatolláh</trd>
  <trd lng="de">Ajatollah</trd>
  <trd lng="en">ayatollah</trd>
  <trd lng="es">ayatol&aacute;</trd>
  <trd lng="fa">&a_A_madda;&f_y;&a_t;&zwnj;&a_A;&a_l;&a_l;&a_shadda;&a_h;</trd>
  <trd lng="fr">ayatollah</trd>
  <trd lng="pl">ajatollah</trd>
  <trd lng="ro">Ajatollah</trd>
  <trd lng="sk">ajatolláh</trd>
</drv>
</art>

<!--
$Log: ajatol.xml,v $
Revision 1.11  2015/07/04 08:37:29  revo
aldono de trd cs per skripto de M. von Laer

Revision 1.10  2015/06/28 12:03:35  revo
aldono de trd sk per skripto de M. von Laer

Revision 1.9  2013/10/20 19:10:20  revo
Vito Redsky: +trd  pl ro

Revision 1.8  2009/11/30 17:30:23  revo
Wieland Pusch: +trd bg

Revision 1.7  2009/11/28 17:31:00  revo
Behnam Tabatabai: +trd fa

Revision 1.6  2007/05/20 16:30:37  revo
Wieland Pusch: +trd de

Revision 1.5  2005/04/11 16:31:33  revo
Raul Salinas Monteagudo: korekto trd ca

Revision 1.4  2005/04/04 16:36:02  revo
Raul Salinas Monteagudo: +trd ca,es

Revision 1.3  2003/10/30 17:31:15  revo
Dmitri Gabinski: +trd be

Revision 1.2  2003/07/20 18:15:44  revo
-->
</vortaro>
