<?xml version="1.0"?>
<!DOCTYPE vortaro SYSTEM "../dtd/vokoxml.dtd">

<vortaro>
<art mrk="$Id: ajmar.xml,v 1.3 2007/05/20 16:30:39 revo Exp $">
<kap>
  <rad>ajmar</rad>/o <fnt><bib>NePiv</bib></fnt>
</kap>
<drv mrk="ajmar.0o">
  <kap><tld/>o</kap>
  <snc>
    <dif>
      Sudamerika <ref tip="super" cel="indian.0o">indiano</ref> el popolo
      lo&gcirc;anta
      precipe &ccirc;irka&ubreve; lago Titikako en Peruo kaj Bolivio:
      <ekz>
        li ne povas kredi, ke la <tld/>oj havis sufi&ccirc;e altajn teknikon kaj
        kulturon por tiaj inventa&jcirc;oj<fnt><aut>Garbhan MacAoidh</aut>:
        <vrk>La ajmara</vrk>, <bib>Monato</bib><lok>jaro 2002a, numero 2a,
        p. 26-28a</lok></fnt>.
      </ekz>
    </dif>
  </snc>
  <trd lng="be">&c_a;&c_j;&c_m;&c_a;&c_r;&c_a;</trd>
  <trd lng="de">Aymara</trd>
  <trdgrp lng="fr">
    <trd>aymara<klr> (subst.)</klr></trd>
  </trdgrp>
  <trd lng="ru">&c_a;&c_j;&c_m;&c_a;&c_r;&c_a;</trd>
  <trd lng="uk">&c_a;&c_j;&c_m;&c_a;&c_r;&c_a;</trd>
</drv>

<drv mrk="ajmar.0a">
  <kap><tld/>a</kap>
  <snc>
    <dif>
      Rilata al la <tld/>oj:
      <ekz>
        la indi&gcirc;enaj idiomoj de la anda regiono estas la ke&ccirc;ua kaj la
        <tld/>a<fnt><aut>Garbhan MacAoidh</aut>: <vrk>La ajmara</vrk>,
        <bib>Monato</bib><lok>jaro 2002a, numero 2a, p.
        26-28a</lok></fnt>.
      </ekz>
    </dif>
  </snc>
  <trd lng="be">&c_a;&c_j;&c_m;&c_a;&c_r;&c_a;</trd>
  <trd lng="de">aymarisch</trd>
  <trdgrp lng="fr">
    <trd>aymara<klr> (adj.)</klr></trd>
  </trdgrp>
  <trd lng="ru">&c_a;&c_j;&c_m;&c_a;&c_r;&c_a;</trd>
  <trd lng="uk">&c_a;&c_j;&c_m;&c_a;&c_r;&c_a;</trd>
</drv>
</art>

<!--
$Log: ajmar.xml,v $
Revision 1.3  2007/05/20 16:30:39  revo
Wieland Pusch: +trd de

Revision 1.2  2004/10/05 16:59:12  revo
Dmitri Gabinski: +trd be, ru, uk

Revision 1.1  2002/10/06 17:36:27  revo
Jeromo Vasxe: nova artikolo

-->
</vortaro>
