<?xml version="1.0"?>
<!DOCTYPE vortaro SYSTEM "../dtd/vokoxml.dtd">

<vortaro>
<art mrk="$Id: ajn.xml,v 1.40 2017/02/24 14:10:21 revo Exp $">
<kap>
   <ofc>*</ofc>
   <rad>ajn</rad> <fnt><bib>PV</bib></fnt>
</kap>
<drv mrk="ajn.0">
   <kap><ofc>*</ofc><tld/></kap>
   <snc>
     <dif>
       Vorteto, kiu almeti&gcirc;as apud vortoj demandaj a&ubreve;
       sendifinaj por insisti pri la nedifiniteco:
       <ekz>
         la eniro estas libera por iu <tld/>
         (a&ubreve; por &ccirc;iu <tld/>);
       </ekz>
       <ekz>
         iu <tld/> posedanto de bieno donas al siaj brutoj
         konvenan man&gcirc;on
         <fnt><bib>Far3</bib>, <lok>&ccirc;ap. 3</lok></fnt>;
       </ekz>
       <ekz>
         <ind>&scirc;i scias nenion pri io <tld/></ind>
         <trd lng="fi">h&auml;n ei tied&auml; mit&auml;&auml;n
         yht&auml;&auml;n mist&auml;&auml;n</trd>;
       </ekz>
       <ekz>
         donu al mi ion <tld/> por trinki;
       </ekz>
       <ekz>
         la esperantaj &scirc;losiloj donas la eblon al homo de ia
         <tld/>
         nacio tuj kompreni la skriba&jcirc;on<fnt>Z</fnt>;
       </ekz>
       <ekz>
         neniu esprimo, kiun la gazetaro ne akceptas, havas ian <tld/>
         &scirc;ancon triumfi;
       </ekz>
       <ekz>
         de kiu <tld/> flanko la vento
         blovas, ni estas &scirc;irmataj;
       </ekz>
       <ekz>
         &ccirc;iu <tld/> ne estas
         kapabla fari &ccirc;ion <tld/>;
       </ekz>
       <ekz>
         la spertaj esperantistoj skribas per stilo preska&ubreve;
         simila, al kiu <tld/> nacio ili apartenas;
       </ekz>
       <ekz>
         tiel ni devas agi, kiaj <tld/> estas niaj politikaj
         opinioj;
       </ekz>
       <ekz>
         kiam <tld/> vi venos, mi vin volonte akceptos;
       </ekz>
       <ekz>
         la lingvo internacia fine nepre triumfos, kiom <tld/> la
         rutinistoj batalos kontra&ubreve; &gcirc;i;
       </ekz>
       <ekz>
         kiom <tld/> vi lin batos, li ne iros.
       </ekz>
     </dif>
   <rim>
          Kvankam Z. ne &ccirc;iam obeis tiun regulon, estas nepre konsilinde
          uzi <em>kiu <tld/></em> kaj &gcirc;enerale &ccirc;iujn korelativajn
          vortojn
          komencantajn per <em>k</em>, kiam ili estas akompanataj de la
          insista nedifinita vorteto <em><tld/></em>, nur en dependa
          prop.
          kompletiganta la sencon de alia sendependa memstara prop., kaj
          uzi en la sendependaj memsignifaj propozicioj nur la formojn
          komencantajn per <em>i</em> a&ubreve; <em>&ccirc;i</em>:
          <em>1</em>
          <ekz>
            <ind>kiu <tld/></ind> venos, vi ne enlasu (lin);
            <trdgrp lng="fr">
              <trd>qui que</trd>,
              <trd>lequel que</trd>,
              <trd>quel que</trd>,
              <trd>quelque... que</trd>,
              <trd>quiconque</trd>,
              <trd>qui que ce soit qui/que</trd>,
              <trd>quelque... que ce soit qui/que</trd>,
              <trd>quel que soit... qui/que</trd>
            </trdgrp>
            <trd lng="ru">&c_k;&c_t;&c_o; &c_b;&c_y; &c_n;&c_i;</trd>
            <trd lng="tr">kim olursa olsun</trd>
          </ekz><ekz>
            kiu <tld/> volas, tiu anka&ubreve; povas;
          </ekz><ekz>
            kiu <tld/> tion diras, mi restas dubanta;
          </ekz><ekz>
            de kiu <tld/> flanko la vento blovos, ni estos &scirc;irmataj;
          </ekz><ekz>
            tiu homo, kiu <tld/> li estas, ne estas malsa&gcirc;ulo;
          </ekz><ekz>
            la spertaj esperantistoj skribas per stilo preska&ubreve; simila,
            al kiu <tld/> nacio ili apartenas<fnt>Z</fnt>;
          </ekz><ekz>
            en kiu <tld/> loko li sin ka&scirc;os, oni fine trovos lin;
          </ekz><ekz>
            kiujn <tld/> argumentojn vi prezentos, vi ne konvinkos min;
          </ekz><ekz>
            kiu <tld/> vi estas, vi devas obei la le&gcirc;on.
          </ekz>
          <em>2</em>
          <ekz>
            Donu al mi iun <tld/> libron;
          </ekz><ekz>
            mi povos suprengrimpi sen la helpo de iu <tld/>;
          </ekz><ekz>
            li pli sincere funebris ol iu <tld/> el la parencoj;
          </ekz><ekz>
            la esperantaj &scirc;losiloj donas la eblon al &ccirc;iu homo de iu
            <tld/> nacio
            tuj kompreni la skriba&jcirc;on;
          </ekz><ekz>
            mi ne permesos tion al iu (a&ubreve; &ccirc;iu) <tld/>;
          </ekz><ekz>
            iu (a&ubreve; &ccirc;iu) <tld/> povos eniri, se vi lasos la pordon
            ne&scirc;losita;
          </ekz><ekz>
            vi scias pli bone ol iu (a&ubreve; &ccirc;iu) <tld/>, ke...;
          </ekz><ekz>
            nian lingvon &ccirc;iu povas libere uzi por iu (a&ubreve; &ccirc;iu) <tld/>
            celo.
          </ekz>
        </rim>
   </snc>
   <trdgrp lng="de">
     <trd>beliebig</trd>,
     <trd><klr tip="amb">(wer/was/wie/wo/wann) </klr>auch immer</trd>
   </trdgrp>
   <trdgrp lng="en">
     <trd>any</trd>,
     <trd>at all</trd>,
     <trd>-ever</trd>,
     <trd>-soever</trd>
   </trdgrp>
   <trd lng="es">cualquier</trd>
   <trdgrp lng="fi">
     <trd><klr>(vahvistussana iu-, &ccirc;iu- ja kiu-sarjan sanojen
     kanssa) [kuka, mik&auml;] </klr> tahansa</trd>,
     <trd>hyv&auml;ns&auml;</trd>,
     <trd>vain</trd>,
     <trd>vaikka <klr> [kuka, mik&auml;]</klr></trd>
   </trdgrp>
   <trdgrp lng="nl">
     <trd>dan ook</trd>,
     <trd>ook maar</trd>,
     <trd>een of andere</trd>
   </trdgrp>
   <trd lng="sv">som <ind>helst</ind></trd>
   <trd lng="pt"><ind>quer que</ind> seja</trd>
   <trd lng="ru">&c_b;&c_y; &c_n;&c_i;</trd>
   <trdgrp lng="sk">
     <trd>hoci-</trd>,
     <trd>-<ind>ko&lcaron;vek</ind></trd>
   </trdgrp>
   <trdgrp lng="th">
     <trd>&#3629;&#3632;&#3652;&#3619;&#3585;&#3655;&#3652;&#3604;&#3657;</trd>,
     <trd>-&#3652;&#3627;&#3609;&#3585;&#3655;&#3652;&#3604;&#3657;</trd>
   </trdgrp>
   <trd lng="vo">sem-</trd>
   <trd lng="ms">apa-apa</trd>
</drv>

<drv mrk="ajn.0a">
   <kap><tld/>a</kap>
   <snc mrk="ajn.0a.KOMUNE">
     <dif>
       Ia <tld/>:
       <ekz>
         tiajn trukojn povas prezenti &ccirc;iu mezkapabla profesia
         hipnotigisto sur <tld/>a scenejo
         <fnt><bib>MkM</bib>, <lok>&ccirc;ap. 28</lok></fnt>;
       </ekz>
       <ekz>
         tie pendas tiom da <tld/>a&jcirc;oj, ke oni apena&ubreve; povos
         sin
         malimpliki
         <fnt><bib>MkM</bib>, <lok>&ccirc;ap. 21</lok></fnt>.
       </ekz>
     </dif>
     <trdgrp lng="de">
       <trd>was auch immer f&uuml;r ein</trd>,
       <trd>jede <ind>beliebige</ind></trd>
     </trdgrp>
     <trdgrp lng="en">
       <trd>any kind of</trd>
     </trdgrp>
     <trd lng="es">cualquiera</trd>
     <trdgrp lng="fi">
       <trd>mik&auml; vain</trd>,
       <trd>millainen tahansa</trd>
     </trdgrp>
     <trdgrp lng="fr">
       <trd>n'importe quel</trd>,
       <trd>le <ind>moindre</ind><klr tip="ind"> (n'importe 
quel)</klr></trd>,
       <trd>quelconque</trd>
     </trdgrp>
     <trdgrp lng="ru">
       <trd>&c_k;&c_a;&c_k;&c_o;&c_j;
       &c_u;&c_g;&c_o;&c_d;&c_n;&c_o;</trd>,
       <trd>&c_l;&c_ju;&c_b;&c_o;&c_j;</trd>,
       <trd>&c_k;&c_a;&c_k;&c_o;&c_j; &c_b;&c_y; &c_t;&c_o; &c_n;&c_i; 
&c_b;&c_y;&c_l;&c_o;</trd>
     </trdgrp>
     <trd lng="sk">ak&yacute;ko&lcaron;vek</trd>
   </snc>
   <snc mrk="ajn.0a.MAT">
     <uzo tip="fak">MAT</uzo>
     <fnt><bib>MatTerm</bib><lok>p. 5</lok></fnt>
     <uzo tip="klr">(fakula &jcirc;argono)</uzo>
     <dif>
       Iu <tld/>, &ccirc;iu ajn, la&ubreve;vole elektebla:
       <ekz>
         <tld/>a oblo de <frm><k>N</k></frm> estas anka&ubreve; oblo de
         la
         divizoroj de <frm><k>N</k></frm> <klr>(la aserto veras por
         &ccirc;iuj imageblaj obloj de <frm><k>N</k></frm>)</klr>;
       </ekz>
       <ekz>
         <tld/>a n-a-grada kompleksa ekvacio havas <frm><k>n</k></frm>
         radikojn;
       </ekz>
       <ekz>
         montru, ke por <tld/>a entjero <frm><k>N</k></frm> veras la
         propozicio <frm>P(<k>N</k>)</frm>.
       </ekz>
     </dif>
     <rim>
       Bricard uzas anka&ubreve; tiun vorton en esprimoj de la tipo
       <ekz>
         triangulo <tld/>a
         <fnt><bib>MatTerm</bib><lok>p. 48</lok></fnt>
       </ekz>
       kun la senco <ctl>sen ia aparta&jcirc;o</ctl> (&ccirc;i-okaze ni
       povus diri <ctl>skalena triangulo</ctl>). Tio &scirc;ajnas
       nun evitinda uzo.
     </rim>
     <trd lng="de">jeder</trd>
     <trdgrp lng="en">
       <trd>any</trd>,
       <trd>arbitrary</trd>,
     </trdgrp>
     <trdgrp lng="fi">
       <trd>mielivaltainen</trd>,
       <trd>satunnainen</trd>
     </trdgrp>
     <trdgrp lng="fr">
       <trd>n'importe quel</trd>,
       <trd>arbitraire</trd>,
       <trd>quelconque</trd>
     </trdgrp>
     <trd lng="pl">dowolny</trd>
     <trdgrp lng="ru">
       <trd>&c_k;&c_a;&c_k;&c_o;&c_j;
       &c_u;&c_g;&c_o;&c_d;&c_n;&c_o;</trd>,
       <trd>&c_l;&c_ju;&c_b;&c_o;&c_j;</trd>,
       <trd>&c_p;&c_r;&c_o;&c_i;&c_z;&c_v;&c_o;&c_l;&c_mol;&c_n;&c_y;&c_j;</trd>
     </trdgrp>
     <trd lng="sk">&lcaron;ubovo&lcaron;n&yacute;</trd>
   </snc>
  <trdgrp lng="cs">
    <trd>jak&yacute;koli</trd>,
    <trd>libovoln&yacute;</trd>,
    <trd>libovoln&yacute;</trd>,
    <trd>n&ecaron;jak&yacute;</trd>
  </trdgrp>
  <trdgrp lng="nl">
     <trd>welke ook</trd>,
     <trd>enige</trd>,
     <trd>een of ander</trd>,
     <trd>enigerlei</trd>
   </trdgrp>
  <trd lng="pt">qualquer</trd>
  <trdgrp lng="sk">
    <trd>b&aacute;rsak&yacute;</trd>,
    <trd>hocak&yacute;</trd>
  </trdgrp>
</drv>

<drv mrk="ajn.sen0a">
   <kap>sen <tld/>a, <var><kap>sen ia <tld/></kap></var></kap>
   <snc>
     <dif>
       Tute, nerefuteble sen:
       <ekz>
         estas &scirc;i, kiu <ind>sen ia <tld/></ind> hezito estis
         prenonta
         sur sin la tutan pezon de la patrina devo
         <fnt><bib>Metrop</bib>, <lok>&ccirc;ap. 1</lok></fnt>;
       </ekz>
       <ekz>
         <ind>sen <tld/>a</ind> ka&ubreve;zo rompi&gcirc;as vitroj en la
         nova konstrua&jcirc;o de Dramlit
         <fnt><bib>MkM</bib>, <lok>&ccirc;ap. 21</lok></fnt>.
       </ekz>
     </dif>
     <refgrp tip="vid">
       <ref cel="ia.sen0">sen ia</ref>;
     </refgrp>
     <refgrp tip="sin">
       <ref cel="iom.sen0a">sen ioma</ref>,
       <ref cel="ia.sen0ecxplejmalgranda">sen ia e&ccirc; plej
       malgranda</ref>.
     </refgrp>
     <rim>
       La esprimo <ekz>sen <tld/>a ka&ubreve;zo</ekz> signifas same kiel
       <ekz>sen ia ka&ubreve;zo</ekz>, sed estas pli firma, same kiel
       &ccirc;i-lasta estas pli firma ol la simpla <ekz>sen
       ka&ubreve;zo</ekz>.
       Eblas vidi teorian diferencon inter <ekz>sen <tld/>a 
       ka&ubreve;zo</ekz> kaj <ekz>sen ioma ka&ubreve;zo</ekz>, nome ke
       la
       unua insistas pri la tipo de ka&ubreve;zo kaj la dua pri
       &gcirc;ia
       <ctl>grandeco</ctl>, sed en praktiko amba&ubreve; esprimoj
       sinonimas inter si kaj sinonimas
       anka&ubreve; kun <ekz>sen ia e&ccirc; plej malgranda
       ka&ubreve;zo</ekz>.
     </rim>
   </snc>
   <trdgrp lng="fi">
     <trd>ilman ainoatakaan</trd>,
     <trd>ilman v&auml;h&auml;ist&auml;k&auml;&auml;n</trd>
   </trdgrp>
   <trdgrp lng="fr">
     <trd>sans le <ind>moindre</ind>...</trd>,
     <trd>sans le plus <ind>petit</ind>...</trd>,
     <trd>sans... d'aucune <ind>sorte</ind></trd>
   </trdgrp>
   <trdgrp lng="ru">
     <trd>&c_b;&c_je;&c_z; &c_k;&c_a;&c_k;&c_o;&c_g;&c_o;-&c_b;&c_y;
     &c_t;&c_o; &c_n;&c_i; &c_b;&c_y;&c_l;&c_o;</trd>,
     <trd>&c_b;&c_je;&c_z;
     &c_k;&c_a;&c_k;&c_o;&c_g;&c_o;-&c_l;&c_i;&c_b;&c_o;</trd>,
     <trd>&c_b;&c_je;&c_z; &c_v;&c_s;&c_ja;&c_k;&c_o;&c_g;&c_o;</trd>,
     <trd>&c_b;&c_je;&c_z;&c_o;
     &c_v;&c_s;&c_ja;&c_k;&c_o;&c_g;&c_o;</trd>
   </trdgrp>
</drv>

<drv mrk="ajn.0ulo">
  <kap>ajnulo, <var><kap><tld lit="A"/>ulo</kap></var></kap>
  <snc mrk="ajn.0ulo.FRAZ">
    <uzo tip="stl">FRAZ</uzo>
    <dif>
      Iu <tld/> <ref tip="vid"
      cel="ordina.0ulo.KOMUNE">ordinarulo</ref>
      reala a&ubreve; supozata:
      <ekz>
        mi &ccirc;iam suspektis, ke la vorto <ctl>desupri</ctl> ne
        naski&gcirc;is 
        spontane el la langopinto de s<klr>injo</klr>ro <tld 
        lit="A"/>ulo
        <fnt>
          <aut>J. Camacho</aut>,
          <vrk><url
          ref="http://www.gutenberg.org/files/23586/23586-h/23586-h.htm">
          La Liturgio de l&#8217; Foiro</url></vrk>,
          <lok>1999</lok>
        </fnt>;
      </ekz>
      <ekz>
        la verkoj pasis sen ke <klr>...</klr> <tld/>ulo sur la scenejo 
        faru iun ajn la&ubreve;volan sonon
        <fnt>
          <bib>Viki</bib>,
          <lok><url ref="http://eo.wikipedia.org/wiki/John_Cage">
          John Cage</url>, 2011-04-24</lok>
        </fnt>.
      </ekz>
    </dif>
  </snc>
  <refgrp tip="vid">
    <ref cel="anonim.0a">anonima</ref>
  </refgrp>
  <trdgrp lng="fr">
    <trd>quidam</trd>,
    <trd>Untel</trd>
  </trdgrp>
   <trdgrp lng="ru">
     <trd>&c_n;&c_je;&c_k;&c_t;&c_o;</trd>,
     <trd>&c_i;&c_m;&c_ja;&c_r;&c_je;&c_k;</trd>,
     <trd>&c_ch;&c_u;&c_v;&c_a;&c_k;<klr>
     (&c_zh;&c_a;&c_r;&c_g;.)</klr></trd>,
     <trd>&c_ch;&c_je;&c_l;<klr> (&c_zh;&c_a;&c_r;&c_g;.)</klr></trd>
   </trdgrp>
  <trdgrp lng="sk">
    <trd>hocikto</trd>,
    <trd>ktosi</trd>
  </trdgrp>
  <trdgrp lng="cs">
    <trd>hejpo&ccaron;kej</trd>,
    <trd>kdosi</trd>,
    <trd>leckdo</trd>,
    <trd>ledaskdo</trd>
  </trdgrp>
</drv>
</art>
<!--
$Log: ajn.xml,v $
Revision 1.40  2017/02/24 14:10:21  revo
Damien Brucker: +rim cxe ~

Revision 1.39  2017/01/27 15:10:24  revo
Adam Eng: +trd ms

Revision 1.38  2016/07/30 12:10:22  revo
Warut Bunprasert: +trd th

Revision 1.37  2015/07/04 08:37:29  revo
aldono de trd cs per skripto de M. von Laer

Revision 1.36  2015/06/28 12:03:35  revo
aldono de trd sk per skripto de M. von Laer

Revision 1.35  2013/04/18 18:10:09  revo
Norbert Luckhardt: +tip klr trd(de)

Revision 1.34  2013/01/15 01:10:07  revo
Bart Demeyere: +trd en,nl

Revision 1.33  2012/04/17 03:10:07  revo
-->
</vortaro>
