<?xml version="1.0"?>
<!DOCTYPE vortaro SYSTEM "../dtd/vokoxml.dtd">

<vortaro>
<art mrk="$Id: ajx.xml,v 1.30 2018/09/03 14:10:15 revo Exp $">
<kap>
<ofc>*</ofc>
-<rad>a&jcirc;</rad>/
</kap>
<subart>
  <drv mrk="ajx.0">
  <kap>-<tld/></kap>
  <dif>
    Sufikso, kiu:
  </dif>
  <snc mrk="ajx.0.kun_adj">
    <dif>
      aplikate al adjektivo a&ubreve; adverbo, foje al substantivo
      &#8208;
      esprimas iun konkretan objekton, kiu estas esence tia, kiel 
      esprimas tiu vorto, al kiu &gcirc;i estas aplikata:
      <ekz>
        <ind>sankt<tld/>o</ind> <klr>(= io sankta)</klr>;
        <trd lng="de">Heiligtum</trd>
        <trd lng="ru">&c_s;&c_v;&c_ja;&c_t;&c_y;&c_n;&c_ja;</trd>
      </ekz>
      <ekz>
        <ind>malpur<tld/>o</ind> <klr>(= koto, polvo k.s.)</klr>;
        <trdgrp lng="de">
          <trd>Dreck</trd>,
          <trd>Schmutz</trd>
        </trdgrp>
        <trdgrp lng="ru">
          <trd>&c_g;&c_r;&c_ja;&c_z;&c_mol;</trd>,
          <trd>&c_m;&c_u;&c_s;&c_o;&c_r;</trd>,
          <trd>&c_n;&c_je;&c_ch;&c_i;&c_s;&c_t;&c_o;&c_t;&c_y;</trd>
        </trdgrp>
        </ekz>
        <ekz>
          terur<tld/>o <klr>(= io, kio ka&ubreve;zas teruron)</klr>;
        </ekz>
      <ekz>
        Moseo rakontis al sia bopatro <klr>[...]</klr> &ccirc;iujn
        <ind>malfacil<tld/>o</ind>jn, kiuj trafis ilin dum la vojo kaj 
        el kiuj la Eternulo ilin savis
        <fnt><bib>MT</bib>, <lok>Eliro 18:8</lok></fnt>;
        <trd lng="de">Schwierigkeit</trd>
        <trdgrp lng="ru">
          <trd>&c_t;&c_r;&c_u;&c_d;&c_n;&c_o;&c_s;&c_t;&c_mol;</trd>,
          <trd>&c_z;&c_a;&c_t;&c_r;&c_u;&c_d;&c_n;&c_je;&c_n;&c_i;&c_je;</trd>
        </trdgrp>
      </ekz>
      <ekz>
        &ccirc;io devas esti unu for&gcirc;ita <ind>tut<tld/>o</ind>
        <klr>(t.e. ne konsistanta el
        pluraj partoj)</klr> el pura oro
        <fnt><bib>MT</bib>, <lok>Eliro 25:36</lok></fnt>;
        <trd lng="de"><klr tip="ind">ein</klr> Ganzes</trd>
        <trd lng="ru">&c_c;&c_je;&c_l;&c_o;&c_je;<klr tip="amb">
        (&c_s;&c_u;&c_shch;.)</klr></trd>
      </ekz>
      <ekz>
        prenu la tutan sebon kiu kovras la <ind>intern<tld/>o</ind>n
        <klr>(t.e. la internaj organoj)</klr>
        <fnt><bib>MT</bib>, <lok>Eliro 29:13</lok></fnt>;
        <trd lng="de">Innerei</trd>
        <trd
        lng="ru">&c_v;&c_n;&c_u;&c_t;&c_r;&c_je;&c_n;&c_n;&c_o;&c_s;&c_t;&c_mol;</trd>
      </ekz>
      <ekz>
        li ne etendis sian manon sur la <ind>aparten<tld/>o</ind>n de 
        sia proksimulo
        <klr>(ne &scirc;telis de lia havo)</klr>
        <uzo tip="fak">EKON</uzo>
        <fnt><bib>MT</bib>, <lok>Eliro 22:8</lok></fnt>;
        <trd lng="de">Besitz</trd>
        <trd lng="ru">
          &c_i;&c_m;&c_u;&c_shch;&c_je;&c_s;&c_t;&c_v;&c_o;
        </trd>
      </ekz>
      <ekz>
        <uzo tip="stl">FIG</uzo>
        <ind>&gcirc;i estas por mi volapuk<tld/>o</ind>
        <klr>(nekomprenebl<tld/>o)</klr>
        <fnt><bib>PrV</bib></fnt>.
        <trdgrp lng="de">
          <trd>das sind f&uuml;r mich <ind>b&ouml;hmische</ind>
          D&ouml;rfer</trd>,
          <trd>das kommt mir <ind>spanisch</ind> vor</trd>.
        </trdgrp>
        <trdgrp lng="ru">
          <trd>&c_e;&c_t;&c_o; &c_d;&c_l;&c_ja; &c_m;&c_je;&c_n;&c_ja; 
          <ind>&c_k;&c_i;&c_t;&c_a;&c_j;&c_s;&c_k;&c_a;&c_ja; 
          &c_g;&c_r;&c_a;&c_m;&c_o;&c_t;&c_a;</ind></trd>,
          <trd>&c_e;&c_t;&c_o; &c_d;&c_l;&c_ja; &c_m;&c_je;&c_n;&c_ja; 
          <ind>
          &c_t;&c_a;&c_r;&c_a;&c_b;&c_a;&c_r;&c_shch;&c_i;&c_n;&c_a;
          </ind>
          </trd>
        </trdgrp>
      </ekz>
    </dif>
    <rim>
      Substantivo formita el adjektiva radiko per la sufikso 
      <em><tld/></em>
      (
      <ekz>
        bel<tld/>o
      </ekz>
      ) diferencas de la vorto <em><tld/>o</em>
      memstare uzata kun akompano de adjektivo  (
      <ekz>
        bela <tld/>o
      </ekz>
      ).
      La unua esprimo montras esencan konstantan kvaliton; la dua
      signifas, ke la <tld/>o havas ian okazan neesencan kvaliton.
    </rim>
    <adm>
      &Ccirc;u malfacila&jcirc;oj k.s. estas konkretaj (t.e. 
percepteblaj) objektoj?
      Se ne, la difino bezonas aldonon por ampleksi anka&ubreve; 
abstraktajn aferojn.
      <aut>wd</aut>
    </adm>
    <trd
    lng="th">&#3649;&#3626;&#3604;&#3591;&#3588;&#3635;&#3609;&#3634;&#3617;&#3586;&#3629;&#3591;&#3626;&#3636;&#3656;&#3591;&#3607;&#3637;&#3656;&#3648;&#3611;&#3655;&#3609;&#3609;&#3634;&#3617;&#3608;&#3619;&#3619;&#3617;</trd>
  </snc>
  <snc mrk="ajx.0.kun_verbo">
    <dif>
      aplikate al verbo &#8208; havas saman signifon kiel aplikate al
      iu el la participoj de tiu verbo:
      <ekz>
        flu<tld/>o <klr>(= fluant<tld/>o)</klr>;
      </ekz>
      <ekz>
        skrib<tld/>o <klr>(= skribint<tld/>o)</klr>;
      </ekz>
      <ekz>
        frand<tld/>o <klr>(= frandat<tld/>o)</klr>;
      </ekz>
      <ekz>
        forbruligu &gcirc;in sur la altaro kune kun la brulofero
        kiel agrablan odor<tld/>on anta&ubreve; la Eternulo
        <fnt><bib>MT</bib>, <lok>Eliro 29:25</lok></fnt>;
      </ekz>
      <ekz>
        sanig<tld/>o malbongusta sed efiko plej &gcirc;usta
        <fnt><bib>PrV</bib></fnt>;
      </ekz>
      <ekz>
        la rest<tld/>on man&gcirc;u la bestoj de la kampo
        <fnt><bib>MT</bib>, <lok>Eliro 23:11</lok></fnt>;
      </ekz>
      <ekz>
        blua, purpura kaj ru&gcirc;a teks<tld/>o
        <fnt><bib>MT</bib>, <lok>Eliro 25:40</lok></fnt>.
      </ekz>
    </dif>
  </snc>
  <snc mrk="ajx.0.kun_subst">
    <dif>
      aplikate al substantivo &#8208;
      esprimas konkretan objekton faritan el tio, kion nomas la 
      substantivo, plej ofte man&gcirc;a&jcirc;on:
      <ekz>
        bov<tld/>o <klr>(man&gcirc;<tld/>o farita el bova viando)</klr>;
      </ekz>
      <ekz>
        glaci<tld/>o estas dol&ccirc;a glaciigita frand<tld/>o
        <fnt><bib>F</bib>, <lok>Ekzercaro, &para; 35</lok></fnt>;
      </ekz>
      <ekz>
        prenu la brust<tld/>on <klr>(brustviandon)</klr> de la 
        vir&scirc;afo
        <fnt><bib>MT</bib>, <lok>Eliro 29:26</lok></fnt>;
      </ekz>
      <ekz>
        tol<tld/>on <klr>(t.e. io farita el tolo)</klr> malpuran lavu 
        en la domo
        <fnt><bib>PrV</bib></fnt>.
      </ekz>
    </dif>
    <trd lng="th">&#3649;&#3626;&#3604;&#3591;&#3588;&#3635;&#3609;&#3634;&#3617;&#3586;&#3629;&#3591;&#3626;&#3636;&#3656;&#3591;&#3607;&#3637;&#3656;&#3607;&#3635;&#3617;&#3634;&#3592;&#3634;&#3585;</trd>
  </snc>
  <trdgrp lng="es">
    <trd>concreta en algo relacionado con la
    ra&iacute;z</trd>
  </trdgrp>
  </drv>
</subart>
<subart>
  <dif>
    Uzata memstare:
  </dif>
  <drv mrk="ajx.0o">
    <kap><tld/>o</kap>
    <snc>
      <dif>
        Konkreta <ref tip="super" cel="objekt.0o">objekto</ref>:
        <ekz>
          la plej bona <tld/>o en la mondo
          <fnt><bib>Fab2</bib>, <lok>Elfo de la rozo</lok></fnt>;
        </ekz>
        <ekz>
          la princo <klr>[...]</klr> prenos siajn <tld/>ojn sur
          la &scirc;ultron kaj eliros
          <fnt><bib>MT</bib>, <lok>Je&hcirc;ezkel 12:12</lok></fnt>;
        </ekz>
        <ekz>
          delikatajn <tld/>ojn li man&gcirc;as
          <fnt><bib>Far3</bib>, <lok>&ccirc;ap. 10</lok></fnt>;
        </ekz>
        <ekz>
          mi mem pli bone enpakos viajn <tld/>ojn,
          por ke tempo ne estu vane perdata
          <fnt><bib>Revizoro</bib>, <lok>Sceno IX</lok></fnt>;
        </ekz>
        <ekz>
        en la plimulto da okazoj inter o kaj <tld/>o estas granda
        diferenco<fnt><bib>LR</bib></fnt>.
        </ekz>
      </dif>
    </snc>
    <trd lng="be">&c_r;&c_e;&c_ch;</trd>
    <trd lng="bg">&c_n;&c_je;&c_shch;&c_o;</trd>
    <trd lng="ca">cosa</trd>
    <trdgrp lng="de">
      <trd>Ding</trd>,
      <trd>Sache</trd>,
      <trd>Gegenstand</trd>.
    </trdgrp>
    <trdgrp lng="es">
      <trd>cosa<klr tip="amb"> (objeto concreto)</klr></trd>,
      <trd>objeto</trd>
    </trdgrp>
    <trd lng="en">thing</trd>
    <trdgrp lng="fr">
      <trd>chose</trd>,
      <trd>objet</trd>,
      <trd>truc</trd>.
    </trdgrp>
    <trd lng="he">&dalet;&bet;&resh;</trd>
    <trd lng="nl">ding</trd>
    <trd lng="oc">causa</trd>
    <trd lng="pl">rzecz</trd>
    <trd lng="ru">&c_v;&c_je;&c_shch;&c_mol;</trd>
    <trd lng="sk">vec</trd>
    <trd lng="sv">sak</trd>
    <trdgrp
    lng="th">
      <trd>&#3626;&#3636;&#3656;&#3591;&#3586;&#3629;&#3591;</trd>,
      <trd>&#3626;&#3636;&#3656;&#3591;</trd>
    </trdgrp>
    <trd lng="tp">ijo</trd>
  </drv>
</subart>
</art>
<!--
$Log: ajx.xml,v $
Revision 1.30  2018/09/03 14:10:15  revo
Guillermo Molleda Jimena: trd es

Revision 1.29  2018/05/16 19:10:20  revo
Benoit Soubeyran: +he

Revision 1.28  2017/07/14 08:10:14  revo
Warut Bunprasert: +trd th

Revision 1.27  2016/08/14 12:10:14  revo
Alejandro Escobedo: +trd es

Revision 1.26  2016/07/30 12:10:21  revo
Warut Bunprasert: +trd th

Revision 1.25  2014/05/08 18:11:00  revo
Damien Brucker: +ekz

Revision 1.24  2014/05/01 08:10:37  revo
Agustin Garcia Lopez: +trd(es) -o

Revision 1.23  2014/03/11 18:10:21  revo
-->
</vortaro>
