<?xml version="1.0"?>
<!DOCTYPE vortaro SYSTEM "../dtd/vokoxml.dtd">

<vortaro>
<art mrk="$Id: ajxur.xml,v 1.14 2013/09/23 20:10:13 revo Exp $">
<kap>
  <rad>a&jcirc;ur</rad>/a
</kap>
<drv mrk="ajxur.0a">
  <kap><tld/>a</kap>
  <snc>
    <dif>
      Kvalifikas ion, kie oni intence lasis multajn malplena&jcirc;ojn;
      puntosimila:
      <ekz>
        <tld/>aj &scirc;trumpoj por virinoj;
      </ekz>
      <ekz>
        la <tld/>a silueto de la Eiffelturo;
      </ekz>
      <ekz>
        triangulaj <tld/>oj.
      </ekz>
    </dif>
  </snc>
  <trd lng="be">&c_k;&c_a;&c_r;&c_u;&c_n;&c_k;&c_a;&c_v;&c_y;</trd>
  <trd lng="ca">calat</trd>
  <trd lng="de">durchbrochen</trd>
  <trdgrp lng="en">
    <trd>pierced-work</trd>,
    <trd>open-work</trd>
  </trdgrp>
  <trd lng="es">calado</trd>
  <trd lng="fr">ajour&eacute;</trd>
  <trd lng="nl">opengewerkt</trd>
  <trd lng="pl">a&zdot;urowy</trd>
  <trd lng="pt">rendado</trd>
  <trdgrp lng="ru">
    <trd>&c_a;&c_zh;&c_u;&c_r;&c_n;&c_y;&c_j;</trd>,
    <trd>&c_k;&c_r;&c_u;&c_zh;&c_je;&c_v;&c_n;&c_o;&c_j;</trd>
  </trdgrp>
  <trd lng="sk">a&zcaron;&uacute;rov&yacute;</trd>
</drv>
</art>
<!--
$Log: ajxur.xml,v $
Revision 1.14  2013/09/23 20:10:13  revo
Vito Redsky: trd pl

Revision 1.13  2005/04/16 16:35:16  revo
Raul Salinas Monteagudo: +trd ca,es

Revision 1.12  2003/08/26 16:32:19  revo
Zmicier Lapcionak: + trd be

Revision 1.11  2003/05/17 16:32:45  revo
Viliam Bur: +trd sk

Revision 1.10  2002/09/23 16:32:27  revo
Ulrich Fellmann: + 1 trd de

Revision 1.9  2002/09/22 08:15:27  revo
Christopher Zervic: + ang

Revision 1.8  2002/02/14 17:39:27  revo
Yury Finkel: formatigis

Revision 1.7 2001/07/03 18:13:13 revo
-->
</vortaro>
