<?xml version="1.0"?>
<!DOCTYPE vortaro SYSTEM "../dtd/vokoxml.dtd">

<vortaro>
<art mrk="$Id: akaci.xml,v 1.30 2015/07/04 08:37:29 revo Exp $">
<kap>
  <ofc>1</ofc>
  <rad>akaci</rad>/o
</kap>
<drv mrk="akaci.0o">
  <kap><tld/>o</kap>
  <snc>
  <uzo tip="fak">BOT</uzo>
    <dif>
      <ref tip="lst" cel="genr.0o.BIO"
      lst="voko:botanikaj_genroj">Genro</ref> el familio <ref
      tip="malprt" cel="fabac.0oj">fabacoj</ref>
      (<trd lng="la">Acacia</trd>) kun sescento da arbaj kaj arbustaj
      specioj ofte dornaj,
      apartenantaj al subfamilio de 
      <ref tip="lst" cel="mimoz.0o"
      lst="voko:faboparencoj">mimozoj</ref>:
      <ekz>
        sole la&ubreve;bo el <tld/>oj kaj siringoj donis belan ombron
        <fnt><bib>PatrojFiloj</bib> <lok>&ccirc;apitro 5a, p. 21a</lok></fnt>.
      </ekz>
    </dif>
  </snc>
  <trd lng="be">&c_a;&c_k;&c_a;&c_c;&c_y;&c_ja;</trd>
  <trd lng="bg">&c_a;&c_k;&c_a;&c_c;&c_i;&c_ja;</trd>
  <trdgrp lng="br">
   <trd>kasiaenn</trd>,
   <trd>gwezenn-gasia</trd>
  </trdgrp>
  <trd lng="ca">ac&agrave;cia</trd>
  <trdgrp lng="cs">
    <trd>akácie</trd>,
    <trd>kapinice</trd>
  </trdgrp>
  <trd lng="de">Akazie</trd>
  <trd lng="en">acacia</trd>
  <trd lng="fr">acacia</trd>
  <trd lng="hu">ak&aacute;c(fa)</trd>
  <trd lng="id">akasia</trd>
  <trd lng="nl">acacia</trd>
  <trd lng="pl">akacja</trd>
  <trd lng="pt">ac&aacute;cia</trd>
  <trd lng="ru">&c_a;&c_k;&c_a;&c_c;&c_i;&c_ja;</trd>
  <trd lng="sk">ak&aacute;cia</trd>
  <trd lng="sv">akacia</trd>
</drv>

<drv mrk="akaci.sxajn0o">
  <kap>&scirc;ajn<tld/>o</kap>
  <snc>
    <uzo tip="stl">EVI</uzo>
      <ref tip="dif" cel="robini.akacia0o">&Scirc;ajnakacia
      robinio</ref>
  </snc>
  <trd lng="de">Falsche Akazie</trd>
  <trd lng="fr">faux-acacia</trd>
</drv>

</art>
<!--
$Log: akaci.xml,v $
Revision 1.30  2015/07/04 08:37:29  revo
aldono de trd cs per skripto de M. von Laer

Revision 1.29  2014/12/10 18:10:14  revo
Damien Brucker: +trd fr

Revision 1.28  2014/11/15 04:10:14  revo
Eko Nur Syah Hidayat: +trd id

Revision 1.27  2013/10/31 20:10:28  revo
Wolfram Diestel: kor. ref-cel

Revision 1.26  2013/10/31 16:10:13  revo
Wolfram Diestel: forigisdubindan ekzemplon

Revision 1.25  2013/10/27 10:10:12  revo
Wolfram Diestel: ref al fabparencoj, +drv sajnakacio

Revision 1.24  2013/08/27 15:10:25  revo
Wolfram Diestel: referenco al listo bot genroj

Revision 1.23  2012/01/01 19:10:17  revo
Marc Rausell: +trd ca

Revision 1.22  2008/07/31 17:48:05  revo
-->
</vortaro>
