<?xml version="1.0"?>
<!DOCTYPE vortaro SYSTEM "../dtd/vokoxml.dtd">

<vortaro>
<art mrk="$Id: akad.xml,v 1.8 2014/12/11 23:12:28 revo Exp $">
<kap>
<rad>Akad</rad>/o <fnt><bib>PIV1</bib></fnt>
</kap>

<drv mrk="akad.A0o">
  <kap><tld/>o</kap>
  <snc mrk="akad.A0o.HIS">
    <uzo tip="fak">HIS</uzo>
    <dif>
      Antikva &ccirc;efurbo de <tld/>ujo:
      <ekz>
        Sargono de <tld/>o <klr>...</klr> estas la fondinto de la
        dinastio
        <fnt>
        <aut>M. Wolf</aut>
        <vrk>Re: pri historio</vrk>
        <lok>soc.culture.esperanto, 2003-03-23</lok>
        </fnt>.
      </ekz>
    </dif>
  </snc>
  <rim mrk="akad.0o.RIM">
    La urbo Akado estas perdita. Distingo inter &gcirc;iaj lo&gcirc;antoj kaj
    la
    regatoj de &gcirc;ia regno ne havas sencon hodia&ubreve;. Tial
    &leftquot;Akado&rightquot; ofte estas
    uzata pri la tuta lando, kaj &leftquot;akadanoj&rightquot; pri la landanoj.
    <aut>&jcirc;v</aut>
  </rim>
  <trdgrp lng="de">
    <trd>Akkad</trd>
  </trdgrp>
  <trdgrp lng="fr">
    <trd>Agad&eacute;</trd>,
    <trd>Akkad</trd>
  </trdgrp>
  <trd lng="hu">Akk&aacute;d</trd>
  <trdgrp lng="nl">
    <trd>Akkad</trd>,
    <trd>Agade</trd>
  </trdgrp>
  <trdgrp lng="no">
    <trd>Akkad</trd>,
    <trd>Agade</trd>
  </trdgrp>  
  <trd lng="pl">Akad</trd>
</drv>

<drv mrk="akad.0a">
  <kap><tld/>a</kap>
  <snc mrk="akad.0a.HIS">
    <dif>
      Rilata al <tld/>o, al la <tld/>a regno, kulturo, lingvo.
    </dif>
  </snc>
  <trd lng="fr">akkadien<klr tip="amb"> (adj.)</klr></trd>
  <trd lng="de">akkadisch</trd>
  <trd lng="hu">akk&aacute;d</trd>
  <trd lng="nl">Akkadisch</trd>
  <trd lng="no">akkadisch</trd>
  <trdgrp lng="pl">
  <trd>akadyjski</trd>,
  <trd>chaldejski</trd>
  </trdgrp>
</drv>

<drv mrk="akad.A0ujo">
  <kap><tld/>ujo</kap>
  <snc mrk="akad.A0ujo.GEOG">
    <uzo tip="fak">GEOG</uzo>
    <dif>
      Meza regiono de Mezopotamio, norde de Sumerujo, sudoriente de
      Asirio,
      regno proksimume de la 22a &gcirc;is la 18a jarcento a.K., poste parto
      de
      <ref tip="malprt" cel="babiloni.B0o">Babilonio</ref>.
    </dif>
  </snc>
  <trdgrp lng="de">
    <trd>Reich von Akkad</trd>,
    <trd>Akkadisches Gro&szlig;reich</trd>
  </trdgrp>
  <trd lng="fr">pays d'<ind>Akkad</ind></trd>
  <trd lng="hu">Akk&aacute;d Birodalom</trd>
  <trd lng="nl">Akkadisch Rijk</trd>
  <trd lng="no">akkadisk rike</trd>
  <trd lng="pl">Imperium Akadyjskie</trd>
</drv>
</art>
<!--
$Log: akad.xml,v $
Revision 1.8  2014/12/11 23:12:28  revo
Filip van Laenen: +trd(nl,no)

Revision 1.7  2013/04/10 10:10:15  revo
Sebastian Cyprych: +trd pl

Revision 1.6  2011/02/13 03:10:14  revo
Luiz Portella: kor. ref k mrk

Revision 1.5  2007/06/10 16:31:11  revo
Wieland Pusch: +trd de

Revision 1.4  2006/07/05 18:36:47  revo
Raul Salinas Monteagudo: sen-utf8-igita

Revision 1.3  2006/05/15 16:31:28  revo
Jozefo Horvath: +trd hu

Revision 1.2  2005/12/03 19:15:47  revo
Wieland Pusch: +trd de

Revision 1.1  2005/09/28 16:31:42  revo
-->
</vortaro>
