<?xml version="1.0"?>
<!DOCTYPE vortaro SYSTEM "../dtd/vokoxml.dtd">

<vortaro>
<art mrk="$Id: akadem.xml,v 1.31 2017/03/31 12:10:13 revo Exp $">
<kap>
  <ofc>1</ofc>
  <rad>akademi</rad>/o <fnt><bib>PV</bib></fnt> 
</kap>

<drv mrk="akadem.0o">
  <kap><tld/>o</kap>
  <snc mrk="akadem.0o.societo">
    <dif>
      <ref tip="super" cel="societ.0o.institucio">Societo</ref>,
      konstanta kaj oficiala, de sciencistoj, literaturistoj      a&ubreve;
      artistoj:
      <ekz>
        la franca <tld lit="A"/>o estis fondita en 1634;
      </ekz>
      <ekz>
        <uzo tip="fak">ESP</uzo>
        fari oficialan decidon pri tiu a&ubreve; alia duba lingva demando havas
        la rajton nur nia <tld lit="A"/>o
        <fnt><bib>LR</bib></fnt>.
      </ekz>
    </dif>
    <trd lng="ca">acad&egrave;mia</trd>
    <trdgrp lng="de">
      <trd>Akademie</trd>,
      <trd>wissenschaftliche Gesellschaft</trd>
    </trdgrp>
    <trdgrp lng="fr">
      <trd>acad&eacute;mie</trd>,
      <trd>soci&eacute;t&eacute; savante</trd>
    </trdgrp>
    <trdgrp lng="hu">
      <trd>akad&eacute;mia</trd>,
      <trd>tud&oacute;s t&aacute;rsas&aacute;g</trd>
    </trdgrp>
    <trd lng="nl">academie</trd>
    <trd lng="pl">akademia</trd>
    <trd lng="pt">academia</trd>
    <trd lng="sk">akad&eacute;mia</trd>
  </snc>
  <snc mrk="akadem.0o.lernejo">
    <uzo tip="stl">EVI</uzo>
    <dif>
      Supera lernejo:
      <ekz>
        mi vizitados la <tld/>on, mi lernos desegni, mi estos nomata
        ar&hcirc;itekturisto, -- tio estas io, tio estas multe!
        <fnt><bib>Fab3</bib>, <lok>Io</lok></fnt>.
      </ekz>
    </dif>
    <adm>
      &Ccirc;ar la termino estas "evitinda" &ccirc;i-sence, indus ne
      aldoni tro da tradukoj kaj provi precizigi &gcirc;ian kampon.
      &Scirc;ajnas al mi, ke tiu senco estas pa&ubreve;sa&jcirc;o de la
      franca "acad&eacute;mie", kiam aplikata al supera lernejo pri
      certaj artoj, kiel videblas el la ekzemplo. &Gcirc;i ver&scirc;ajne
      ne celas la anglalingvan "academy", kiam aplikata al la
      universitata
      mondo &gcirc;enerale (kontraste kun la industria). Do la&ubreve; mi la
      tradukoj per "universitato" ne ta&ubreve;gas.
      <aut>MB</aut>
    </adm>
    <trdgrp lng="de">
      <trd>Universit&auml;t</trd>,
      <trd>Hochschule</trd>
    </trdgrp>
    <trdgrp lng="fr">
      <trd>acad&eacute;mie<klr tip="ind"> (&eacute;cole
      artistique)</klr></trd>,
      <trd>&eacute;cole artistique</trd>
    </trdgrp>
  </snc>
  <trd lng="be">&c_a;&c_k;&c_a;&c_d;&c_e;&c_m;&c_ib;&c_ja;</trd>
  <trd lng="bg">&c_a;&c_k;&c_a;&c_d;&c_je;&c_m;&c_i;&c_ja;</trd>
  <trd lng="ca">acad&egrave;mia</trd>
  <trdgrp lng="cs">
    <trd>akademie</trd>,
    <trd>vysok&aacute; &scaron;kola</trd>
  </trdgrp>
  <trdgrp lng="de">
    <trd>Akademie</trd>
  </trdgrp>
  <trd lng="en">academy</trd>
  <trd lng="es">academia</trd>
  <trd lng="ia">academia</trd>
  <trd lng="ie">academie</trd>
  <trd lng="it">accademia</trd>
  <trd lng="pl">akademia</trd>
  <trd lng="pt">universidade</trd>
  <trd lng="ru">&c_a;&c_k;&c_a;&c_d;&c_je;&c_m;&c_i;&c_ja;</trd>
  <trd lng="sv">akademi</trd>
  <trd lng="vo">kadem</trd>
  <trd lng="ms">akedemi</trd>
</drv>

<drv mrk="akadem.0ano">
  <kap><tld/>ano</kap>
  <snc mrk="akadem.0ano.KOMUNE">
    <dif>
      Membro de <tld/>o <sncref ref="akadem.0o.societo"/>:
      <ekz>
        e&ccirc; en tiu antikva kaj pli pura epoko, nur <tld/>anoj povis sen 
        peno kaj sen penso elbu&scirc;igi la nomon Kna&hcirc;o&hcirc;&scirc;ve&ubreve;psceg
        <fnt>
          <aut>D. K. Jordan</aut>,
          <vrk>Kna&hcirc;o&hcirc;&scirc;ve&ubreve;psceg</vrk>,
          <lok><url ref="http://esperanto.ca/kea/j-enkonduko.html">La
          Fabeloj de Jordan</url>, [vidita en 2006]</lok>
        </fnt>.
      </ekz>
    </dif>
    <trd lng="be">&c_a;&c_k;&c_a;&c_d;&c_e;&c_m;&c_ib;&c_k;</trd>
    <trd lng="bg">&c_a;&c_k;&c_a;&c_d;&c_je;&c_m;&c_i;&c_k;</trd>
    <trdgrp lng="de">
      <trd>Akademiemitglied</trd>,
      <trd>Mitglied der Akademie</trd>
    </trdgrp>
    <trd lng="es">acad&eacute;mico</trd>
    <trd lng="hu">akad&eacute;mikus</trd>
    <trd lng="nl">lid van de <ind>academie</ind></trd>
    <trd lng="it">accademico</trd>
    <trd lng="fr">acad&eacute;micien</trd>
    <trd lng="pl">student (akademii)</trd>
    <trd lng="pt">acad&ecirc;mico</trd>
    <trd lng="ru">&c_a;&c_k;&c_a;&c_d;&c_je;&c_m;&c_i;&c_k;</trd>
    <trd lng="sk">akademik</trd>
  </snc>
  <snc>
    <uzo tip="stl">EVI</uzo>
    <dif>
      Tiu, kiu studis a&ubreve; studas en <tld/>o <sncref
      ref="akadem.0o.lernejo"/>.
    </dif>
    <adm>
      &Ccirc;ar la termino estas "evitinda" &ccirc;i-sence, indus ne
      aldoni tro da tradukoj kaj proponi preferindan ekvivalenton.
      La&ubreve; mi la tradukoj per "universitatano" ne ta&ubreve;gas.
      <aut>MB</aut>
    </adm>
    <trd lng="bg">&c_v;&c_i;&c_s;&c_sh;&c_i;&c_s;&c_t;</trd>
    <trd lng="de">Akademiker</trd>
    <trd lng="pt">universit&aacute;rio</trd>
    <trd lng="sv">akademiker</trd>
  </snc>
  <trd lng="cs">&ccaron;len Akademio de Esperanto</trd>
  <trd lng="en">academian</trd>
  <trd lng="sk">&ccaron;len Akademio de Esperanto</trd>
</drv>

<drv mrk="akadem.0odeesperanto">
  <kap><tld lit="A"/>o de Esperanto</kap>
  <mlg>AdE</mlg>
  <snc mrk="akadem.0odeesperanto.ESP">
    <uzo tip="fak">ESP</uzo>
    <dif>
      Sendependa societo konservanta kaj kontrolanta
      ekde 1948 la principojn de la Lingvo Esperanto, 
      da&ubreve;riganto de la
      <ref tip="vid" cel="komita.lingva0o.ESP">Lingva Komitato</ref>:
      <ekz>
        en 1948 la Lingva Komitato kaj &gcirc;ia <tld lit="A"/>o kunfandi&gcirc;is 
        en unu solan korpon nomatan <ctl><tld lit="A"/>o de 
        Esperanto</ctl>
        <fnt>
          <aut>Akademio de Esperanto</aut>,
          <vrk><url ref="http://www.akademio-de-esperanto.org/">
          [Oficiala retpa&gcirc;o]</url></vrk>,
          <lok>[vidita en 2017]</lok>
        </fnt>.
      </ekz>
    </dif>
  </snc>
  <trd lng="fr">Acad&eacute;mie de l'Esp&eacute;ranto</trd>
</drv>
</art>
<!--
$Log: akadem.xml,v $
Revision 1.31  2017/03/31 12:10:13  revo
Jeromo Vasxe: + ~o de e-o

Revision 1.30  2017/01/26 09:10:19  revo
Adam Eng: trd ms

Revision 1.29  2015/07/04 08:37:29  revo
aldono de trd cs per skripto de M. von Laer

Revision 1.28  2015/06/28 12:03:35  revo
aldono de trd sk per skripto de M. von Laer

Revision 1.27  2014/05/11 19:10:12  revo
Damien Brucker: +ekz (dauxrigo)

Revision 1.26  2014/05/08 18:11:13  revo
Damien Brucker: +ekz

Revision 1.25  2008/08/23 16:30:45  revo
Wieland Pusch: +trd bg

Revision 1.24  2007/05/20 16:30:41  revo
-->
</vortaro>
