<?xml version="1.0"?>
<!DOCTYPE vortaro SYSTEM "../dtd/vokoxml.dtd">

<vortaro>
<art mrk="$Id: akajxu.xml,v 1.17 2019/03/09 23:10:17 revo Exp $">
<kap>
  <rad>aka&jcirc;u</rad>/o
</kap>

<drv mrk="akajxu.0o">
  <kap><tld/>o <fnt>PIV</fnt></kap>
  <uzo tip="fak">KUI</uzo>
  <snc mrk="akajxu.0o.flortigo">
    <dif>
      La pom-, pir- a&ubreve; korforma, fruktosimile
      &scirc;velinta flortigo de la
      <ref tip="malprt" cel="akajxu.0ujo"><tld/>ujo</ref>,
      sur kiu sidas la <tld/>nuksoj, kaj kiu estas uzata por
      konfita&jcirc;oj kaj alkohola&jcirc;oj:
      <ekz>
        <tld/>o estas la man&gcirc;ebla &scirc;ajnfrukto de la <tld/>arbo
        <fnt>
          <bib>Viki</bib>
          <lok><url ref="https://eo.wikipedia.org/?curid=129822"
              >Aka&jcirc;uo</url></lok>
        </fnt>;
      </ekz>
      <ekz>
        Vjetnamio <klr>[&#8230;]</klr> estas la plej granda produktanto de la mondo de
        <tld/>oj, kun unu triono de la tutmonda rikolto
        <fnt>
          <bib>Viki</bib>
          <lok><url ref="https://eo.wikipedia.org/?curid=8318"
              >Vjetnamio</url></lok>
        </fnt>.
      </ekz>
    </dif>
    <trd lng="ca">anacard <klr>(fals fruit)</klr></trd>
    <trd lng="de">Cashewapfel</trd>
    <trd lng="fi">acajouomena</trd>
    <trd lng="fr">pomme de <ind>cajou</ind></trd>
    <trd lng="hu">akazsufa gy&uuml;m&ouml;lcse</trd>
    <trd lng="it">pome di <ind>Acagi&ugrave;</ind></trd>
    <trd lng="pt">caju</trd>
    <trdgrp lng="sv">
      <trd>njurfrukt</trd>,
      <trd>acajoufrukt</trd>
    </trdgrp>
  </snc>
  <snc mrk="akajxu.0o.nukso">
    <dif>
      <tld lit="A"/>nukso:
      <ekz>
        50&#8239;g da salitaj <tld/>oj
        <fnt>
          <vrk><url ref="https://eo.wikibooks.org/wiki/Kuirlibro:Kirlofritita_pekina_brasiko_kun_aka%C4%B5uoj"
              >Kirlofritita pekina brasiko kun aka&jcirc;uoj</url></vrk>
        </fnt>.
      </ekz>
    </dif>
  </snc>  
</drv>

<drv mrk="akajxu.0ujo">
  <kap><tld/>arbo, <var><kap><tld/>ujo</kap></var></kap>
  <uzo tip="fak">BOT</uzo>
  <snc>
    <dif>
      Specio de <ref tip="super" cel="anakar.0o">anakardio</ref>
      (<trd lng="la">Anacardium occidentale</trd>):
      <ekz>
        la <tld/>arbo a&ubreve; okcidenta anakardio estas da&ubreve;rafolia arbo kultivata kaj
        naturigita en multaj tropikaj landoj
        <fnt>
          <bib>Viki</bib>
          <lok><url ref="https://eo.wikipedia.org/?curid=179662"
              >Aka&jcirc;uarbo</url></lok>
        </fnt>.
      </ekz>
    </dif>
    <bld
      lok="&WCU;/thumb/c/c7/Ripe_Cashew_apple_with_Nuts_Anacardium_occidentale_Goa_IMG_7907_(1).JPG/640px-Ripe_Cashew_apple_with_Nuts_Anacardium_occidentale_Goa_IMG_7907_(1).JPG"
      prm="CC BY-SA 3.0"
      >bran&ccirc;o kun <tld/>o
        <fnt>
          <aut>Dr. Raju Kasambe, propra verko</aut>
          <lok><url ref="&WCW;/File:Ripe_Cashew_apple_with_Nuts_Anacardium_occidentale_Goa_IMG_7907_(1).JPG"
              >https://commons.wikimedia.org/wiki/File:Ripe_Cashew_apple_with_Nuts_Anacardium_occidentale_Goa_IMG_7907_(1).JPG</url></lok>
        </fnt>
    </bld>
    <trd lng="be">&c_k;&c_e;&c_sh;'&c_ju; <klr tip="amb">(&c_d;&c_r;&c_e;&c_v;&c_a;)</klr></trd>
    <trd lng="bg">&c_k;&c_je;&c_sh;&c_u;</trd>
    <trd lng="ca">anacard <klr>(arbre)</klr></trd>
    <trdgrp lng="de">
      <trd>Nierenbaum</trd>,
      <trd>Cashewbaum</trd>,
      <trd>Akajoubaum</trd>
    </trdgrp>
    <trd lng="en">cashew</trd>
    <trd lng="es">anacardo</trd>
    <trd lng="fr">anacardier</trd>
    <trdgrp lng="hu">
      <trd>indusdi&oacute;fa</trd>,
      <trd>akazsufa</trd>
    </trdgrp>
    <trd lng="nl">acajouboom</trd>
    <trd lng="pt">cajueiro</trd>
    <trdgrp lng="ru">
      <trd>&c_a;&c_k;&c_a;&c_zh;&c_u;</trd>,
      <trd>&c_k;&c_je;&c_sh;&c_mol;&c_ju;</trd>
    </trdgrp>
  </snc>
</drv>

<drv mrk="akajxu.0nukso">
  <kap><tld/>nukso</kap>
  <uzo tip="fak">KUI</uzo>
  <snc>
    <dif>
      Renforma semgrajno de la
      <ref tip="malprt" cel="akajxu.0ujo"><tld/>ujo</ref>, kies
      oleri&ccirc;a interno estas man&gcirc;ebla:
      <ekz>
        li mem suferis la atakon de tiu besto, kies lezon li kuracis per ekstrakto de
        nuksoj de <tld/>o
        <fnt>
          <bib>Viki</bib>
          <lok><url ref="https://eo.wikipedia.org/?curid=232150"
              >Historia Naturalis Brasiliae</url></lok>
        </fnt>.
      </ekz>
    </dif>
    <trd lng="be">&c_k;&c_e;&c_sh;'&c_ju; <klr tip="amb">(&c_a;&c_r;&c_e;&c_h;)</klr></trd>
    <trd lng="bg">&c_k;&c_je;&c_sh;&c_u;</trd>
    <trd lng="ca">anacard <klr>(fruit)</klr></trd>
    <trdgrp lng="de">
      <trd>Cashewnuss</trd>,
      <trd>Akajounuss</trd>,
      <trd>Kaschunuss</trd>
    </trdgrp>
    <trd lng="en">cashew nut</trd>
    <trd lng="es">nuez de caoba</trd>
    <trd lng="fi">cashewp&auml;hkin&auml;</trd>
    <trd lng="fr">noix de <ind>cajou</ind></trd>
    <trdgrp lng="hu">
      <trd>kesudi&oacute;</trd>,
      <trd>akazsudi&oacute;</trd>
    </trdgrp>
    <trdgrp lng="it">
      <trd>noce dell' <ind>anacardio</ind></trd>,
      <trd>noce di <ind>Acagi&ugrave;</ind></trd>
    </trdgrp>
    <trd lng="nl">cashewnoot</trd>
    <trdgrp lng="pl">
      <trd>orzech <ind>cashew</ind></trd>,
      <trd>nerkowiec</trd>
    </trdgrp>
    <trd lng="pt">castanha de caju</trd>
    <trd lng="ru">&c_o;&c_r;&c_je;&c_h;
<ind>&c_k;&c_je;&c_sh;&c_mol;&c_ju;</ind></trd>
    <trd lng="sv">cashewn&ouml;t</trd>
  </snc>
</drv>
</art>
<!--
$Log: akajxu.xml,v $
Revision 1.17  2019/03/09 23:10:17  revo
Wolfram Diestel: +ekz-oj, +bld, snc 2

Revision 1.16  2012/10/22 00:10:15  revo
Neil Roberts: aldonu la etikedon <var>

Revision 1.15  2012/01/04 00:10:14  revo
Marc Rausell: +trd ca

Revision 1.14  2010/07/13 16:30:22  revo
Wieland Pusch: nenio sxangxo

Revision 1.13  2008/10/24 16:40:03  revo
Carlos Garcia: +trd "es" -o

Revision 1.12  2008/08/23 16:30:46  revo
Wieland Pusch: +trd bg

Revision 1.11  2004/05/18 16:31:57  revo
Dmitri Gabinski: +trd be

Revision 1.10  2002/03/30 19:12:22  revo
-->
</vortaro>
