<?xml version="1.0"?>
<!DOCTYPE vortaro SYSTEM "../dtd/vokoxml.dtd">

<vortaro>
<art mrk="$Id: akant.xml,v 1.14 2015/07/04 08:37:29 revo Exp $">
<kap>
  <rad>akant</rad>/o
  <fnt>Z</fnt>
</kap>
<drv mrk="akant.0o">
  <kap><tld/>o</kap>
  <uzo tip="fak">BOT</uzo>
  <snc>
    <dif>
      Vegeta&jcirc;o rimarkinda pro tre lar&gcirc;aj kaj elegante dentrandaj
folioj
      (<trd lng="la">Acanthus</trd>):
      <ekz>
        la korintordaj kapiteloj estas ornamitaj per <tld/>aj folioj.
      </ekz>
    </dif>
  </snc>
  <trd lng="be">&c_a;&c_k;&c_a;&c_n;&c_t;</trd>
  <trdgrp lng="cs">
    <trd>akant</trd>,
    <trd>paznehtník</trd>
  </trdgrp>
  <trd lng="de">B&auml;renklau</trd>
  <trd lng="en">acanthus</trd>
  <trd lng="fr">acanthe</trd>
  <trdgrp lng="hu">
    <trd>medvek&ouml;r&ouml;m</trd>,
    <trd>akantusz</trd>
  </trdgrp>
  <trd lng="nl">acanthus</trd>
  <trdgrp lng="pt">
    <trd>acanto</trd>,
    <trd>erva-gigante</trd>
  </trdgrp>
  <trdgrp lng="ru">
    <trd>&c_a;&c_k;&c_a;&c_n;&c_t;</trd>,
    <trd>&c_a;&c_k;&c_a;&c_n;&c_t;&c_u;&c_s;</trd>
  </trdgrp>
  <trdgrp lng="sk">
    <trd>akant</trd>,
    <trd>štylizovaná ozdoba na hlaviciach antických stĺpov</trd>
  </trdgrp>
  <trd lng="sv">akantus</trd>
</drv>
</art>
<!--
$Log: akant.xml,v $
Revision 1.14  2015/07/04 08:37:29  revo
aldono de trd cs per skripto de M. von Laer

Revision 1.13  2015/06/28 12:03:35  revo
aldono de trd sk per skripto de M. von Laer

Revision 1.12  2008/11/24 17:30:41  revo
Jerano Zachrisson: +trd sv

Revision 1.11  2004/10/05 16:59:18  revo
Dmitri Gabinski: +trd be

Revision 1.10  2003/02/06 18:16:48  revo
Ulrich Fellmann: + 1 trd = de

Revision 1.9  2002/03/21 18:33:59  revo
Jozefo Horvath: +trd hu

Revision 1.8  2002/02/15 17:34:48  revo
Yury Finkel: +trd ru

Revision 1.7 2001/07/03 18:12:42 revo
Paul Peeraerts: ald trd nl

Revision 1.6 2001/04/17 16:20:23 revo
Helio Jaques: trd pt

Revision 1.5 2000/10/19 16:12:42 revo
-->
</vortaro>
