<?xml version="1.0"?>
<!DOCTYPE vortaro SYSTEM "../dtd/vokoxml.dtd">

<vortaro>
<art mrk="$Id: akcept.xml,v 1.42 2017/03/06 21:10:16 revo Exp $">
<kap>
  <ofc>*</ofc>
  <rad>akcept</rad>/i <fnt><bib>PV</bib></fnt>
</kap>

<drv mrk="akcept.0i">
  <kap><ofc>*</ofc><tld/>i</kap>
  <gra><vspec>tr</vspec></gra>
  <snc mrk="akcept.0i.ricevi">
    <dif>
      Konsenti ricevi ion, kion iu donas a&ubreve; proponas:
      <ekz>
        mi proponis al li cigaron, kiun li kun danko <tld/>is
        <fnt>
          <aut>-, trad. B. G. Jonson</aut>,
          <vrk>La Nigra Virino</vrk>,
          <bib>FK</bib>
        </fnt>.
      </ekz>
    </dif>
    <rim>
      <em>Akcepti</em> diferencas de ricevi, per tio, ke &gcirc;i
      montras la jeson, la konsenton de la ricevonto.
    </rim>
    <trd lng="de">annehmen</trd>
    <trd lng="nl">aannemen</trd>
    <trdgrp lng="pl">
      <trd>akceptowa&cacute;</trd>,
      <trd>przyjmowa&cacute;</trd>
    </trdgrp>
    <trd lng="pt">aceitar</trd>
    <trd lng="sv">mottaga</trd>
    <trdgrp lng="th">
      <trd>&#3619;&#3633;&#3610;</trd>,
      <trd>&#3618;&#3629;&#3617;&#3619;&#3633;&#3610;</trd>
    </trdgrp>
  </snc>
  <snc mrk="akcept.0i.eniri">
    <dif>
      Lasi eniri iun hejmen:
      <ekz>
        la malfeli&ccirc;a knabino, <klr>...</klr> trovinte neniun,
        kiu volus &scirc;in <tld/>i, balda&ubreve; mortis en 
        <klr>...</klr> arbaro
        <fnt><bib>F</bib>, <lok>&FE; 23</lok></fnt>;
      </ekz><ekz>
        sinjorino Ajnulo <tld/>as &ccirc;iun &jcirc;a&ubreve;don;
      </ekz><ekz>
        oni <tld/>as la&ubreve; viza&gcirc;o, oni forlasas
        la&ubreve;
        sa&gcirc;o<fnt><bib>PrV</bib></fnt>;
      </ekz><ekz>
      la esprimo <ctl>mi estas feli&ccirc;a akceptonte vin</ctl>
      estas
      bona<fnt><bib>LR</bib></fnt>.
      </ekz>
    </dif>
    <trd lng="nl">ontvangen</trd>
    <trdgrp lng="pl">
      <trd>akceptowa&cacute;</trd>,
      <trd>przyjmowa&cacute;</trd>,
      <trd>przygarnia&cacute;<klr> (kogo&sacute;)</klr></trd>
    </trdgrp>
    <trdgrp lng="pt">
      <trd>acolher</trd>,
      <trd>receber <klr>(visita)</klr></trd>
    </trdgrp>
    <trd lng="sv">mottaga</trd>
  </snc>
  <snc mrk="akcept.0i.ion">
    <dif>
      Konsenti pri io, allasi ion:
      <ekz>
        li nun volonte <tld/>is la laboreton
        <fnt> 
          <aut>L. E. Meier</aut>,
          <vrk>Nur Unu Vorton!</vrk>,
          <bib>FK</bib>
        </fnt>;
      </ekz>
      <ekz>
        la propono estis <tld/>ita de &ccirc;iuj;
      </ekz>
      <ekz>
        <tld/>i la batalon.
      </ekz>
    </dif>
    <refgrp tip="vid">
      <ref cel="pren.0i">preni sur sin</ref>.
    </refgrp>
    <trd lng="nl">aannemen</trd>
    <trdgrp lng="pl">
      <trd>akceptowa&cacute;</trd>,
      <trd>przyjmowa&cacute;</trd>
    </trdgrp>
    <trdgrp lng="pt">
      <trd>admitir</trd>,
      <trd>aceitar</trd>
    </trdgrp>
    <trdgrp lng="sv">
      <trd>acceptera</trd>,
      <trd>antaga</trd>
    </trdgrp>
  </snc>
  <snc mrk="akcept.0i.trafite">
    <dif>
      Esti trafita de iu ago, kiu modifas la staton de la trafita 
      objekto, povi ricevi econ, ekhavi ian econ:
      <ekz>
        tiu regulo <tld/>as multajn esceptojn;
      </ekz><ekz>
        <tld/>i tre diversajn formojn;
      </ekz><ekz>
        por respondi al la demando kien, la vortoj <tld/>as la
        fina&jcirc;on de l' akuzativo<fnt>Z</fnt>;
      </ekz><ekz>
        li <tld/>is seriozan mienon<fnt>Z</fnt>;
      </ekz><ekz>
        la okuloj <tld/>is esprimon de prudento kaj
        memkonscio<fnt>Z</fnt>.
      </ekz>
    </dif>
    <trd lng="nl">aannemen</trd>
    <trdgrp lng="pl">
      <trd>przyjmowa&cacute;</trd>,
      <trd>przybiera&cacute;</trd>
    </trdgrp>
  </snc>
  <snc mrk="akcept.0i.EKON">
    <uzo tip="fak">EKON</uzo>
    <dif>
      Devontigi sin pagi:
      <ekz>
        <tld/>i kambion.
      </ekz>
    </dif>
    <trd lng="nl">accepteren</trd>
  </snc>
  <refgrp tip="vid">
    <ref cel="las.al0i">allasi</ref>,
    <ref cel="las.en0i">enlasi</ref>,
    <ref cel="jes.0i">jesi</ref>,
    <ref cel="konsen.0i">konsenti</ref>,
    <ref cel="ricev.0i">ricevi</ref>
  </refgrp>
  <trd lng="be">&c_p;&c_r;&c_y;&c_m;&c_a;&c_c;&c_mol;</trd>
  <trd lng="br">degemer<klr tip="ind"> (verb)</klr></trd>
  <trd lng="cs">p&rcaron;ijmout</trd>
  <trdgrp lng="de">
    <trd>annehmen</trd>,
    <trd>akzeptieren</trd>
  </trdgrp>
  <trd lng="en">accept</trd>
  <trd lng="es">aceptar</trd>
  <trdgrp lng="fr">
    <trd>accepter</trd>,
    <trd>accueillir</trd>,
    <trd>admettre</trd>,
    <trd>recevoir</trd>
  </trdgrp>
  <trdgrp lng="hu">
    <trd>elfogad</trd>,
    <trd>fogad<klr tip="ind"> (vend&eacute;get)</klr></trd>,
    <trd>felvesz<klr tip="ind"> (tulajdons&aacute;got)</klr></trd>,
    <trd>megenged<klr tip="ind"> (elfogad)</klr></trd>
  </trdgrp>
  <trd lng="it">accettare</trd>
  <trd lng="pt">admitir</trd>
  <trdgrp lng="ru">
    <trd>&c_p;&c_r;&c_i;&c_n;&c_i;&c_m;&c_a;&c_t;&c_mol;</trd>,
    <trd>&c_p;&c_r;&c_i;&c_n;&c_ja;&c_t;&c_mol;</trd>
  </trdgrp>
  <trd lng="sk">prija&tcaron;</trd>
  <trdgrp lng="tr">
    <trd>kabul etmek</trd>,
    <trd>kabullenmek</trd>,
    <trd>kar&scedil;&inodot;lamak</trd>
  </trdgrp>
  <trdgrp lng="cs">
<trd>akceptovat</trd>,
<trd>p&rcaron;ijmout</trd>,
<trd>p&rcaron;iv&iacute;tat</trd>,
<trd>p&rcaron;&iacute;jmat</trd>,
<trd>uzn&aacute;vat</trd>
</trdgrp>
</drv>

<drv mrk="akcept.0o">
  <kap><tld/>o</kap>
  <fnt><bib>PIV1</bib></fnt>
  <snc mrk="akcept.0o.ago">
    <dif>
      Ago de tio, kiu <tld/>as:
      <ekz>
        la <tld/>o de posteno trudas devojn;
      </ekz><ekz>
        foje vespere, kiam ili trankvile sidis kune, iu frapis la
        pordon,
        kvaza&ubreve; petante <tld/>on
        <fnt><bib>ElektFab</bib>, <lok>Ne&gcirc;ulino kaj
        Rozulino</lok>
        </fnt>;
      </ekz><ekz>
        prepari<fnt>Z</fnt> <tld/>on al iu.
      </ekz>
    </dif>
    <trd lng="br">degemer<klr tip="ind"> (anv-kadarn)</klr></trd>
    <trdgrp lng="de">
      <trd>Annahme</trd>,
      <trd>Aufnahme</trd>,
      <trd>Akzeptanz</trd>,
      <trd>Hinnahme</trd>
    </trdgrp>
    <trdgrp lng="nl">
      <trd>het <ind>aannemen</ind></trd>,
      <trd>ontvangst</trd>
    </trdgrp>
    <trdgrp lng="hu">
      <trd>elfogad&aacute;s</trd>,
      <trd>fogad&aacute;s<klr tip="ind">
      (vend&eacute;g&eacute;)</klr>
      </trd>,
      <trd>felv&eacute;tel<klr tip="ind">
      (iskol&aacute;ba)</klr></trd>
    </trdgrp>
    <trdgrp lng="pl">
      <trd>akceptacja</trd>,
      <trd>przyj&eogonek;cie</trd>
    </trdgrp>
    <trd lng="ru">&c_p;&c_r;&c_i;&c_jo;&c_m;</trd>
  </snc>
  <snc mrk="akcept.0o.EKON">
    <uzo tip="fak">EKON</uzo>
    <dif>
      Sindevontigo pagi:
      <ekz>
        <tld/>o de kambio;
      </ekz><ekz>
        <ind>blanka <tld/></ind>o.
        <trd lng="hu">biank&oacute;
        <ind>elfogadv&aacute;ny</ind></trd>
      </ekz>
    </dif>
    <trdgrp lng="de">
      <trd>Akzept</trd>
    </trdgrp>
    <trd lng="hu">elfogadv&aacute;ny</trd>
    <trd lng="nl">accept</trd>
    <trdgrp lng="ru">
      <trd>&c_a;&c_k;&c_c;&c_je;&c_p;&c_t;</trd>,
      <trd>
        &c_a;&c_k;&c_c;&c_je;&c_p;&c_t;&c_o;&c_v;&c_a;&c_n;&c_i;&c_je;
      </trd>
    </trdgrp>
  </snc>
<trdgrp lng="cs">
<trd>akcepce</trd>,
<trd>akceptace</trd>,
<trd>audience</trd>,
<trd>p&rcaron;ijet&iacute;</trd>,
<trd>p&rcaron;ij&iacute;m&aacute;n&iacute;</trd>,
<trd>p&rcaron;&iacute;jem</trd>
</trdgrp>
<trdgrp lng="en">
    <trd>acceptance</trd>
  </trdgrp>
<trd lng="es">aceptaci&oacute;n</trd>
<trdgrp lng="fr">
    <trd>accueil</trd>,
    <trd>acceptation</trd>
  </trdgrp>
<trdgrp lng="sk">
<trd>akcept&aacute;cia</trd>,
<trd>prijatie</trd>
</trdgrp>
<trdgrp lng="tr">
    <trd>kar&scedil;&inodot;lama</trd>,
    <trd>kabullenme</trd>
  </trdgrp>
</drv>

<drv mrk="akcept.0ejo">
  <kap><tld/>ejo</kap>
  <snc mrk="akcept.0ejo.TUR">
    <dif>
      Loko en laborejo, institucio, servejo, al kiu vizitanto sin
      unue
      turnu por informoj kaj gvido:
      <ekz>
        en la <tld/>ejon de la fama psikiatria kliniko
        <klr>...</klr>
        pa&scirc;is viro kun pinta barbeto
        <fnt><bib>MkM</bib>, <lok>&ccirc;apitro 6a, p.
        55a</lok></fnt>.
      </ekz>
    </dif>
    <ref tip="vid" cel="atend.0ejo">atendejo</ref>
    <trd lng="th">&#3648;&#3588;&#3634;&#3609;&#3660;&#3648;&#3605;&#3629;&#3619;&#3660;&#3605;&#3657;&#3629;&#3609;&#3619;&#3633;&#3610;</trd>
  </snc>
<trd lng="br">degemer<klr tip="ind"> (lec'h)</klr></trd>
<trdgrp lng="cs">
<trd>hovorna</trd>,
<trd>p&rcaron;&iacute;jmac&iacute; kancel&aacute;&rcaron;</trd>,
<trd>p&rcaron;&iacute;jmac&iacute; m&iacute;stnost</trd>,
<trd>recepce</trd>
</trdgrp>
<trd lng="de">Rezeption</trd>
<trd lng="es">recepci&oacute;n<klr tip="amb"> (en un edificio,
empresa,
      etc)</klr></trd>
<trd lng="fr">accueil<klr> (lieu)</klr></trd>
<trdgrp lng="hu">
    <trd>recepci&oacute;</trd>,
    <trd>fogad&oacute;helyis&eacute;g</trd>
  </trdgrp>
<trd lng="nl">receptie</trd>
<trd lng="pl">recepcja</trd>
<trd lng="ru">&c_p;&c_r;&c_i;&c_jo;&c_m;&c_n;&c_a;&c_ja;</trd>
<trdgrp lng="sk">
<trd>prij&iacute;macia kancel&aacute;ria</trd>,
<trd>recepcia</trd>
</trdgrp>
<trd lng="tr">resepsiyon</trd>
</drv>

<drv mrk="akcept.0isto">
  <kap><tld/>isto</kap>
  <snc mrk="akcept.0isto.TUR">
    <dif>
      Homo, kiu profesie <tld/>as gastojn, enirantojn, klientojn,
      kaj komfortigas ilin, ekzemple en hotelo, kinejo, veturilo.
    </dif>
    <refgrp tip="vid">
      <ref cel="cxicxe.0o">&ccirc;i&ccirc;erono</ref>,
      <ref cel="pord.0isto">pordisto</ref>
    </refgrp>
    <trd lng="th">&#3612;&#3609;&#3633;&#3585;&#3591;&#3634;&#3609;&#3605;&#3657;&#3629;&#3609;&#3619;&#3633;&#3610;</trd>
  </snc>
<trd lng="cs">recep&ccaron;n&iacute;</trd>
<trd lng="de">Rezeptionist</trd>
<trdgrp lng="en">
<trd>usher</trd>,
<trd>receptionist</trd>, <trd>host(ess)</trd>
</trdgrp>
<trdgrp lng="fr">
    <trd>ouvreur</trd>,
    <trd>ouvreuse</trd>,
    <trd>personnel d'accueil</trd>,
    <trd>r&eacute;ceptionniste</trd>
  </trdgrp>
<trdgrp lng="hu">
    <trd>sz&aacute;llodai <ind>port&aacute;s</ind></trd>,
    <trd>recepci&oacute;s</trd>
  </trdgrp>
<trd lng="nl">receptionist</trd>
<trd lng="sk">recep&ccaron;n&yacute;</trd>
<trd lng="tr">resepsiyonist</trd>
</drv>

<drv mrk="akcept.mal0i">
  <kap>mal<tld/>i</kap>
  <snc mrk="akcept.mal0i.KOMUNE">
    <dif>
      Ne konsenti ricevi, preni, uzi, profiti ion a&ubreve; iun:
      <ekz>
        la teatra&jcirc;oj estis mal<tld/>itaj, kaj la letero estis
        en
        tute ne &gcirc;entila tono
	    <fnt><bib>Fab1</bib>, <lok>Galo&scirc;oj de
	    feli&ccirc;o</lok></fnt>;
      </ekz><ekz>
        kiam la maljunaj kamaradoj de la patro komencis
        &gcirc;entile
        mal<tld/>i pliajn glasojn, Kristoforo diris
        <klr>(...)</klr>
        <fnt>
          <aut>Stellan Engholm</aut>: <vrk>Homoj sur la tero</vrk>.
        </fnt>;
      </ekz><ekz>
        la poeto kaj la posedanto de la cigaredujo ekfumis, la
        nefumulo Berlioz mal<tld/>is
        <fnt><bib>MkM</bib>, <lok>&ccirc;ap. 1a</lok></fnt>; 
      </ekz><ekz>
        li mal<tld/>is la inviton de Gajo resti en la vilao
        <fnt>
          <aut>A. L&ouml;wenstein</aut>,
          <vrk>La &scirc;tona urbo</vrk>,
          <lok>1999</lok>
        </fnt>;
      </ekz><ekz>
        oni mal<tld/>is Kamaradon Gajan kaj diris, ke li foriru
        <fnt><bib>ElektFab</bib>, <lok>kamarado Gaja</lok></fnt>.
      </ekz>
    </dif>
    <rim>
      La PIV-oj misdifinas la vorton mal<tld/>i, egaligante
      &gcirc;in kun
      <ref cel="rifuz.0i">rifuzi</ref>.  Tia konfuzo ekzistas en
      kelkaj nacilingvoj, tamen en Esperanto tiuj verboj implicas
      malsamajn subjektojn: en la tipa uzo <em>rifuzi</em>
      signifas <ctl>ne voli <em>doni</em> (permesi ktp)</ctl>; dum
      <em>mal<tld/>i</em> signifas
      <ctl>ne voli <em>preni</em></ctl>.
      Oni povas <ctl>rifuzi cigaredon</ctl> al petanto, kaj
      <ctl>malakcepti cigaredon</ctl> de proponanto.
      <aut>Sergio Pokrovskij</aut>
    </rim>
    <trd lng="de">ablehnen</trd>
    <trdgrp lng="en">
      <trd>decline</trd>,
      <trd>reject</trd>
    </trdgrp>
    <trd lng="fr">refuser</trd>
    <trd lng="es">rechazar</trd>
    <trdgrp lng="hu">
      <trd>elutas&iacute;t</trd>,
      <trd>visszautas&iacute;t</trd>
    </trdgrp>
    <trdgrp lng="nl">
      <trd>afslaan<klr tip="ind"> (weigeren)</klr></trd>,
      <trd>verwerpen</trd>,
      <trd>weigeren</trd>
    </trdgrp>
    <trd lng="pl">odrzuci&cacute;</trd>
    <trdgrp lng="hu">
      <trd>&c_o;&c_t;&c_v;&c_je;&c_r;&c_g;&c_n;&c_u;&c_t;&c_mol;</trd>,
      <trd>&c_o;&c_t;&c_v;&c_je;&c_r;&c_g;&c_a;&c_t;&c_mol;</trd>,
      <trd>&c_o;&c_t;&c_k;&c_l;&c_o;&c_n;&c_i;&c_t;&c_mol;</trd>,
      <trd>&c_o;&c_t;&c_k;&c_a;&c_z;&c_a;&c_t;&c_mol;&c_s;&c_ja;
      &c_p;&c_r;&c_i;&c_n;&c_ja;&c_t;&c_mol;</trd>
    </trdgrp>
    <trd lng="tr">reddetmek</trd>
  </snc>
  <snc mrk="akcept.mal0i.MED">
    <uzo tip="fak">MED</uzo>
    <dif>
      <klr>(pri organismo)</klr>
      Rezisti kontra&ubreve;
      <ref cel="plant.trans0i">transplantita</ref> organo a&ubreve;
      histo, ne <tld/>i &gcirc;in estkiel parton de sia korpo:
      <ekz>
        lia imuna sistemo mal<tld/>is &scirc;ian renon.
      </ekz>
    </dif>
    <rim>
      Mal<tld/>o de transplanta&jcirc;o estas alia fenomeno ol
      <ref cel="toler.ne0o.MED">netolero</ref> de medikamento
      a&ubreve;
      nutra&jcirc;o.
    </rim>
    <trd lng="de">absto&szlig;en</trd>
    <trd lng="en">reject</trd>
    <trdgrp lng="ru">
      <trd>&c_o;&c_t;&c_t;&c_o;&c_r;&c_g;&c_n;&c_u;&c_t;&c_mol;</trd>,
      <trd>&c_o;&c_t;&c_t;&c_o;&c_r;&c_g;&c_a;&c_t;&c_mol;</trd>
    </trdgrp>
  </snc>
<trdgrp lng="cs">
<trd>nep&rcaron;ijmout</trd>,
<trd>odm&iacute;tnout</trd>
</trdgrp>
<trd lng="sk">odmietn&uacute;&tcaron;</trd>
</drv>
</art>
<!--
$Log: akcept.xml,v $
Revision 1.42  2017/03/06 21:10:16  revo
Jeromo Vasxe: malakcepts -> malakceptis

Revision 1.41  2016/07/30 12:10:23  revo
Warut Bunprasert: +trd th

Revision 1.40  2015/09/21 14:10:16  revo
Cindy Moon McKee: +trd en

Revision 1.39  2015/07/04 08:37:29  revo
aldono de trd cs per skripto de M. von Laer

Revision 1.38  2015/06/28 12:03:35  revo
aldono de trd sk per skripto de M. von Laer

Revision 1.37  2014/03/04 10:10:14  revo
Damien Brucker: +ekz

Revision 1.36  2012/11/11 12:10:07  revo
Sergio Pokrovskij: -tajperaroj

Revision 1.35  2012/11/09 08:10:08  revo
-->
</vortaro>
