<?xml version="1.0"?>

<!DOCTYPE vortaro SYSTEM "../dtd/vokoxml.dtd">

<vortaro>

<art mrk="$Id: akcel.xml,v 1.40 2017/12/20 15:10:25 revo Exp $">

<kap><ofc>*</ofc><rad>akcel</rad>/i</kap>

<drv mrk="akcel.0i">

<kap><ofc>*</ofc><tld/>i</kap>

<gra><vspec>tr</vspec></gra>

<snc>

<dif>

Plirapidigi, plifruigi:

<ekz>

ni devis <tld/>i nian returniron;

</ekz>

<ekz>

febro <tld/>as la pulson;

</ekz>

<ekz>

suno <tld/>as la vivon de vegeta&jcirc;oj;

</ekz>

<ekz>

per dubo ni <tld/>as dan&gcirc;eron<fnt>Z</fnt>;

</ekz>

<ekz>tro rapida <tld/>o ne kondukas al celo<fnt><bib>PrV</bib></fnt>.

</ekz>

</dif>

<trdgrp lng="be">

<trd>&c_p;&c_a;&c_s;&c_k;&c_a;&c_r;&c_a;&c_c;&c_mol;</trd>,

<trd>&c_p;&c_r;&c_y;&c_s;&c_mol;&c_p;&c_je;&c_sh;&c_v;&c_a;&c_c;&c_mol;</trd>

</trdgrp>

<trd lng="br">buanaat</trd>

<trd lng="ms">mempercepatkan</trd>

<trd lng="de">schneller machen</trd>

<trd lng="hu">gyors&iacute;t</trd>

<trd lng="nl">versnellen</trd>

<trd lng="pl">przyspiesza&cacute;</trd>

<trd lng="ro">a accelera</trd>

<trd lng="ru">&c_u;&c_s;&c_k;&c_o;&c_r;&c_ja;&c_t;&c_mol;</trd>

<trd lng="sv">p&aring;skynda</trd>

<trd lng="pt">acelerar</trd>

</snc>

<snc>

<dif>

Pliprogresigi, sukcesigi, helpi al io:

<ekz>

la ali&gcirc;o de scienculoj forte <tld/>us la

progreson de Esperanto<fnt>Z</fnt>;

</ekz>

<ekz>

la artoj ricevis grandan <tld/>on dum tiu epoko.

</ekz>

</dif>

<trdgrp lng="be">

<trd>&c_s;&c_a;&c_d;&c_z;&c_je;&c_j;&c_n;&c_ib;&c_ch;&c_a;&c_c;&c_mol;</trd>, 


<trd>&c_f;&c_a;&c_r;&c_s;&c_ib;&c_r;&c_a;&c_v;&c_a;&c_c;&c_mol;</trd>,

<trd>&c_u;&c_z;&c_m;&c_a;&c_c;&c_n;&c_ja;&c_c;&c_mol;</trd>

</trdgrp>

<trd lng="br">kas war-raok</trd>

<trd lng="de">voranbringen</trd>

<trd lng="hu">el&odblac;seg&iacute;t</trd>

<trd lng="nl">bevorderen</trd>

<trd lng="pl">przyspiesza&cacute;</trd>

<trdgrp lng="ru">

<trd>&c_u;&c_s;&c_k;&c_o;&c_r;&c_ja;&c_t;&c_mol;</trd>,

<trd>&c_u;&c_s;&c_i;&c_l;&c_i;&c_v;&c_a;&c_t;&c_mol;</trd>,

<trd>&c_f;&c_o;&c_r;&c_s;&c_i;&c_r;&c_o;&c_v;&c_a;&c_t;&c_mol;</trd>,

<trd>&c_s;&c_p;&c_o;&c_s;&c_o;&c_b;&c_s;&c_t;&c_v;&c_o;&c_v;&c_a;&c_t;&c_mol;</trd>

</trdgrp>

<trdgrp lng="sv">

<trd>fr&auml;mja</trd>,

<trd>befordra</trd>

</trdgrp>

<trdgrp lng="pt">

<trd>acelerar</trd>,

<trd>estimular</trd>

</trdgrp>

</snc>
  <trdgrp lng="cs">
    <trd>urychlit</trd>,
    <trd>zrychlit</trd>
  </trdgrp>
  <trd lng="de">beschleunigen</trd>
  <trd lng="en">accelerate</trd>
  <trd lng="es">acelerar</trd>
  <trdgrp lng="fa">
  <trd>&a_sh;&a_t;&a_A;&a_b; &a_b;&a_kh;&a_sh;&f_y;&a_d;&a_n;<klr> (&a_b;&a_h;)</klr></trd>,
  <trd>&a_t;&a_s;&a_r;&f_y;&a_ayn; &f_k;&a_r;&a_d;&a_n;</trd>,
  <trd>&a_s;&a_r;&a_ayn;&a_t; &a_b;&a_kh;&a_sh;&f_y;&a_d;&a_n;<klr> (&a_b;&a_h;)</klr></trd>
</trdgrp>
  <trdgrp lng="fr">

<trd>acc&eacute;l&eacute;rer<klr tip="ind"> (tr.)</klr></trd>,

<trd>activer</trd>,

<trd>h&acirc;ter</trd>

</trdgrp>
  <trd lng="it">accelerare</trd>
  <trdgrp lng="sk">

<trd>ur&yacute;chli&tcaron;</trd>,

<trd>zr&yacute;chli&tcaron;</trd>

</trdgrp>
</drv>

<drv mrk="akcel.0o">

<kap><tld/>o</kap>

<uzo tip="fak">FIZ</uzo>

<snc mrk="akcel.0o.FIZ">

<dif>

<ref tip="super" cel="grand.fizika0o">Fizika grando</ref>, esprimanta

la

rilaton inter la &scirc;an&gcirc;o de <ref cel="rapid.0o.FIZ">rapido

</ref>

de punkto a&ubreve; korpo kaj la da&ubreve;ro de tiu &scirc;an&gcirc;o:

<ekz>

la <tld/>o de movi&gcirc;anta punkto egalas al

la dua deriva&jcirc;o de &gcirc;ia pozicio rilate al tempo;

</ekz>

<ekz>

la <ref cel="dimens.0o.FIZ">dimensioj</ref> de <tld/>o estas

<frm>LT<sup>-2</sup></frm>.

</ekz>

</dif>

<refgrp tip="vid">

<ref cel="metr.0oenss">metro en kvadrata sekundo</ref>.

</refgrp>

</snc>
  <trd lng="be">&c_p;&c_a;&c_s;&c_k;&c_a;&c_r;&c_e;&c_n;&c_mol;&c_n;&c_je; 
</trd>
  <trd lng="br">buanadur<klr tip="ind"> (fizik)</klr></trd>
  <trdgrp lng="cs">
    <trd>urychlen&iacute;</trd>,
    <trd>zrychlen&iacute;</trd>
  </trdgrp>
  <trd lng="de">Beschleunigung</trd>
  <trd lng="en">acceleration</trd>
  <trd lng="es">aceleraci&oacute;n</trd>
  <trd lng="fa">&a_sh;&a_t;&a_A;&a_b;<klr tip="ind"> (&a_f;&f_y;&a_z;&f_y;&f_k;)</klr></trd>
  <trd lng="fr">acc&eacute;l&eacute;ration</trd>
  <trd lng="hu">gyorsul&aacute;s</trd>
  <trd lng="nl">versnelling</trd>
  <trd lng="pl">przyspieszenie</trd>
  <trd lng="ru">&c_u;&c_s;&c_k;&c_o;&c_r;&c_je;&c_n;&c_i;&c_je;</trd>
  <trdgrp lng="sk">
    <trd>akceler&aacute;cia</trd>,
    <trd>ur&yacute;chlenie</trd>,
    <trd>zr&yacute;chlenie</trd>
  </trdgrp>
</drv>

<drv mrk="akcel.0ilo">

<kap><tld/>ilo</kap>

<snc>

<dif>

Pedalo en a&ubreve;tomobilo, reguliganta la rapidon de la motoro

per la kvanto de la allasata benzino.

</dif>

<trd 
lng="be">&c_a;&c_k;&c_s;&c_je;&c_l;&c_je;&c_r;&c_a;&c_t;&c_a;&c_r;</trd>

<trd lng="br">buanaer</trd>

<trd lng="de">Gaspedal</trd>

<trdgrp lng="en">

<trd>accelerator</trd>,

<trd>gas pedal</trd>

</trdgrp>

<trd lng="es">acelerador</trd>
<trd lng="fa">&f_p;&a_d;&a_A;&a_l; &f_g;&a_A;&a_z;</trd>
<trdgrp lng="fr">

<trd>acc&eacute;l&eacute;rateur<klr tip="ind"> (p&eacute;dale de gaz)

</klr></trd>,

<trd>p&eacute;dale de gaz</trd>

</trdgrp>

<trd lng="hu">g&aacute;zped&aacute;l</trd>

<trd lng="nl">gaspedaal</trd>

<trd lng="pl">peda&lstroke; gazu</trd>

<trd lng="pt">acelerador</trd>
<trd lng="ro">pedal&abreve;  pentru accelera&tcedil;ie</trd>

<trd 
lng="ru">&c_a;&c_k;&c_s;&c_je;&c_l;&c_je;&c_r;&c_a;&c_t;&c_o;&c_r;</trd>

<trd lng="sk">akceler&aacute;tor</trd>

<trd lng="sv">gaspedal</trd>

</snc>

<snc>

<uzo tip="fak">FIZ</uzo>

<dif>

Ma&scirc;ino, per kiu elektronoj, jonoj a&ubreve; aliaj korpuskloj estas

<tld/>ataj.

</dif>

<trd 
lng="be">&c_p;&c_a;&c_s;&c_k;&c_a;&c_r;&c_a;&c_l;&c_mol;&c_n;&c_ib;&c_k;</trd>

<trd lng="de">Beschleuniger</trd>

<trdgrp lng="en">

<trd>particle accelerator</trd>,

<trd><klr tip="ind">(super)</klr>collider</trd>

</trdgrp>

<trdgrp lng="fa">
  <trd>&a_sh;&a_t;&a_A;&a_b;&a_d;&a_h;&a_n;&a_d;&a_h;&a_hamza_sure; &a_dh;&a_r;&a_h;</trd>,
  <trd>&a_sh;&a_t;&a_A;&a_b;&a_d;&a_h;&a_n;&a_d;&a_h;</trd>,
  <trd>&a_sh;&a_t;&a_A;&a_b;&f_g;&a_r;</trd>
</trdgrp>

<trd lng="fr">acc&eacute;l&eacute;rateur<klr tip="ind"> (de particules)

</klr></trd>

<trd lng="hu">r&eacute;szecskegyors&iacute;t&oacute;</trd>

<trd lng="nl">deeltjesversneller</trd>

<trd lng="pl">akcelerator</trd>

<trd lng="ru">&c_u;&c_s;&c_k;&c_o;&c_r;&c_i;&c_t;&c_je;&c_l;&c_mol;</trd>

<trd lng="pt">acelerador de part&iacute;culas</trd>

<trd lng="sk">ur&yacute;ch&lcaron;lova&ccaron;</trd>

<trd lng="sv">accelerator</trd>

</snc>
  <trdgrp lng="cs">
    <trd>akceler&aacute;tor</trd>,
    <trd>ped&aacute;l plynu</trd>
  </trdgrp>
  <trdgrp lng="sk">
    <trd>akceler&aacute;tor, zr&yacute;ch&lcaron;ovacie zariadenie</trd>,
    <trd>zr&yacute;ch&lcaron;ovacie zariadenie</trd>
  </trdgrp>
</drv>

</art>

<!--

$Log: akcel.xml,v $
Revision 1.40  2017/12/20 15:10:25  revo
Joop Eggen: Referenceraro metr.0oens2 al metr.0oenss

Revision 1.39  2017/11/28 01:10:17  revo
Vito Redsky: +trd ro

Revision 1.38  2017/02/08 14:10:18  revo
Adam Eng: trd ms

Revision 1.37  2015/07/04 08:37:29  revo
aldono de trd cs per skripto de M. von Laer

Revision 1.36  2015/06/29 16:39:29  revo
aldono de trd sk per skripto de M. von Laer

Revision 1.35  2015/06/28 12:03:35  revo
aldono de trd sk per skripto de M. von Laer

Revision 1.34  2009/07/02 16:30:35  revo
Behnam Tabatabai: +trd fa

Revision 1.33  2006/02/17 17:32:08  revo
-->

</vortaro>
