<?xml version="1.0"?>
<!DOCTYPE vortaro SYSTEM "../dtd/vokoxml.dtd">

<vortaro>
<art mrk="$Id: akcipi.xml,v 1.27 2019/01/28 20:10:30 revo Exp $">
<kap>
  <ofc>*</ofc>
  <rad>akcipitr</rad>/o
</kap>
<drv mrk="akcipi.0o">
  <kap><ofc>*</ofc><tld/>o</kap>
  <snc mrk="akcipi.0o.ZOO">
    <uzo tip="fak">ZOO</uzo>
    <dif>
      <ref tip="lst" lst="voko:zoologiaj_genroj" cel="genr.0o.BIO">Genro</ref>
      el familio <ref tip="malprt" cel="akcipi1.0oj">akcipitredoj</ref>
      (<trd lng="la">Accipiter</trd>), negranda rabobirdo:
      <ekz>
        la flugilo de struto levi&gcirc;as gaje, simile al la flugilo de cikonio kaj de <tld/>o
        <fnt>
          <bib>MT</bib>
          <lok>Ijob 39:13</lok>
        </fnt>;
      </ekz>
      <ekz>
        kolomboj, super kiuj rondflugas <tld/>o
        <fnt>
          <bib>Far2</bib>
          <lok>&Ccirc;apitro XXI</lok>
        </fnt>;
      </ekz>
      <ekz>
        li prezidis en &ccirc;iu milita konsila kunveno, &ccirc;eestis &ccirc;e la esploro de &ccirc;iu spiono,
        kaj &ccirc;iun nova&jcirc;on <klr>[&#8230;]</klr> signis sur karto per propra mano, li tiel
        rapide pasis de unu loko al alia, ke atendata &ccirc;ie li tamen falis &ccirc;iam, kvaza&ubreve;
        <tld/>o
        <fnt>
          <bib>Far2</bib>
          <lok>&Ccirc;apitro XVI</lok>
        </fnt>;
      </ekz>
      <ekz>
        <uzo tip="stl">FIG</uzo>
        mi elkore dankas, ke <tld/>o-okula leganto rimarkis &gcirc;uste &ccirc;i tiun malglata&jcirc;on
        <fnt>
          <bib>Monato</bib>
          <aut>Paul Gubbins</aut>
          <vrk><url ref="https://www.monato.net/2011/010318.php"
              >La mankanta j ...</url></vrk>
        </fnt>;
      </ekz>
      <ekz>
        &leftquot;&Ccirc;U MI???!!!&#8221; &scirc;i kri&ccirc;is <tld/>e
        <fnt>
          <bib>Monato</bib>
          <aut>Julia Sigmond kaj Sen Rodin</aut>
          <vrk><url ref="https://www.monato.net/2010/009988.php"
              >La mal&jcirc;aluzo de Klorinda</url></vrk>
        </fnt>.
      </ekz>
    </dif>
    <bld
      lok="&WCU;/thumb/c/cb/Little_sparrowhawk_(Accipiter_minullus)_03.jpg/640px-Little_sparrowhawk_(Accipiter_minullus)_03.jpg"
      prm="CC BY-SA 4.0"
      ><tld/>o (Accipiter minullus), KwaZulu Natal, Sudafriko
        <fnt>
          <aut>Charles J Sharp, propra verko</aut>
          <lok><url ref="&WCW;/File:Little_sparrowhawk_(Accipiter_minullus)_03.jpg"
              >https://commons.wikimedia.org/wiki/File:Little_sparrowhawk_(Accipiter_minullus)_03.jpg</url></lok>
        </fnt>
    </bld>
  </snc>
  <trdgrp lng="be">
    <trd>&c_ja;&c_s;&c_t;&c_r;&c_a;&c_b;</trd>,
    <trd>&c_s;&c_mol;&c_c;&c_ja;&c_r;&c_v;&c_ja;&c_t;&c_n;&c_ib;&c_k;</trd>
  </trdgrp>
  <trd lng="bg">&c_g;&c_o;&c_l;&c_ja;&c_m; &c_ja;&c_s;&c_t;&c_r;&c_je;&c_b;</trd>
  <trdgrp lng="br">
    <trd>spalouer</trd>,
    <trd>gwazfalc'hun</trd>
  </trdgrp>
  <trd lng="ca">g&egrave;nere Accipiter</trd>
  <trdgrp lng="cs">
    <trd>jestr&aacute;b</trd>,
    <trd>jest&rcaron;&aacute;b</trd>
  </trdgrp>
  <trdgrp lng="de">
    <trd>Habicht</trd>, <trd>Sperber</trd>
  </trdgrp>
  <trd lng="en">hawk</trd>
  <trd lng="fa">&a_b;&a_A;&a_z;<klr tip="ind"> (&f_p;&a_r;&a_n;&a_d;&a_h;)</klr></trd>
  <trdgrp lng="fr">
    <trd>autour<klr tip="amb"> (oiseau)</klr></trd>,
    <trd>&eacute;pervier</trd>
  </trdgrp>
  <trd lng="hu">h&eacute;ja</trd>
  <trd lng="nl">havik</trd>
  <trd lng="pl">jastrz&aogonek;b</trd>
  <trdgrp lng="pt">
    <trd>a&ccedil;or</trd>,
    <trd>ac&iacute;pitre</trd>
  </trdgrp>
  <trdgrp lng="ru">
    <trd>&c_ja;&c_s;&c_t;&c_r;&c_je;&c_b;</trd>,
    <trd>&c_t;&c_je;&c_t;&c_je;&c_r;&c_je;&c_v;&c_ja;&c_t;&c_n;&c_i;&c_k;</trd>,
    <trd>&c_p;&c_je;&c_r;&c_je;&c_p;&c_je;&c_l;&c_ja;&c_t;&c_n;&c_i;&c_k;</trd>
  </trdgrp>
  <trd lng="sk">jastrab</trd>
  <trd lng="sv">h&ouml;k</trd>
</drv>
</art>
<!--
$Log: akcipi.xml,v $
Revision 1.27  2019/01/28 20:10:30  revo
Wolfram Diestel: +ekz-oj, +bld

Revision 1.26  2015/07/04 08:37:29  revo
aldono de trd cs per skripto de M. von Laer

Revision 1.25  2012/01/04 13:10:18  revo
Marc Rausell: +trd ca

Revision 1.24  2009/08/21 16:31:58  revo
Behnam Tabatabai: +trd fa

Revision 1.23  2009/01/03 17:30:57  revo
Wieland Pusch: +trd bg

Revision 1.22  2005/02/20 17:33:59  revo
Alan ar Gall: + trd br

Revision 1.21  2005/01/23 17:32:46  revo
Marc Bavant: kor finan komenton

Revision 1.20  2005/01/06 17:31:08  revo
-->
</vortaro>
