<?xml version="1.0"?>
<!DOCTYPE vortaro SYSTEM "../dtd/vokoxml.dtd">

<vortaro>
<art mrk="$Id: akcipi1.xml,v 1.12 2015/07/04 08:37:29 revo Exp $">
<kap>
  <rad>akcipitred</rad>/oj <fnt><bib>PV</bib></fnt>
</kap>
<drv mrk="akcipi1.0oj">
  <kap><tld/>oj</kap>
  <snc mrk="akcipi1.0oj.ZOO">
    <uzo tip="fak">ZOO</uzo>
    <dif>
      Tagaj rabobirdoj troveblaj en plejmultaj mondregionoj
      kaj medioj, familio el la ordo <ref tip="super"
      cel="bird.rabo0oj">rabobirdoj</ref>
      (<trd lng="la">Accipitridae</trd>):
      <ekz>
        la taksonomio de <tld/>oj estas iom konfuza
        <fnt>
          <bib>Viki</bib>,
          <lok>artikolo &leftquot; akcipitredoj&rightquot;, 2009-06-16</lok>
        </fnt>.
      </ekz>
    </dif>
  </snc>
  <refgrp tip="sub">
    <ref cel="agl.0o">aglo</ref>,
    <ref cel="akcipi.0o">akcipitro</ref>,
    <ref cel="bute.0o">buteo</ref>,
    <ref cel="milv.0o">milvo</ref>
  </refgrp>
  <trd lng="be">&c_ja;&c_s;&c_t;&c_r;&c_a;&c_b;&c_ib;&c_n;&c_y;&c_ja; <klr
  tip="amb">(&c_s;&c_ja;&c_m;'&c_ja;)</klr></trd>
  <trd lng="ca">accip&iacute;trids</trd>
  <trd lng="de">Habichtartige</trd>
  <trd lng="en">Accipitridae family</trd>
  <trd lng="es">accip&iacute;tridos</trd> 
  <trd lng="fr">accipitrid&eacute;s</trd>
  <trd lng="hu">v&aacute;g&oacute;madarak</trd>
  <trd lng="pt">acipitr&iacute;deos</trd>
  <trd lng="ru">&c_ja;&c_s;&c_t;&c_r;&c_je;&c_b;&c_i;&c_n;&c_y;&c_je; <klr
tip="amb">(&c_s;&c_je;&c_m;&c_je;&c_j;&c_s;&c_t;&c_v;&c_o;)</klr></trd>
  <trd lng="sv">h&ouml;kartade rovf&aring;glar</trd>
  <trd lng="sk">jastrabovití</trd>
  <trd lng="cs">jestřábovití</trd>
</drv>
</art>

<!--
$Log: akcipi1.xml,v $
Revision 1.12  2015/07/04 08:37:29  revo
aldono de trd cs per skripto de M. von Laer

Revision 1.11  2015/06/28 12:03:35  revo
aldono de trd sk per skripto de M. von Laer

Revision 1.10  2012/01/04 13:10:17  revo
Marc Rausell: +trd ca

Revision 1.9  2010/03/14 17:30:23  revo
Carlos Garcia: +trd "es"

Revision 1.8  2009/08/08 16:31:44  revo
Jeromo Vasxe: ampleksig. dif., + mrk, + ekz

Revision 1.7  2008/11/24 17:30:42  revo
Jerano Zachrisson: +trd sv

Revision 1.6  2004/09/06 16:34:40  revo
Dmitri Gabinski: +trd be

Revision 1.5  2002/10/01 16:33:55  revo
Christopher Zervic: + ang

Revision 1.4  2002/06/20 17:31:20  revo
Jozefo Horvath: +trd hu

Revision 1.3  2001/11/21 17:35:47  revo
-->
</vortaro>
