<?xml version="1.0"?>
<!DOCTYPE vortaro SYSTEM "../dtd/vokoxml.dtd">

<vortaro>
<art mrk="$Id: akciz.xml,v 1.24 2015/07/04 08:37:30 revo Exp $">
<kap>
  <ofc>1</ofc>
  <rad>akciz</rad>/o
</kap>
<drv mrk="akciz.0o">
  <kap><tld/>o</kap>
  <uzo tip="fak">EKON</uzo>
  <snc>
    <dif>
      <ref tip="super" cel="impost.0o">Imposto</ref>, kiun oni devas
      pagi
      por man&gcirc;a&jcirc;oj, trinka&jcirc;oj, materialoj, a&ubreve; por diversaj &scirc;tataj
      a&ubreve; urbaj servoj:
      <ekz>
        kreskanta urba povo, interalie akirita danke al la ekstraj
        <tld/>oj<fnt><aut>Lode Van De Velde</aut>: <vrk>Bierlando
        Belgio</vrk>, <bib>Monato</bib><lok>jaro 2001a, numero 1a, p.
        18a</lok></fnt>.
      </ekz>
    </dif>
  </snc>
  <trd lng="be">&c_a;&c_k;&c_c;&c_y;&c_z;</trd>
  <trdgrp lng="cs">
    <trd>akcíz</trd>,
    <trd>městská potravní daň</trd>
  </trdgrp>
  <trd lng="de">Verbrauchssteuer</trd>
  <trd lng="en">exise tax</trd>
  <trdgrp lng="es">
    <trd>tasa</trd>,
    <trd>tributo<klr tip="amb"> (por consumo)</klr></trd>
  </trdgrp>
  <trdgrp lng="fr">
    <trd>accise</trd>,
    <trd>taxe</trd>
  </trdgrp>
  <trdgrp lng="nl">
    <trd>accijns</trd>
    <trd>cijns</trd>,
    <trd>verbruiksbelasting</trd>
  </trdgrp>
  <trdgrp lng="pl">
    <trd>akcyza</trd>,
    <trd>podatek <ind>akcyzowy</ind></trd>
  </trdgrp>
  <trd lng="pt">imposto de consumo</trd>
  <trd lng="ru">&c_a;&c_k;&c_c;&c_i;&c_z;</trd>
  <trdgrp lng="sk">
    <trd>akcíz</trd>,
    <trd>spotrebn&aacute; da&ncaron;</trd>
  </trdgrp>
  <trdgrp lng="sv">
    <trd>accis</trd>,
    <trd>konsumtionsskatt</trd>
  </trdgrp>
  <trd lng="tr">vergi</trd>
</drv>

<drv mrk="akciz.0i">
  <kap><tld/>i</kap>
  <uzo tip="fak">EKON</uzo>
  <snc>
    <dif>
      Imposti varojn per akcizo.
    </dif>
  </snc>
  <trd lng="be">&c_a;&c_b;&c_k;&c_l;&c_a;&c_d;&c_a;&c_c;&c_mol; <ind>&c_a;&c_k;&c_c;&c_y;&c_z;&c_a;&c_m;</ind></trd>
  <trd lng="cs">vyměřit spotřební daň</trd>
  <trd lng="de">Verbrauchssteuern erheben</trd>
  <trd lng="en">levy an exise tax</trd>
  <trd lng="es">tributar<klr tip="amb"> (por mercancias)</klr></trd>
  <trdgrp lng="fr">
    <trd>taxer<klr> (soumettre &agrave; une taxe)</klr></trd>
  </trdgrp>
  <trd lng="nl"><ind>accijns</ind> heffen op</trd>
  <trdgrp lng="pl">
    <trd>ok&lstroke;ada&cacute; <ind>akcyz&aogonek;</ind></trd>,
    <trd>nak&lstroke;ada&cacute; podatek <ind>akcyzowy</ind></trd>
  </trdgrp>
  <trd lng="ru">&c_o;&c_b;&c_l;&c_a;&c_g;&c_a;&c_t;&c_mol; &c_n;&c_a;&c_l;&c_o;&c_g;&c_o;&c_m;</trd>
  <trd lng="sk">vymerať spotrebnú daň</trd>
  <trd lng="tr">vergiye taabi tutmak </trd>
</drv>

<drv mrk="akciz.0isto">
  <kap><tld/>isto</kap>
  <uzo tip="fak">EKON</uzo>
  <snc>
    <dif>
      Oficisto, kiu enspezas <tld/>ojn por la registoj:
      <ekz>
        ske&ccirc;o <ctl>Luko kaj la <tld/>isto</ctl><fnt><aut>Donald
        Broadribb</aut>: <vrk>Utilaj por distraj klubkunvenoj (Maurice
        Baring, Arthur Hopkins, Kvin etaj humuraj dramoj)</vrk>,
        <bib>Monato</bib><lok>jaro 2002a, numero 5a, p. 30a</lok></fnt>.
      </ekz>
    </dif>
  </snc>
  <trd lng="be">&c_z;&c_b;&c_o;&c_r;&c_sh;&c_ch;&c_y;&c_k; &c_p;&c_a;&c_d;&c_a;&c_t;&c_k;&c_a;&c_w;</trd>
  <trd lng="de">Eintreiber von <ind>Verbrauchssteuern</ind></trd>
  <trdgrp lng="fr">
    <trd>accisien</trd>,
    <trd>collecteur d'imp&ocirc;ts</trd>
  </trdgrp>
  <trd lng="nl"><ind><klr tip="ind">accijns:</klr></ind> ambtenaar der
  accijnzen</trd>
  <trd lng="ru">&c_s;&c_b;&c_o;&c_r;&c_shch;&c_i;&c_k; &c_n;&c_a;&c_l;&c_o;&c_g;&c_o;&c_v;</trd>
  <trd lng="tr">vergi toplayan ki&scedil;i</trd>
</drv>

<drv mrk="akciz.urba0o">
  <kap>urba <tld/>o</kap>
  <uzo tip="fak">EKON</uzo>
  <snc>
    <dif>
      Imposto pri diversaj varoj, kiam ili eniras en urbon.
    </dif>
    <refgrp tip="sin">
      <ref cel="dogan.0o">dogano</ref>.
    </refgrp>
  </snc>
  <trdgrp lng="be">
    <trd>&c_p;&c_a;&c_d;&c_a;&c_t;&c_a;&c_k; &c_n;&c_a; &c_w;&c_v;&c_o;&c_z; &c_t;&c_a;&c_v;&c_a;&c_r;&c_a;&c_w; &c_u;
    &c_g;&c_o;&c_r;&c_a;&c_d;</trd>,
    <trd>&c_m;&c_ja;&c_s;&c_c;&c_o;&c_v;&c_y; &c_p;&c_a;&c_d;&c_a;&c_t;&c_a;&c_k;</trd>
  </trdgrp>
  <trd lng="de">kommunale Verbrauchssteuer</trd>
  <trd lng="en">local tariff</trd>
  <trd lng="fr">octroi<klr> (taxe)</klr></trd>
  <trd lng="nl">lokale <ind>accijns</ind></trd>
  <trd lng="pl">myto</trd>
  <trd lng="ru">&c_n;&c_a;&c_l;&c_o;&c_g; &c_n;&c_a; &c_v;&c_v;&c_o;&c_z; &c_t;&c_o;&c_v;&c_a;&c_r;&c_o;&c_v; &c_v; &c_g;&c_o;&c_r;&c_o;&c_d;</trd>
</drv>
</art>
<!--
$Log: akciz.xml,v $
Revision 1.24  2015/07/04 08:37:30  revo
aldono de trd cs per skripto de M. von Laer

Revision 1.23  2015/06/28 12:03:35  revo
aldono de trd sk per skripto de M. von Laer

Revision 1.22  2014/09/22 12:10:16  revo
Sebastian Cyprych: +trd pl

Revision 1.21  2010/07/19 16:30:30  revo
Agustin Garcia Lopez: +trd es

Revision 1.20  2009/09/22 17:17:26  revo
Paul Peeraerts: +nl

Revision 1.19  2009/08/28 16:31:13  revo
Emmanuel Debanne: +trd tr

Revision 1.18  2004/03/21 17:30:54  revo
Dmitri Gabinski: +trd be

Revision 1.17  2003/08/28 06:15:46  revo
Yury Finkel: +trd ru

Revision 1.16  2003/02/07 17:30:59  revo
Ulrich Fellmann: + 1 plia trd=de

Revision 1.15  2002/10/19 18:22:04  revo
-->
</vortaro>
