<?xml version="1.0"?>
<!DOCTYPE vortaro SYSTEM "../dtd/vokoxml.dtd">

<vortaro>
<art mrk="$Id: akci.xml,v 1.22 2015/07/04 08:37:29 revo Exp $">
<kap>
<ofc>1</ofc>
<rad>akci</rad>/o
</kap>
<drv mrk="akci.0o">
<kap><tld/>o</kap>
<uzo tip="fak">EKON</uzo>
<snc>
<dif>
Atesto pri partopreno en la kapitalo de financa societo, valorpapero: 
<ekz><tld/>a societo.
</ekz>
</dif>
</snc>
  <trd lng="be">&c_a;&c_k;&c_c;&c_y;&c_ja;</trd>
  <trd lng="cs">akcie</trd>
  <trdgrp lng="de">
   <trd>Aktie</trd>,
   <trd>Anteil</trd>,
   <trd>Anteilschein</trd>,
   <trd>Kux</trd></trdgrp>
  <trdgrp lng="en">
   <trd>share</trd>,
   <trd>stock</trd>,
   <trd>corporate share</trd></trdgrp>
  <trd lng="es">acci&oacute;n</trd>
  <trd lng="fa">&a_s;&a_h;&a_m;<klr tip="ind"> (&a_s;&a_h;&a_A;&a_m;)</klr></trd>
  <trd lng="fr">action</trd>
  <trd lng="hu">r&eacute;szv&eacute;ny</trd>
  <trd lng="nl">aandeel</trd>
  <trdgrp lng="pt">
   <trd>a&ccedil;&atilde;o</trd>,
   <trd>ap&oacute;lice</trd>
</trdgrp>
  <trd lng="ru">&c_a;&c_k;&c_c;&c_i;&c_ja;</trd>
  <trdgrp lng="sk">
    <trd>&uacute;&ccaron;astina</trd>,
    <trd>akcia</trd>,
    <trd>akcia <klr>(nespisovne!)</klr></trd>
  </trdgrp>
  <trd lng="sv">aktie</trd>
  <trd lng="tr">hisse senedi</trd>
</drv>
<drv mrk="akci.0ulo">
<kap><tld/>ulo</kap>
<uzo tip="fak">EKON</uzo>
<snc>
<dif>
Kiu posedas <tld/>o(j)n:  <ekz>la le&gcirc;o organizas sindikatojn da 
<tld/>uloj.
</ekz>
</dif>
</snc>
  <trd lng="be">&c_a;&c_k;&c_c;&c_y;&c_ja;&c_n;&c_e;&c_r;</trd>
  <trd lng="cs">akcionář</trd>
  <trdgrp lng="de">
   <trd>Aktion&auml;r</trd>,
   <trd>Anteilseigner</trd>,
   <trd>Aktienbesitzer</trd>
</trdgrp>
  <trdgrp lng="en">
   <trd>shareholder</trd>,
   <trd>stockholder</trd>
</trdgrp>
  <trd lng="es">accionista</trd>
  <trd lng="fa">&a_s;&a_h;&a_A;&a_m;&zwnj;&a_d;&a_A;&a_r;</trd>
  <trd lng="fr">actionnaire</trd>
  <trd lng="hu">r&eacute;szv&eacute;nyes</trd>
  <trd lng="nl">aandeelhouder</trd>
  <trd lng="pt">acionista</trd>
  <trd lng="ru">&c_a;&c_k;&c_c;&c_i;&c_o;&c_n;&c_je;&c_r;</trd>
  <trdgrp lng="sk">
    <trd>&uacute;&ccaron;astin&aacute;r</trd>,
    <trd>akcion&aacute;r</trd>,
    <trd>majiteľ akcií</trd>
  </trdgrp>
</drv>
</art>
<!--
$Log: akci.xml,v $
Revision 1.22  2015/07/04 08:37:29  revo
aldono de trd cs per skripto de M. von Laer

Revision 1.21  2015/06/28 12:03:35  revo
aldono de trd sk per skripto de M. von Laer

Revision 1.20  2009/08/28 16:31:12  revo
Emmanuel Debanne: +trd tr

Revision 1.19  2009/06/16 16:31:13  revo
Behnam Tabatabai: +trd fa

Revision 1.18  2003/10/30 17:31:22  revo
Dmitri Gabinski: +trd be

Revision 1.17  2002/10/30 18:37:45  revo
Jozefo Horvath: +trd hu

Revision 1.16  2002/09/07 17:38:49  revo
Viliam Bur: +sk trd

Revision 1.15  2002/05/08 16:33:43  revo
Alejandro Mejia Greene: ald his trd

Revision 1.14  2001/04/28 19:15:08  revo
Paul Peeraerts: ald trd nl

Revision 1.13  2001/04/17 16:21:51  revo
-->
</vortaro>
