<?xml version="1.0"?>
<!DOCTYPE vortaro SYSTEM "../dtd/vokoxml.dtd">

<vortaro>
  <art mrk="$Id: akcxent.xml,v 1.15 2016/09/27 11:10:16 revo Exp $">
    <kap>
      <rad>ak&ccirc;ent</rad>/o
    </kap>

    <drv mrk="akcxent.0o">
      <kap>
        <tld/>o<fnt>SPIV</fnt>
      </kap>
      <snc>
        <uzo tip="fak">LIN</uzo>
        <uzo tip="fak">FON</uzo>
        <dif>
           Prononcmaniero devianta de la normo, loka a&ubreve; tutnacia,
           per kiu oni rekonas fremdlingvanon a&ubreve; homon el alia regiono:
           <ekz>
              li parolas kun Groningena <tld/>o, kiu sonas moke
              anka&ubreve; kiam tio ne estas intencata
              <fnt>
                 <aut>Willem Frederik Hermans</aut>:
                 <lok><url
                 ref="http://www.purl.org/NET/mihxil/wimshurst.html"
		   >La elektrilo de Wimshurst</url></lok>.
              </fnt>
           </ekz>
        </dif>
	<refgrp tip="vid">
           <ref cel="parol.el0i">elparoli</ref>,
           <ref cel="pronon.0i">prononci</ref>
        </refgrp>
      </snc>
      <trd lng="be">&c_a;&c_k;&c_c;&c_e;&c_n;&c_t;</trd>
      <trd lng="bg">&c_a;&c_k;&c_c;&c_je;&c_n;&c_t;</trd>
      <trdgrp lng="de">
         <trd>Aussprache</trd>,
         <trd>Akzent</trd>
      </trdgrp>
      <trd lng="en">accent</trd>
      <trd lng="es">acento</trd>
      <trd lng="fa">&a_l;&a_h;&a_j;&a_h;</trd>
      <trd lng="fr">accent</trd>
      <trd lng="hu">akcentus</trd>
      <trdgrp lng="nl">
        <trd>accent</trd>,
        <trd>uitspraak<klr tip="ind"> (accent)</klr></trd>
      </trdgrp>
      <trd lng="pl">akcent</trd>
      <trd lng="ru">&c_a;&c_k;&c_c;&c_je;&c_n;&c_t;</trd>
      <trd lng="sk">pr&iacute;zvuk</trd>
      <trd lng="tr">&scedil;ive</trd>
    </drv>

  </art>

  <!--
  $Log: akcxent.xml,v $
  Revision 1.15  2016/09/27 11:10:16  revo
  Sebastian Cyprych: +trd pl

  Revision 1.14  2015/01/22 21:10:17  revo
  Wolfram Diestel: -tajperaro

  Revision 1.13  2014/01/21 08:10:15  revo
  Joop Eggen: +trd bg

  Revision 1.12  2014/01/16 13:10:16  revo
  Damien Brucker: +trd fr

  Revision 1.11  2009/09/11 16:31:07  revo
  Behnam Tabatabai: +trd fa

  Revision 1.10  2005/02/18 17:34:50  revo
  Paul Peeraerts: ald trd nl

  Revision 1.9  2003/08/24 16:30:38  revo
  Dmitri Gabinski: +trd be

  Revision 1.8  2002/10/01 16:33:59  revo
  Christopher Zervic: + ang

  Revision 1.7  2002/09/10 17:34:35  revo
  Lars Soezueer: sxangxis url al purl, tr trd

  Revision 1.6  2002/09/07 17:38:08  revo
  Viliam Bur: +sk trd

  Revision 1.5  2002/08/06 17:31:07  revo
  Jozefo Horvath: +trd hu

  Revision 1.4  2002/03/27 17:31:04  revo
  Ulrich Fellmann: + 2 germ trdj + uzo fak FON

  Revision 1.3  2002/03/26 17:30:50  revo
  Sergio Pokrovskij: tld, TEZ

  Revision 1.2  2002/03/25 17:31:04  revo
  Elmer D. Escoto: Elmer aldonis hispanan tradukon

  Revision 1.1  2002/03/24 17:31:02  revo
  Sergio Pokrovskij: nova artikolo

  -->
</vortaro>
