<?xml version="1.0"?>
<!DOCTYPE vortaro SYSTEM "../dtd/vokoxml.dtd">

<vortaro>
<art mrk="$Id: akile.xml,v 1.19 2019/01/25 19:10:14 revo Exp $">
<kap>
  <rad>akile</rad>/o <fnt><bib>PV</bib></fnt>
</kap>
<drv mrk="akile.0o">
  <kap><tld/>o</kap>
  <uzo tip="fak">BOT</uzo>
  <snc>
    <dif>
      <ref tip="lst" lst="voko:botanikaj_genroj" cel="genr.0o.BIO">Genro</ref>
      el familio <ref tip="super" cel="astera.0oj">asteracoj</ref>
      (<trd lng="la">Achillea</trd>):
      <ekz>
        <tld/>o (Achilea millefolium) nomi&gcirc;as en la gaela &leftquot;lus-cosgadh-na-fola&#8221;, kio
        signifas &leftquot;kreska&jcirc;o, kiu &ccirc;esigas sangadon&#8221;
        <fnt>
          <bib>Monato</bib>
          <aut>Garvan Makaj (Garbhan MacAoidh)</aut>
          <vrk><url ref="https://www.monato.net/2011/010317.php"
              >&Ccirc;u gravas, se lingvoj mortas?</url></vrk>
        </fnt>;
      </ekz>
      <ekz>
        kunmetitajn florarojn <klr>[havas]</klr> ekzemple la milfolia <tld/>o, kies la
        floraro estas korimbo de kapituletoj
        <fnt>
          <bib>Viki</bib>
          <lok><url ref="https://eo.wikipedia.org/?curid=19980"
              >Korimbo</url></lok>
        </fnt>.
      </ekz>
    </dif>
    <bld
      lok="&WCU;/thumb/b/be/Illustration_Achillea_millefolium0.jpg/360px-Illustration_Achillea_millefolium0.jpg"
      prm="PD"
      >botanika tabulo pri Milfolia <tld/>o (Achillea millefolium)
        <fnt>
          <lok><url ref="&WCW;/File:Illustration_Achillea_millefolium0.jpg"
              >https://commons.wikimedia.org/wiki/File:Illustration_Achillea_millefolium0.jpg</url></lok>
        </fnt>
    </bld>
  </snc>
  <trd lng="be">&c_k;&c_r;&c_y;&c_v;&c_a;&c_w;&c_n;&c_ib;&c_k;</trd>
  <trd lng="bg">&c_o;&c_b;&c_i;&c_k;&c_n;&c_o;&c_v;&c_je;&c_n; <ind>&c_r;&c_a;&c_v;&c_n;&c_je;&c_c;</ind></trd>
  <trd lng="cs">&rcaron;eb&rcaron;&iacute;&ccaron;ek</trd>
  <trd lng="de">Schafgarbe</trd>
  <trdgrp lng="en">
    <trd>yarrow</trd>,
    <trd>milfoil</trd>
  </trdgrp>
  <trdgrp lng="fr">
    <trd>achill&eacute;e</trd>,
    <trd>millefeuille</trd>
  </trdgrp>
  <trd lng="hu">cickafark</trd>
  <trd lng="nl">duizendblad</trd>
  <trd lng="ru">&c_t;&c_y;&c_s;&c_ja;&c_ch;&c_je;&c_l;&c_i;&c_s;&c_t;&c_n;&c_i;&c_k;</trd>
  <trd lng="sk">my&scaron;&iacute; chvost</trd>
  <trd lng="sv">r&ouml;lleka</trd>
</drv>
</art>
<!--
$Log: akile.xml,v $
Revision 1.19  2019/01/25 19:10:14  revo
Wolfram Diestel: +ekz-oj, +bld

Revision 1.18  2015/07/04 08:37:30  revo
aldono de trd cs per skripto de M. von Laer

Revision 1.17  2015/06/28 12:03:35  revo
aldono de trd sk per skripto de M. von Laer

Revision 1.16  2013/08/13 14:10:12  revo
Joop Eggen: +trd bg

Revision 1.15  2011/05/06 12:10:19  revo
Russ Williams: +trd en

Revision 1.14  2007/03/06 17:31:43  revo
Jozefo Horvath: +trd hu

Revision 1.13  2003/10/30 17:31:24  revo
Dmitri Gabinski: +trd be

Revision 1.12  2002/10/01 16:34:01  revo
-->
</vortaro>
