<?xml version="1.0"?>
<!DOCTYPE vortaro SYSTEM "../dtd/vokoxml.dtd">

<vortaro>
<art mrk="$Id: aklam.xml,v 1.16 2015/07/04 08:37:30 revo Exp $">
<kap>
  <ofc>3</ofc><rad>aklam</rad>/i
</kap>
<drv mrk="aklam.0i">
  <kap><tld/>i</kap>
  <gra><vspec>x</vspec></gra>
  <snc>
    <dif>
      Saluti, akcepti, aprobi per favoraj krioj:
      <ekz>
        <tld/>i iun, al iu;
      </ekz>
      <ekz>
        <tld/>e oni nomis lin prezidanto.
      </ekz>
    </dif>
    <refgrp tip="sin">
      <ref cel="kri.0i">krii</ref>,
      <ref cel="aplaux.0i">apla&ubreve;di</ref>,
      <ref cel="ovaci.0i">ovacii</ref>.
    </refgrp>
  </snc>
  <trd lng="be">&c_u;&c_r;&c_a;&c_ch;&c_y;&c_s;&c_t;&c_a; &c_v;&c_ib;&c_t;&c_a;&c_c;&c_mol;</trd>
  <trdgrp lng="cs">
    <trd>aklamací schvalovat</trd>,
    <trd>aklamovat</trd>,
    <trd>provolávat slávu</trd>,
    <trd>veřejně hlasovat</trd>,
    <trd>veřejně souhlasit</trd>
  </trdgrp>
  <trdgrp lng="de">
    <trd>freudig <ind>begr&uuml;&szlig;en</ind></trd>,
    <trd>bejubeln</trd>,
    <trd>zustimmen</trd>,
    <trd>Beifall spenden</trd>
  </trdgrp>
  <trd lng="en">acclaim</trd>
  <trd lng="es">aclamar</trd>
  <trd lng="fr">acclamer</trd>
  <trd lng="nl">toejuichen</trd>
  <trd lng="pt">aclamar</trd>
  <trd lng="ru">&c_t;&c_o;&c_r;&c_zh;&c_je;&c_s;&c_t;&c_v;&c_je;&c_n;&c_n;&c_o; <ind>&c_p;&c_r;&c_i;&c_v;&c_je;&c_t;&c_s;&c_t;&c_v;&c_o;&c_v;&c_a;&c_t;&c_mol;</ind></trd>
  <trdgrp lng="sk">
    <trd>prevolávať slávu</trd>,
    <trd>verejne hlasovať</trd>
  </trdgrp>
  <trdgrp lng="sv">
    <trd>bifallsrop</trd>,
    <trd>acklamation</trd>
  </trdgrp>
</drv>
</art>
<!--
$Log: aklam.xml,v $
Revision 1.16  2015/07/04 08:37:30  revo
aldono de trd cs per skripto de M. von Laer

Revision 1.15  2015/06/28 12:03:35  revo
aldono de trd sk per skripto de M. von Laer

Revision 1.14  2003/02/07 17:31:02  revo
Ulrich Fellmann: + 4 trd=de

Revision 1.13  2002/10/01 16:34:04  revo
Christopher Zervic: + ang

Revision 1.12  2002/05/15 16:41:16  revo
Alejandro Mejia Greene: ald his trd

Revision 1.11  2002/02/15 17:35:10  revo
Yury Finkel: +trd ru

Revision 1.10 2001/11/11 19:14:42 revo
Zmicier Lapcionak: + trd be

Revision 1.9 2001/07/30 18:12:27 revo
Paul Peeraerts: ald trd nl

Revision 1.8 2001/04/20 17:13:28 revo
Helio Jaques: trd pt

Revision 1.7 2001/03/16 07:33:16 revo
-->
</vortaro>

