<?xml version="1.0"?>
<!DOCTYPE vortaro SYSTEM "../dtd/vokoxml.dtd">

<vortaro>
<art mrk="$Id: akn.xml,v 1.27 2018/01/03 20:10:14 revo Exp $">
<kap><ofc>*</ofc><rad>akn</rad>/o</kap>
<drv mrk="akn.0o">
  <kap><ofc>*</ofc><tld/>o</kap>

  <snc mrk="akn.0o.sxvelajxo">
    <uzo tip="fak">BIB</uzo>
    <fnt><bib>F</bib></fnt>
    <dif>
      Malsaneca ru&gcirc;a &scirc;vela&jcirc;eto sur la ha&ubreve;to:
      <ekz>
        beston blindan a&ubreve; difektitan a&ubreve; kriplan a&ubreve; absceshavan a&ubreve; <tld/>ohavan a&ubreve; favan ne alportu 
        <fnt>
          <bib>MT</bib>
          <lok>Levidoj 22:22</lok>
        </fnt>;
      </ekz>
      <ekz>
        lia bruna senforma malsobra viza&gcirc;o, sur kiu ankora&ubreve; restis signoj de anta&ubreve;a beleco, estis tuta kovrita per ru&gcirc;aj &scirc;velaj <tld/>oj
        <fnt>
          <bib>FK</bib>
        </fnt>.
      </ekz>
    </dif>
    <rim>
      Nur tiu &ccirc;i senco estas fundamenta, &gcirc;i aperas en la Universala Vortaro, sed bazi&gcirc;as sur la tiama medicina scio. 
      En Levidoj 22:22 la vorto aperas kiel sinonimo de &leftquot;likeno&rightquot;, kio &ccirc;e bestoj estis
      &scirc;ajne ekzemo, sed oni tiel nomas en la Biblio anka&ubreve; <ref tip="malprt" cel="lepr.0o">lepron</ref> (Levidoj 13 k.a.).
      La&ubreve; la tradukoj en la Universala Vortaro &gcirc;i povus signifi i.a. simptomon de
      <ref cel="akn.0o.MED">akno<sncref/></ref>, <ref tip="malprt" cel="lepr.0o">lepro</ref>,
      <ref tip="malprt" cel="ekzem.0o">ekzemo</ref>, <ref tip="malprt" cel="teni.0o">tenio</ref>.
      Tiu &ccirc;i fundamenta senco do estas nesufi&ccirc;e klare
      difinita por esti utila ekster klasikaj verkoj kiel ekz. la Biblio, 
      por priskribi la simptomojn de variaj malsanoj.
      Por nomi ajnan &scirc;vela&jcirc;on de la ha&ubreve;to, vi povus uzi &leftquot;ha&ubreve;telstara&jcirc;o&rightquot;, 
      &leftquot;&scirc;vela&jcirc;eto&rightquot;, &leftquot;papulo&rightquot;<fnt><bib>PIV1</bib></fnt>;
      a&ubreve; por nomi specifajn &scirc;vela&jcirc;ojn:
      &leftquot;<ref tip="prt" cel="komedon.0o">komedono</ref>&rightquot;,
      &leftquot;<ref cel="pustul.0o">pustulo</ref>&rightquot;,
      &leftquot;<ref cel="furunk.0o">furunko</ref>&rightquot;.
      <aut>WD</aut>
    </rim>
<!--
    <trdgrp lng="be">
      <trd>&c_p;&c_r;&c_y;&c_sh;&c_ch;</trd>,
      <trd>&c_v;&c_u;&c_g;&c_o;&c_r;</trd>
    </trdgrp>
    <trd lng="br">burbu(enn)</trd>
-->
    <trdgrp lng="de">
       <trd>Finne</trd>,
       <trd>Aussatz</trd>
    </trdgrp>
    <trdgrp lng="en">
      <trd>pimple</trd>
<!--  ne fundamentaj:
      <trd>zit</trd>,
      <trd>blemish</trd>,
      <trd>spot</trd> -->
    </trdgrp>
    <trdgrp lng="fr">
      <trd>bouton<klr> (sur la peau)</klr></trd>
      <trd>grains de ladrerie</trd>
    </trdgrp>
<!--
    <trdgrp lng="hu">
      <trd>pattan&aacute;s</trd>,
      <trd>mitesszer</trd>,
      <trd>akn&eacute;</trd>
    </trdgrp>
    <trd lng="nl">acne-blaasje</trd>
-->
    <trdgrp lng="ru">
<!-- ne fundamentaj
      <trd>&c_p;&c_r;&c_y;&c_shch;</trd>,

      <trd>&c_p;&c_r;&c_y;&c_shch;&c_i;&c_k;</trd>,
-->
      <trd>&c_u;&c_g;&c_o;&c_r;&c_mol; (&c_s;&c_y;&c_p;&c_mol;)</trd>
    </trdgrp>
    <trd lng="sv">finne</trd>
  </snc>

  <snc mrk="akn.0o.MED">
    <uzo tip="fak">MED</uzo>
    <dif>
      Iu el variaj ha&ubreve;t<ref tip="lst" lst="voko:malsanoj" cel="san.mal0o">malsanoj</ref>
      (<trd lng="la">Acne</trd>), elirantaj de <ref tip="prt" cel="komedon.0o">komedonoj</ref>,
      &scirc;topi&gcirc;o de sebaj glandoj kaj harfolikloj, kaj karakterizataj per ru&gcirc;aj &scirc;vela&jcirc;etoj:
      <ekz>
        androgenoj, kiel testosterono kaj dihidrotestosterono (DHT) estas la plej gravaj 
        seksaj hormonoj en viroj kaj estas <klr>[&#8230;]</klr> respondecaj pri akno, korpa odoro <klr>[&#8230;]</klr>
        <fnt>
          <bib>Viki</bib>
          <lok><url ref="https://eo.wikipedia.org/?curid=590791">Hormona anstata&ubreve;iga terapio (vir-al-ina)</url></lok>
        </fnt>;
      </ekz>
      <ekz>
        <tld/>oha&ubreve;to (la&ubreve; PIV, anka&ubreve; &leftquot;akneo&rightquot;) estas ha&ubreve;tomalsano de homoj, &ccirc;efe tiu de junuloj inter 15 kaj 25 
        <fnt>
          <bib>Viki</bib>
          <lok><url ref="https://eo.wikipedia.org/?curid=39250">Aknoha&ubreve;to</url></lok>
        </fnt>.
      </ekz>
    </dif>
    <rim>
       PIV proponas por tiu senco la vorton &leftquot;akneo&rightquot;.
    </rim>
    <trd lng="br">burbu</trd>
    <trd lng="de">Akne</trd>
    <trd lng="en">acne</trd>
    <trd lng="fr">acn&eacute;</trd>
    <trd lng="hu">akn&eacute;</trd>    
    <trd lng="nl">acne</trd>
    <trd lng="ru">&c_u;&c_g;&c_r;&c_je;&c_v;&c_a;&c_ja; &c_s;&c_y;&c_p;&c_mol;</trd>
  </snc>

  <trdgrp lng="cs">
    <trd>akn&eacute;</trd>,
    <trd>trudovitost</trd>,
    <trd>uhry</trd>
  </trdgrp>
  <trd lng="es">acn&eacute;</trd>
  <trdgrp lng="pt">
    <trd>acne</trd>,
    <trd>espinha</trd>
  </trdgrp>
  <trdgrp lng="sk">
    <trd>1.bublina <klr>(vzduchov&aacute;)</klr></trd>,
    <trd>2.uhor</trd>,
    <trd>akn&eacute;</trd>
  </trdgrp>
  <trd lng="sv">akne</trd>
</drv>

<drv mrk="akn.0ero">
  <kap><tld/>ero</kap>
  <snc>
     <fnt><bib>PV</bib></fnt>
     <ref tip="dif" cel="akn.0o.sxvelajxo"><tld/>o<sncref/></ref>
  </snc>
  <trdgrp lng="br">
    <trd>burbuenn</trd>,
    <trd>porbolenn</trd>
  </trdgrp>
  <trdgrp lng="cs">
    <trd>hrbolek v obli&ccaron;eji</trd>,
    <trd>uher</trd>
  </trdgrp>
  <trd lng="de">Pickel <klr>(Akne)</klr></trd>
  <trdgrp lng="en">
    <trd>pimple</trd>,
    <trd>zit</trd>,
    <trd>blemish</trd>,
    <trd>spot</trd>
  </trdgrp>
  <trd lng="fr">bouton<klr> (sur la peau)</klr></trd>
  <trdgrp lng="hu">
    <trd>pattan&aacute;s</trd>,
    <trd>mitesszer</trd>,
    <trd>akn&eacute;</trd>
  </trdgrp>
  <trd lng="nl">acne-blaasje</trd>
  <trd lng="ru">&c_p;&c_r;&c_y;&c_shch;</trd>
  <trd lng="sk">&ccaron;erven&aacute; ko&zcaron;n&aacute; vyr&aacute;&zcaron;ka</trd>
  <trd lng="sv">finne</trd>
</drv>
</art>
<!--
$Log: akn.xml,v $
Revision 1.27  2018/01/03 20:10:14  revo
Wolfram Diestel: kor. ref

Revision 1.26  2018/01/03 19:10:22  revo
Wolfram Diestel: vortordo en Rim

Revision 1.25  2018/01/02 21:10:13  revo
Wolfram Diestel: prilaboris pli, referencoj al klasika uzo kaj rilataj malsanoj

Revision 1.24  2018/01/02 19:10:21  revo
Wolfram Diestel: + ekz-oj, +Rim

Revision 1.23  2016/09/27 07:10:22  revo
Damien Brucker: +ref cxe snc

Revision 1.22  2015/07/04 08:37:30  revo
aldono de trd cs per skripto de M. von Laer

Revision 1.21  2015/06/28 12:03:35  revo
aldono de trd sk per skripto de M. von Laer

Revision 1.20  2009/03/02 17:30:40  revo
-->
</vortaro>
