<?xml version="1.0"?>
<!DOCTYPE vortaro SYSTEM "../dtd/vokoxml.dtd">

<vortaro>
<art mrk="$Id: akr.xml,v 1.40 2018/09/16 08:10:14 revo Exp $">
<kap>
  <ofc>*</ofc><rad>akr</rad>/a <fnt><bib>PV</bib></fnt>
</kap>

<drv mrk="akr.0a">
  <kap><ofc>*</ofc><tld/>a</kap>
  <snc mrk="akr.0a.trancxa">
    <dif>
      Karakterizas ion kies rando estas tran&ccirc;a a&ubreve; pika:
      <ekz>
        tre <tld/>a razilo;
      </ekz><ekz>
        la dentoj de leono estas <tld/>aj
        <fnt><bib>F</bib>, <lok>&FE;7.</lok></fnt>;
      </ekz><ekz>
        malgranda birdeto, sed <tld/>a
        ungeto<fnt><bib>PrV</bib></fnt>.
      </ekz>
    </dif>
    <trd lng="br">lemm</trd>
    <trdgrp lng="ca">
      <trd>tallant</trd>,
      <trd>esmolat</trd>
    </trdgrp>
    <trdgrp lng="de">
      <trd>scharf</trd>,
      <trd>schneidend</trd>
    </trdgrp>
    <trdgrp lng="es">
      <trd>afilado</trd>,
      <trd>cortante</trd>
    </trdgrp>
    <trdgrp lng="fa">
      <trd>&a_t;&f_y;&a_z;</trd>,
      <trd>&a_b;&a_damma;&a_r;&a_n;&a_d;&a_h;</trd>
    </trdgrp>
    <trd lng="fr">aiguis&eacute;</trd>
    <trd lng="sv">vass</trd>
    <trdgrp lng="pt">
      <trd>afiado</trd>,
      <trd>cortante</trd>
    </trdgrp>
    <trd lng="ru">&c_o;&c_s;&c_t;&c_r;&c_y;&c_j;</trd>
    <trd lng="th">&#3588;&#3617;</trd>
  </snc>
  <snc mrk="akr.0a.akuta">
    <dif>
      Karakterizas ion posedantan pintan, pikforman ekstremon;
      <ref tip="sin" cel="akut.0a.angulo">akuta</ref>:
      <ekz>
        la river-fluo faras &ccirc;i tie vere <tld/>an angulon
        <fnt>
          <lok><url ref="http://nove.hamry.eo.licestudy.org/"
              >Nove Hamry</url></lok>
        </fnt>;
      </ekz>
      <ekz>
        la plej antikva kvartalo trovi&gcirc;as en la iom <tld/>a angulo
        formata de la kunfluantaj riveroj
        <fnt>
          <bib>Viki</bib>,
          <lok><url ref="http://eo.wikipedia.org/wiki/Steyr">
          Steyr</url>, 2014-05-14</lok>
        </fnt>;
      </ekz>
      <ekz>
        li ridetis kaj pin&ccirc;is sian <tld/>an barbeton
        <fnt>
          <aut>V. Devjatnin</aut>: <vrk>Arturo</vrk>.
          <lok>FK</lok>.
        </fnt>;
      </ekz>
      <ekz>
        okjara knabino kun <tld/>a mentono kaj sa&gcirc;aj brilaj okuloj
        <fnt><aut>A. &Ccirc;e&hcirc;ov, trad. A. Kor&jcirc;enkov</aut>:
          <vrk>Infanoj</vrk>.
          <bib>LOdE</bib>, <lok>2003:12 (110)</lok>
        </fnt>;
      </ekz>
      <ekz>
        lia nazo estis rekta, iomete <tld/>a, kaj liaj malfermitaj
        lipoj tre sentemaj
        <fnt>
          <aut>J. Modest</aut>,
          <vrk>La peko de Ros</vrk>,
          <bib>Monato</bib>
        </fnt>;
      </ekz>
      <ekz>
        ili pasis super <tld/>aj montpintoj kaj teruraj rokoj
        <fnt>
          <aut>E. Privat</aut>,
          <vrk>Karlo</vrk>,
          <lok>&Ccirc;ap. 7&#170;</lok>
        </fnt>;
      </ekz>
      <ekz>
        super la verdaj kvadratoj de la kampoj <klr>...</klr>
        levi&gcirc;is en malproksimo monteto griza, melankolia, kun
        stranga <tld/>angula supra&jcirc;o
        <fnt>
          <aut>A. Doyle, trad. W. Auld</aut>,
          <vrk>La &ccirc;ashundo de la Baskerviloj</vrk>,
          <lok>1998</lok>
        </fnt>;
      </ekz>
      <ekz>
        la bonodora fojno igis &ccirc;iun preterirantan &ccirc;evalon
        <tld/>igi la orelojn<fnt>Z</fnt>.
      </ekz>
    </dif>
    <rim>
      &#171;<ref cel="pint.0a">pinta</ref>&#187; estas adjektivo rilata,
      <ctl><tld/>a</ctl> estas kvalita; oni senhezite povas diri
      <ctl>tre, pli <tld/>a</ctl> &#8208; sed pri <ctl>pinta</ctl>
      tio sonus &gcirc;ene.  Akuta angulo estas kaj akra, kaj pinta;
      malakuta angulo estas pinta sed ne akra.
    </rim>
    <trd lng="br">lemm</trd>
    <trdgrp lng="ca">
      <trd>punxant</trd>,
      <trd>agut</trd>
    </trdgrp>
    <trdgrp lng="de">
      <trd>spitz</trd>
    </trdgrp>
    <trdgrp lng="es">
      <trd>agudo</trd>,
      <trd>puntiagudo</trd>
    </trdgrp>
    <trdgrp lng="fa">
      <trd>&a_t;&f_y;&a_z;</trd>,
      <trd>&a_n;&a_w;&f_k;&zwnj;&a_t;&f_y;&a_z;</trd>
    </trdgrp>
    <trdgrp lng="fr">
      <trd>aigu</trd>,
      <trd>pointu</trd>
    </trdgrp>
    <trdgrp lng="pt">
      <trd>agudo</trd>,
      <trd>pontudo</trd>
    </trdgrp>
    <trdgrp lng="sv">
      <trd>skarp</trd>,
      <trd>spetsig</trd>
    </trdgrp>
    <trdgrp lng="ru">
      <trd>&c_o;&c_s;&c_t;&c_r;&c_y;&c_j;</trd>,
      <trd>&c_o;&c_s;&c_t;&c_r;&c_o;&c_k;&c_o;&c_n;&c_je;&c_ch;&c_n;&c_y;&c_j;</trd>,
      <trd>&c_z;&c_a;&c_o;&c_s;&c_t;&c_r;&c_jo;&c_n;&c_n;&c_y;&c_j;</trd>
    </trdgrp>
    <trd lng="th">&#3649;&#3627;&#3621;&#3617;&#3588;&#3617;</trd>
  </snc>
  <snc mrk="akr.0a.dolora">
    <dif>
      Impresanta forte kaj dolorete la sentumojn:
      <ekz>
        sono<fnt>Z</fnt>,
        kontrasto<fnt>Z</fnt>,
        brilo<fnt>Z</fnt>,
        bojado<fnt>B</fnt>,
        ru&gcirc;o, fajro<fnt>Z</fnt>,
        vento<fnt>Z</fnt>,
        doloro;
      </ekz>
      <ekz>
        la vintro venis frue, estis <tld/>a frosto
        <fnt><bib>Fab3</bib>, <lok>Nokta &ccirc;apo de
            fra&ubreve;lo</lok></fnt>;
      </ekz>
      <ekz>
        la pordo brue malfermi&gcirc;is kaj de la sojlo eksonis
        virina vo&ccirc;o <tld/>a kaj penetranta
        <fnt><bib>Marta</bib></fnt>.
      </ekz>
    </dif>
    <trdgrp lng="br">
      <trd>garv<klr tip="amb"> (avel, mouezh)</klr></trd>,
      <trd>flamm<klr tip="amb"> (liv)</klr></trd>
    </trdgrp>
    <trdgrp lng="ca">
      <trd>brusc</trd>,
      <trd>violent</trd>
    </trdgrp>
    <trdgrp lng="de">
      <trd>scharf</trd>,
      <trd>heftig</trd>,
      <trd>intensiv</trd>,
      <trd>dr&uuml;ckend</trd>
    </trdgrp>
    <trdgrp lng="es">
      <trd>agudo</trd>,
      <trd>fuerte</trd>,
      <trd>intenso</trd>
    </trdgrp>
    <trdgrp lng="fa">
      <trd>&a_t;&a_n;&a_d;</trd>,
      <trd>&a_z;&a_n;&a_n;&a_d;&a_h;</trd>,
      <trd>&a_sh;&a_d;&f_y;&a_d;</trd>
    </trdgrp>
    <trdgrp lng="fr">
      <trd>vif</trd>,
      <trd>fort</trd>
    </trdgrp>
    <trdgrp lng="pt">
      <trd>acre</trd>,
      <trd>picante</trd>
    </trdgrp>
    <trdgrp lng="sv">
      <trd>vass</trd>,
      <trd>skarp</trd>
    </trdgrp>
    <trdgrp lng="ru">
      <trd>&c_r;&c_je;&c_z;&c_k;&c_i;&c_j;</trd>,
      <trd>&c_o;&c_s;&c_t;&c_r;&c_y;&c_j;</trd>
    </trdgrp>
  </snc>
  <snc mrk="akr.0a.vigla">
    <uzo tip="klr">(io)</uzo>
    <dif>
      Severega, malmilda:
      <ekz>
        <tld/>a batalo;
      </ekz>
      <ekz>
        tiaj periodoj de <tld/>a malsani&gcirc;o ofte okazas en la
        da&ubreve;ro
        de &ccirc;iu kronika kataro
        <fnt>
          <vrk>Kronika katara konjunktivito</vrk>, <bib>FK</bib>
        </fnt>;
      </ekz>
      <ekz>
        <klr>(nia afero)</klr> jam pene travivis ekstreme
        malfacilajn eksterajn cirkonstancojn kaj <tld/>ajn
        internajn krizojn
        <fnt><aut>J. A. Vergara</aut>,
          <vrk>Kvar kandidatoj sin prezentas</vrk>,
          <bib>LOdE</bib>, <lok>2003:12 (110)</lok>
        </fnt>;
      </ekz>
      <ekz>
        <tld/>aj mokoj<fnt>Z</fnt>,
      </ekz>
      <ekz>
        ripro&ccirc;oj<fnt>Z</fnt>;
      </ekz>
      <ekz>
        <tld/>a fono<fnt>Z</fnt>;
      </ekz>
      <ekz>
        se vi havas <tld/>an &jcirc;aluzon kaj malpacon en via
        koro, ne fieru, kaj ne mensogu kontra&ubreve; la vero
        <fnt><bib>NT</bib>, <lok>&Jak; 3:14</lok></fnt>;
      </ekz>
      <ekz>
        la sinjoro <tld/>e atakos la pastrojn
        <fnt><bib>Far3</bib>, <lok>&ccirc;ap. 12</lok></fnt>;
      </ekz><ekz>
        per nura menciado de faktoj oni anka&ubreve; povas naski tre
        <tld/>ajn disputojn
        <fnt>
          <aut>E. Lanti</aut>:
          <vrk><url
          ref="http://www.satesperanto.org/lanti/v3_14.htm"
              >Edukado &mdash; Agitado</url></vrk>
        </fnt>.
      </ekz>
    </dif>
    <trd lng="br">garv</trd>
    <trdgrp lng="ca">
      <trd>dur</trd>,
      <trd>cru</trd>,
      <trd>agre</trd>
    </trdgrp>
    <trdgrp lng="de">
      <trd>scharf</trd>,
      <trd>heftig</trd>,
      <trd>arg</trd>
    </trdgrp>
    <trdgrp lng="es">
      <trd>severo</trd>,
      <trd>intenso</trd>,
      <trd>agudo</trd>
    </trdgrp>
    <trdgrp lng="fa">
      <trd>&a_sh;&a_d;&f_y;&a_d;</trd>,
      <trd>&a_b;&f_y;&zwnj;&a_A;&a_m;&a_A;&a_n;</trd>,
      <trd>&a_t;&a_w;&a_A;&a_n;&zwnj;&a_f;&a_r;&a_s;&a_A;</trd>,
      <trd>&a_s;&a_kh;&a_t;</trd>
    </trdgrp>
    <trdgrp lng="fr">
      <trd>&acirc;pre</trd>,
      <trd>acerbe</trd>
    </trdgrp>
    <trd lng="pt">r&iacute;spido</trd>
    <trdgrp lng="ru">
      <trd>&c_r;&c_je;&c_z;&c_k;&c_i;&c_j;</trd>,
      <trd>&c_zh;&c_jo;&c_s;&c_t;&c_k;&c_i;&c_j;<klr tip="amb">
      (&c_p;&c_je;&c_r;&c_je;&c_n;.)</klr></trd>,
      <trd>&c_o;&c_s;&c_t;&c_r;&c_y;&c_j;</trd>
    </trdgrp>
  </snc>
  <snc mrk="akr.0a.penetranta">
    <uzo tip="klr">(io)</uzo>
    <dif>
      Sagaca, subtila, penetranta:
      <ekz>
        gasto havas <tld/>ajn okulojn
	<fnt><bib>PrV</bib></fnt>;
      </ekz>
      <ekz>
        &ccirc;iuj membroj de tiu familio havis <tld/>ajn orelojn,
        ili a&ubreve;dis &ccirc;iun vorton, kiun diris la najbara kokino
        <fnt><bib>Fab3</bib>, <lok>Estas tute certe</lok></fnt>;
      </ekz>
      <ekz>
        li posedis <tld/>an intelekton, kaj sciis tion
        <fnt>
          <aut>M. K. Gandhi, trad. A Giridhar Rao</aut>,
          <vrk>Eksperimentoj kun la vero a&ubreve; La
            a&ubreve;tobiografio</vrk>.
          <lok><url
              ref="http://www.geocities.com/agrao99/gandhi/eksperimentoj/dua/kelkaj_spertoj.htm"
              >&Ccirc;ap. 7a, Kelkaj spertoj</url></lok>
        </fnt>;
      </ekz>
      <ekz>
        li havas menson <tld/>an kiel la razilo
      </ekz>
      <ekz>
        <ind><tld/>aj okuloj</ind>
        <trd lng="br">daoulagad lemm</trd>;
      </ekz>
      <ekz>
        &scirc;i observis lin <tld/>e per &scirc;ajne mallevitaj
        okuloj<fnt>Z</fnt>.
      </ekz>
    </dif>
    <trdgrp lng="ca">
      <trd>agut</trd>,
      <trd>penetrant</trd>
    </trdgrp>
    <trdgrp lng="de">
      <trd>scharf</trd>
    </trdgrp>
    <trd lng="es">penetrante</trd>
    <trdgrp lng="fa">
      <trd>&a_t;&f_y;&a_z;&a_b;&f_y;&a_n;</trd>,
      <trd>&a_t;&f_y;&a_z;&a_h;&a_w;&a_sh;</trd>,
      <trd>&a_t;&f_y;&a_z;&a_f;&a_h;&a_m;</trd>,
      <trd>&a_n;&a_A;&a_f;&a_dh;</trd>
    </trdgrp>
    <trd lng="fr">per&ccedil;ant</trd>
    <trdgrp lng="pt">
      <trd>agu&ccedil;ado</trd>,
      <trd>penetrante</trd>
    </trdgrp>
    <trdgrp lng="ru">
      <trd>&c_p;&c_r;&c_o;&c_n;&c_i;&c_c;&c_a;&c_t;&c_je;&c_l;&c_mol;&c_n;&c_y;&c_j;</trd>,
      <trd>&c_z;&c_o;&c_r;&c_k;&c_i;&c_j;</trd>,
      <trd>&c_o;&c_s;&c_t;&c_r;&c_y;&c_j;</trd>
    </trdgrp>
    <trdgrp lng="th">
      <trd>&#3649;&#3627;&#3621;&#3617;&#3588;&#3617;</trd>,
      <trd>&#3648;&#3593;&#3637;&#3618;&#3610;&#3649;&#3627;&#3621;&#3617;</trd>
    </trdgrp>
  </snc>
  <trd lng="be">&c_v;&c_o;&c_s;&c_t;&c_r;&c_y;</trd>
  <trd lng="ca">acre</trd>
  <trdgrp lng="cs">
    <trd>d&uring;razn&yacute;</trd>,
    <trd>ostr&yacute;</trd>,
    <trd>prudk&yacute;</trd>
  </trdgrp>
  <trd lng="en">sharp</trd>
  <trd lng="nl">scherp</trd>
  <trd lng="pl">ostry</trd>
  <trd lng="ro">acut</trd>
  <trdgrp lng="sk">
    <trd>ostr&yacute;</trd>,
    <trd>&scaron;picat&yacute;</trd>
  </trdgrp>
</drv>

<drv mrk="akr.0ajxo">
  <kap><tld/>a&jcirc;o</kap>
  <snc mrk="akr.0ajxo.trancxrando">
    <dif>
      Tran&ccirc;rando.
    </dif>
    <trd lng="be">&c_l;&c_ja;&c_z;&c_o;</trd>
    <trdgrp lng="br">
      <trd>barvenn<klr tip="ind"> (ul lavnenn)</klr></trd>,
      <trd>dremm<klr tip="ind"> (ul lavnenn)</klr></trd>
    </trdgrp>
    <trd lng="ca">fulla<klr> (d'eina)</klr></trd>
    <trdgrp lng="en">
      <trd>cutting egde</trd>,
      <trd>blade</trd>
    </trdgrp>
    <trd lng="es">filo<klr> (de cuchillo)</klr></trd>
    <trdgrp lng="fa">
      <trd>&a_t;&f_y;&a_gh;&a_h;</trd>,
      <trd>&a_t;&f_y;&a_gh;</trd>
    </trdgrp>
    <trdgrp lng="fr">
      <trd>tranchant</trd>,
      <trd>fil <klr>(du rasoir)</klr></trd>
    </trdgrp>
    <trdgrp lng="pt">
      <trd>corte</trd>,
      <trd>gume</trd>,
      <trd>fio</trd>
    </trdgrp>
    <trd lng="ru">&c_l;&c_je;&c_z;&c_v;&c_i;&c_je;</trd>
  </snc>
  <snc mrk="akr.0ajxo.akuta">
    <dif>
      Akuta rando; e&gcirc;o:
      <ekz>
        la <tld/>a&jcirc;oj de tegmentoj havas iafoje ornamitajn
        tegolojn.
      </ekz>
    </dif>
    <trd lng="be">&c_v;&c_a;&c_s;&c_t;&c_r;&c_y;&c_jo;</trd>
    <trd lng="ca">cavall&oacute;</trd>
    <trdgrp lng="en">
      <trd>peak</trd>,
      <trd>point</trd>
    </trdgrp>
    <trd lng="es">borde u orilla<klr> (esquina)</klr></trd>
    <trdgrp lng="fa">
      <trd>&a_l;&a_b;&a_h;</trd>,
      <trd>&a_n;&a_b;&a_sh;</trd>
    </trdgrp>
    <trd lng="fr">ar&ecirc;te</trd>
    <trdgrp lng="pl">
      <trd>ostra <ind>kraw&eogonek;d&zacute;</ind></trd>,
      <trd>sztorc</trd>
    </trdgrp>
    <trd lng="pt">aresta</trd>
    <trd lng="ru">&c_o;&c_s;&c_t;&c_r;&c_i;&c_jo;</trd>
  </snc>
</drv>

<drv mrk="akr.0igi">
  <kap><tld/>igi</kap>
  <gra><vspec>tr</vspec></gra>
  <snc mrk="akr.0igi.KOMUNE">
    <dif>
      Fari <tld/>a:
      <ekz>
        <tld/>igi malfacilan situacion;
      </ekz>
      <ekz>
        sperto sa&gcirc;on <tld/>igas<fnt><bib>PrV</bib></fnt>;
      </ekz>
      <ekz>
        lernado de Esperanto <tld/>igas la komprenon de la gepatra
        lingvo;
      </ekz>
      <ekz>
        tiu deklaro pli<tld/>igis la disputon.
      </ekz>
    </dif>
    <trdgrp lng="th">
      <trd>&#3607;&#3635;&#3651;&#3627;&#3657;&#3588;&#3617;</trd>,
      <trd>&#3621;&#3633;&#3610;</trd>
    </trdgrp>
  </snc>
  <trdgrp lng="be">
    <trd>&c_v;&c_a;&c_s;&c_t;&c_r;&c_y;&c_c;&c_mol;</trd>,
    <trd>&c_t;&c_a;&c_ch;&c_y;&c_c;&c_mol;</trd>,
    <trd>&c_m;&c_ja;&c_n;&c_c;&c_ib;&c_c;&c_mol;
      <klr>(&c_k;&c_a;&c_s;&c_u;)</klr></trd>,
    <trd>&c_p;&c_r;&c_a;&c_v;&c_ib;&c_c;&c_mol;
      <klr>(&c_b;&c_r;&c_y;&c_t;&c_v;&c_u;)</klr></trd>
  </trdgrp>
  <trdgrp lng="br">
    <trd>lemma&ntilde;</trd>,
    <trd>bega&ntilde;</trd>
  </trdgrp>
  <trdgrp lng="ca">
    <trd>agusar</trd>,
    <trd>aguditzar</trd>,
    <trd>esmolar</trd>
  </trdgrp>
  <trdgrp lng="cs">
    <trd>brousit</trd>,
    <trd>nabrousit</trd>,
    <trd>naost&rcaron;it</trd>,
    <trd>ost&rcaron;it</trd>,
    <trd>vybrousit</trd>,
    <trd>vyhrotit</trd>,
    <trd>zost&rcaron;it</trd>,
    <trd>zp&rcaron;&iacute;snit</trd>
  </trdgrp>
  <trdgrp lng="de">
    <trd>sch&auml;rfen</trd>,
    <trd>versch&auml;rfen</trd>
  </trdgrp>
  <trd lng="en">sharpen</trd>
  <trdgrp lng="es">
    <trd>aguzar</trd>,
    <trd>afilar</trd>
  </trdgrp>
  <trd lng="fa">&a_t;&f_y;&a_z; &f_k;&a_r;&a_d;&a_n;</trd>
  <trdgrp lng="fr">
    <trd>aiguiser</trd>,
    <trd>aff&ucirc;ter</trd>
  </trdgrp>
  <trdgrp lng="pl">
    <trd>ostrzy&cacute;</trd>,
    <trd>brusi&cacute;</trd>,
    <trd>zaostrza&cacute;</trd>
  </trdgrp>
  <trdgrp lng="pt">
    <trd>agu&ccedil;ar</trd>,
    <trd>afiar</trd>,
    <trd>acerar</trd>
  </trdgrp>
  <trdgrp lng="ru">
    <trd>&c_z;&c_a;&c_o;&c_s;&c_t;&c_r;&c_ja;&c_t;&c_mol;</trd>,
    <trd>&c_z;&c_a;&c_o;&c_s;&c_t;&c_r;&c_i;&c_t;&c_mol;</trd>,
    <trd>&c_t;&c_o;&c_ch;&c_i;&c_t;&c_mol;</trd>
  </trdgrp>
  <trdgrp lng="sk">
    <trd>br&uacute;si&tcaron;</trd>,
    <trd>naostri&tcaron;</trd>
  </trdgrp>
  <trd lng="sv">v&auml;ssa</trd>
</drv>

<drv mrk="akr.0igilo">
  <kap><tld/>igilo</kap>
  <snc mrk="akr.0igilo.KOMUNE">
    <dif>
      &Scirc;tono a&ubreve; ilo por <tld/>igi klingojn:
      <ekz>
        li prenis tran&ccirc;ilegon, li &gcirc;in <tld/>igis sur longa
        <tld/>igilo
        <fnt>
          <aut>C. Perrault, trad. P. Sarpy</aut>,
          <vrk>La malgranda Fingreto</vrk>, 
          <lok>en:
          <url ref="http://eo.wikibooks.org/wiki/Rakontoj_pri_Feinoj">
          Rakontoj pri feinoj</url>, 1904</lok>
        </fnt>.
      </ekz>
    </dif>
    <trd lng="th">&#3627;&#3636;&#3609;&#3621;&#3633;&#3610;</trd>
  </snc>
  <trdgrp lng="be">
    <trd>&c_v;&c_a;&c_s;&c_t;&c_r;&c_y;&c_l;&c_k;&c_a;</trd>,
    <trd>&c_t;&c_a;&c_ch;&c_y;&c_l;&c_a;</trd>
  </trdgrp>
  <trdgrp lng="br">
    <trd>higolenn</trd>,
    <trd>breolim</trd>,
    <trd>maen da lemma&ntilde;</trd>
  </trdgrp>
  <trd lng="ca">esmolador</trd>
  <trdgrp lng="cs">
    <trd>brousek</trd>,
    <trd>brus</trd>
  </trdgrp>
  <trd lng="de">Schleifstein</trd>
  <trd lng="en">sharpener</trd>
  <trdgrp lng="es">
    <trd>afilador</trd>,
    <trd>piedra de afilar</trd>
  </trdgrp>
  <trdgrp lng="fa">
    <trd>&a_t;&f_y;&a_z;&f_k;&a_n;</trd>,
    <trd>&a_s;&a_A;&a_w;</trd>,
    <trd>&a_f;&a_s;&a_A;&a_n;</trd>
  </trdgrp>
  <trdgrp lng="fr">
    <trd>aiguisoir</trd>,
    <trd>fusil <klr tip="amb">(&agrave; aiguiser)</klr></trd>,
    <trd>pierre &agrave; aiguiser</trd>
  </trdgrp>
  <trdgrp lng="pl">
    <trd>ose&lstroke;ka</trd>,
    <trd>brus</trd>,
    <trd>ostrza&lstroke;ka</trd>
  </trdgrp>
  <trdgrp lng="pt">
    <trd>afiador</trd>,
    <trd>pedra de amolar</trd>
  </trdgrp>
  <trd lng="ru">&c_t;&c_o;&c_ch;&c_i;&c_l;&c_o;</trd>
  <trd lng="sk">br&uacute;s</trd>
</drv>

<drv mrk="akr.0igisto">
  <kap><tld/>igisto</kap>
  <snc mrk="akr.0igisto.KOMUNE">
    <dif>
      Homo, kiu profesie <tld/>igas klingojn, tran&ccirc;ilojn...:
      <ekz>
        ili trovis anta&ubreve; la mastra domo &ccirc;aron
        de tondil<tld/>igisto
        <fnt>
          <aut>T. Storm, trad. A. Bader</aut>,
          <vrk>Imenlago</vrk>,
          <lok>en: Du Amosentaj Noveloj, 1947</lok>
        </fnt>.
      </ekz>
    </dif>
  </snc>
  <trd lng="cs">brusi&ccaron;</trd>
  <trd lng="es">afilador</trd>
  <trd lng="fr">r&eacute;mouleur</trd>
  <trdgrp lng="pl">
    <trd>ostrzyciel</trd>,
    <trd>bru&sacute;nik</trd>,
    <trd>szlifierz</trd>
  </trdgrp>
  <trd lng="sk">brusi&ccaron;</trd>
</drv>

<drv mrk="akr.0igxi">
  <kap><tld/>i&gcirc;i</kap>
  <gra><vspec>ntr</vspec></gra>
  <snc mrk="akr.0igxi.KOMUNE">
    <dif>
      I&gcirc;i <tld/>a, tran&ccirc;ema, intensa:
      <ekz>
        la ekonomia krizo pli<tld/>i&gcirc;is;
      </ekz>
      <ekz>
        la apetito <tld/>i&gcirc;ados dum la
        man&gcirc;ado<fnt>Z</fnt>.
      </ekz>
    </dif>
  </snc>
  <trdgrp lng="es">
    <trd><ind>agudizar</ind>se</trd>,
    <trd>intensificarse</trd>
  </trdgrp>
  <trd lng="fr">s'<ind>aiguiser</ind></trd>
  <trd lng="pl">zaostrzy&cacute; si&eogonek;</trd>
</drv>

<drv mrk="akr.mal0a">
  <kap><ofc>*</ofc>mal<tld/>a</kap>
  <snc mrk="akr.mal0a.netrancxa">
    <dif>
      Malhavanta <tld/>econ sufi&ccirc;an por tran&ccirc;i a&ubreve;
      piki:
      <ekz>
        la tran&ccirc;ilo estis tiel mal<tld/>a, ke mi ne povis
        tran&ccirc;i
        per &gcirc;i la viandon
        <fnt><bib>F</bib>, <lok>&FE;34.</lok></fnt>.
      </ekz>
    </dif>
    <trdgrp lng="th">
      <trd>&#3607;&#3639;&#3656;&#3629;</trd>,
      <trd>&#3652;&#3617;&#3656;&#3588;&#3617;</trd>
    </trdgrp>
  </snc>
  <trd lng="cs">tup&yacute;</trd>
  <trdgrp lng="es">
    <trd>desafilado</trd>,
    <trd>embotado</trd>,
    <trd>mellado</trd>
  </trdgrp>
  <trd lng="fr">&eacute;mouss&eacute;</trd>
  <trdgrp lng="pl">
    <trd>t&eogonek;py</trd>,
    <trd>g&lstroke;uchy<klr> (d&zacute;wi&eogonek;k)</klr></trd>
  </trdgrp>
  <trd lng="ru">&c_t;&c_u;&c_p;&c_o;&c_j;</trd>
  <trd lng="sk">tup&yacute;</trd>
</drv>

<drv mrk="akr.mal0igi">
  <kap>mal<tld/>igi</kap>
  <gra><vspec>tr</vspec></gra>
  <snc mrk="akr.mal0igi.KOMUNE">
    <dif>
      Igi mal<tld/>a, obtuzigi:
      <ekz>
        maljuneco mal<tld/>igas la vidadon.
      </ekz>
    </dif>
    <trdgrp lng="th">
      <trd>&#3607;&#3635;&#3651;&#3627;&#3657;&#3607;&#3639;&#3656;&#3629;</trd>,
      <trd>&#3607;&#3635;&#3651;&#3627;&#3657;&#3652;&#3617;&#3656;&#3588;&#3617;</trd>
    </trdgrp>
  </snc>
  <trdgrp lng="cs">
    <trd>otupit</trd>,
    <trd>ztupit</trd>
  </trdgrp>
  <trdgrp lng="es">
    <trd>desafilar</trd>,
    <trd>embotar</trd>,
    <trd>mellar</trd>,
    <trd>enromar</trd>
  </trdgrp>
  <trd lng="fr">&eacute;mousser</trd>
  <trdgrp lng="pl">
    <trd>t&eogonek;pi&cacute;</trd>,
    <trd>st&eogonek;pi&cacute;</trd>
  </trdgrp>
  <trd lng="sk">zatupi&tcaron;</trd>
</drv>

<drv mrk="akr.mal0igxi">
  <kap>mal<tld/>i&gcirc;i</kap>
  <gra><vspec>ntr</vspec></gra>
  <snc mrk="akr.mal0igxi.KOMUNE">
    <dif>
      I&gcirc;i mal<tld/>a, perdi sian <tld/>econ:
      <ekz>
        post longa uzo mal<tld/>i&gcirc;as la tran&ccirc;iloj.
      </ekz>
    </dif>
  </snc>
  <trdgrp lng="es">
    <trd><ind>desafilar</ind>se</trd>,
    <trd><ind>mellar</ind>se</trd>
  </trdgrp>
  <trd lng="fr">s'&eacute;mousser</trd>
  <trd lng="pl">st&eogonek;pi&cacute; si&eogonek;</trd>
</drv>
</art>
<!--
$Log: akr.xml,v $
Revision 1.40  2018/09/16 08:10:14  revo
Guillermo Molleda Jimena: trd es

Revision 1.39  2018/06/28 07:10:14  revo
Guillermo Molleda Jimena: trd es

Revision 1.38  2017/11/28 01:10:20  revo
Vito Redsky: +trd ro +trd pl

Revision 1.37  2017/07/14 08:10:15  revo
Warut Bunprasert: +trd th

Revision 1.36  2017/04/04 09:10:11  revo
Ludoviko Francisco: +tip

Revision 1.35  2017/03/06 21:10:17  revo
Jeromo Vasxe: sificxan -> suficxan

Revision 1.34  2015/07/04 08:37:30  revo
aldono de trd cs per skripto de M. von Laer

Revision 1.33  2015/06/28 12:03:35  revo
-->
</vortaro>
