<?xml version="1.0"?>
<!DOCTYPE vortaro SYSTEM "../dtd/vokoxml.dtd">

<vortaro>
<art mrk="$Id: akre.xml,v 1.15 2018/11/18 10:10:19 revo Exp $">
<kap>
  <rad>akre</rad>/o
  <fnt><bib>PIV1</bib></fnt>,
  <var>
    <kap><rad>akr</rad>/o 
    <fnt><bib>ZR</bib></fnt>
    <fnt><bib>PV</bib></fnt></kap>
  </var>
</kap>

<drv mrk="akre.0o">
  <kap><tld/>o,
    <var><kap>akro</kap></var>
  </kap>
  <snc mrk="akre.0o.MEZ">
    <dif>
      Eksa <ref tip="lst" cel="unu.mezur0o"
      lst="voko:areoj">mezurunuo</ref> de
      tersurfaco valoranta inter 0,2 kaj 0,9 hektarojn la&ubreve; lokoj kaj
      epokoj:
      <ekz> 
        brita <tld/>o valoras proksimume 0,4 hektarojn,
        franca <tld/>o valoras proksimume 0,5 hektarojn;
      </ekz>
      <ekz>
        en la jaro 1878, kiam d-ro <nom>Vincent</nom> fondis la someran universitaton,
        <nom>Chautauque</nom> okupis 150 akrojn da bela tero, sed trovis sin en tre praa stato
        <fnt>
          <bib>FK</bib>
        </fnt>;
      </ekz>
      <ekz>
        la ekologia vila&gcirc;o situas sur 67 <tld/>oj (1 <tld/>o = &ccirc;irka&ubreve; 40 aroj)
        <fnt>
          <bib>Monato</bib>
          <aut>Garvan Makaj</aut>
          <vrk><url ref="http://www.monato.net/2009/009796.php"
              >Nova ekologia vila&gcirc;o</url></vrk>
        </fnt>;
      </ekz>
      <ekz>
        50 <tld/>oj estas rezervitaj por parceloj, bieno kaj arbaro
        <fnt>
          <bib>Monato</bib>
          <aut>Garvan Makaj</aut>
          <vrk><url ref="http://www.monato.net/2009/009796.php"
              >Nova ekologia vila&gcirc;o</url></vrk>
        </fnt>;
      </ekz>
      <ekz>
        &scirc;i fari&gcirc;is terposedantino de parcelo 82 <tld/>ojn granda, kio ege multe entuziasmigis la pensiulinon
        <fnt>
          <bib>Monato</bib>
          <aut>Laimius Stra&zcaron;nickas</aut>
          <vrk><url ref="http://www.esperanto.be/fel/2004/008267.html"
              >Estigi lagetojn</url></vrk>
        </fnt>;
      </ekz>
      <ekz>
        vi posedas nur <klr>[&#8230;]</klr> du <tld/>ojn da plugotero kaj
        apena&ubreve; paron da &ccirc;ifonoj
        <fnt><bib>DonKihxoto</bib>, <lok>dua parto, &ccirc;apitro 2a, p.
        407a</lok></fnt>.
      </ekz>
    </dif>
  </snc>
  <trd lng="be">&c_a;&c_k;&c_r;</trd>
  <trdgrp lng="cs">
    <trd>akr</trd>,
    <trd>jitro <klr>(0,817 ha)</klr></trd>
  </trdgrp>
  <trdgrp lng="de">
    <trd>Acre<klr> (Einheit)</klr></trd>
    <trd>Morgen</trd>
  </trdgrp>
  <trd lng="en">acre</trd>
  <trd lng="es">acre</trd>
  <trd lng="fa">&a_A_madda;&f_k;&a_r;<klr> (&a_w;&a_A;&a_H;&a_d; &a_s;&a_T;&a_H;)</klr></trd>
  <trd lng="fr">acre<klr> (mesure de surface)</klr></trd>
  <trd lng="hu">hold<klr> (f&ouml;ldm&eacute;rt&eacute;k)</klr></trd>
  <trd lng="id">ekar</trd>
  <trd lng="pt">acre</trd>
  <trd lng="ru">&c_a;&c_k;&c_r;</trd>
  <trd lng="ms">ekar</trd>
  <trdgrp lng="sk">
    <trd>aker</trd>,
    <trd>aker <klr>(plo&scaron;n&aacute; miera 40 &aacute;rov)</klr></trd>
  </trdgrp>
</drv>
</art>

<!--
$Log: akre.xml,v $
Revision 1.15  2018/11/18 10:10:19  revo
Wolfram Diestel: +var akro, pliaj ekz-oj

Revision 1.14  2017/01/27 14:10:19  revo
Adam Eng: +trd ms

Revision 1.13  2015/07/04 08:37:30  revo
aldono de trd cs per skripto de M. von Laer

Revision 1.12  2015/06/28 12:03:35  revo
aldono de trd sk per skripto de M. von Laer

Revision 1.11  2014/10/26 15:10:29  revo
Eko Nur Syah Hidayat: +trd id

Revision 1.10  2013/10/03 08:10:23  revo
Wolfram Diestel: precizigis klaso al voko:areoj

Revision 1.9  2013/09/14 17:10:23  revo
Wolfram Diestel: ref al lst mezurunuoj

Revision 1.8  2013/04/12 09:10:12  revo
-->
</vortaro>
