<?xml version="1.0"?>
<!DOCTYPE vortaro SYSTEM "../dtd/vokoxml.dtd">

<vortaro>
<art mrk="$Id: akredi.xml,v 1.17 2015/07/04 08:37:30 revo Exp $">
<kap>
  <rad>akredit</rad>/i
</kap>
<drv mrk="akredi.0i">
  <kap><tld/>i</kap>
  <gra><vspec>tr</vspec></gra>
  <snc>
  <fnt><bib>PIV1</bib></fnt>
    <dif>
      Oficiale akceptigi (iun):
      <ekz>
        ambasadoro <tld/>ita apud la germana registaro.
      </ekz>
    </dif>
    <trd lng="be">&c_a;&c_k;&c_r;&c_e;&c_d;&c_y;&c_t;&c_a;&c_v;&c_a;&c_c;&c_mol;</trd>
    <trdgrp lng="de">
      <trd>akkreditieren</trd>,
      <trd>beglaubigen</trd>,
      <trd>bevollm&auml;chtigen</trd>
    </trdgrp>
    <trd lng="en">accredit</trd>
    <trd lng="es">acreditar</trd>
    <trd lng="fr">accr&eacute;diter</trd>
    <trd lng="nl">accrediteren</trd>
    <trd lng="pt">acreditar</trd>
    <trdgrp lng="ru">
      <trd>&c_a;&c_k;&c_k;&c_r;&c_je;&c_d;&c_i;&c_t;&c_o;&c_v;&c_a;&c_t;&c_mol;</trd>,
      <trd>&c_u;&c_p;&c_o;&c_l;&c_n;&c_o;&c_m;&c_o;&c_ch;&c_i;&c_v;&c_a;&c_t;&c_mol;</trd>
    </trdgrp>
  </snc>
  <snc>
    <fnt><bib>PIV1</bib></fnt>
    <fnt><bib>IKEV</bib></fnt>
    <uzo tip="fak">EKON</uzo>
    <dif>
      Komisii al banko, ke &gcirc;i pagu el la kredito de la <tld/>anto
      difinitajn sumojn &gcirc;is difinita limo al tria persono, la <tld/>ato.
    </dif>
    <trdgrp lng="de">
      <trd>akkreditieren</trd>,
      <trd><klr>ein </klr>Akkreditiv <ind>einr&auml;umen</ind></trd>
    </trdgrp>
  </snc>
  <trd lng="ca">acreditar</trd>
  <trdgrp lng="cs">
    <trd>akreditovat</trd>,
    <trd>ověřit</trd>,
    <trd>vystavit akreditiv</trd>
  </trdgrp>
  <trdgrp lng="sk">
    <trd>splnomocni&tcaron;</trd>,
    <trd>akreditova&tcaron;</trd>
  </trdgrp>
</drv>
</art>
<!--
$Log: akredi.xml,v $
Revision 1.17  2015/07/04 08:37:30  revo
aldono de trd cs per skripto de M. von Laer

Revision 1.16  2012/07/15 11:10:08  revo
Marc Rausell: + trd ca

Revision 1.15  2004/07/29 16:31:25  revo
Dmitri Gabinski: +trd be

Revision 1.14  2003/05/18 17:59:51  revo
Viliam Bur: +trd sk

Revision 1.13  2002/10/01 16:34:16  revo
Christopher Zervic: + ang

Revision 1.12  2002/09/09 19:45:28  revo
Ulrich Fellmann: + 1 plia fontindiko

Revision 1.11  2002/09/07 17:43:52  revo
Ulrich Fellmann: ort kor en germ trd + 2x fontindiko + kor gx en Ea dif

Revision 1.10  2002/09/01 19:10:02  revo
Ulrich Fellmann: + 5 trd de + nova PIVa snc kun fak uzo EKON

Revision 1.9  2002/05/15 16:39:54  revo
-->
</vortaro>
