<?xml version="1.0"?>
<!DOCTYPE vortaro SYSTEM "../dtd/vokoxml.dtd">

<vortaro>
<art mrk="$Id: akreci.xml,v 1.1 2013/12/11 21:10:21 revo Exp $">
<kap>
  <rad>akreci</rad>/o
</kap>
<drv mrk="akreci.0o">
  <kap><tld/>o</kap>
  <snc mrk="akreci.0o.SCI">
    <uzo tip="fak">SCI</uzo>
    <dif>
      <ref tip="vid" cel="amas.0igxo.KOMUNE">Amasi&gcirc;o</ref>,
      densi&gcirc;o de materio &ccirc;e anta&ubreve;ekzista kerno:
      <ekz>
        aperas <tld/>a disko, la substanco de kiu poiomete 
        faladas sur la surfacon de &ccirc;efa stelo
        <fnt>
          <aut>I. L. Andronov</aut>,
          <vrk><url
          ref="http://www.eventoj.hu/steb/astronomio/stelo/stelo.htm">
          La Strukturo de Magnetaj Malvastaj Duoblaj Stelaj
          Sistemoj</url></vrk>,
          <lok>1989</lok>
        </fnt>.
      </ekz>
    </dif>
    <refgrp tip="vid">
      <ref cel="aglome.0o">aglomero</ref>,
    </refgrp>
    <refgrp tip="vid">
      <ref cel="ekskre.0o.FIZL">ekskrecio</ref>,
      <ref cel="sekrec.0o.FIZL">sekrecio</ref>
    </refgrp>
  </snc>
  <trd lng="en">accretion</trd>
  <trd lng="fr">accr&eacute;tion</trd>
</drv>
</art>

<!--
$Log: akreci.xml,v $
Revision 1.1  2013/12/11 21:10:21  revo
Jeromo Vasxe: nova artikolo

-->
</vortaro>