<?xml version="1.0"?>
<!DOCTYPE vortaro SYSTEM "../dtd/vokoxml.dtd">

<vortaro>
<art mrk="$Id: akril.xml,v 1.1 2018/06/12 09:10:13 revo Exp $">
<kap>
  <rad>akril</rad>/o <fnt><bib>PIV1</bib></fnt>
</kap>
<drv mrk="akril.0o">
  <kap><tld/>o</kap>
  <snc mrk="akril.0o.KEM">
    <uzo tip="fak">KEM</uzo>
    <dif>
      <ref tip="super" cel="polimer.0o.substanco">Polimero</ref>
      uzata por plasta&jcirc;oj,
      teksebla fibro, farbo, vitroplasto:
      <ekz>
        la fina parto de la tubeto, kiun oni metas
        en la bu&scirc;on, kutime estas el speciale hardita
        ka&ubreve;&ccirc;uko a&ubreve; nuntempe pli kaj pli el <tld/>o
        <fnt>
          <bib>Viki</bib>
          <lok><url ref="https://eo.wikipedia.org/wiki/Pipo">
          Pipo</url>, 2015-04-12</lok>
        </fnt>.
      </ekz>
    </dif>
  </snc>
  <trd lng="en">acrylic</trd>
  <trd lng="fr">acrylique<klr> (subst.)</klr></trd>
</drv>
</art>

<!--
$Log: akril.xml,v $
Revision 1.1  2018/06/12 09:10:13  revo
Jeromo Vasxe: nova artikolo

-->
</vortaro>