<?xml version="1.0"?>
<!DOCTYPE vortaro SYSTEM "../dtd/vokoxml.dtd">

<vortaro>
<art mrk="$Id: akride.xml,v 1.10 2019/02/27 14:10:19 revo Exp $">
<kap>
  <rad>akrided</rad>/oj
</kap>
<drv mrk="akride.0oj">
  <kap>
    <tld/>oj
  </kap>
  <uzo tip="fak">ZOO</uzo>
  <snc>
    <dif>
      <ref tip="lst" cel="famili.0o.BIO"
      lst="voko:zoologiaj_familioj">Familio</ref> el la ordo de
      <ref tip="malprt" cel="ortopter.0oj">ortopteroj</ref>
      (<trd lng="la">Acrididae</trd>),
      de saltantaj insektoj, kun multegaj specioj:
      <ekz>
        Svainsona buteo <klr>[&#8230;]</klr> ricevas anka&ubreve; la komunajn nomojn de Akrida buteo
        a&ubreve; Lokusta buteo, pro ties emo de <tld lit="A"/>oj (<ref tip="prt" cel="lokust.0o">lokustoj</ref>
        kaj <ref tip="prt" cel="akrid.0o">akridoj</ref>) kaj
        ili voras ege tiujn insektojn kiam disponeblas
        <fnt>
          <bib>Viki</bib>
          <lok><url ref="https://eo.wikipedia.org/?curid=379658"
              >Svainsona buteo</url></lok>
        </fnt>.
      </ekz>
    </dif>
  </snc>
  <trd lng="be">&c_s;&c_a;&c_r;&c_a;&c_n;&c_ch;&c_o;&c_v;&c_y;&c_ja;
  &c_s;&c_a;&c_p;&c_r;&c_a;&c_w;&c_d;&c_n;&c_y;&c_ja; <klr
  tip="amb">(&c_s;&c_ja;&c_m;'&c_ja;)</klr></trd>
  <trd lng="de">Feldheuschrecken</trd>
  <trd lng="en">Acrididae</trd>
  <trd lng="fr">acridiens</trd>
  <trd lng="hu">s&aacute;skaf&eacute;l&eacute;k</trd>
  <trd lng="pl">szara&nacute;czowate</trd>
  <trd lng="ru">&c_n;&c_a;&c_s;&c_t;&c_o;&c_ja;&c_shch;&c_i;&c_je;
  <ind>&c_s;&c_a;&c_r;&c_a;&c_n;&c_ch;&c_o;&c_v;&c_y;&c_je;</ind> <klr
  tip="amb">(&c_s;&c_je;&c_m;&c_je;&c_j;&c_s;&c_t;&c_v;&c_o;)</klr></trd>
  <trd lng="sv">markgr&auml;shoppor</trd>
</drv>
</art>
<!--
$Log: akride.xml,v $
Revision 1.10  2019/02/27 14:10:19  revo
Wolfram Diestel: +ekz

Revision 1.9  2013/08/31 16:10:20  revo
Wolfram Diestel: referenco al listo zoo familioj

Revision 1.8  2009/07/17 16:31:09  revo
Sebastian Cyprych: +trd pl

Revision 1.7  2008/11/24 17:30:46  revo
Jerano Zachrisson: +trd sv

Revision 1.6  2004/09/06 16:35:21  revo
Dmitri Gabinski: +trd be

Revision 1.5  2002/10/01 16:34:18  revo
Christopher Zervic: + ang

Revision 1.4  2001/11/21 17:35:56  revo
Yury Finkel: kor trd ru

Revision 1.3  2001/11/16 19:13:37  revo
-->
</vortaro>
