<?xml version="1.0"?>
<!DOCTYPE vortaro SYSTEM "../dtd/vokoxml.dtd">

<vortaro>
<art mrk="$Id: akribi.xml,v 1.1 2013/10/31 02:10:26 revo Exp $">
<kap>
  <rad>akribi</rad>/o <fnt><bib>NeoGlo</bib></fnt>
</kap>
<drv mrk="akribi.0o">
  <kap><tld/>o</kap>
  <uzo tip="stl">RAR</uzo>
  <snc mrk="akribi.0o.KOMUNE">
    <ref tip="dif" cel="pedant.0eco">pedanteco</ref>
    <ekz>
      mi ja estis <tld/>a leganto de Revuo Esperanto anta&ubreve;e
      <fnt>
       <aut>G. Mickle</aut>,
       <vrk>en: <url ref="http://www.ipernity.com/blog/87320/396004">
       Lapenna kaj la sekvoj</url></vrk>,
       <lok>2012</lok>
      </fnt>.
    </ekz>
  </snc>
  <trdgrp lng="fr">
    <trd>acribie</trd>,
    <trd>m&eacute;ticulosit&eacute;</trd>
  </trdgrp>
</drv>
</art>

<!--
$Log: akribi.xml,v $
Revision 1.1  2013/10/31 02:10:26  revo
Jeromo Vasxe: nova artikolo

-->
</vortaro>