<?xml version="1.0"?>
<!DOCTYPE vortaro SYSTEM "../dtd/vokoxml.dtd">

<vortaro>
<art mrk="$Id: akroma.xml,v 1.16 2018/09/14 18:10:15 revo Exp $">
<kap><rad>akromat</rad>/a</kap>
<drv mrk="akroma.0a">
  <kap><tld/>a</kap>
  <uzo tip="fak">FOT</uzo>
  <snc>
    <dif>
      Senigita je la <ref cel="aberac.0o">aberacio</ref>, kiun ka&ubreve;zas la
      kolora <ref cel="disper.0o">disperso</ref>:
      <ekz>
        la invento de la <tld/>a lenso en 1733 parte korektis kolorajn
        aberaciojn esence proprajn al simpla lenso kaj ebligis konstrui 
        malpli longajn, pli kapablajn refraktajn teleskopojn
        <fnt>
          <bib>Viki</bib>
          <lok><url ref="https://eo.wikipedia.org/?curid=18578">Teleskopo</url></lok>
        </fnt>;
      </ekz>
      <ekz>
        <tld/>a lenso <klr>[&#8230;]</klr> konsistas el kungluitaj lensoj, 
        la unua el ili estas disiga kaj farita el
        <ref tip="prt" cel="flint.0o">flinto</ref>, la dua estas
        kuniga kaj farita el kra&ubreve;no
        <fnt>
          <bib>Viki</bib>
          <lok><url ref="https://eo.wikipedia.org/?curid=51927">Akromata lenso</url></lok>
        </fnt>.
      </ekz>
    </dif>
  </snc>
  <trd lng="be">&c_a;&c_h;&c_r;&c_a;&c_m;&c_a;&c_t;&c_y;&c_ch;&c_n;&c_y;</trd>
  <trd lng="bg">&c_a;&c_h;&c_r;&c_o;&c_m;&c_a;&c_t;&c_i;&c_ch;&c_je;&c_n;</trd>
  <trd lng="cs">achromatick&yacute;</trd>
  <trd lng="da">akromatisk</trd>
  <trd lng="de">achromatisch</trd>
  <trd lng="en">achromatic</trd>
  <trd lng="es">acrom&aacute;tico</trd>
  <trd lng="fr">achromatique</trd>
  <trd lng="hu">akromatikus</trd>
  <trd lng="it">acromatico</trd>
  <trd lng="nl">achromatisch</trd>
  <trd lng="pl">achromatyczny</trd>
  <trd lng="pt">acrom&aacute;tico</trd>
  <trd lng="ru">&c_a;&c_h;&c_r;&c_o;&c_m;&c_a;&c_t;&c_i;&c_ch;&c_je;&c_s;&c_k;&c_i;&c_j;</trd>
  <trd lng="sk">achromatick&yacute;</trd>
  <trd lng="sv">akromatisk</trd>
</drv>
</art>
<!--
$Log: akroma.xml,v $
Revision 1.16  2018/09/14 18:10:15  revo
Wolfram Diestel: +ekz-oj

Revision 1.15  2016/10/11 06:10:15  revo
Sebastian Cyprych: +trd pl

Revision 1.14  2013/08/19 15:10:15  revo
Joop Eggen: +trd bg

Revision 1.13  2005/04/07 16:34:20  revo
Jozefo Horvath: +trd hu

Revision 1.12  2003/10/30 17:31:27  revo
Dmitri Gabinski: +trd be

Revision 1.11  2003/05/18 17:59:57  revo
Viliam Bur: +trd sk

Revision 1.10  2003/05/07 16:31:03  revo
Paul Peeraerts: ald trd nl + belarangho

Revision 1.9 2002/05/14 16:33:40 revo
-->
</vortaro>
