<?xml version="1.0"?>
<!DOCTYPE vortaro SYSTEM "../dtd/vokoxml.dtd">

<vortaro>
<art mrk="$Id: akronicx.xml,v 1.2 2013/08/29 09:10:23 revo Exp $">
<kap>
  <rad>akroni&ccirc;</rad>/o
</kap>
<drv mrk="akronicx.0o">
  <kap><tld/>o</kap>
  <snc>
  <uzo tip="fak">BOT</uzo>
    <dif>
      <ref tip="lst" cel="genr.0o.BIO"
      lst="voko:botanikaj_genroj">Genro</ref> de arbustoj el familio
      <ref tip="malprt" cel="rutac.0oj">rutacoj</ref>
      (<trd lng="la">Acronychia</trd>):
      <ekz>
        incensa&jcirc;oj <klr>...</klr> santalaj, rutaj, <tld/>aj
        <fnt><bib>RugxDom</bib> <lok>&ccirc;apitro 43a, p. 34a</lok></fnt>.
      </ekz>
    </dif>
  </snc>
  <trdgrp lng="en">
    <trd>acronychia</trd>,
    <trd>yellow-wood</trd>
  </trdgrp>
  <trd lng="fr">acronychie</trd>
</drv>
</art>

<!--
$Log: akronicx.xml,v $
Revision 1.2  2013/08/29 09:10:23  revo
Wolfram Diestel: referenco al listo bot genroj

Revision 1.1  2004/01/19 17:31:25  revo
Jeromo Vasxe: nova artikolo

-->
</vortaro>
