<?xml version="1.0"?>
<!DOCTYPE vortaro SYSTEM "../dtd/vokoxml.dtd">

<vortaro>
<art mrk="$Id: akropol.xml,v 1.10 2015/07/04 08:37:30 revo Exp $">
<kap>
  <rad>akropol</rad>/o <fnt><bib>PIV1</bib></fnt>
</kap>

<drv mrk="akropol.0o">
  <kap><tld/>o</kap>
  <snc mrk="akropol.0o.ARKI">
    <uzo tip="fak">ARKI</uzo>
    <dif>
      Pli alta, fortika parto de antikvaj mediteraneaj kaj okcidentaziaj
      <ref tip="malprt" cel="urb.0o.ARKI">urboj</ref>, kun sanktejoj:
      <ekz>
        tiu estis popolo, kiu vere kapablis krei la <tld lit="A"/>on
        <fnt><bib>SatirRak</bib>, <lok>Logos</lok></fnt>.
      </ekz>
    </dif>
  </snc>
  <trd lng="be">&c_a;&c_k;&c_r;&c_o;&c_p;&c_a;&c_l;&c_mol;</trd>
  <trd lng="ca">acr&ograve;poli</trd>
  <trdgrp lng="cs">
    <trd>akropole</trd>,
    <trd>akropolis</trd>,
    <trd>posvátný vrch</trd>
  </trdgrp>
  <trd lng="de">Akropolis</trd>
  <trd lng="es">acr&oacute;polis</trd>
  <trd lng="fr">acropole</trd>
  <trd lng="hu">akropolisz</trd>
  <trd lng="nl">acropolis</trd>
  <trdgrp lng="pt">
   <trd>acr&oacute;pole</trd>
  </trdgrp>
  <trd lng="ru">&c_a;&c_k;&c_r;&c_o;&c_p;&c_o;&c_l;&c_mol;</trd>
  <trd lng="sk">akropola</trd>
</drv>
</art>

<!--
$Log: akropol.xml,v $
Revision 1.10  2015/07/04 08:37:30  revo
aldono de trd cs per skripto de M. von Laer

Revision 1.9  2015/06/28 12:03:35  revo
aldono de trd sk per skripto de M. von Laer

Revision 1.8  2009/08/13 16:30:53  revo
Paul Peeraerts: +trd nl

Revision 1.7  2007/02/07 17:30:39  revo
Jozefo Horvath: +trd hu

Revision 1.6  2006/10/23 16:30:26  revo
Wieland Pusch: +trd de

Revision 1.5  2006/02/08 17:31:12  revo
Tulio Flores: +trd pt

Revision 1.4  2005/04/29 16:31:58  revo
Yury Finkel: +trd ru

Revision 1.3  2005/04/04 16:33:10  revo
Raul Salinas Monteagudo: +trd ca,es

Revision 1.2  2005/03/09 18:18:40  revo
Dmitri Gabinski: +trd be

Revision 1.1  2004/09/01 16:31:57  revo
-->
</vortaro>
