<?xml version="1.0"?>
<!DOCTYPE vortaro SYSTEM "../dtd/vokoxml.dtd">

<vortaro>
<art mrk="$Id: akrostihx.xml,v 1.6 2011/06/22 19:10:09 revo Exp $">
<kap><rad>akrosti&hcirc;</rad>/o</kap>
<drv mrk="akrostihx.0o">
  <kap><tld/>o</kap>
  <uzo tip="fak">POE</uzo>
  <snc>
    <dif>
      Tia versa&jcirc;o, ke la komencaj literoj de la verslinioj
      a&ubreve; strofoj formas vorton a&ubreve; frazon:
      <ekz>
	<klr>[la nederlanda nacia himno]</klr> konsistas
	el 15 strofoj kiuj formas <tld/>on: la unuaj literoj
	de la strofoj formas la nomon
	<ctl>Willem van Nassov</ctl>
	<fnt><bib>Viki</bib>,
	<lok><url ref="http://eo.wikipedia.org/wiki/Wilhelmus"
	>Wilhelmus</url></lok>
	</fnt>
      </ekz>
    </dif>
  </snc>
  <trd lng="ca">acr&ograve;stic</trd>
  <trd lng="en">acrostic</trd>
  <trd lng="es">acr&oacute;stico</trd>
  <trd lng="fr">acrostiche</trd>
  <trd lng="pl">akrostych</trd>
  <trdgrp lng="pt">
    <trd>acr&oacute;stico</trd>
  </trdgrp>
  <trd lng="ru">&c_a;&c_k;&c_r;&c_o;&c_s;&c_t;&c_i;&c_h;</trd>
</drv>
</art>
<!--
$Log: akrostihx.xml,v $
Revision 1.6  2011/06/22 19:10:09  revo
Dominique Pelle: Korektis ripetitan vorton "de de".

Revision 1.5  2008/11/07 17:31:13  revo
Marc Bavant: +uzo POE, mod ekz, +trd fr, kor ref cel al fnt

Revision 1.4  2006/07/05 18:36:53  revo
Raul Salinas Monteagudo: sen-utf8-igita
Revision 1.3  2006/06/25 16:32:24  revo
Raul Salinas Monteagudo: +trd ca,es
Revision 1.2  2006/02/08 17:31:36  revo
Tulio Flores: +trd pt
Revision 1.1  2005/07/27 16:31:56  revo
Sergio Pokrovskij: nova artikolo
-->
</vortaro>
