<?xml version="1.0"?>
<!DOCTYPE vortaro SYSTEM "../dtd/vokoxml.dtd">

<vortaro>
<art mrk="$Id: aksel.xml,v 1.32 2018/08/20 17:10:19 revo Exp $">
<kap>
  <ofc>4</ofc>
  <rad>aksel</rad>/o
  <fnt><bib>MT</bib></fnt>
</kap>
<drv mrk="aksel.0o">
  <kap><tld/>o</kap>
  <snc mrk="aksel.0o.ANA">
    <uzo tip="fak">ANA</uzo>
    <dif>
      <ref tip="dif" cel="brak.sub0o">Subbrako</ref>, la kavo sub la &scirc;ultra artiko:
      <ekz>
        metu la eluzitajn &ccirc;ifonojn sub viajn <tld/>ojn
        <fnt>
          <bib>MT</bib>
          <lok>Jeremia 38:12</lok>
        </fnt>;
      </ekz>
      <ekz>
        ne facilas trovi tiajn filmojn, &ccirc;ar nur el sub la <tld/>oj de surstrata vendisto ili akireblas
        <fnt>
          <bib>Monato</bib>
          <aut>Fidilalao Henriel</aut>
          <vrk><url ref="http://www.monato.net/2006/008921.php">Kontra&ubreve;le&gcirc;a kopiado</url></vrk>
        </fnt>;
      </ekz>
      <ekz>
        eta parto (2&nbsp;%) de la e&ubreve;ropanoj havas <tld/>ojn, kiuj ne stinkas
        <fnt>
          <bib>Monato</bib>
          <aut>Roberto Pigro</aut>
          <vrk><url ref="http://www.monato.net/2014/011217.php">Nekovrilaj malkovroj</url></vrk>
        </fnt>.
      </ekz>
    </dif>
    <trd lng="be">&c_p;&c_a;&c_d;&c_p;&c_a;&c_h;&c_a;</trd>
    <trd lng="bg">&c_p;&c_o;&c_d;&c_m;&c_i;&c_sh;&c_n;&c_i;&c_c;&c_a;</trd>
    <trd lng="br">kazel</trd>
    <trd lng="ca">aixella</trd>
    <trd lng="de">Achselh&ouml;hle</trd>
    <trdgrp lng="en">
      <trd>armpit</trd>,
      <trd>underarm</trd>
    </trdgrp>
    <trd lng="fr">aisselle</trd>
    <trd lng="fy">earmholte</trd>
    <trd lng="he">&bet;&yod;&tav; &he;&shin;&het;&yod;</trd>
    <trd lng="hu">h&oacute;nalj</trd>
    <trd lng="io">axelo</trd>
    <trd lng="iu">&#5125;&#5314;&#5509;</trd>
    <trd lng="nl">oksel</trd>
    <trd lng="pl">pacha</trd>
    <trd lng="ro">subsuoar&abreve;</trd>
    <trd lng="ru">&c_p;&c_o;&c_d;&c_m;&c_y;&c_sh;&c_k;&c_a;</trd>
    <trd lng="sv">armh&aring;la</trd>
  </snc>
  <snc mrk="aksel.0o.BOT">
    <uzo tip="fak">BOT</uzo>
    <dif>
      La angula loko, kie bran&ccirc;o elkreskas:
      <ekz>
        la tigo havas multajn <tld/>ojn, el &ccirc;iu <tld/>o kreskas unu folio
        <fnt>
          <bib>Viki</bib>
          <lok><url ref="https://eo.wikipedia.org/?curid=16566">Maizo</url></lok>
        </fnt>.
      </ekz>
    </dif>
    <trdgrp lng="de">
      <trd>Blattachsel</trd>
    </trdgrp>
    <trd lng="en">crotch (of a tree)</trd>
  </snc>
  <trdgrp lng="cs">
    <trd>podpa&zcaron;d&iacute;</trd>,
    <trd>podpa&zcaron;&iacute;</trd>
  </trdgrp>
  <trd lng="de">Achsel</trd>
  <trd lng="es">axila</trd>
  <trd lng="id">ketiak</trd>
  <trd lng="it">ascella</trd>
  <trdgrp lng="pt">
    <trd>axila</trd>,
    <trd>sovaco</trd>
  </trdgrp>
  <trd lng="sk">pazucha <klr>(aj bot.)</klr></trd>
</drv>
</art>
<!--
$Log: aksel.xml,v $
Revision 1.32  2018/08/20 17:10:19  revo
Wolfram Diestel: +fnt, ekz, ref, BOT, snc-mrk, prilaboris dif

Revision 1.31  2017/11/28 01:10:21  revo
Vito Redsky: +trd ro

Revision 1.30  2017/05/16 23:10:16  revo
Robin van der Vliet: +trd

Revision 1.29  2015/07/04 08:37:30  revo
aldono de trd cs per skripto de M. von Laer

Revision 1.28  2015/06/28 12:03:35  revo
aldono de trd sk per skripto de M. von Laer

Revision 1.27  2015/01/29 04:10:34  revo
Eko Nur Syah Hidayat: +trd id

Revision 1.26  2014/12/30 08:10:23  revo
Joop Eggen: +trd bg

Revision 1.25  2010/11/04 17:31:24  revo
-->
</vortaro>
