<?xml version="1.0"?>
<!DOCTYPE vortaro SYSTEM "../dtd/vokoxml.dtd">

<vortaro>
<art mrk="$Id: aksiom.xml,v 1.29 2015/07/04 08:37:30 revo Exp $">
<kap>
  <ofc>1</ofc>
  <rad>aksiom</rad>/o
</kap>
<drv mrk="aksiom.0o">
  <kap><tld/>o</kap>
  <snc mrk="aksiom.0o.FIL">
    <uzo tip="fak">FIL</uzo>
    <dif>
      Aserto nedemonstrita, sed evidenta per si mem.
    </dif>
    <refgrp tip="vid">
      <ref cel="postul1.0o.FIL">postulato</ref>,
      <ref cel="dogm.0o.REL">dogmo</ref>.
    </refgrp>
    <trd lng="de">unbewiesene <ind>Behauptung</ind></trd>
    <trd lng="pl">aksjomat</trd>
  </snc>
  <snc mrk="aksiom.0o.MAT">
    <uzo tip="fak">MAT</uzo>
    <fnt><bib>MatTerm</bib><lok>p. 6</lok></fnt>
    <dif>
      Aserto nedemonstrita, sed akceptata kiel bazo por
      konstrui teorion per rezonado:
      <ekz>
        <tld/>o pri apartigeco <klr>(la karakteriza eco de
        <ref cel="apart.0iga.topologio">apartiga</ref> spaco)</klr>;
      </ekz>
      <ekz>
        la <ind><tld/>aro</ind> de arteorio;
        <trd lng="ca">conjunt d'axiomes</trd>
        <trdgrp lng="de">
          <trd>Axiomensystem</trd>
        </trdgrp>
        <trdgrp lng="en">
          <trd>axiomatic <ind>system</ind></trd>,
          <trd>axiom <ind>system</ind></trd>
        </trdgrp>
        <trdgrp lng="fr">
          <trd>axiomatique<klr tip="ind"> (subst.)</klr></trd>,
          <trd>syst&egrave;me d'axiomes</trd>
        </trdgrp>
        <trdgrp lng="pl">
          <trd>aksjomatyka</trd>,
          <trd>uk&lstroke;ad aksjomat&oacute;w</trd>
        </trdgrp>
        <trdgrp lng="ru">
          <trd>&c_s;&c_i;&c_s;&c_t;&c_je;&c_m;&c_a;
          &c_a;&c_k;&c_s;&c_i;&c_o;&c_m;</trd>
        </trdgrp>
      </ekz>
      <ekz>
        <tld/>aro devas esti nedependa <klr>(neniu <tld/>o rajtas esti
        logika
        konsekvenco de aliaj <tld/>oj)</klr> kaj ne kontra&ubreve;dira
        <klr>(du malsamaj konsekvencoj de la <tld/>oj ne rajtas esti
        inter si
        kontra&ubreve;diraj)</klr>.
      </ekz>
    </dif>
    <refgrp tip="vid">
      <ref cel="konjek.0o.MAT">konjekto</ref>,
      <ref cel="postul1.0o.MAT">postulato</ref>,
      <ref cel="teorem.0o">teoremo</ref>.
    </refgrp>
    <trd lng="de">Axiom</trd>
    <trdgrp lng="pl">
      <trd>aksjomat</trd>,
      <trd>pewnik</trd>
    </trdgrp>
  </snc>
  <snc mrk="aksiom.0o.KOMUNE">
    <uzo tip="stl">FIG</uzo>
    <dif>
      &Gcirc;enerale akceptata aserto.
    </dif>
    <refgrp tip="vid">
      <ref cel="maksim.0o">maksimo</ref>,
      <ref cel="princi.0o">principo</ref>,
      <ref cel="senten.0o">sentenco</ref>.
    </refgrp>
    <trdgrp lng="de">
      <trd>Annahme</trd>,
      <trd>allgemein anerkannte <ind>Tatsache</ind></trd>
    </trdgrp>
    <trd lng="pl">pewnik</trd>
  </snc>
  <trd lng="be">&c_a;&c_k;&c_s;&c_y;&c_jo;&c_m;&c_a;</trd>
  <trd lng="bg">&c_a;&c_k;&c_s;&c_i;&c_o;&c_m;&c_a;</trd>
  <trd lng="ca">axioma</trd>
  <trdgrp lng="cs">
    <trd>axiom</trd>,
    <trd>axioma</trd>,
    <trd>nepochybný předpoklad</trd>
  </trdgrp>
  <trd lng="de">Axiom</trd>
  <trd lng="en">axiom</trd>
  <trd lng="es">axioma</trd>
  <trdgrp lng="fa">
    <trd>&a_A;&a_S;&a_l; &a_m;&a_w;&a_D;&a_w;&a_ayn;</trd>,
    <trd>&a_b;&a_damma;&a_n;&a_d;&a_A;&a_sh;&a_t;</trd>
  </trdgrp>
  <trd lng="fr">axiome</trd>
  <trd lng="it">assioma</trd>
  <trd lng="mk">&c_a;&c_k;&c_s;&c_i;&c_o;&c_m;&c_a;</trd>
  <trd lng="nl">axioma</trd>
  <trd lng="pt">axioma</trd>
  <trd lng="ru">&c_a;&c_k;&c_s;&c_i;&c_o;&c_m;&c_a;</trd>
  <trdgrp lng="sk">
    <trd>axi&oacute;ma</trd>,
    <trd>axióma</trd>,
    <trd>evidentná pravda</trd>,
    <trd>predpoklad</trd>
  </trdgrp>
  <trd lng="sv">axiom</trd>
  <trd lng="uk">&c_a;&c_k;&c_s;&c_ib;&c_o;&c_m;&c_a;</trd>
</drv>
<adm>
  Kiel oni diras "provizi per ~aro" ? <aut>MB</aut>
</adm>
</art>
<!--
$Log: aksiom.xml,v $
Revision 1.29  2015/07/04 08:37:30  revo
aldono de trd cs per skripto de M. von Laer

Revision 1.28  2015/06/28 12:03:35  revo
aldono de trd sk per skripto de M. von Laer

Revision 1.27  2015/05/22 15:10:15  revo
Joop Eggen: +trd bg k.a.

Revision 1.26  2012/01/03 23:10:34  revo
Marc Rausell: +trd ca

Revision 1.25  2010/04/30 12:25:22  revo
Antonio Codazzi: +trd it

Revision 1.24  2009/08/25 16:32:43  revo
Behnam Tabatabai: +trd fa

Revision 1.23  2009/07/03 16:31:20  revo
Sebastian Cyprych: +trd pl

Revision 1.22  2003/10/30 17:31:30  revo
Dmitri Gabinski: +trd be

Revision 1.21  2003/02/24 17:32:29  revo
Marc Bavant: ~o MAT: kor trd de

Revision 1.20  2003/02/16 17:31:56  revo
-->
</vortaro>
