<?xml version="1.0"?>
<!DOCTYPE vortaro SYSTEM "../dtd/vokoxml.dtd">

<vortaro>
<art mrk="$Id: akson.xml,v 1.4 2015/07/04 08:37:30 revo Exp $">
<kap>
  <rad>akson</rad>/o <fnt><bib>PIV1</bib></fnt>
</kap>
<drv mrk="akson.0o">
  <kap><tld/>o</kap>
  <snc mrk="akson.0o.FIZL">
    <uzo tip="fak">FIZL</uzo>
    <dif>
      Longa filamento, kiu ligas la kernon de ne&ubreve;rono kun sinapso:
      <ekz>
        la t.n. materio blanka, siavice, konsistas el filamentoj 
        maldikaj, la <tld/>oj
        <fnt>
          <aut>&Gcirc;angalo</aut>,
          <vrk><url
          ref="http://gxangalo.com/modules/news/article.php?storyid=1995">
          Lerni duan lingvon...</url></vrk>,
          <lok>2005-07-03</lok>
        </fnt>;
      </ekz>
      <ekz>
        la cerbaj ne&ubreve;ronoj sendas a&ubreve; ne, signalon la&ubreve; la <tld/>oj
        <fnt>
          <aut>R. G&eacute;rard</aut>,
          <vrk><url
          ref="http://users.pandora.be/raymond.gerard/esperanto/OOLingvo.html">
          &Ccirc;u lingvo estas nura komunikilo...</url></vrk>,
          <lok>2006-08</lok>
        </fnt>.
      </ekz>
    </dif>
  </snc>
  <trd lng="bg">&c_a;&c_k;&c_s;&c_o;&c_n;</trd>
  <trd lng="cs">axon</trd>
  <trd lng="de">Axon</trd>
  <trd lng="en">axon</trd>
  <trd lng="fa">&a_A_madda;&a_s;&a_h;</trd>
  <trd lng="fr">axone</trd>
  <trdgrp lng="it">
    <trd>assone</trd>,
    <trd>cilindrasse</trd>
  </trdgrp>
  <trd lng="nl">axon</trd>
  <trd lng="ru">&c_a;&c_k;&c_s;&c_o;&c_n;</trd>
  <trd lng="sk">axon</trd>
  <trd lng="uk">&c_a;&c_k;&c_s;&c_o;&c_n;</trd>
</drv>
</art>

<!--
$Log: akson.xml,v $
Revision 1.4  2015/07/04 08:37:30  revo
aldono de trd cs per skripto de M. von Laer

Revision 1.3  2015/06/28 12:03:35  revo
aldono de trd sk per skripto de M. von Laer

Revision 1.2  2015/06/23 15:10:15  revo
Joop Eggen: +trd bg nl k.a.

Revision 1.1  2007/03/01 17:30:28  revo
Jeromo Vasxe: nova artikolo

-->
</vortaro>
