<?xml version="1.0"?>
<!DOCTYPE vortaro SYSTEM "../dtd/vokoxml.dtd">

<vortaro>
<art mrk="$Id: aksolot.xml,v 1.2 2017/11/11 21:10:14 revo Exp $">
<kap>
    <rad>aksolotl</rad>/o
</kap>
<drv mrk="aksolot.0o">
  <kap><tld/>o</kap>
  <snc mrk="aksolot.0o.ZOO">
    <uzo tip="fak">ZOO</uzo>
    <dif>
      Krize endan&gcirc;erigita neotena <ref tip="super"
      cel="salama.0o">salamandro</ref>, trovebla en Meksiko:
      <ekz>
        li estis solsola en fako de salamandroj, kie estis ekspoziciata
        Gigantsalamandro Japana, amerika helbendro, Andrias Scheuchzeri
        kaj multo da etaj tritonoj, trituroj, <tld/>oj, amblistomoj,
        macaratoj, ripsalamandroj kaj branksalamandroj
        <fnt>
          <bib>Salamandroj</bib>
        </fnt>.
      </ekz>
    </dif>
  </snc>
  <trd lng="de">Axolotl</trd>
  <trd lng="en">axolotl</trd>
  <trd lng="es">ajolote</trd>
  <trd lng="fi">aksolotli</trd>
  <trd lng="fr">axolotl</trd>
  <trd lng="io">axoloto</trd>
  <trd lng="it">assolotto</trd>
  <trd lng="nl">axolotl</trd>
  <trd lng="pl">aksolotl</trd>
  <trd lng="ru">&c_a;&c_k;&c_s;&c_o;&c_l;&c_o;&c_t;&c_l;&c_mol;</trd>
</drv>
</art>

<!--
$Log: aksolot.xml,v $
Revision 1.2  2017/11/11 21:10:14  revo
Robin van der Vliet: tajperaro, mankis l

Revision 1.1  2017/11/11 20:10:13  revo
Robin van der Vliet: nova artikolo

-->
</vortaro>
