<?xml version="1.0"?>
<!DOCTYPE vortaro SYSTEM "../dtd/vokoxml.dtd">

<vortaro>
<art mrk="$Id: aktini.xml,v 1.27 2018/02/14 16:10:14 revo Exp $">
<kap>
  <rad>aktini</rad>/o <fnt><bib>PIV1</bib></fnt>
</kap>

<drv mrk="aktini.0o">
  <kap><tld/>o</kap>
  <snc mrk="aktini.0o.ZOO">
    <uzo tip="fak">ZOO</uzo>
    <ref tip="dif" cel="anemon.mar0oj.ZOO">maranemono</ref>
    <ekz>
      mi iaokaze babilis pri la nutrado de malgrandaj
      animaloj en maro, kaj rekomendis al mia studento,
      s-ro Ida, provi nutradon de <tld/>oj
      <fnt>
        <aut>&Scirc;. Hori</aut>
        <vrk><url
        ref="http://www.eventoj.hu/steb/biologio/la-volvotigo-de-amikeco.pdf">
        La Volvotigo de Amikeco</url></vrk>
        <lok>1965</lok>
      </fnt>.
    </ekz>
    <trdgrp lng="bg">
      <trd>&c_a;&c_k;&c_t;&c_i;&c_n;&c_i;&c_ja;</trd>,
      <trd>&c_m;&c_o;&c_r;&c_s;&c_k;&c_a; &c_r;&c_o;&c_z;&c_a;</trd>
    </trdgrp>
    <trd lng="cs">mo&rcaron;sk&eacute; sasanky</trd>
    <trd lng="de">Seeanemone</trd>
    <trdgrp lng="en">
      <trd>actinia</trd>,
      <trd>sea anemone</trd>
    </trdgrp>
    <trdgrp lng="fr">
      <trd>actinie</trd>,
      <trd>an&eacute;mone de mer</trd>
    </trdgrp>
    <trd lng="pl">ukwia&lstroke;</trd>
    <trdgrp lng="ru">
      <trd>&c_a;&c_k;&c_t;&c_i;&c_n;&c_i;&c_ja;</trd>,
      <trd>&c_m;&c_o;&c_r;&c_s;&c_k;&c_o;&c_j; &c_a;&c_n;&c_je;&c_m;&c_o;&c_n;</trd>
    </trdgrp>
    <trd lng="sk">morsk&eacute; sasanky</trd>
  </snc>                         
  <snc mrk="aktini.0o.KEM">
    <uzo tip="fak">KEM</uzo>
    <ref tip="dif" cel="aktinium.0o">aktiniumo</ref>
    <trd lng="be">&c_a;&c_k;&c_t;&c_y;&c_n;&c_ib;&c_j;</trd>
    <trd lng="bg">&c_a;&c_k;&c_t;&c_i;&c_n;&c_i;&c_j;</trd>
    <trd lng="br">aktiniom</trd>
    <trd lng="ca">actini</trd>
    <trd lng="cs">aktinium</trd>
    <trd lng="de">Actinium</trd>
    <trd lng="en">actinium</trd>
    <trdgrp lng="es">
      <trd>actinia</trd>,
      <trd>an&eacute;mona<klr tip="amb"> (de mar)</klr></trd>
    </trdgrp>
    <trd lng="fr">actinium</trd>
    <trd lng="id">aktinium</trd>
    <trd lng="it">attinio</trd>
    <trd lng="la">Actium</trd>
    <trd lng="nl">actinium</trd>
    <trd lng="pl">aktyn</trd>
    <trd lng="pt">act&iacute;nio</trd>
    <trd lng="sk">akt&iacute;nium</trd>
    <trd lng="sv">aktinium</trd>
  </snc>
</drv>
</art>

<!--
$Log: aktini.xml,v $
Revision 1.27  2018/02/14 16:10:14  revo
Jeromo Vasxe: nova ekz

Revision 1.26  2016/09/28 20:10:30  revo
Sebastian Cyprych: +trd pl

Revision 1.25  2016/04/11 19:10:17  revo
Agustin Garcia Lopez: +trd(es)

Revision 1.24  2015/10/29 13:10:20  revo
Cindy Moon McKee: +trd en

Revision 1.23  2015/07/04 08:37:30  revo
aldono de trd cs per skripto de M. von Laer

Revision 1.22  2015/06/29 16:39:29  revo
aldono de trd sk per skripto de M. von Laer

Revision 1.21  2015/06/28 12:03:35  revo
aldono de trd sk per skripto de M. von Laer

Revision 1.20  2014/06/07 03:10:24  revo
-->
</vortaro>
