<?xml version="1.0"?>
<!DOCTYPE vortaro SYSTEM "../dtd/vokoxml.dtd">

<vortaro>
<art mrk="$Id: aktinium.xml,v 1.9 2019/02/11 07:10:16 revo Exp $">
<kap>
  <rad>aktinium</rad>/o,
  <var><kap><rad>aktini</rad>/o</kap></var>
</kap>
<drv mrk="aktinium.0o">
  <kap><tld/>o,
    <var><kap>aktinio</kap></var>
  </kap>
  <mlg kod="IUPAC">Ac</mlg>
  <uzo tip="fak">KEM</uzo>
  <snc>
    <dif>
      &Hcirc;emia <ref tip="lst" cel="elemen.0o.KEM"
      lst="voko:&hcirc;emiaj_elementoj" val="89">elemento</ref> kun
      atomnumero 89, atompezo 227,0278, kies &ccirc;iuj
      <ref tip="super" cel="izotop.0o">izotopoj</ref> 
      estas radioaktivaj:
      <ekz>
        aktinio <klr>[&#8230;]</klr> estas rara tero kaj la unua elemento en la aktinoida
        serio, aktinio estas ar&gcirc;ent-kolora radioaktiva metalo, kiu lumetas blue
        <fnt>
          <bib>Viki</bib>
          <lok><url ref="https://eo.wikipedia.org/?curid=28702"
              >Aktinio</url></lok>
        </fnt>.
      </ekz>
    </dif>
  </snc>                         
  <trd lng="be">&c_a;&c_k;&c_t;&c_y;&c_n;&c_ib;&c_j;</trd>
  <trd lng="bg">&c_a;&c_k;&c_t;&c_i;&c_n;&c_i;&c_j;</trd>
  <trd lng="br">aktiniom</trd>
  <trd lng="ca">actini</trd>
  <trd lng="de">Actinium</trd>
  <trd lng="en">actinium</trd>
  <trd lng="es">actinio</trd>
  <trd lng="fr">actinium</trd>
  <trd lng="id">aktinium</trd>
  <trd lng="it">attinio</trd>
  <trd lng="la">Actinium</trd>
  <trd lng="nl">actinium</trd>
  <trd lng="pl">aktyn</trd>
  <trd lng="pt">act&iacute;nio</trd>
  <trd lng="ru">&c_a;&c_k;&c_t;&c_i;&c_n;&c_i;&c_j;</trd>
  <trd lng="sk">akt&iacute;nium</trd>
  <trd lng="sv">aktinium</trd>
</drv>
</art>

  <!--
  $Log: aktinium.xml,v $
  Revision 1.9  2019/02/11 07:10:16  revo
  Wolfram Diestel: +var, +ekz

  Revision 1.8  2014/06/07 03:10:25  revo
  Eko Nur Syah Hidayat: +id

  Revision 1.7  2014/02/03 10:10:14  revo
  Joop Eggen: +trd bg

  Revision 1.6  2013/09/17 19:10:42  revo
  Wolfram Diestel: val

  Revision 1.5  2013/09/15 15:10:29  revo
  Wolfram Diestel: simb. laux IUPAC

  Revision 1.4  2013/08/24 20:10:29  revo
  Wolfram Diestel: referenco al listo elementoj

  Revision 1.3  2008/11/24 17:30:47  revo
  Jerano Zachrisson: +trd sv

  Revision 1.2  2007/03/09 17:30:24  revo
  Sergio Pokrovskij: kor trd=la

  Revision 1.1  2007/03/06 17:31:27  revo
  Sergio Pokrovskij: nova artikolo

  -->
</vortaro>
