<?xml version="1.0"?>
<!DOCTYPE vortaro SYSTEM "../dtd/vokoxml.dtd">

<vortaro>
<art mrk="$Id: aktin.xml,v 1.3 2015/07/04 08:37:30 revo Exp $">
<kap>
  <rad>aktin</rad>/o <fnt><bib>PIV2</bib></fnt>
</kap>
<drv mrk="aktin.0o">
  <kap><tld/>o</kap>
  <snc mrk="aktin.0o.FILZ">
    <uzo tip="fak">FIZL</uzo>
    <dif>
      <ref tip="super" cel="protein.0o.FIZL">Proteino</ref>
      sufi&ccirc;e abunde trovebla en &ccirc;iuj e&ubreve;kariotaj &ccirc;eloj,
      interalie rolanta kune kun
      <ref tip="vid" cel="miozin.0o.FIZL">miozino</ref>
      en muskolaj movoj:
      <ekz>
        miloj da molekuloj de <tld/>o kunmunti&gcirc;as en 
        filamento de <tld/>o
        <fnt>
          <bib>Viki</bib>,
          <lok><url
          ref="http://eo.wikipedia.org/wiki/Proteina_strukturo">
          Proteina strukturo</url>, 2013-04-22</lok>
        </fnt>.
      </ekz>
    </dif>
  </snc>
  <trd lng="cs">aktin</trd>
  <trd lng="en">actin</trd>
  <trd lng="fr">actine</trd>
  <trd lng="sk">aktín</trd>
</drv>
</art>

<!--
$Log: aktin.xml,v $
Revision 1.3  2015/07/04 08:37:30  revo
aldono de trd cs per skripto de M. von Laer

Revision 1.2  2015/06/28 12:03:35  revo
aldono de trd sk per skripto de M. von Laer

Revision 1.1  2013/11/23 10:10:19  revo
Jeromo Vasxe: nova artikolo

-->
</vortaro>