<?xml version="1.0"?>
<!DOCTYPE vortaro SYSTEM "../dtd/vokoxml.dtd">

<vortaro>
<art mrk="$Id: aktor.xml,v 1.36 2017/01/29 13:10:16 revo Exp $">
<kap>
  <ofc>1</ofc>
  <rad>aktor</rad>/o
</kap>
<drv mrk="aktor.0o">
  <kap><tld/>o</kap>
  <snc mrk="aktor.0o.TEA">
    <tezrad fak="KIN"/>
    <tezrad fak="TEA"/>
    <uzo tip="fak">KIN</uzo>
    <uzo tip="fak">TEA</uzo>
    <dif>
      Teatra a&ubreve; kina ludisto, plenumanta rolojn:
      <ekz>
        kroataj teatra&jcirc;oj kaj <tld/>oj multe kontribuis al la esperanta
        teatro
        <fnt>
        <aut>Hecimovic Branko</aut>,
        <vrk>Antologio de kroataj unuaktaj dramoj</vrk>,
        <bib>Monato</bib>,
        <lok>jaro 1998a, numero 3a, p. 18a</lok>
        </fnt>.
      </ekz>
    </dif>
  </snc>
  <trd lng="be">&c_a;&c_k;&c_t;&c_o;&c_r;</trd>
  <trd lng="bg">&c_a;&c_k;&c_t;&c_mol;&c_o;&c_r;</trd>
  <trd lng="ms">pelakon</trd>
  <trdgrp lng="cs">
    <trd>herec</trd>,
    <trd>p&rcaron;edstavitel</trd>,
    <trd>&uacute;&ccaron;inkuj&iacute;c&iacute;</trd>
  </trdgrp>
  <trdgrp lng="de">
    <trd>Schauspieler</trd>,
    <trd>Darsteller</trd>
  </trdgrp>
  <trd lng="en">actor</trd>
  <trd lng="es">actor</trd>
  <trd lng="fr">acteur</trd>
  <trd lng="he">&shin;&het;&qof;&fnun;<klr tip="amb"> (&tav;&yod;&alef;&tet;&resh;&vav;&fnun;,
  &qof;&vav;&lamed;&nun;&vav;&ayin;)</klr></trd>
  <trd lng="hu">sz&iacute;n&eacute;sz</trd>
  <trd lng="io">aktoro</trd>
  <trd lng="it">attore</trd>
  <trd lng="ms">seniwati, pelakon wanita</trd>
  <trdgrp lng="nl">
    <trd>acteur</trd>,
    <trd>toneelspeler</trd>
  </trdgrp>
  <trdgrp lng="pt">
    <trd>ator</trd>,
    <trd>artista</trd>
  </trdgrp>
  <trdgrp lng="ru">
    <trd>&c_a;&c_k;&c_t;&c_jo;&c_r;</trd>,
    <trd>&c_a;&c_r;&c_t;&c_i;&c_s;&c_t;</trd>
  </trdgrp>
  <trdgrp lng="sk">
    <trd>herec</trd>,
    <trd>&uacute;&ccaron;inkuj&uacute;ci</trd>
  </trdgrp>
  <trd lng="vo">dramatan</trd>
</drv>

<drv mrk="aktor.0ino">
  <kap><tld/>ino</kap>
  <snc mrk="aktor.0ino.TEA">
    <tezrad fak="KIN"/>
    <tezrad fak="TEA"/>
    <uzo tip="fak">KIN</uzo>
    <uzo tip="fak">TEA</uzo>
    <dif>
      Ina aktoro.
    </dif>
  </snc>
  <trdgrp lng="de">
    <trd>Schauspielerin</trd>,
    <trd>Darstellerin</trd>
  </trdgrp>
  <trd lng="en">actress</trd>
  <trd lng="es">actriz</trd>
  <trd lng="fr">actrice</trd>
  <trd lng="it">attrice</trd>
  <trd lng="io">aktorino</trd>
  <trdgrp lng="nl">
    <trd>actrice</trd>,
    <trd>toneelspeelster</trd>
  </trdgrp>
  <trd lng="vo">jidramatan</trd>
</drv>

<drv mrk="aktor.0i">
  <kap><tld/>i</kap>
  <snc mrk="aktor.0i.TEA">
    <uzo tip="fak">KIN</uzo>
    <uzo tip="fak">TEA</uzo>
    <dif>
      Surprenadi rolojn en teatra&jcirc;oj, kina&jcirc;oj:
      <ekz>
        Nikolaj Rytjkov trovis eblojn anka&ubreve; profesie
        <tld/>i
        <fnt>
        <aut>Boris Kolker</aut>,
        <vrk>Aktoro malliberigita (Sub la signo de Liro kaj Verda
        Stelo)</vrk>,
        <bib>Monato</bib>,
        <lok>jaro 2001a, numero 2a, p. 28a</lok>
        </fnt>;
      </ekz>
      <ekz>
        <uzo tip="stl">FIG</uzo>
        la &scirc;ipestro <tld/>is delikate
        <fnt><bib>Mortul&Scirc;ip</bib>, <lok>dua libro, &ccirc;apitro
        26a</lok></fnt>.
      </ekz>
    </dif>
    <refgrp tip="vid">
      <ref cel="komedi.0i.TEA">komedii <sncref/></ref>,
      <ref cel="komedi.0i.FIG">komedii <sncref/></ref>,
      <ref cel="rol.0i.TEA">roli <sncref/></ref>
    </refgrp>
  </snc>
  <trd lng="be">&c_g;&c_r;&c_a;&c_c;&c_mol; <klr>(&c_r;&c_o;&c_l;&c_ju;)</klr></trd>
  <trdgrp lng="cs">
    <trd>hr&aacute;t</trd>,
    <trd>hr&aacute;t divadlo</trd>
  </trdgrp>
  <trdgrp lng="de">
    <trd>schauspielern</trd>,
    <trd>im Theater <ind>auftreten</ind></trd>
  </trdgrp>
  <trdgrp lng="en">
    <trd>act</trd>,
    <trd>play a role</trd>
  </trdgrp>
  <trd lng="es">actuar<klr tip="amb"> (teatro)</klr></trd>
  <trdgrp lng="fr">
    <trd>jouer un r&ocirc;le<klr tip="amb"> (th&eacute;&acirc;tre)</klr></trd>
  </trdgrp>
  <trd lng="he">&lamed;<ind>&shin;&het;&qof;</ind><klr tip="amb">
  (&tav;&pe;&qof;&yod;&dalet;)</klr></trd>
  <trdgrp lng="hu">
    <trd>szerepel<klr> (mint sz&iacute;n&eacute;sz)</klr></trd>,
    <trd>j&aacute;tszik<klr> (mint sz&iacute;n&eacute;sz)</klr></trd>
  </trdgrp>
  <trd lng="it">recitare</trd>
  <trd lng="ru">&c_i;&c_g;&c_r;&c_a;&c_t;&c_mol;<klr tip="amb"> &c_r;&c_o;&c_l;&c_mol;</klr></trd>
  <trdgrp lng="sk">
    <trd>hra&tcaron;</trd>,
    <trd>hra&tcaron; divadlo</trd>
  </trdgrp>
</drv>

<drv mrk="aktor.film0o">
  <kap>film<tld/>o</kap>
  <snc mrk="aktor.film0o.KIN">
    <uzo tip="fak">KIN</uzo>
    <dif>
      <tld lit="A"/>o, kiu rolas en filmoj:
      <ekz>
        kial ne fari&gcirc;i film<tld/>o? &ndash; Tion mi ne mal&scirc;atus
        <fnt><bib>InfanTorent2</bib>, <lok>dua parto, &ccirc;apitro
        3a</lok></fnt>.
      </ekz>
    </dif>
  </snc>
  <trd lng="cs">filmov&yacute; herec</trd>
  <trd lng="de">Filmschauspieler</trd>
  <trdgrp lng="en">
    <trd>film actor</trd>,
    <trd>film actress</trd>
  </trdgrp>
  <trdgrp lng="fr">
    <trd>acteur de cin&eacute;ma</trd>
  </trdgrp>
  <trdgrp lng="hu">
    <trd>filmsz&iacute;n&eacute;sz</trd>,
    <trd>filmm&udblac;v&eacute;sz</trd>
  </trdgrp>
  <trd lng="it">attore<klr> cinematografico</klr></trd>
  <trdgrp lng="ru">
    <trd>&c_k;&c_i;&c_n;&c_o;&c_a;&c_k;&c_t;&c_jo;&c_r;</trd>,
    <trd>&c_k;&c_i;&c_n;&c_o;&c_a;&c_r;&c_t;&c_i;&c_s;&c_t;</trd>
  </trdgrp>
  <trd lng="sk">filmov&yacute; herec</trd>
</drv>
</art>
<!--
$Log: aktor.xml,v $
Revision 1.36  2017/01/29 13:10:16  revo
Adam Eng: +trd ms

Revision 1.35  2017/01/26 09:10:23  revo
Adam Eng: trd ms

Revision 1.34  2016/12/04 19:10:26  revo
Robin van der Vliet: +aktorino, +trd

Revision 1.33  2016/04/21 11:10:28  revo
Jessica Grasso: +tr en

Revision 1.32  2015/07/04 08:37:30  revo
aldono de trd cs per skripto de M. von Laer

Revision 1.31  2015/06/28 12:03:35  revo
aldono de trd sk per skripto de M. von Laer

Revision 1.30  2010/10/27 16:30:38  revo
Antonio Codazzi: +trd

Revision 1.29  2010/07/19 16:30:33  revo
-->
</vortaro>
