<?xml version="1.0"?>
<!DOCTYPE vortaro SYSTEM "../dtd/vokoxml.dtd">

<vortaro>
  <art mrk="$Id: aktual.xml,v 1.31 2017/03/16 11:10:13 revo Exp $">
    <kap>
      <ofc>4</ofc>
      <rad>aktual</rad>/a
      <fnt>Z</fnt>
    </kap>

    <drv mrk="aktual.0a">
      <kap><tld/>a</kap>
      <fnt><bib>ZR</bib></fnt>
      <snc mrk="aktual.0a.KOMUNE">
        <uzo tip="stl">KOMUNE</uzo>
        <dif>
          <ref tip="super" cel="grav.0a">Grava</ref> kaj interesa en
          kaj por la kuranta, &ccirc;i-momenta situacio a&ubreve; epoko, prioritata
          en la tagordo de la historia momento:
          <ekz>
            la problemo estas <tld/>a, tre grava por la momento, 
            &gcirc;i ne povas atendi
            <fnt><bib>Marta</bib></fnt>;
          </ekz><ekz>
            diversaj <tld/>aj sloganoj
            <fnt>
              <aut>Ivo Lapenna</aut>:
              <vrk>Por pli efika informado</vrk>. <lok>UEA, 1974</lok>
            </fnt>;
          </ekz><ekz>
            ili ne hezitas priparoli <tld/>ajn<klr>,</klr> tiklajn
            aferojn en A&ubreve;strio: pensioj, fremdlaboristoj, fidrogoj
            <fnt>
              <bib>Monato</bib>,
              <aut>Walter KLAG</aut>:
              <vrk>Kiu estas J&ouml;rg Haider?</vrk> 
            </fnt>;
          </ekz><ekz>
            la demando pri internacia lingvo estas &ccirc;iam <tld/>a;
          </ekz><ekz>
            plurajn ankora&ubreve; <tld/>ajn ekonomikajn konceptojn kaj
            principojn ni trovas &ccirc;e antikvaj a&ubreve;toroj kiel Platono,
            Aristotelo kaj Ksenofono
            <fnt>
              <bib>Monato</bib>,
              <aut>Bo SANDELIN</aut>:
              <vrk>Anta&ubreve;merkantilisma ekonomia pensado</vrk>
            </fnt>;
          </ekz><ekz>
            la kultura krea&jcirc;o, verko de Franz Kafka restas <tld/>a
            <fnt>
              <bib>Monato</bib>,
              <aut>Gilbert LEDON</aut>:
              <vrk>Obskurantismaj monologoj</vrk>
            </fnt>;
          </ekz><ekz>
            en la nova mona&hcirc;ejo estis instalitaj e&ccirc; kontra&ubreve;tertremaj
            rimedoj, kvankam tio ne estas <tld/>a en Litovio
            <fnt>
              <bib>Monato</bib>,
              <vrk>Realigita revo de la papo</vrk>
            </fnt>.
          </ekz>
        </dif>
        <refgrp tip="vid">
          <ref cel="urgx.0a">ur&gcirc;a</ref>,
          <ref cel="mod.0a">moda</ref>,
          <ref cel="sensac">sensacia</ref>,
          <ref cel="furor.0o">furoro</ref>.
        </refgrp>
        <trd lng="be">&c_a;&c_k;&c_t;&c_u;&c_a;&c_l;&c_mol;&c_n;&c_y;</trd>
        <trdgrp lng="de">
          <trd>aktuell</trd>, <trd>brennend</trd>
        </trdgrp>
        <trdgrp lng="en">
          <trd>topical</trd>,
          <trd>urgent</trd>,
          <trd>relevant</trd>,
          <trd>of <ind>current importance</ind></trd>
        </trdgrp>
        <trdgrp lng="es">
          <trd>vigente</trd>,
          <trd>relevante</trd>
        </trdgrp>
        <trdgrp lng="ru">
          <trd>&c_a;&c_k;&c_t;&c_u;&c_a;&c_l;&c_mol;&c_n;&c_y;&c_j;</trd>,
          <trd>&c_z;&c_l;&c_o;&c_b;&c_o;&c_d;&c_n;&c_je;&c_v;&c_n;&c_y;&c_j;</trd>,
          <trd>&c_n;&c_a;&c_s;&c_u;&c_shch;&c_n;&c_y;&c_j;</trd>
        </trdgrp>
        <trd lng="sk">aktu&aacute;lny</trd>
      </snc>

      <snc mrk="aktual.0a.gxisdata">
        <ref tip="dif" cel="dat.gxis0a.KOMUNE">&gcirc;isdata</ref>
        <ekz>
          la a&ubreve;toro, eksa, amatora piloto, akceptis la taskon kompili
          <tld/>an aviadan terminaron
          <fnt>
            <bib>Monato</bib>,
            <aut>Gilbert LEDON</aut>:
            <vrk>&Ccirc;u ni mortu miskomprene?</vrk> 
          </fnt>;
        </ekz><ekz>
          tamen vere &ccirc;iuaspekte unikodkapabla estis unue Vindozo 98
          kun sia tiame <tld/>a programaro
          <fnt>
            <bib>Monato</bib>, <aut>PEJNO Simono</aut>: 
            <vrk>Tekstotraktado</vrk>
           </fnt>.
        </ekz>
        <trd lng="es">vigente</trd>
      </snc>

      <snc mrk="aktual.0a.nuna">
        <uzo tip="stl">EVI</uzo>
        <refgrp tip="dif">
          <ref cel="nun.0a">nuna</ref>,
          <ref cel="kur.0anta.nuna">kuranta<sncref/></ref>
        </refgrp>
        <ekz>
          la tiama Germanio fotografie similas al la <tld/>a Japanio
          <fnt>
            <bib>Monato</bib>,
            <aut>IGARASI Takeo</aut>: <vrk>Pedante</vrk>
          </fnt>;
        </ekz><ekz>
          la <tld/>a jaro
          <fnt>
            <aut>S. &Scaron;timec</aut>:
            <vrk>Ombro sur interna pejza&gcirc;o</vrk>
          </fnt>.
        </ekz>
        <trd lng="es">actual</trd>
      </snc>

      <snc mrk="aktual.0a.SCI">
        <uzo tip="fak">SCI</uzo>
        <refgrp tip="dif">
          <ref cel="real.0a">reala</ref>,
          <ref cel="efekti.0a">efektiva</ref>,
          <ref cel="fakt.0a">fakta</ref>
        </refgrp>
        <ekz>
          <uzo tip="fak">MAT</uzo>
          <ind><tld/>a malfinio</ind>;
          <trd lng="en">actual infinity</trd>
          <trd lng="ru">&c_a;&c_k;&c_t;&c_u;&c_a;&c_l;&c_mol;&c_n;&c_a;&c_ja; &c_b;&c_je;&c_s;&c_k;&c_o;&c_n;&c_je;&c_ch;&c_n;&c_o;&c_s;&c_t;&c_mol;</trd>
        </ekz><ekz>
          <uzo tip="fak">LIN</uzo>
          potenciala signifo de vortkunmeto, kiu fari&gcirc;as <tld/>a
          dank' al la kunteksto
          <fnt><bib>PIV2</bib></fnt>;
        </ekz><ekz>
          bela virino vekas aldeziron pri si en viro: se
          tiu aldeziro da&ubreve;ras longe, la amo i&gcirc;as <tld/>a
          <fnt>
            <aut>Enrico DONDI</aut>:
            <vrk>La &#171;Nova Vivo&#187; de Dante Alighieri</vrk>.
            <lok>La nica literatura revuo, 2:2</lok>
          </fnt>.
        </ekz>
        <trd lng="be">&c_s;&c_u;&c_ch;&c_a;&c_s;&c_n;&c_y;</trd>
        <trdgrp lng="de">
          <trd>momentan</trd>,
          <trd>gegenw&auml;rtig</trd>,
          <trd>derzeitig</trd>
        </trdgrp>
        <trdgrp lng="en">
          <trd>current</trd>,
          <trd>relevant</trd>,
          <trd>present</trd>,
          <trd>up-to-the-minute</trd>,
          <trd>live</trd>
        </trdgrp>
        <trdgrp lng="es">
          <trd>actual</trd>,
          <trd>relevante</trd>,
          <trd>vigente</trd>
        </trdgrp>
        <trd lng="pl">aktualny</trd>
        <trdgrp lng="pt">
          <trd>atual</trd>,
          <trd>vigente</trd>
        </trdgrp>
        <trd lng="ro">actual</trd>
        <trdgrp lng="ru">
          <trd>&c_r;&c_je;&c_a;&c_l;&c_mol;&c_n;&c_y;&c_j;</trd>,
          <trd>&c_f;&c_a;&c_k;&c_t;&c_i;&c_ch;&c_je;&c_s;&c_k;&c_i;&c_j;</trd>
        </trdgrp>
        <trd lng="sk">s&uacute;&ccaron;asn&yacute;</trd>
      </snc>
      <rim>
        La vorto estas eminenta falsa amiko.  &Gcirc;i aperas en &ccirc;iuj
        lingvoj, sed kun malsamaj signifoj.
 
        En Esperanto la sola signifo utila (ne redunda, alportanta
        signifon por kiu mankas alia esprimilo) estas la signifo
        <ref cel="aktual.0a.KOMUNE"><tld/>a<sncref/></ref>.  Nur
        tiusence la vorton uzis &Z;.

        &Ccirc;iujn ceterajn signifojn oni prefere esprimu per iu el la pli
        precizaj vortoj, al kiuj plusendas ilia difino &ccirc;i-supre.  &Ccirc;ar
        alie maleblas kompreni, kiun signifon celas la vorto en la
        frazoj kiel
        <ekz>
          multaj semantikistoj okupi&gcirc;as <tld/>e pri problemoj
          alispecaj ol tiuj, kiujn mi diskutis en tiu &ccirc;i &ccirc;apitro
          <fnt>
            <aut>John Wells</aut>:
            <vrk>Lingvistikaj aspektoj de Esperanto</vrk>,
            <lok>UEA, 1989, p. 68</lok>
          </fnt>:
        </ekz>
        &Ccirc;u &gcirc;i signifas <ctl>fakte</ctl> (la&ubreve; la angleca signifo
        <ref cel="aktual.0a.SCI"><tld/>a<sncref/></ref>, angle
        <ctl>actually</ctl>); a&ubreve; eble <ctl>nun</ctl>,
        <ctl>nuntempe</ctl> (la&ubreve;
        <ref cel="aktual.0a.nuna"><tld/>a<sncref/></ref>)?

        <aut>Sergio Pokrovskij</aut>
      </rim>
      <trd lng="es">actual</trd>
      <trd lng="fr">actuel</trd>
      <trd lng="nl">actueel</trd>
      <trd lng="it">attuale</trd>
      <trd lng="pl">aktualny</trd>
      <trd lng="pt">atual</trd>
      <trd lng="ro">actual</trd>
      <trd lng="sv">aktuell</trd>
      <trd lng="sk">aktu&aacute;lny, &ccaron;asov&yacute;</trd>
  <trd lng="sk">aktu&aacute;lny, &ccaron;asov&yacute;</trd>
  <trdgrp lng="cs">
    <trd>aktu&aacute;ln&iacute;</trd>,
    <trd>nal&eacute;hav&yacute;</trd>,
    <trd>&ccaron;asov&yacute;</trd>
  </trdgrp>
</drv>

    <drv mrk="aktual.0ajxo">
      <kap><tld/>a&jcirc;o</kap>
      <snc mrk="aktual.0ajxo.interesa">
        <dif>
          Afero interesveka,
          <ref tip="ant" cel="aktual.0a.KOMUNE"><tld/>a<sncref/></ref>:
          <ekz>
            mi preferus nomi la libron simple satira, simile al verkoj
            de Swift a&ubreve; Szathm&agrave;ri, &ccirc;ar tra figuroj kaj bildoj,
            imagitaj de la a&ubreve;toro, ni klare vidas la modernajn
            <tld/>a&jcirc;ojn, sed en formo logika &gcirc;is absurdo 
            <fnt>
              <bib>Monato</bib>,
              <aut>Nikolao GUDSKOV</aut>:
              <vrk>En spegulo de l&#8217; sarkasmo</vrk>
            </fnt>;
          </ekz><ekz>
            Vina&rcaron; mem skribis por la aktora grupo <klr>(...)</klr>
            sprite kritikajn unuaktajn <tld/>a&jcirc;ojn kaj &scirc;ercajn
            versa&jcirc;ojn
            <fnt>
              <aut>V. Vina&rcaron;</aut>: <vrk>La skandalo pro Jozefo</vrk>
              <lok>1981 (Noto pri la a&ubreve;toro)</lok>
            </fnt>;
          </ekz><ekz>
            inter la <tld/>a&jcirc;oj estas komentario de Giorgio Silfer pri
            la krizo de Greziljono <klr>(...)</klr>
            <fnt>
              <aut>A. Kor&jcirc;enkov</aut>:
              <vrk>Literatura Foiro 1998:176</vrk>.
              <bib>LOdE</bib>, <lok>n-ro 52 (1999:2), p. 17</lok>
            </fnt>.
          </ekz>
        </dif>
        <trd lng="es">actualidad</trd>
        <trd lng="fr">actualit&eacute;</trd>
        <trd lng="ru">&c_ch;&c_t;&c_o;-&c_l;. <ind>&c_a;&c_k;&c_t;&c_u;&c_a;&c_l;&c_mol;&c_n;&c_o;&c_je;</ind></trd>
      </snc>
    </drv>

    <drv mrk="aktual.mal0a">
      <kap>mal<tld/>a</kap>
      <snc mrk="aktual.0a.neinteresa">
        <dif>
          Ne plu interesa, ne plu
          <ref tip="ant" cel="aktual.0a.KOMUNE"><tld/>a<sncref/></ref>:
          <ekz>
            tamen anka&ubreve; nun &gcirc;i <klr>(poemaro de Kalocsay)</klr> ne
            i&gcirc;is mal<tld/>a
            <fnt>
              <aut>N. Lozga&ccirc;ev</aut>: 
              <vrk><url
                  ref="http://www.esperanto.net/literaturo/sez/izolrec.htm"
                  >Izolo, Sezonoj, 1985, n-ro 5.</url></vrk>
            </fnt>;
          </ekz><ekz>
            la legemulo tamen ne tro rapide decidu <klr>(ke la verkoj
              de Zamenhof)</klr> estas mal<tld/>aj
            <fnt>
              <aut>Marjorie Boulton</aut>:
              <vrk>Ne nur leteroj de plumamikoj</vrk>,
              <lok>1984</lok>
            </fnt>.
          </ekz>
        </dif>
        <trd lng="ru">&c_n;&c_je;&c_a;&c_k;&c_t;&c_u;&c_a;&c_l;&c_mol;&c_n;&c_y;&c_j;</trd>
      </snc>
      <snc mrk="aktual.0a.nevalida">
        <dif>
          Ne&gcirc;isdata:
          <ekz>
            uzado de mal<tld/>aj adreslibroj ne nur ka&ubreve;zas &gcirc;enon pro
            mal<tld/>aj adresoj, &ccirc;ar &ccirc;iujare pli ol duono de la
            adresoj a&ubreve; informoj &scirc;an&gcirc;i&gcirc;as <klr>...</klr>
            <fnt><vrk><url
                  ref="http://www.tejo.org/ps/ps/ps_enketo1998.htm"
                  >la tutmonda gastiga reto Globo</url></vrk></fnt>.
          </ekz>
        </dif>
        <trdgrp lng="ru">
          <trd>&c_u;&c_s;&c_t;&c_a;&c_r;&c_je;&c_l;&c_y;&c_j;</trd>,
          <trd>&c_n;&c_je;&c_d;&c_je;&c_j;&c_s;&c_t;&c_v;&c_i;&c_t;&c_je;&c_l;&c_mol;&c_n;&c_y;&c_j;</trd>
        </trdgrp>
      </snc>
      <trd lng="es">caducado</trd>
      <trd lng="fr">p&eacute;rim&eacute;</trd>
    </drv>

    <drv mrk="aktual.0igi">
      <kap><tld/>igi</kap>
      <snc mrk="aktual.0igi.akre">
        <dif>
          Igi grava, interesveka, la&ubreve;moda,
          <ref cel="aktual.0a.KOMUNE"><tld/>a<sncref/></ref>: 
          <ekz>
            la&ubreve; Gudzinskas, la &ccirc;asado de la frugilego <klr>(...)</klr>
            ne nur <tld/>igas <klr>(t.e. revivigas, enmodigas)</klr>
            la tradicion sed anka&ubreve; helpas limigi la nombron de birdoj 
	    <fnt>
              <bib>Monato</bib>,
	      <aut>Laimius STRA&Zcaron;NICKAS</aut>:
              <vrk>Frua frugilega tradicio</vrk>. 
            </fnt>.
          </ekz>
        </dif>
        <trd lng="pl">uaktualni&cacute;</trd>
        <trd lng="ru">&c_a;&c_k;&c_t;&c_u;&c_a;&c_l;&c_i;&c_z;&c_i;&c_r;&c_o;&c_v;&c_a;&c_t;&c_mol;</trd>
      </snc>
      <snc mrk="aktual.0igi.gxisdatigi">
        <ref tip="dif" cel="dat.gxis0datigi">&gcirc;isdatigi</ref>
        <ekz>
          zorgu havi bonan kontra&ubreve;virusilon, kiu <tld/>igas sin
          minimume &ccirc;iutage
          <fnt>
            <bib>Monato</bib>,
            <aut>Paul PEERAERTS</aut>:
            <vrk>Virusoj</vrk> 
          </fnt>;
        </ekz><ekz>
          mi al&scirc;utis la aktualigatan version de la Plena Kalendaro
          <fnt>
            <aut>L&aacute;szl&oacute; Szilv&aacute;si</aut>:
            <vrk>Kalendaro en la Reto</vrk>. <bib>LOdE</bib>.
            <lok>N-ro 54 (1999:4)</lok>
          </fnt>.
        </ekz>
        <trd lng="en">update</trd>
        <trd lng="ru">&c_o;&c_b;&c_n;&c_o;&c_v;&c_i;&c_t;&c_mol;</trd>
      </snc>
  <trd lng="cs">zaktualizovat</trd>
  <trd lng="es">actualizar</trd>
  <trd lng="fr">actualiser</trd>
  <trd lng="sk">zaktualizova&tcaron;</trd>
</drv>

    <drv mrk="aktual.0igxi">
      <kap><tld/>i&gcirc;i</kap>
      <snc mrk="aktual.0igxi.akre">
        <dif>
          I&gcirc;i grava, interesveka,
          <ref cel="aktual.0a.KOMUNE"><tld/>a<sncref/></ref>: 
          <ekz>
            Unuavicaj celgrupoj: <klr>...</klr> organiza&jcirc;oj kaj medioj
            kie <tld/>i&gcirc;as demandoj pri egaleca komunikado
            <fnt>
              <aut>UEA</aut>:
              <vrk>Gvidlinioj por informado pri Esperanto</vrk>.
              <bib>LOdE</bib>, <lok>n-ro 73 (2000:11), p. 3</lok>.
            </fnt>.
          </ekz>
        </dif>
        <trd lng="es">actualizarse</trd>
        <trd lng="pl">uaktualni&cacute; si&eogonek;</trd>
        <trd lng="ru">&c_s;&c_t;&c_a;&c_t;&c_mol; <ind>&c_a;&c_k;&c_t;&c_u;&c_a;&c_l;&c_mol;&c_n;&c_y;&c_m;</ind></trd>
      </snc>
    </drv>

  </art>
  <!--
  $Log: aktual.xml,v $
  Revision 1.31  2017/03/16 11:10:13  revo
  Guillermo Molleda Jimena: trd es

  Revision 1.30  2017/03/14 20:10:13  revo
  Guillermo Molleda Jimena: trd es

  Revision 1.29  2016/02/14 16:10:14  revo
  Wolfram Diestel: -tajperaro, plibonigis prezentadon de fontoj

  Revision 1.28  2015/10/31 08:10:15  revo
  Alain Gerard: +trd (fr)

  Revision 1.27  2015/07/04 08:37:30  revo
  aldono de trd cs per skripto de M. von Laer

  Revision 1.26  2015/06/29 16:39:29  revo
  aldono de trd sk per skripto de M. von Laer

  Revision 1.25  2015/06/28 12:03:35  revo
  aldono de trd sk per skripto de M. von Laer

  Revision 1.24  2014/01/07 12:10:18  revo
  Damien Brucker: +trd fr

  Revision 1.23  2013/08/24 04:10:09  revo
  Sergio Pokrovskij: +rim

  Revision 1.22  2013/08/23 16:10:10  revo
  Sergio Pokrovskij: disigo de snc, derivajxoj

  Revision 1.21  2009/02/06 17:59:30  revo
  Sergej Chlutchin: trd sen lng (en)

  Revision 1.20  2006/06/05 16:42:45  revo
  Sergio Pokrovskij: +mal~a, +ekz, +TEZ

  Revision 1.19  2006/02/19 17:31:46  revo
  Vito Redsky: +trd pl +trd ro

  Revision 1.18  2003/10/30 17:31:55  revo
  Dmitri Gabinski: +trd be

  Revision 1.17  2003/01/27 17:31:33  revo
  Ulrich Fellmann: + fontindiko ZR

  Revision 1.16  2002/12/16 17:31:36  revo
  Ulrich Fellmann: + 3 pliaj trd = de + 1 plia trd = en ("present")

  Revision 1.15  2002/09/20 16:32:07  revo
  Christopher Zervic: ang

  Revision 1.14  2002/09/07 17:36:31  revo
  Viliam Bur: +sk trd

  Revision 1.13  2002/05/15 16:40:59  revo
  Alejandro Mejia Greene: ald 2 his trd

  Revision 1.12  2002/02/15 17:35:35  revo
  -->
</vortaro>
