<?xml version="1.0"?>
<!DOCTYPE vortaro SYSTEM "../dtd/vokoxml.dtd">

<vortaro>
<art mrk="$Id: akumul1.xml,v 1.22 2015/07/04 08:37:30 revo Exp $">
<kap>
  <rad>akumulator</rad>/o
  <fnt>Z</fnt>
</kap>
<drv mrk="akumul1.0o">
  <kap><tld/>o</kap>
  <uzo tip="fak">ELE</uzo>
  <fnt><bib>ZR</bib></fnt>
  <snc>
    <dif>
      Aparato por amasigi provizon da elektro kaj &gcirc;in redoni
      la&ubreve;vole:
      <ekz>
        elektra lumo provizata per sunpanelo kaj
        akumulatoro<fnt><aut>Saliko</aut>: <vrk>&Gcirc;ojoj kaj
        &gcirc;uoj de finna
        somero</vrk>, <bib>Monato</bib><lok>jaro 2000a, numero 12a, p.
        12a</lok></fnt>.
      </ekz>
    </dif>
    <refgrp tip="vid">
      <ref cel="pil.0o">pilo</ref>,
      <ref cel="bateri.0o.ELE">baterio</ref>.
    </refgrp>
  </snc>
  <trd
  lng="be">&c_a;&c_k;&c_u;&c_m;&c_u;&c_l;&c_ja;&c_t;&c_a;&c_r;</trd>
  <trd lng="ca">acumulador <klr>(d'energia)</klr></trd>
  <trd lng="cs">akumulátor</trd>
  <trdgrp lng="de">
    <trd>Akku</trd>,
    <trd>Akkumulator</trd>
  </trdgrp>
  <trdgrp lng="en">
  	<trd>accumulator</trd>,
  	<trd>rechargeable battery</trd>
  </trdgrp>
  <trd lng="es">acumulador</trd><trd lng="es">acumulador</trd>
  <trdgrp lng="fa">
    <trd>&a_A;&a_n;&a_b;&a_A;&a_r;&a_h;</trd>,
    <trd>&a_b;&a_A;&a_t;&a_r;&f_y; &a_A;&a_n;&a_b;&a_A;&a_r;&a_sh;&f_y;</trd>,
    <trd>&a_A_madda;&f_k;&a_w;&a_m;&a_w;&a_l;&a_A;&a_t;&a_w;&a_r;</trd>
  </trdgrp>
  <trd lng="fr">accumulateur</trd>
  <trd lng="hu">akkumul&aacute;tor</trd>
  <trdgrp lng="nl">
    <trd>accu</trd>,
    <trd>accumulator</trd>
  </trdgrp>
  <trd lng="pl">akumulator<klr> elektryczny</klr></trd>
  <trd lng="pt">acumulador</trd>
  <trd
  lng="ru">&c_a;&c_k;&c_k;&c_u;&c_m;&c_u;&c_l;&c_ja;&c_t;&c_o;&c_r;</trd>
  <trd lng="sk">akumul&aacute;tor</trd>
</drv>
</art>
<!--
$Log: akumul1.xml,v $
Revision 1.22  2015/07/04 08:37:30  revo
aldono de trd cs per skripto de M. von Laer

Revision 1.21  2011/12/05 12:10:10  revo
Marc Rausell: kataluna traduko

Revision 1.20  2009/08/18 19:18:53  revo
Behnam Tabatabai: +trd fa

Revision 1.19  2009/03/04 17:30:56  revo
Sebastian Cyprych: +trd pl

Revision 1.18  2008/01/07 17:30:19  revo
Russ Williams: +trd en

Revision 1.17  2003/10/30 17:32:01  revo
Dmitri Gabinski: +trd be

Revision 1.16  2003/05/18 18:00:10  revo
Viliam Bur: +trd sk

Revision 1.15  2003/02/15 17:33:06  revo
Ulrich Fellmann: + 2 trd de

Revision 1.14  2003/01/27 17:31:32  revo
-->
</vortaro>
