<?xml version="1.0"?>
<!DOCTYPE vortaro SYSTEM "../dtd/vokoxml.dtd">

<vortaro>
<art mrk="$Id: akusti.xml,v 1.20 2017/05/18 20:10:16 revo Exp $">
<kap>
  <rad>akustik</rad>/o <fnt>Z</fnt> <fnt><bib>PV</bib></fnt>
</kap>
<drv mrk="akusti.0o">
  <kap><tld/>o</kap>
  <snc mrk="akusti.0o.FIZ">
    <uzo tip="fak">FIZ</uzo>
    <dif>
      Parto de la fiziko, kiu koncernas la sonojn.
    </dif>
    <trd lng="de">Schalllehre</trd>
    <trd lng="nl">geluidsleer</trd>
  </snc>
  <snc mrk="akusti.0o.SON">
    <uzo tip="fak">TEA</uzo>
    <uzo tip="fak">KIN</uzo>
    <dif>
      Sona&ubreve;debleco, sonkvalito:
      <ekz>
        la <tld/>o de la salonego estas tre bona.
      </ekz>
    </dif>
    <trd lng="de">Raumklang</trd>
    <trd lng="nl">akoestiek</trd>
  </snc>
  <trd lng="be">&c_a;&c_k;&c_u;&c_s;&c_t;&c_y;&c_k;&c_a;</trd>
  <trdgrp lng="cs">
    <trd>akustika</trd>,
    <trd>v&ecaron;da o zvuku</trd>
  </trdgrp>
  <trd lng="de">Akustik</trd>
  <trd lng="en">acoustics</trd>
  <trd lng="es">ac&uacute;stica</trd>
  <trd lng="fr">acoustique<klr> (subst.)</klr></trd>
  <trd lng="hu">akusztika</trd>
  <trd lng="it">acustica</trd>
  <trd lng="pl">akustyka</trd>
  <trd lng="pt">ac&uacute;stica</trd>
  <trd lng="ru">&c_a;&c_k;&c_u;&c_s;&c_t;&c_i;&c_k;&c_a;</trd>
  <trdgrp lng="sk">
    <trd>akustika</trd>,
    <trd>veda o zvuku</trd>
  </trdgrp>
</drv>

<drv mrk="akusti.0a">
  <kap><tld/>a</kap>
  <snc mrk="akusti.0a.SON">
    <uzo tip="fak">MUZ</uzo>
    <dif>
      Rilata al la kvalito de sono, sonkvalita, sonte&hcirc;nika.
    </dif>
  </snc>
  <snc mrk="akusti.0a.MUZ">
    <uzo tip="fak">MUZ</uzo>
    <dif>
      Sonanta per natura, propra vibrado, sen amplifo:
      <ekz>
        mi ludas akompanan <tld/>an gitaron en la grupo <ctl>La 
        Kuracistoj</ctl>
        <fnt>
          <aut>G. R. Fischer</aut>,
          <vrk><url ref="http://www.muenster.de/~kunar/gitarludado.htm">
          Gitarludado</url></vrk>,
          <lok>2008</lok>
        </fnt>.
      </ekz>
    </dif>
  </snc>
  <trd lng="fr">acoustique<klr> (adj.)</klr></trd>
</drv>
</art>
<!--
$Log: akusti.xml,v $
Revision 1.20  2017/05/18 20:10:16  revo
Jeromo Vasxe: + ~a

Revision 1.19  2015/07/04 08:37:30  revo
aldono de trd cs per skripto de M. von Laer

Revision 1.18  2015/06/28 12:03:35  revo
aldono de trd sk per skripto de M. von Laer

Revision 1.17  2010/10/27 16:30:39  revo
Antonio Codazzi: +trd

Revision 1.16  2008/05/27 16:30:28  revo
Sebastian Cyprych: +trd pl

Revision 1.15  2003/10/30 17:32:05  revo
Dmitri Gabinski: +trd be

Revision 1.14  2003/02/15 17:33:11  revo
Ulrich Fellmann: + 3 trd de

Revision 1.13  2003/01/27 17:31:29  revo
-->
</vortaro>
