<?xml version="1.0"?>
<!DOCTYPE vortaro SYSTEM "../dtd/vokoxml.dtd">

<vortaro>
<art mrk="$Id: akut.xml,v 1.31 2016/03/18 23:10:29 revo Exp $">
<kap>
  <ofc>2</ofc>
  <rad>akut</rad>/a <fnt><bib>PV</bib></fnt>
</kap>

<drv mrk="akut.0a">
  <kap><tld/>a</kap>
  <snc mrk="akut.0a.angulo">
    <uzo tip="fak">MAT</uzo>
    <fnt><bib>MatTerm</bib><lok>p. 26</lok></fnt>
    <dif>
      <klr>(pri <ref cel="angul.0o.figuro">angulo</ref>)</klr>
      Malpli granda ol <ref cel="ort.0o">orto</ref>:
      <ekz>
        ajna triangulo havas almena&ubreve; du <tld/>ajn angulojn.
      </ekz>
    </dif>
    <ref tip="sin" cel="akr.0a.akuta">akra<sncref/></ref>
    <refgrp tip="ant">
      <ref cel="obtuz.0a.angulo">obtuza</ref>,
      <ref cel="akut.mal0a.angulo">mal<tld/>a</ref>.
    </refgrp>
    <trd lng="be">&c_v;&c_o;&c_s;&c_t;&c_r;&c_y;</trd>
    <trd lng="de">spitz</trd>
    <trd lng="en">acute</trd>
    <trd lng="es">agudo</trd>
    <trd lng="fr"><klr tip="ind">(angle) </klr><ind>aigu</ind></trd>
    <trd lng="hu">hegyes-<klr tip="ind"> (sz&ouml;g)</klr></trd>
    <trd lng="nl">scherp</trd>
    <trd lng="pl"><klr tip="ind">(k&aogonek;t) </klr>ostry</trd>
    <trd lng="pt">agudo</trd>
    <trd lng="ru">&c_o;&c_s;&c_t;&c_r;&c_y;&c_j;</trd>
    <trd lng="sk">ostr&yacute;</trd>
  </snc>
  <snc mrk="akut.0a.malsano">
    <uzo tip="fak">MED</uzo>
    <uzo tip="klr">(pri malsano)</uzo>
    <dif>
      Prezentanta fortajn simptomojn, rapide gravi&gcirc;anta:
      <ekz>
        li suferas <tld/>an ftizon.
      </ekz>
    </dif>
    <ref tip="sin" cel="akr.0a.vigla">akra<sncref/></ref>
    <trd lng="be">&c_v;&c_o;&c_s;&c_t;&c_r;&c_y;</trd>
    <trd lng="de">akut</trd>
    <trd lng="en">acute</trd>
    <trd lng="es">agudo</trd>
    <trdgrp lng="fr">
      <trd>aigu</trd>,
      <trd>virulent</trd>
    </trdgrp>
    <trdgrp lng="hu">
      <trd>heveny</trd>,
      <trd>akut</trd>
    </trdgrp>
    <trd lng="nl">acuut</trd>
    <trd lng="pt">agudo</trd>
    <trd lng="ru">&c_o;&c_s;&c_t;&c_r;&c_y;&c_j;</trd>
    <trd lng="sk">ak&uacute;tny</trd>
  </snc>
  <snc mrk="akut.0a.FON">
    <uzo tip="fak">FON</uzo>
    <dif>
      En lingvoj kun muzika a&ubreve; tona
      <ref tip="malprt" cel="akcent.0o.FON">akcento</ref>,
      karakterizanta sonojn prononcatajn en relative pli alta
      a&ubreve; alti&gcirc;anta tono:
      <ekz>
        <tld/>a vokalo;
      </ekz>
      <ekz>
        <tld/>a tono;
      </ekz>
      <ekz>
        <tld/>a intonacio.
      </ekz>
    </dif>
    <rim num="1">
      Malnovgrekaj gramatikistoj elpensis la manieron marki la
      <tld/>an akcenton per speciala diakritilo (la dekstra
      korno); en kelkaj lingvoj oni uzas la misterminon
      <ctl><tld/>a akcento</ctl> por nomi la samforman supersignon
      anka&ubreve; por la okazoj, kie temas nek pri akcento, nek pri tono.
      Tio estas evitinda en Esperanto.
    </rim>
    <rim num="2">
      En lingvoscienco la termino <ctl><tld/>a</ctl> estas uzata
      tre diverse kaj konfuze; ekzemple la historia <tld/>a akcento en
      la lingvo litova &scirc;an&gcirc;i&gcirc;is en sian malon; simile, en la
      sveda oni nomas <ctl><tld/>a</ctl> postakcentan tonon
      relative pli malaltan, ktp.
    </rim>
    <trd lng="be">&c_r;&c_e;&c_z;&c_k;&c_ib;</trd>
    <trd lng="de">durchdringend</trd>
    <trd lng="en">penetrating</trd>
    <trd lng="es">agudo</trd>
    <trd lng="fr">aigu</trd>
    <trd lng="hu">&eacute;les</trd>
    <trd lng="nl">scherp</trd>
    <trd lng="pt">agudo</trd>
    <trd lng="ru">&c_a;&c_k;&c_u;&c_t;&c_o;&c_v;&c_y;&c_j;</trd>
  </snc>
  <snc mrk="akut.0a.penetranta">
    <uzo tip="stl">EVI</uzo>
    <uzo tip="stl">RAR</uzo>
    <dif>
      <ref tip="dif" cel="akr.0a.penetranta">Akra<sncref/></ref>:
      <ekz>
        <tld/>a observado.
      </ekz>
    </dif>
    <!-- sencon evitindan prefere ne traduku -->
    <trd lng="be">&c_v;&c_o;&c_s;&c_t;&c_r;&c_y;</trd>
    <trd lng="es">agudo</trd>
    <trd lng="hu">&eacute;les<klr tip="ind"> (&aacute;tv.)</klr></trd>
    <trd lng="nl">scherp</trd>
    <trd lng="pt">agu&ccedil;ado</trd>
    <trdgrp lng="ru">
      <trd>&c_p;&c_r;&c_o;&c_n;&c_i;&c_c;&c_a;&c_t;&c_je;&c_l;&c_mol;&c_n;&c_y;&c_j;</trd>,
      <trd>&c_o;&c_s;&c_t;&c_r;&c_y;&c_j;</trd>
    </trdgrp>
  </snc>
  <trdgrp lng="cs">
    <trd>akutn&iacute;</trd>,
    <trd>ostr&yacute;</trd>,
    <trd>prudk&yacute;</trd>
  </trdgrp>
  <trdgrp lng="sk">
    <trd>ostr&yacute;, prudk&yacute;, ak&uacute;tny</trd>,
    <trd>prudk&yacute;</trd>
  </trdgrp>
</drv>

<drv mrk="akut.mal0a">
  <kap>mal<tld/>a</kap>
  <uzo tip="fak">MAT</uzo>
  <fnt><bib>MatTerm</bib><lok>p. 26</lok></fnt>
  <snc mrk="akut.mal0a.angulo">
    <ref tip="dif" cel="obtuz.0a.angulo">obtuza.</ref>
    <trd lng="be">&c_t;&c_u;&c_p;&c_y;</trd>
    <trd lng="de">stumpf</trd>
    <trd lng="en">obtuse</trd>
    <trd lng="fr"><klr tip="ind">(angle) </klr><ind>obtus</ind></trd>
    <trd lng="hu">tompa-<klr tip="ind"> (sz&ouml;g)</klr></trd>
    <trd lng="nl">stomp</trd>
    <trd lng="pl"><klr tip="ind">(k&aogonek;t) </klr>rozwarty</trd>
    <trd lng="pt">obtuso</trd>
    <trd lng="ru">&c_t;&c_u;&c_p;&c_o;&c_j;</trd>
  </snc>
  <trdgrp lng="fr">
    <trd>&eacute;mouss&eacute;</trd>,
    <trd>obtus</trd>
  </trdgrp>
  <trdgrp lng="cs">
    <trd>nejasn&yacute;</trd>,
    <trd>nez&rcaron;eteln&yacute;</trd>,
    <trd>tup&yacute;</trd>
  </trdgrp>
  <trdgrp lng="sk">
    <trd>nejasn&yacute;</trd>,
    <trd>nezrete&lcaron;n&yacute;</trd>,
    <trd>tup&yacute;</trd>
  </trdgrp>
</drv>
</art>
<!--
$Log: akut.xml,v $
Revision 1.31  2016/03/18 23:10:29  revo
Jeromo Vasxe: + kk trd fr

Revision 1.30  2015/07/04 08:37:30  revo
aldono de trd cs per skripto de M. von Laer

Revision 1.29  2015/06/29 16:39:29  revo
aldono de trd sk per skripto de M. von Laer

Revision 1.28  2015/06/28 12:03:35  revo
aldono de trd sk per skripto de M. von Laer

Revision 1.27  2008/09/26 16:30:26  revo
Sergio Pokrovskij: dif; rim; TEZ

Revision 1.26  2005/07/07 16:32:51  revo
Yury Finkel: +trd ru, sncref

Revision 1.25  2004/05/18 16:32:10  revo
Dmitri Gabinski: +trd be

Revision 1.24  2003/02/15 17:33:23  revo
-->
</vortaro>
