<?xml version="1.0"?>
<!DOCTYPE vortaro SYSTEM "../dtd/vokoxml.dtd">

<vortaro>
  <art mrk="$Id: akuzat.xml,v 1.42 2017/05/25 22:10:17 revo Exp $">
    <kap>
      <ofc>*</ofc>
      <rad>akuzativ</rad>/o
    </kap>

    <drv mrk="akuzat.0o">
      <kap><ofc>*</ofc><tld/>o</kap>
      <uzo tip="fak">GRA</uzo>
      <dif>
        <ref tip="super" cel="kaz.0o.GRA">Kazo</ref> signata en
        Esperanto per la fina&jcirc;o <em>-n</em> kaj indikanta:
      </dif>
      <snc>
        <dif>
          Objekton (rektan komplementon de verbo) &ccirc;e substantivo,
          adjektivo, pronomo:
          <ekz>
            mi batas Aleksandron<fnt><bib>F</bib></fnt>;
          </ekz><ekz>
            la patro donis al mi dol&ccirc;an pomon<fnt><bib>F</bib></fnt>;
          </ekz><ekz>
            Jen estas la pomo, kiun mi trovis<fnt><bib>F</bib></fnt>.
          </ekz>
        </dif>
        <ref tip="vid" cel="transi1.0a">transitiva</ref>
        <rim>
        Apud izolita <tld/>igita vorto, kiel &leftquot;saluton!&rightquot;, &leftquot;gratulon!&rightquot;,
        &leftquot;dankon!&rightquot; 
        ktp., la frazparto &leftquot;(mi <ref tip="dif"
        cel="dezir.0i.alIu">deziras</ref> al vi)&rightquot; estas subkomprenita
        kaj forlasita.
        </rim>
      </snc>
      <snc>
      <dif>
          Direkton 
          </dif>
          <subsnc>
          <dif>
          kaj celon post la prepozicioj allasantaj &ccirc;i tiun
          signifon:
          <ekz>
            meti mantelon sur sin;
          </ekz><ekz>
            la muso kuris sub la liton<fnt>Z</fnt>;
          </ekz><ekz>
            la hirundo flugis trans la riveron<fnt>Z</fnt>;
          </ekz><ekz>
            mi voja&gcirc;as en Hispanujon<fnt><bib>F</bib>, <lok>&FE;
            26</lok></fnt>;
          </ekz><ekz>
            preni sur sin iun taskon<fnt>Z</fnt>.
          </ekz>
        </dif>
        <rim>
          Oni ne uzas <tld/>on post prepozicio signifanta per si mem
          almovon
          kiel <em>al</em>, <em>el</em>, <em>&gcirc;is</em>, <em>de</em>.
        </rim>
        </subsnc>
        <subsnc>
        <dif>
        &ccirc;e adverbo kaj iuj tabelvortoj:
        <ekz>
        tra la malgrandaj fenestroj oni povis rigardi internen en la
        salonojn<fnt><bib>Fab1</bib></fnt>;
        </ekz>
        <ekz>
        kien vi iras? Tien<fnt><bib>F</bib></fnt><klr> (= al tiu
        loko)</klr>;
        </ekz>
        <ekz>
         dum la irado hejmen<fnt>Z</fnt><klr> (= al hejmo)</klr>;
        </ekz>
        <ekz>
        ni veturas Romen<klr> (= ni veturas al Romo, = ni veturas
        Romon)</klr>;
        </ekz>
        <ekz>
        la pendolo &ccirc;e la granda horlo&gcirc;o iradis tien kaj
        reen<fnt><bib>Fab2</bib></fnt>.
        </ekz>
        </dif>
        </subsnc>
      </snc>
      <snc>
        <dif>
          Tempopunkton, &ccirc;e kiu &gcirc;i anstata&ubreve;as prepozicion:
          <ekz>
            unu tagon estis forta pluvo<fnt><bib>Fab1</bib></fnt>
            <klr> (= en unu tago ...)</klr>;
          </ekz><ekz>
            mi promenis la tutan tagon<fnt>Z</fnt><klr> (= ... dum la
            tuta tago)</klr>;
          </ekz><ekz>
            merkredon mi kantos, kaj, se vi havas tempon, mi sendos al
            vi bileton<fnt><bib>Fab3</bib></fnt><klr> (= je merkredo mi
            kantos ...)</klr>;
          </ekz><ekz>
          Georgo Va&scirc;ington estis naskita la dudek duan de Februaro de la
          jaro mil sepcent tridek dua<fnt><bib>F</bib></fnt><klr> (= en
          la dudek dua tago de Februaro...)</klr>.
          </ekz>
        </dif>
        <rim>
        En hor-esprimoj oni uzu "je", precipe se la vorto horo estas
        forlasita, por ne konfuzi horon kun dato: <ekz>tio okazis la
        dekan</ekz> (= tio okazis en la deka tago de la monato);
        <ekz>tio okazis je la deka</ekz> (= tio okazis je la deka horo
        de la tago)<fnt><bib>PMEG</bib></fnt>.
        </rim>
      </snc>
       <snc>
        <dif>
         Mezuron
        </dif>
         <subsnc>
          <dif>
           tempan:
           <ekz>
            tiu &ccirc;i malfeli&ccirc;a infano devis du fojojn en &ccirc;iu tago iri
            &ccirc;erpi akvon en tre malproksima loko<fnt><bib>F</bib></fnt>
            <klr> (= ... je du fojoj ...)</klr>;
           </ekz>
           <ekz>
           &scirc;i a&gcirc;is tridek jarojn;
           </ekz>
           <ekz>
           mi veturis du tagojn kaj unu nokton<fnt><bib>F</bib></fnt>
           <klr> (= ... dum du tagoj kaj unu nokto)</klr>.
           </ekz>
          </dif>
         </subsnc>
         <subsnc>
          <dif>
           diversan:
           <ekz>
            kvar metroj da tiu &ccirc;i &scirc;tofo kostas na&ubreve;
            frankojn<fnt><bib>F</bib></fnt>;
           </ekz>
           <ekz>
           la vojo lar&gcirc;is dudek metrojn a&ubreve; iom pli<klr> (= ... je dudek
           metroj...)</klr>;
           </ekz>
           <ekz>
           vi devas kuri pli ol cent mejlojn<fnt><bib>Fab2</bib></fnt>.
           </ekz>
          </dif>
         </subsnc>
       </snc>
       <snc>
       <dif>
       Anstata&ubreve;on de la prepozicio "je", se oni timas nenian dusenca&jcirc;on:
       <ekz>
       ekzemple en la esprimo mi kontenti&gcirc;as tion &ccirc;i<klr> (=mi
       kontenti&gcirc;as je tio &ccirc;i)</klr><fnt><bib>LR</bib>, <lok> La
       Esperantisto, 1892, p.62</lok></fnt>.
       </ekz>
       </dif>
       </snc>
       <snc>
       <uzo tip="stl">EVI</uzo>
       <dif>
       Anstata&ubreve;on de la prepozicio "kun":
       <ekz> oni pendigis lin kapon malsupren<fnt>Z</fnt><klr> (= oni
       pendigis lin kun la kapo malsupren)</klr>.
       </ekz>
       </dif>
       </snc>
       <rim num="1">
       Z. atentigas, ke "la <tld/>o en nia lingvo neniam dependas de la
       anta&ubreve;iranta prepozicio (&ccirc;ar la prepozicioj per si mem neniam
       postulas &ccirc;e ni la <tld/>on), sed nur de la
       senco<fnt><bib>LR</bib>,
       <lok>La Esperantisto, 1892, p.62</lok></fnt>".
       </rim>
       <rim num="2">
          Mallogike kaj malkonsilinde estas anstata&ubreve;igi per <tld/>o
          prepozicion, kiu havas sencon kontra&ubreve;an al la funda kaj esenca
          senco de <tld/>o, kaj kiu signifas  formovon, malproksimigon,
          deiron,
          eliron kiel: <em>el</em>, <em>de</em>, <em>ekster</em>. Diru
          <ekz>
            eliri el urbo,</ekz> ne
          <ekz>
            *eliri urbon*.</ekz>
        </rim>
        <rim num="3">
          Oni renkontas kelkfoje &ccirc;e Slavoj kaj &ccirc;e Zamenhof mem,
          e&ccirc; en liaj plej lastdataj  verkoj, nekutiman uzon de
          <tld/>o por montri la komplementon  de substantivo
          signifanta
          agon kaj devenanta de transitiva  verbo:
          <ekz>
            la <tld/>o estas enkondukita el neceso, sed
            la uzado <em>&gcirc;in</em> en okazo de senbezono pli multe
            malbeligas
            la lingvon ol la neuzado en okazo el de bezono<fnt>Z</fnt>;
          </ekz><ekz>
            la Ligo havas la celon zorgadi pri la disvastigado kaj
            enkondukado en la tuta mondo unu <em>ne&ubreve;tralan
              lingvon</em><fnt>Z</fnt>;
          </ekz><ekz>
            akceptu mian koran dankon por la elekto <em>min</em> kiel
            honoran
            membron<fnt>Z</fnt>;
          </ekz><ekz>
            la infanoj mortus de soifo, se la patrinoj ne trinkigadus
            ilin per enver&scirc;ado al ili <em>akvon</em> en la bu&scirc;on el sia
            propra bu&scirc;o<fnt>K</fnt>;
          </ekz><ekz>
            operacio konsistanta en farado de truo en la stomako kaj
            fermado <em>&gcirc;in</em> poste per vitro<fnt>K</fnt>;
          </ekz><ekz>
            la konstanta alkalkulado sin al ia speciala gento
            anstata&ubreve; al la  komuna nacio de la lando forte subtenas la
            gentan &scirc;ovinismon kaj malpacon inter la
            samlandanoj<sup>Z</sup>.
          </ekz>
          Kvankam teorie pravigebla kaj kelkfoje
          oportuna, &ccirc;i tiu konstruo ne estas konsilinda. Oni prefere uzu
          anstata&ubreve; <tld/>o la prepoziciojn <em>al</em> a&ubreve;
          <em>je</em>, kiuj liveras anka&ubreve; ta&ubreve;gan rimedon por
          ebligi la eviton je la dubasenceco de la prepozicio
          <em>de</em>.
        </rim>
      <trd lng="be">&c_v;&c_ib;&c_n;&c_a;&c_v;&c_a;&c_l;&c_mol;&c_n;&c_y;
&c_s;&c_k;&c_l;&c_o;&c_n;</trd>
      <trdgrp lng="br">
        <trd>akuzativ</trd>,
        <trd>tro-damall</trd>
      </trdgrp>
      <trdgrp lng="de">
        <trd>Akkusativ</trd>,
        <trd>Wenfall</trd>,
        <trd>Objektkasus</trd>,
        <trd>vierter Fall</trd>
      </trdgrp>
      <trd lng="el">&alfa;&jota;&tau;&jota;&alfa;&tau;&jota;&kappa;&eta_ton;</trd>
      <trd lng="en">accusative</trd>
      <trd lng="es">acusativo</trd>
      <trdgrp lng="fr">
        <trd>accusatif</trd>,
        <trd>C.O.D.</trd>,
        <trd>COD</trd>
      </trdgrp>
      <trd lng="fy">akkusatyf</trd>
      <trd lng="io">akuzativo</trd>
      <trd lng="nl">accusatief</trd>
      <trd lng="pl">biernik</trd>
      <trd lng="pt">acusativo</trd>
      <trd lng="ro">acuzativ</trd>
      <trd lng="ru">&c_v;&c_i;&c_n;&c_i;&c_t;&c_je;&c_l;&c_mol;&c_n;&c_y;&c_j; &c_p;&c_a;&c_d;&c_je;&c_zh;</trd>
      <trdgrp lng="sk">
        <trd>akuzat&iacute;v</trd>,
        <trd>4. <ind>p&aacute;d</ind></trd>
      </trdgrp>
      <trd lng="sv">ackusativ</trd>
      <trd lng="sk">akuzat&iacute;v, 4. p&aacute;d</trd>
      <trd lng="vo">kusatif</trd>
      <trdgrp lng="cs">
        <trd>akuzativ</trd>,
        <trd>&ccaron;tvrt&yacute; p&aacute;d</trd>
      </trdgrp>
    </drv>
  </art>
  <!--
  $Log: akuzat.xml,v $
  Revision 1.42  2017/05/25 22:10:17  revo
  Vito Redsky: trd pl+trd ro

  Revision 1.41  2016/11/20 02:10:15  revo
  Robin van der Vliet: +trd fy, io, vo

  Revision 1.40  2016/08/08 07:10:22  revo
  Damien Brucker: +ref

  Revision 1.39  2015/07/04 08:37:30  revo
  aldono de trd cs per skripto de M. von Laer

  Revision 1.38  2015/06/29 16:39:29  revo
  aldono de trd sk per skripto de M. von Laer

  Revision 1.37  2015/06/28 12:03:35  revo
  aldono de trd sk per skripto de M. von Laer

  Revision 1.36  2014/05/23 07:10:18  revo
  Damien Brucker: +rim 3

  Revision 1.35  2014/05/13 09:10:14  revo
  Damien Brucker: +snc 5

  Revision 1.34  2014/05/12 16:10:15  revo
  Damien Brucker: +klr

  Revision 1.33  2014/05/12 15:10:12  revo
  Damien Brucker: +*

  Revision 1.32  2014/04/02 20:10:18  revo
  Damien Brucker: +trd fr

  Revision 1.31  2014/04/01 14:10:23  revo
  Damien Brucker: +ref

  Revision 1.30  2014/04/01 07:10:17  revo
  Damien Brucker: -tajperaro

  Revision 1.29  2014/03/31 20:10:20  revo
  Damien Brucker: aldono

  Revision 1.28  2014/02/28 16:10:13  revo
  Damien Brucker: reverko de la difino kaj aldono

  Revision 1.27  2014/02/10 16:10:11  revo
  Damien Brucker: +rim

  Revision 1.26  2013/10/10 08:10:10  revo
  Damien Brucker: Aldono de el cxe rimarko

  Revision 1.25  2012/03/01 10:10:10  revo
  Glavkos Xaon: greka defino de la vorto

  Revision 1.24  2005/08/05 16:31:14  revo
  Sergio Pokrovskij: TEZ

  Revision 1.23  2005/02/25 17:33:23  revo
  Alan ar Gall: +trd br

  Revision 1.22  2004/01/13 18:59:33  revo
  Jeromo Vasxe: + bib fundamento en ekz

  Revision 1.21  2002/11/18 17:35:03  revo
  Zmicier Lapcionak: kor trd bel

  Revision 1.20  2002/11/16 17:31:56  revo
  Zmicier Lapcionak: + trd be

  Revision 1.19  2002/10/23 20:37:31  revo
  aktualigo de malnovaj fnt-indikoj enkondukante <bib>

  Revision 1.18  2002/10/08 17:55:58  revo
  Viliam Bur: memkor

  Revision 1.17  2002/09/07 17:36:38  revo
  Viliam Bur: +sk trd

  Revision 1.16  2002/01/08 20:23:39  revo
  -->
</vortaro>
