<?xml version="1.0"?>

<!DOCTYPE vortaro SYSTEM "../dtd/vokoxml.dtd">

<vortaro>
<art mrk="$Id: akuz.xml,v 1.23 2017/11/28 03:10:12 revo Exp $">
<kap>
  <ofc>3</ofc>
  <rad>akuz</rad>/i <fnt><bib>PV</bib></fnt>
</kap>
<drv mrk="akuz.0i">
  <kap><tld/>i</kap>
  <gra><vspec>tr</vspec></gra>
  <snc mrk="akuz.0i.JUR">
    <uzo tip="fak">JUR</uzo>
    <dif>
      Aserti iun kulpa pri io:
      <ekz>
        <tld/>i iun pri sendankemo;
      </ekz>
      <ekz>
        &ccirc;iu <tld/>ato ne estas kulpulo.
      </ekz>
    </dif>
  </snc>
  <trd lng="be">&c_a;&c_b;&c_v;&c_ib;&c_n;&c_a;&c_v;&c_a;&c_ch;&c_v;&c_a;&c_c;&c_mol;</trd>
  <trd lng="br">tamall<klr tip="ind"> (v.)</klr></trd>
  <trd lng="cs">ob&zcaron;alovat <klr>(n&ecaron;koho pro n&ecaron;co / z n&ecaron;&ccaron;eho)</klr></trd>
  <trdgrp lng="de">
    <trd>anklagen</trd>,
    <trd>beschuldigen</trd>
  </trdgrp>
  <trd lng="en">accuse</trd>
  <trd lng="es">acusar</trd>
  <trd lng="fa">&a_m;&a_t;&a_h;&a_m; &f_k;&a_r;&a_d;&a_n;</trd>
  <trd lng="fr">accuser</trd>
  <trd lng="hu">v&aacute;dol</trd>
  <trd lng="it">accusare</trd>
  <trd lng="nl">beschuldigen</trd>
  <trdgrp lng="pl">
    <trd>oskar&zdot;a&cacute;</trd>,
    <trd>wini&cacute;</trd>
  </trdgrp>
  <trdgrp lng="pt">
    <trd>acusar</trd>,
    <trd>incriminar</trd>
  </trdgrp>
  <trd lng="ru">&c_o;&c_b;&c_v;&c_i;&c_n;&c_ja;&c_t;&c_mol;</trd>
  <trdgrp lng="sk">
    <trd>obvini&tcaron;</trd>,
    <trd>obvi&ncaron;ova&tcaron;</trd>,
    <trd>za&zcaron;alova&tcaron;</trd>
  </trdgrp>
</drv>

<drv mrk="akuz.0ajxo">
  <kap><tld/>a&jcirc;o, <var><kap><tld/>o</kap></var></kap>
  <snc mrk="akuz.0ajxo.JUR">
    <dif>
      Io, pri kio oni akuzas iun:
      <ekz>
        li devas respondi pri tri malsamaj <tld/>a&jcirc;oj.
      </ekz>
    </dif>
  </snc>
  <trd lng="be">&c_a;&c_b;&c_v;&c_ib;&c_n;&c_a;&c_v;&c_a;&c_ch;&c_v;&c_a;&c_n;&c_mol;&c_n;&c_je;</trd>
  <trd lng="br">tamall<klr tip="ind"> (ak.)</klr></trd>
  <trdgrp lng="cs">
    <trd>ob&zcaron;alov&aacute;n&iacute;</trd>,
    <trd>&zcaron;alov&aacute;n&iacute;</trd>
  </trdgrp>
  <trdgrp lng="de">
    <trd>Anklage</trd>,
    <trd>Beschuldigung</trd>
  </trdgrp>
  <trdgrp lng="en">
    <trd>charge</trd>,
    <trd>accusation</trd>
  </trdgrp>
  <trd lng="es">acusaci&oacute;n</trd>
  <trd lng="fa">&a_A;&a_t;&a_h;&a_A;&a_m;</trd>
  <trd lng="fr">accusation</trd>
  <trd lng="hu">v&aacute;d</trd>
  <trd lng="it">accusa</trd>
  <trd lng="nl">beschuldiging</trd>
  <trdgrp lng="pl">
    <trd>oskar&zdot;enie</trd>,
    <trd>pow&oacute;dztwo</trd>
  </trdgrp>
  <trd lng="pt">acusa&ccedil;&atilde;o</trd>
  <trd lng="ro">acuza&tcedil;ie</trd>
  <trd lng="ru">&c_o;&c_b;&c_v;&c_i;&c_n;&c_je;&c_n;&c_i;&c_je;</trd>
  <trdgrp lng="sk">
    <trd>obvinenie</trd>,
    <trd>ob&zcaron;aloba</trd>,
    <trd>&zcaron;alovanie</trd>
  </trdgrp>
</drv>
</art>
<!--

$Log: akuz.xml,v $
Revision 1.23  2017/11/28 03:10:12  revo
Vito Redsky: +trd ro +trd pl

Revision 1.22  2015/07/04 08:37:30  revo
aldono de trd cs per skripto de M. von Laer

Revision 1.21  2015/06/28 12:03:35  revo
aldono de trd sk per skripto de M. von Laer

Revision 1.20  2010/08/29 16:30:19  revo
Jeromo Vasxe: - kramp

Revision 1.19 2009/11/28 17:31:09 revo
Behnam Tabatabai: +trd fa

Revision 1.18 2006/07/18 16:31:11 revo
Eduardo Navas: +trd es

Revision 1.17 2005/02/26 17:31:37 revo
Alan ar Gall: +trd br
Revision 1.16 2003/02/15 17:33:22 revo

-->

</vortaro>
