<?xml version="1.0"?>
<!DOCTYPE vortaro SYSTEM "../dtd/vokoxml.dtd">

<vortaro>
<art mrk="$Id: akvari.xml,v 1.20 2019/01/25 18:10:17 revo Exp $">
<kap>
  <ofc>1</ofc>
  <rad>akvari</rad>/o
</kap>
<drv mrk="akvari.0o">
  <kap><tld/>o</kap>
  <snc>
    <dif>
      Akvujo, &gcirc;enerale vitra, por akvaj vegeta&jcirc;oj kaj
      <ref tip="prt" cel="fisx.0o">fi&scirc;oj</ref>:
      <ekz>
        anka&ubreve; &scirc;arko en <tld/>o povas esti dan&gcirc;era
        <fnt>
          <bib>Monato</bib>
          <aut>last</aut>
          <vrk><url ref="https://www.monato.net/2007/009350.php">&Scirc;arko-&scirc;oko</url></vrk>
        </fnt>;
      </ekz>
      <ekz>
        Monako estas eta princlando sude de Francio, kiu tradicie vivas el bankoj,
        kazino kaj turismo (fame konataj estas la kakta &gcirc;ardeno kaj la <tld/>o)
        <fnt>
          <bib>Monato</bib>
          <aut>Ren&eacute;e Triolle</aut>
          <vrk><url ref="https://www.monato.net/2006/008835.php">500 &ccirc;efverkoj en Monako</url></vrk>
        </fnt>;
      </ekz>
      <ekz>
        en la &ccirc;efurbo Numeo oni nepre vizitu la <tld/>on, kiu unua en la mondo prezentas
        fosforeskajn koralojn
        <fnt>
          <bib>Monato</bib>
          <aut>G&eacute;rard Mansel</aut>
          <vrk><url ref="https://www.monato.net/2014/011366.php">&Ccirc;arma insulo en Pacifiko</url></vrk>
        </fnt>.
      </ekz>
    </dif>
  </snc>
  <trd lng="be">&c_a;&c_k;&c_v;&c_a;&c_r;&c_y;&c_ju;&c_m;</trd>
  <trdgrp lng="ca">
    <trd>aquari</trd>,
    <trd>aqu&agrave;rium</trd>
  </trdgrp>
  <trd lng="cs">akv&aacute;rium</trd>
  <trd lng="de">Aquarium</trd>
  <trdgrp lng="en">
    <trd>aquarium</trd>,
    <trd>fish tank</trd>
  </trdgrp>
  <trd lng="es">acuario</trd>
  <trdgrp lng="fa">
    <trd>&a_A_madda;&f_k;&a_w;&a_A;&a_r;&f_y;&a_w;&a_m;</trd>,
    <trd>&a_A_madda;&a_b;&a_z;&f_y;&a_d;&a_A;&a_n;</trd>
  </trdgrp>
  <trd lng="fr">aquarium</trd>
  <trd lng="hu">akv&aacute;rium</trd>
  <trd lng="it">acquario</trd>
  <trd lng="nl">aquarium</trd>
  <trd lng="pl">akwarium</trd>
  <trd lng="pt">aqu&aacute;rio</trd>
  <trd lng="ru">&c_a;&c_k;&c_v;&c_a;&c_r;&c_i;&c_u;&c_m;</trd>
  <trd lng="sk">akv&aacute;rium</trd>
</drv>
</art>
<!--
$Log: akvari.xml,v $
Revision 1.20  2019/01/25 18:10:17  revo
Wolfram Diestel: +ekz-oj

Revision 1.19  2015/07/04 08:37:30  revo
aldono de trd cs per skripto de M. von Laer

Revision 1.18  2012/08/13 20:10:29  revo
Marc Rausell: + trd ca

Revision 1.17  2010/05/08 16:30:29  revo
Antonio Codazzi: +trd it

Revision 1.16  2010/05/04 16:30:41  revo
Behnam Tabatabai: +trd fa

Revision 1.15  2008/11/07 17:30:48  revo
Sebastian Cyprych: +trd pl

Revision 1.14  2003/10/30 17:32:08  revo
Dmitri Gabinski: +trd be

Revision 1.13  2002/11/04 17:31:06  revo
-->
</vortaro>
