<?xml version="1.0"?>
<!DOCTYPE vortaro SYSTEM "../dtd/vokoxml.dtd">

<vortaro>
<art mrk="$Id: akvafo.xml,v 1.16 2018/08/25 22:10:14 revo Exp $">
<kap>
  <ofc>4</ofc>
  <rad>akvafort</rad>/o <fnt>Z</fnt> <fnt><bib>PV</bib></fnt>
</kap>
<drv mrk="akvafo.0o">
  <kap><tld/>o</kap>
  <snc mrk="akvafo.0o.BELA">
    <uzo tip="fak">BELA</uzo>
    <dif>
      Gravura procedo per acido mordanta metalan surfacon.
    </dif>
    <trd lng="es">agua fuerte</trd>
  </snc>
  <snc mrk="akvafo.0o.verko">
    <dif>
      <tld lit="A"/>a&jcirc;o, verko farita per <tld/>a procedo:
      <ekz>
        &ccirc;ion, kion li posedis, li elspezis por <tld/>oj,
        da kiuj li havis plenan paperujon en fundo de sia
        &scirc;ranko
        <fnt>
          <aut>H. Sienkiewicz, trad. Lidja Zamenhof</aut>,
          <vrk><url
          ref="https://eduinf.waw.pl/esp/lern/librejo/0044/index.php">
          Lux in tenebris lucet</url></vrk>,
          <lok>en: Noveloj, 1925</lok>
        </fnt>.
      </ekz>
    </dif>
      <trd lng="es">aguafuerte</trd>
  </snc>
  <trd lng="be">&c_a;&c_f;&c_o;&c_r;&c_t;</trd>
  <trd lng="ca">aiguafort</trd>
  <trd lng="cs">lept</trd>
  <trd lng="fr">eau-forte</trd>
  <trd lng="it">acquaforte</trd>
  <trd lng="pt">&aacute;gua-forte</trd>
  <trd lng="ru">&c_o;&c_f;&c_o;&c_r;&c_t;</trd>
  <trd lng="sk">lept</trd>
</drv>
</art>
<!--
$Log: akvafo.xml,v $
Revision 1.16  2018/08/25 22:10:14  revo
Jeromo Vasxe: + ekz

Revision 1.15  2015/07/04 08:37:30  revo
aldono de trd cs per skripto de M. von Laer

Revision 1.14  2015/03/10 17:10:15  revo
Carlos Garcia: +trd es -o

Revision 1.13  2010/05/24 16:30:33  revo
Antonio Codazzi: +trd it

Revision 1.12  2006/04/24 19:06:09  revo
Jeromo Vasxe: 2 snc arto/verko, + fak bela

Revision 1.11 2005/04/04 16:36:36 revo
Raul Salinas Monteagudo: +trd ca,es

Revision 1.10 2004/05/18 16:32:12 revo
Dmitri Gabinski: +trd be

Revision 1.9 2003/05/18 18:00:12 revo
-->
</vortaro>
