<?xml version="1.0"?>
<!DOCTYPE vortaro SYSTEM "../dtd/vokoxml.dtd">

<vortaro>
<art mrk="$Id: akvamarin.xml,v 1.10 2015/07/04 08:37:30 revo Exp $">
<kap>
  <rad>akvamarin</rad>/o <fnt><bib>PIV1</bib></fnt>
</kap>
<drv mrk="akvamarin.0o">
  <kap><tld/>o</kap>
  <snc mrk="akvamarin.0o.MIN">
    <uzo tip="fak">MIN</uzo>
    <dif>
      <ref tip="super" cel="sxton.juvel0o.MIN">Juvel&scirc;tono</ref>, 
      diafana <ref tip="super" cel="beril.0o.MIN">berilo</ref>
      kun koloro marakva, tio estas varianta de helblua &gcirc;is verdablua:
      <ekz>
        al la plej valoraj juveloj apartenas <klr>...</klr> varia&jcirc;oj de
        berilo <klr>...</klr> smeraldo, <tld/>o, krizolito
        <fnt>
        <aut>Galina Beliakova</aut>,
        <vrk><url
        ref="http://www.linabel.de/Gem/Eo/Gemmologie800_eo.html">gemologio</url></vrk>,
        <lok>[vidita je 2006-02-17]</lok>
        </fnt>.
      </ekz>
    </dif>
  </snc>
  <trd lng="be">&c_a;&c_k;&c_v;&c_a;&c_m;&c_a;&c_r;&c_y;&c_n;</trd>
  <trd lng="bg">&c_a;&c_k;&c_v;&c_a;&c_m;&c_a;&c_r;&c_i;&c_n;</trd>
  <trd lng="cs">akvamarín</trd>
  <trd lng="de">Aquamarin</trd>
  <trd lng="en">aquamarine</trd>
  <trd lng="es">aguamarina</trd>
  <trd lng="fa">&a_z;&a_m;&a_r;&a_d; &a_A_madda;&a_b;&f_y;</trd>
  <trd lng="fr">aigue-marine</trd>
  <trd lng="hu">akvamarin</trd>
  <trd lng="it">acquamarina</trd>
  <trd lng="nl">aquamarijn</trd>
  <trd lng="pt">&aacute;gua-marinha</trd>
  <trd lng="sk">akvamarín</trd>
</drv>
</art>

<!--
$Log: akvamarin.xml,v $
Revision 1.10  2015/07/04 08:37:30  revo
aldono de trd cs per skripto de M. von Laer

Revision 1.9  2015/06/28 12:03:35  revo
aldono de trd sk per skripto de M. von Laer

Revision 1.8  2013/02/05 17:10:08  revo
Dmitri Gabinski: redakto: +trd be

Revision 1.7  2009/10/03 16:30:30  revo
Paul Peeraerts: +nl +ref

Revision 1.6  2009/06/14 16:31:51  revo
Wieland Pusch: +trd bg

Revision 1.5  2009/05/04 16:31:59  revo
Behnam Tabatabai: +trd fa

Revision 1.4  2008/10/24 16:39:58  revo
Jozefo Horvath: +trd hu

Revision 1.3  2006/03/13 17:31:16  revo
Jeromo Vasxe: kor. ref.

Revision 1.2  2006/03/02 17:31:38  revo
Tulio Flores: +tr pt

Revision 1.1  2006/02/28 17:31:36  revo
-->
</vortaro>
