<?xml version="1.0"?>
<!DOCTYPE vortaro SYSTEM "../dtd/vokoxml.dtd">

<vortaro>
<art mrk="$Id: akvare.xml,v 1.22 2018/06/06 16:10:14 revo Exp $">
<kap>
  <ofc>1</ofc>
  <rad>akvarel</rad>/o <fnt><bib>PV</bib></fnt>
</kap>
<drv mrk="akvare.0o">
  <kap><tld/>o</kap>
  <snc mrk="akvare.0o.KOL">
    <dif>
      Diafana pentra <ref tip="super" cel="farb.0o.KOL">farbo</ref>
      solvebla en akvo kun iom da araba gumo. 
    </dif>
  </snc>
  <snc mrk="akvare.0o.BELA">
    <uzo tip="fak">BELA</uzo>
    <dif>
      Pentra&jcirc;o sur papero farita per <tld/>aj koloriloj:
      <ekz>
        flandra kolekto enhavanta pli ol 1580 naturhistoriajn
        <tld/>ojn<fnt><aut>Johan Van Eenoo</aut>: <vrk>La bru&gcirc;a
        Centuriae
        plantarum rariorum retrovita en Krakovo</vrk>,
        <bib>Monato</bib><lok>jaro 1998a, numero 1a, p. 16a</lok></fnt>.
      </ekz>
    </dif>
  </snc>
  <trd lng="be">&c_a;&c_k;&c_v;&c_a;&c_r;&c_e;&c_l;&c_mol;</trd>
  <trdgrp lng="cs">
    <trd>akvarel</trd>,
    <trd>akvarelov&yacute; obraz</trd>
  </trdgrp>
  <trdgrp lng="de">
     <trd>Aquarell</trd>,
     <trd>Gem&auml;lde in <ind>Wasserfarben</ind></trd>
  </trdgrp>
  <trd lng="en">aquarelle</trd>
  <trd lng="es">acuarela</trd>
  <trd lng="fa">&a_A_madda;&a_b;&a_r;&a_n;&f_g;</trd>
  <trd lng="fr">aquarelle</trd>
  <trd lng="hu">akvarell</trd>
  <trd lng="it">acquarello</trd>
  <trd lng="nl">aquarel</trd>
  <trd lng="pt">aquarela</trd>
  <trd lng="ru">&c_a;&c_k;&c_v;&c_a;&c_r;&c_je;&c_l;&c_mol;</trd>
  <trd lng="sk">akvarel</trd>
  <trd lng="sv">akvarell</trd>
</drv>
</art>
<!--
$Log: akvare.xml,v $
Revision 1.22  2018/06/06 16:10:14  revo
Jeromo Vasxe: + snc farbo

Revision 1.21  2015/07/04 08:37:30  revo
aldono de trd cs per skripto de M. von Laer

Revision 1.20  2010/05/08 16:30:28  revo
Antonio Codazzi: +trd it

Revision 1.19  2010/05/04 16:30:40  revo
Behnam Tabatabai: +trd fa

Revision 1.18  2003/10/30 17:32:07  revo
Dmitri Gabinski: +trd be

Revision 1.17  2003/05/18 18:00:14  revo
Viliam Bur: +trd sk

Revision 1.16  2003/02/15 17:33:20  revo
Ulrich Fellmann: + 2 trd de

Revision 1.15  2002/10/17 16:32:24  revo
-->
</vortaro>
