<?xml version="1.0"?>
<!DOCTYPE vortaro SYSTEM "../dtd/vokoxml.dtd">

<vortaro>
<art mrk="$Id: akvedu.xml,v 1.17 2019/01/28 20:10:33 revo Exp $">
<kap>
  <rad>akvedukt</rad>/o
</kap>
<drv mrk="akvedu.0o">
  <kap><tld/>o</kap>
  <snc>
    <dif>
      Masona&jcirc;a <ref tip="super" cel="konduk.0ilo.tubo">kondukilo</ref>, 
      subtera a&ubreve; surponta, kiu kondukas akvon inter du malproksimaj lokoj:
      <ekz>
        <nom>Canal del Mi&egrave;jorn</nom> posedas pli ol 350 kluzojn, pontojn, <tld/>ojn, inter kiuj
        kelkaj ne estis &scirc;an&gcirc;itaj ekde sia ekesto
        <fnt>
          <bib>Monato</bib>
          <aut>Marc Gassion</aut>
          <vrk><url ref="https://www.monato.net/2003/007934.html"
              >Aude</url></vrk>
        </fnt>.
      </ekz>
    </dif>
  </snc>
  <trdgrp lng="be">
    <trd>&c_a;&c_k;&c_v;&c_e;&c_d;&c_u;&c_k;</trd>,
    <trd>&c_v;&c_a;&c_d;&c_a;&c_p;&c_r;&c_a;&c_v;&c_o;&c_d;</trd>
  </trdgrp>
  <trdgrp lng="cs">
    <trd>akvadukt</trd>,
    <trd>antick&yacute; vodovod</trd>
  </trdgrp>
  <trd lng="de">Aqu&auml;dukt</trd>
  <trd lng="en">aqueduct</trd>
  <trd lng="es">acueducto</trd>
  <trd lng="fr">aqueduc</trd>
  <trd lng="hu">v&iacute;zvezet&eacute;k<klr tip="ind"> (aquaeductus)</klr></trd>
  <trd lng="nl">aquaduct</trd>
  <trd lng="pt">aqueduto</trd>
  <trdgrp lng="ru">
    <trd>&c_a;&c_k;&c_v;&c_je;&c_d;&c_u;&c_k;</trd>,
    <trd>&c_v;&c_o;&c_d;&c_o;&c_p;&c_r;&c_o;&c_v;&c_o;&c_d;</trd>
  </trdgrp>
  <trdgrp lng="sk">
    <trd>akvadukt</trd>,
    <trd>antick&yacute; vodovod</trd>,
    <trd>vodovod</trd>
  </trdgrp>
</drv>
</art>
<!--
$Log: akvedu.xml,v $
Revision 1.17  2019/01/28 20:10:33  revo
Wolfram Diestel: +ekz

Revision 1.16  2015/07/04 08:37:30  revo
aldono de trd cs per skripto de M. von Laer

Revision 1.15  2015/06/28 12:03:35  revo
aldono de trd sk per skripto de M. von Laer

Revision 1.14  2004/03/21 17:30:34  revo
Dennis Wibrow: +trd germ

Revision 1.13  2003/08/21 16:32:20  revo
Dmitri Gabinski: +trd be

Revision 1.12  2002/11/04 17:31:08  revo
Jozefo Horvath: +trd hu

Revision 1.11  2002/10/01 16:34:53  revo
Christopher Zervic: + ang

Revision 1.10  2002/09/07 17:37:26  revo
-->
</vortaro>
