<?xml version="1.0"?>
<!DOCTYPE vortaro SYSTEM "../dtd/vokoxml.dtd">

<vortaro>
<art mrk="$Id: akvifo.xml,v 1.13 2018/10/08 16:10:16 revo Exp $">
<kap>
  <rad>akvifoli</rad>/o <fnt>PIV2</fnt>
</kap>
<drv mrk="akvifo.0o">
  <kap>
    <tld/>o
  </kap>
  <uzo tip="fak">BOT</uzo>
  <snc>
    <dif>
      <ref tip="lst" cel="speci.0o.BIO" lst="voko:botanikaj_specioj">Specio</ref>
       de <ref tip="super" cel="ileks.0o">ilekso</ref>
      (<trd lng="la">Ilex aquifolium</trd>),
        <ref tip="lst" cel="plant.floro0o" 
     lst="voko:akvifolioparencoj">floroplanto</ref>
      kun ledaj brilglataj pikrandaj foliojn kaj ru&gcirc;aj
      beroj kaj kies folioj estas uzataj en tizanoj:
      <ekz>
        ilekso a&ubreve; <tld/>o, <klr>[&#8230;]</klr> la ru&gcirc;aj beroj estas venenaj kaj 
        ka&ubreve;zas na&ubreve;zon, vomadon, kormalritmigon, por plenkreskulo &ccirc;. 20 &gcirc;is 30 beroj estas mortigaj
        <fnt>
          <bib>Viki</bib>
          <lok><url ref="https://eo.wikipedia.org/?curid=279419">Venenplanto</url></lok>
        </fnt>.
      </ekz>
    </dif>
    <bld
       lok="&WCU;/thumb/f/fd/Fruits_of_holly_%28Ilex_aquifolium%29._Locatie%2C_Jonkersvallei.jpg/640px-Fruits_of_holly_%28Ilex_aquifolium%29._Locatie%2C_Jonkersvallei.jpg"
       prm="CC BY-SA 4.0"
       >bran&ccirc;o de <tld/>o kun fruktoj (Ilex aquifolium),  Jonkersvallei
         <fnt>
           <aut>Dominicus Johannes Bergsma, propra verko</aut>
           <lok><url ref="&WCW;/File:Fruits_of_holly_(Ilex_aquifolium)._Locatie,_Jonkersvallei.jpg"
               >&WCW;/File:Fruits_of_holly_(Ilex_aquifolium)._Locatie,_Jonkersvallei.jpg</url></lok>
         </fnt>
    </bld>
  </snc>
  <trd lng="de">Stechpalme</trd>
  <trd lng="en">holly</trd>
  <trd lng="fr">houx</trd>
  <trd lng="hu">magyal</trd>
  <trd lng="nl">bonte <ind>hulst</ind></trd>
  <trd lng="ru">&c_p;&c_a;&c_d;&c_u;&c_b;</trd>
  <trd lng="sv">j&auml;rnek</trd>
</drv>
</art>
<!--
$Log: akvifo.xml,v $
Revision 1.13  2018/10/08 16:10:16  revo
Wolfram Diestel: +bld

Revision 1.12  2018/10/02 16:10:16  revo
Wolfram Diestel: +ekz

Revision 1.11  2016/02/14 17:10:16  revo
Wolfram Diestel: +ref-oj

Revision 1.10  2002/10/01 16:34:57  revo
Christopher Zervic: + ang

Revision 1.9  2002/03/18 18:11:07  revo
Jozefo Horvath: +trd hu

Revision 1.8  2001/11/15 19:13:31  revo
Yury Finkel: +trd ru

Revision 1.7  2001/07/31 18:13:53  revo
Paul Peeraerts: ald trd nl

Revision 1.6  2001/07/22 18:14:19  revo
-->
</vortaro>
