<?xml version="1.0"?>
<!DOCTYPE vortaro SYSTEM "../dtd/vokoxml.dtd">

<vortaro>
<art mrk="$Id: akvifo1.xml,v 1.11 2018/09/18 19:10:13 revo Exp $">
<kap>
  <rad>akvifoliac</rad>/oj
</kap>
<drv mrk="akvifo1.0oj">
  <kap>
    <tld/>oj
  </kap>
  <uzo tip="fak">BOT</uzo>
  <snc>
    <dif>
      <ref tip="lst" cel="famili.0o.BIO"
      lst="voko:botanikaj_familioj">Familio</ref> de <ref tip="malprt"
      cel="kotile.du0aj">dukotiledonaj</ref>
      plantoj (<trd lng="la">Aquifoliaceae</trd>):
      <ekz>
        la <tld/>oj estas arbustoj, arboj, arbedoj de la tropika, 
        subtropika, kontinenta klimato kun difuzaj, &ccirc;iamverdaj, dornaj folioj kaj kun ofte verda &scirc;elo
        <fnt>
          <bib>Viki</bib>
          <lok><url ref="https://eo.wikipedia.org/?curid=19621">Akvifoliacoj</url></lok>
        </fnt>.
      </ekz>
    </dif>
    <refgrp tip="prt">
      <ref cel="ileks.0o">ilekso</ref>
    </refgrp>
  </snc>
  <trd lng="de">Stechpalmengew&auml;chse</trd>
  <trd lng="en">Aquifoliaceae</trd>
  <trd lng="fr">aquifoliac&eacute;es</trd>
  <trd lng="hu">magyalf&eacute;l&eacute;k</trd>
  <trd lng="nl">hulstfamilie</trd>
  <trd lng="pl">ostrokrzewowate</trd>
  <trd lng="pt">aq&uuml;ifoli&aacute;ceas</trd>
  <trd lng="ru">&c_p;&c_a;&c_d;&c_u;&c_b;&c_o;&c_v;&c_y;&c_je; <klr
tip="amb">(&c_s;&c_je;&c_m;&c_je;&c_j;&c_s;&c_t;&c_v;&c_o;)</klr></trd>
  <trd lng="sv">j&auml;rneksv&auml;xter</trd>
</drv>
</art>
<!--
$Log: akvifo1.xml,v $
Revision 1.11  2018/09/18 19:10:13  revo
Wolfram Diestel: +ekz, +ref

Revision 1.10  2016/10/18 07:10:11  revo
Sebastian Cyprych: +trd pl

Revision 1.9  2013/08/25 13:10:18  revo
Wolfram Diestel: referencoj al listo bot familioj

Revision 1.8  2002/10/01 16:34:55  revo
Christopher Zervic: + ang

Revision 1.7  2002/03/18 18:11:05  revo
Jozefo Horvath: +trd hu

Revision 1.6  2001/11/21 17:36:27  revo
Yury Finkel: kor trd ru

Revision 1.5  2001/11/15 19:13:37  revo
Yury Finkel: +trd ru

Revision 1.4  2001/07/31 18:13:19  revo
-->
</vortaro>
