<?xml version="1.0"?>
<!DOCTYPE vortaro SYSTEM "../dtd/vokoxml.dtd">

<vortaro>
<art mrk="$Id: al.xml,v 1.66 2019/01/29 23:10:20 revo Exp $">
<kap>
  <ofc>*</ofc>
  <rad>al</rad> <fnt><bib>PV</bib></fnt>
</kap>

<subart>
  <drv mrk="al.0">
    <kap><ofc>*</ofc><tld/></kap>
    <dif>
      Prepozicio, kies sencoj kaj funkcioj estas:
    </dif>
    <snc mrk="al.0.loke_cele">
      <subsnc mrk="al.0.prep_proksimigxo">
        <dif>
          Esprimi direkton per orientilo, nome tiun direkton
          en kiu situas la koncerna objekto:
          <ekz>
            iri renkonte <tld/> la suno;
          </ekz>
          <ekz>
            veturu al Nordo;
          </ekz>
          <ekz>
            la suno klini&gcirc;is <tld/> la okcidento
            <fnt><bib>Far1</bib>, <lok>&ccirc;ap. 5</lok></fnt>;
          </ekz>
          <ekz>
            rigardi <tld/> la strato;
          </ekz>
          <ekz>
            sin turni <tld/> la fenestro <klr>(fizike)</klr>;
          </ekz>
          <ekz>
            <uzo tip="stl">FIG</uzo>
            sin turni <tld/> iu<fnt>Z</fnt> <klr>(alparoli iun)</klr>;
          </ekz>
          <ekz>
            sin klini <tld/> la infano;
          </ekz>
          <ekz>
            etendi la piedojn <tld/> la fajro;
          </ekz>
          <ekz>
            jen la vojo <tld/> Parizo;
          </ekz>
          <ekz>
            levi la okulojn <tld/> la &ccirc;ielo
            <fnt><bib>NT</bib>, <lok>&Luk; 18:13</lok></fnt>;
          </ekz>
          <ekz>
            eliri renkonte <tld/> iu
            <fnt><bib>MT</bib>, <lok>&Jos; 8:22</lok></fnt>;
          </ekz>
          <ekz>
          anstata&ubreve; "mi veturas Londonon" oni povas tre bone diri
          "mi
          veturas <tld/> Londono"<fnt><bib>LR</bib>, <lok>Respondo 36,
          La Revuo, 1908, Majo</lok></fnt>.
          </ekz>
        </dif>
        <trd lng="bg">&c_n;&c_a;</trd>
        <trd lng="ca">cap a</trd>
        <trdgrp lng="en">
          <trd>toward(s)</trd>,
          <trd>to</trd>
        </trdgrp>
        <trd lng="oc">cap a</trd>
        <trdgrp lng="sk">
          <trd>k</trd>,
          <trd>ku</trd>
        </trdgrp>
        <trdgrp lng="ru">
          <trd>&c_k;</trd>,
          <trd>&c_n;&c_a;</trd>
        </trdgrp>
      </subsnc>
      <subsnc mrk="al.0.prep_celo">
        <dif>
          La celo de movo, ago, sento, penso, volo:
          <ekz>
            frapi <tld/> la pordo <klr>(sur la pordon)</klr>;
          </ekz>
          <ekz>
            kuri <tld/> iu <klr>(&ccirc;e iun, apud iun)</klr>;
          </ekz>
          <ekz>
            iri <tld/> la urbo
            <klr>(en la urbon, se la celo estas ene)</klr>;
          </ekz>
          <ekz>
            iri <tld/> la lernejo
            <klr>(en la lernejon, se la celo estas la lernejo)</klr>;
          </ekz>
          <ekz>
            <tld/> la onklo<fnt>Z</fnt> <klr>(&ccirc;e la onklon)</klr>;
          </ekz>
          <ekz>
            venos <tld/> vi mizero
            <fnt><bib>MT</bib>, <lok>&Sen; 1:27</lok></fnt>;
          </ekz>
          <ekz>
            mi apogos min <tld/> ili
            <fnt><bib>MT</bib>, <lok>&Jug; 16:26</lok></fnt>;
          </ekz>
          <ekz>
            &gcirc;i apogis sin <tld/> la muro
            <fnt><bib>Fab2</bib>, <lok>Abio</lok></fnt>;
          </ekz>
          <ekz>
            via koro sin tiru ne <tld/> pekuloj
            <fnt><bib>MT</bib>, <lok>&Sen; 23:17</lok></fnt>;
          </ekz>
          <ekz>
            riveretoj fluas <tld/> riveroj
            <fnt><bib>PrV</bib></fnt>;
          </ekz>
          <ekz>
            tiu pordo kondukas <tld/> la parko;
          </ekz>
          <ekz>
            enirejo <tld/> &gcirc;ardeno;
          </ekz>
          <ekz>
            <uzo tip="stl">FIG</uzo>
            la kongreso estas en bona vojo <tld/> efektivi&gcirc;o;
          </ekz>
          <ekz>
            <uzo tip="stl">FIG</uzo>
            direktos vian vo&ccirc;on <tld/> la sa&gcirc;o
            <fnt><bib>MT</bib>, <lok>&Sen; 2:3</lok></fnt>;
          </ekz>
          <ekz>
            intencoj <tld/> bono kaj ne <tld/> malbono
            <fnt><bib>MT</bib>, <lok>&Jer; 29:11</lok></fnt>.
          </ekz>
        </dif>
        <rim num="1">
          Se temas pri atinga movo, tiam la koncernan sencon pli
          precize esprimus aliaj prepozicioj:
          <ekz>
            veni <ref cel="en.al0.kien">en</ref> teatron,
          </ekz>
          <ekz>
            veturi <ref tip="sub" cel="gxis">&gcirc;is</ref> la 
            urbocentro,
          </ekz>
          <ekz>
            venu <ref cel="cxe.0.en_domo_de">&ccirc;e</ref> min,
          </ekz>
          &ccirc;ar <ctl>al</ctl> ne neprigas atingon de la celo, 
          kvankam ja estas tradicie (mis)uzata anstata&ubreve; 
          <em>&ccirc;e + akuzativo</em> la&ubreve; kutimo de
          diversaj lingvoj:
          &leftquot;<em>Al</em> ordinare montras nur la celadon, la 
          vojon al iu loko, dum la akuzativo povas enhavi en si 
          anka&ubreve; la ideon de atingo de la celo; sekve la frazo
          <ekz>
            la muso kuris <tld/> sub la lito
          </ekz>
          montrus, ke la muso kuris en la direkto al sub la
          lito, sed pro ia ka&ubreve;zo &gcirc;i ne atingis la lokon 
          sub la lito, a&ubreve; almena&ubreve; ni ne vidis tiun 
          atingon&rightquot;
          <fnt><bib>LR</bib>, <lok>Respondo 36, La Revuo, 1908, Majo
          </lok></fnt>.
          <aut>Sergio Pokrovskij</aut>
        </rim>
        <rim num="2">
          Estas senca diferenco inter fizika celo en la spaco:
          <ekz>
            iri en la pre&gcirc;ejon, kongresejon, restoracion
          </ekz>
          kaj aran&gcirc;o:
          <ekz>
            iri al la meso, al la Kongreso, al la tagman&gcirc;o.
          </ekz>
          Rezulte de la unua movo oni estas <em>en</em> la koncerna
          loko (en la pre&gcirc;ejo, en la kongresejo); rezulte de la 
          dua oni <em>&ccirc;eestas</em> la koncernan aran&gcirc;on (la 
          meson, la kongreson). Kiam temas pri la aran&gcirc;o, 
          la prepozicio <tld/> &ccirc;iam estas atinga, &ccirc;ar ne 
          sencas paroli pri spaca direkto en la mondo de sociaj 
          aran&gcirc;oj; oni e&ccirc; povas demandi:
          <ekz>
            <em>kien</em> vi iras <tld/> meso?
            <klr>(t.e. en kiun pre&gcirc;ejon)</klr>.
          </ekz>
          <aut>Sergio Pokrovskij</aut>
        </rim>
        <rim num="3">
          <em>Al</em> montras kelkfoje la rezulton de movo:
          <ekz>
            disrompi vazon <tld/> pecoj
            <klr>(pli bone &leftquot;<ref cel="en.0on.celstata">en</ref>
            pecojn&rightquot;)</klr>.
          </ekz>
        </rim>
        <trdgrp lng="hu">
          <trd>-<ind>hoz</ind></trd>,
          <trd>-<ind>hez</ind></trd>
          <trd>-<ind>h&ouml;z</ind></trd>,
          <trd>fel&eacute;</trd>,
          <trd>ir&aacute;ny&aacute;ban</trd>        
        </trdgrp>
        <trdgrp lng="ru">
          <trd>&c_v;
            <klr tip="amb"> (+ &c_v;&c_i;&c_n;. &c_p;&c_a;&c_d;.)</klr>
          </trd>,
          <trd>&c_n;&c_a;</trd>
        </trdgrp>
      </subsnc>
      <refgrp tip="vid">
        Prepoziciaj kuna&jcirc;oj:
        <ref cel="antaux.al0"><tld/> anta&ubreve;</ref>,
        <ref cel="antaux.almal0"><tld/> malanta&ubreve;</ref>,
        <ref cel="apud.al0"><tld/> apud</ref>,
        <ref cel="cxe.al0"><tld/> &ccirc;e</ref>,
        <ref cel="cxirka.al0"><tld/> &ccirc;irka&ubreve;</ref>,
        <ref cel="ekster.al0"><tld/> ekster</ref>,
        <ref cel="en.al0"><tld/> en</ref>,
        <ref cel="inter.al0"><tld/> inter</ref>,
        <ref cel="post.al0"><tld/> post</ref>,
        <ref cel="sub.al0"><tld/> sub</ref>,
        <ref cel="super.al0"><tld/> super</ref>,
        <ref cel="sur.al0"><tld/> sur</ref>,
        <ref cel="trans.al0"><tld/> trans</ref>;
      </refgrp>
      <ref tip="ant" cel="de.0.spaco">de<sncref/></ref>
      <trdgrp lng="th">
        <trd>&#3652;&#3611;&#3618;&#3633;&#3591;</trd>,
        <trd>&#3652;&#3611;&#3606;&#3638;&#3591;</trd>,
        <trd>&#3606;&#3638;&#3591;</trd>
      </trdgrp>
    </snc>
    <snc mrk="al.0.prep_dativo">
      <dif>
        Formi analizan <ref cel="dativ.0o">dativon</ref>:
        <ekz>
          doni, cedi, diri, skribi, ordoni, servi, malutili, respondi 
          ion <tld/> iu;
        </ekz>
        <ekz>
          knabino etendis <tld/> Johano la manon
          <fnt><bib>Fab1</bib>, <lok>Vojkamarado</lok></fnt>;
        </ekz>
        <ekz>
          deziri bonon <tld/> iu;
        </ekz>
        <ekz>
          &jcirc;eti, prezenti ion <tld/> iu;
        </ekz>
        <ekz>
          minaci, flati, kontra&ubreve;stari, pardoni, pagi <tld/> iu;
        </ekz>
        <ekz>
          doni, proponi, komisii, sendi ion <tld/> iu;
        </ekz>
        <ekz>
          bati al si tuberon<fnt>Z</fnt>;
        </ekz>
        <ekz>
          akiri <tld/> si gloron<fnt>Z</fnt>;
        </ekz>
        <ekz>
          li faris <tld/> li mikskoloran veston
          <fnt><bib>MT</bib>, <lok>&Gen; 37:3</lok></fnt>;
        </ekz>
        <ekz>
          mi aran&gcirc;is <tld/> mi &gcirc;ardenojn
          <fnt><bib>MT</bib>, <lok>&Pre; 2:5</lok></fnt>;
        </ekz>
        <ekz>
          mi kolektis <tld/> mi ar&gcirc;enton
          <fnt><bib>MT</bib>, <lok>&Pre; 2:8</lok></fnt>;
        </ekz>
        <ekz>
          pretigi <tld/> si man&gcirc;a&jcirc;on;
        </ekz>
        <ekz>
          &scirc;i malfermas sian manon <tld/> la malri&ccirc;ulo
          <fnt><bib>MT</bib>, <lok>&Sen; 31:20</lok></fnt>;
        </ekz>
        <ekz>
          tran&ccirc;i <tld/> si la piedon;
        </ekz>
        <ekz>
          mulo, <tld/> kiu oni devas kateni la bu&scirc;on
          <fnt><bib>MT</bib>, <lok>&Psa; 32:9</lok></fnt>;
        </ekz>
        <ekz>
          la brutojn ili rabis <tld/> si
          <fnt><bib>MT</bib>, <lok>&Jos; 8:27</lok></fnt>;
        </ekz>
        <ekz>
          ursino <tld/> kiu estas rabitaj &gcirc;iaj infanoj
          <fnt><bib>MT</bib>, <lok>&Sen; 17:12</lok></fnt>;
        </ekz>
        <ekz>
          &scirc;teli, forpreni ion <tld/> iu<fnt>Z</fnt>;
        </ekz>
        <ekz>
          prezentu <tld/> vi mian embarason;
        </ekz>
        <ekz>
          pla&ccirc;i <tld/> iu<fnt>Z</fnt>;
        </ekz>
        <ekz>
          tio &scirc;ajnas <tld/> mi bona;
        </ekz>
        <ekz>
          bone estas <tld/> tiu, kiu observas la le&gcirc;ojn
          <fnt><bib>MT</bib>, <lok>&Sen; 29:18</lok></fnt>;
        </ekz>
        <ekz>
          <ind><tld/> malri&ccirc;ulo ovo kiel <tld/> ri&ccirc;ulo bovo
          </ind>
          <fnt><bib>PrV</bib></fnt>.
          <trd lng="hu">a szeg&eacute;nynek a kev&eacute;s is sok</trd>
        </ekz>
      </dif>
      <rim num="1">
        La parolantoj de la lingvoj perdintaj dativon, &ccirc;e la 
        verboj netransitivaj ofte anstata&ubreve;igas &gcirc;in per 
        akuzativo; kaj tiun anstata&ubreve;igon oni ofte vidas 
        anka&ubreve; en Esperanto, precipe &ccirc;e
        la verboj
        <ekz>
          <refgrp>
            <ref cel="dank.0i">danki</ref>,
            <ref cel="help.0i">helpi</ref>,
            <ref cel="kompat.0i">kompati</ref>,
            <ref cel="obe.0i">obei</ref>
          </refgrp>
          <em>iun</em> a&ubreve; <em><tld/> iu</em>.
        </ekz>
      </rim>
      <rim num="2">
        PV rimarkigas:
        &leftquot;Post kelkaj verboj oni trovas, e&ccirc; &ccirc;e 
        Zamenhof, uzon de <em>al</em> tute kontra&ubreve;en al la vera 
        senco:
        <ekz>
          demandi, peti ion <tld/> iu.
        </ekz>
        Tia uzo, influata de naciismoj, estas evitinda.&rightquot;
        Mi ne opinias tiun uzon &leftquot;kontra&ubreve;a al la vera 
        senco&rightquot;: &gcirc;i estas konforma al la senco de dativo 
        (kvankam ja nekutima en Esperanto; &ccirc;e la indikitaj verboj 
        pli bonstilaj estus
        <refgrp tip="sin">
          <ref cel="de.0.spaco">de<sncref/></ref>,
          <ref cel="de.dis0">disde</ref>
        </refgrp>).
        <aut>Sergio Pokrovskij</aut>
      </rim>
      <trd lng="bg">&c_n;&c_a;</trd>
      <trdgrp lng="hu">
        <trd>-<ind>nak</ind></trd>,
        <trd>-<ind>nek</ind></trd>
        <trd>sz&aacute;m&aacute;ra</trd>,
        <trd>r&eacute;sz&eacute;re</trd>
      </trdgrp>      
      <trd lng="ru"><klr tip="amb">
      (</klr>&c_p;&c_je;&c_r;&c_je;&c_v;&c_o;&c_d;&c_i;&c_t;&c_s;&c_ja;
      <ind>&c_d;&c_a;&c_t;&c_je;&c_l;&c_mol;&c_n;&c_y;&c_m; 
      &c_p;&c_a;&c_d;&c_je;&c_zh;&c_o;&c_m;</ind><klr tip="amb">)</klr>
      </trd>
    </snc>
    <snc mrk="al.0.prep_atributo">
      <dif>
        Indiki atributon, destinon, apartenecon:
        <ekz>
          apliki teorion <tld/> la praktiko;
        </ekz>
        <ekz>
          konveni <tld/><fnt>Z</fnt>;
        </ekz>
        <ekz>
          kutimigi iun <tld/> io;
        </ekz>
        <ekz>
          evitigi ion <tld/> iu;
        </ekz>
        <ekz>
          trinkigu <tld/> li akvon
          <fnt><bib>MT</bib>, <lok>&Sen; 25:21</lok></fnt>;
        </ekz>
        <ekz>
          kondamnitaj <tld/> morto
          <fnt><bib>MT</bib>, <lok>&Psa; 102:19</lok></fnt>;
        </ekz>
        <ekz>
          sankta <tld/> la Eternulo<fnt>Z</fnt>;
          <fnt><bib>MT</bib>, <lok>&Rea; 14:2</lok></fnt>;
        </ekz>
        <ekz>
          <ind>preta <tld/> &ccirc;io</ind>;
          <trd lng="hu">mindenre k&eacute;sz</trd>
        </ekz>
        <ekz>
          preni <tld/> si la liberecon, la rajton fari ion;
        </ekz>
        <ekz>
        </ekz>
        <ekz>
          <tld/> mi apartenas forto
          <fnt><bib>MT</bib>, <lok>&Sen; 8:14</lok></fnt>;
        </ekz>
        <ekz>
          &ccirc;io bona estas <tld/> via dispono
          <fnt><bib>MT</bib>, <lok>&Gen; 45:20</lok></fnt>;
        </ekz>
        <ekz>
          knabo <ind>lasita <tld/> si mem</ind>
          <fnt><bib>MT</bib>, <lok>&Sen; 29:15</lok></fnt>;
          <trd lng="hu">elhagyatott</trd>
        </ekz>
        <ekz>
          vi prenos &scirc;in <tld/> vi<fnt>Z</fnt>.
          <fnt><bib>MT</bib>, <lok>&Rea; 21:11</lok></fnt>;
        </ekz>
      </dif>
      <trdgrp lng="hu">
        <trd>-<ind>nak</ind></trd>,
        <trd>-<ind>nek</ind></trd>
        <trd>-<ind>ra</ind></trd>,
        <trd>-<ind>re</ind></trd>,
        <trd>-<ind>hoz</ind></trd>,
        <trd>-<ind>hez</ind></trd>,
        <trd>-<ind>h&ouml;z</ind></trd>
      </trdgrp>      
      <trd lng="vo">-e</trd>
    </snc>
    <snc mrk="al.0.prep_koncerno">
      <dif>
        Rilateco:
        <ekz>
          rilati <tld/> iu<fnt>Z</fnt>;
        </ekz>
        <ekz>
          la malamo, kiun li eksentis <tld/> &scirc;i
          <fnt><bib>MT</bib>, <lok>Samuel 13:15</lok></fnt>;
        </ekz>
        <ekz>
          sopiri <tld/> <klr>(prefere: pri)</klr> sia hejmo;
        </ekz>
        <ekz>
          fidi <tld/> iu;
        </ekz>
        <ekz>
          amo, abomeno, inklino <tld/> iu;
        </ekz>
        <ekz>
          mi konas mian devon <tld/> mia patro;
        </ekz>
        <ekz>
          favora <tld/> io;
        </ekz>
        <ekz>
          ni estis sklavoj <tld/> faraono
          <fnt><bib>MT</bib>, <lok>&Rea; 6:21</lok></fnt>;
        </ekz>
        <ekz>
          la luno estis ka&scirc;ata <tld/> ni de densaj nuboj;
        </ekz>
        <ekz>
          estus dezirinde, ke ni estu amikoj <tld/> &ccirc;iuj nacioj;
        </ekz>
        <ekz>
          li estas malbona <tld/> &ccirc;iuj;
        </ekz>
        <ekz>
          ne estu tro severa <tld/> li;
        </ekz>
        <ekz>
          fremda, supera <tld/> iu;
        </ekz>
        <ekz>
          <ind>venis fino <tld/> mia latino</ind>
          <fnt><bib>PrV</bib></fnt>;
          <trd lng="hu">itt meg&aacute;ll a tudom&aacute;nyom</trd>
        </ekz>
        <ekz>
          <uzo tip="stl">FRAZ</uzo>
          <ind>ne estas piediranto kolego <tld/> rajdanto</ind>
          <fnt><bib>PrV</bib></fnt>.
          <trd lng="hu">gyalogos utasnak nem t&aacute;rsa a lovas</trd>
          <trd lng="ru">&c_g;&c_u;&c_s;&c_mol; 
          &c_s;&c_v;&c_i;&c_n;&c_mol;&c_je; &c_n;&c_je; 
          &c_t;&c_o;&c_v;&c_a;&c_r;&c_i;&c_shch;</trd>
        </ekz>
      </dif>
      <refgrp tip="sin">
        <ref cel="por.0">por</ref>,
        <ref cel="pri.0">pri</ref>,
        <ref cel="kun">kun</ref>,
        <ref cel="kontraux">kontra&ubreve;</ref>.
      </refgrp>
      <trd lng="hu">ir&aacute;nt</trd>
      <trd lng="vo">-e</trd>
    </snc>
    <snc mrk="al.0.prep_aldono">
      <dif>
        Adicio, kompletigo:
        <ekz>
          alligu ilin <tld/> via kolo
          <fnt><bib>MT</bib>, <lok>&Sen; 3:3</lok></fnt>;
        </ekz>
        <ekz>
          aldoni du <tld/> kvar;
        </ekz>
        <ekz>
          aldoni&gcirc;os <tld/> vi jaroj da vivo
          <fnt><bib>MT</bib>, <lok>&Sen; 9:11</lok></fnt>.
        </ekz>
      </dif>
      <refgrp tip="sin">
        <ref cel="plus.0">plus</ref>.
      </refgrp>
      <trdgrp lng="hu">
        <trd>-<ind>hoz</ind></trd>,
        <trd>-<ind>hez</ind></trd>,
        <trd>-<ind>h&ouml;z</ind></trd>
      </trdgrp>      
    </snc>
    <snc mrk="al.0.prep_de">
      <uzo tip="stl">RAR</uzo>
      <dif>
        Gramatikan rilaton inter substantivo el verba deveno a&ubreve; 
        kun verba signifo kaj ties objekta komplemento:
        <ekz>
          estimo <tld/> ies virtoj;
        </ekz>
        <ekz>
          la bombardado <tld/> la haveno devigis la Turkojn cedi;
        </ekz>
        <ekz>
          anta&ubreve;parolo <tld/> la verko;
        </ekz>
        <ekz>
          la akcepto <tld/> la kongresanoj;
        </ekz>
        <ekz>
          post longa observado <tld/> &scirc;i;
        </ekz>
        <ekz>
          flegado <tld/> iu;
        </ekz>
        <ekz>
          provo <tld/> koloniigado;
        </ekz>
        <ekz>
          tiu letero estas tre grava por la trovo <tld/> la kulpulo;
        </ekz>
        <ekz>
          temas pri la mortigo <tld/> la edzino de la maristo
          <klr>(<tld/> la maristedzino. Ne konfuzu kun: la mortigo 
          <tld/> la edzino fare de la maristo)</klr>;
        </ekz>
        <ekz>
          sistema agitado <tld/> la publika opinio;
        </ekz>
        <ekz>
          kontentigo <tld/> spiritaj bezonoj;
        </ekz>
        <ekz>
          subteno <tld/> iu;
        </ekz>
        <ekz>
          la maldungado <tld/> laboristoj &ccirc;esis;
        </ekz>
        <ekz>
          la defendo <tld/> patrujo;
        </ekz>
        <ekz>
          malpermeso de la registaro <tld/> la pola lingvo;
        </ekz>
        <ekz>
          kiel gravan taskon ili konsideras la klerigadon <tld/> la
          membraro.
        </ekz>
      </dif>
      <rim>
        La&ubreve; PV,
        &leftquot;Tiu uzo de <em>al</em> por anstata&ubreve;i post 
        substantivo la akuzativon, kiu estus normala post la
        responda verbo, estas tre utila por eviti la dubasencecon de la
        prepozicio <em>de</em>.&rightquot;
        Nu, tiu uzo ne enradiki&gcirc;is, kaj restis nur eksperimenta;
        fakte &gcirc;i ne estas bona solvo, &ccirc;ar forigante 
        konfuzon kun akuzativo &gcirc;i enkondukas konfuzon kun dativo.
        <aut>Sergio Pokrovskij</aut>
      </rim>
      <refgrp tip="sin">
        <ref cel="akuzat.0o">akuzativo</ref>,
        <ref cel="je.0.objekta">je<sncref/></ref>,
        <ref cel="de.0.objekto">de<sncref/></ref>.
      </refgrp>
      <trdgrp lng="hu">
        <trd>-<ind>nek a</ind></trd>,
        <trd>-<ind>nak a</ind></trd>
      </trdgrp>      
    </snc>
    <snc mrk="al.0.prep_postadj">
      <dif>
        Post adjektivo a&ubreve; adverbo, pli malpli precizan rilaton 
        pri metafora proksimeco a&ubreve; malproksimeco:
        <ekz>
          konforma, egala, malegala, simila, parenca, najbara <tld/>;
        </ekz>
        <ekz>
          <ind>konforme <tld/></ind>;
          <trd lng="hu"><klr>vminek</klr> megfelel&odblac;en</trd>
        </ekz>
        <ekz>
          <ind>spite <tld/></ind>;
          <trd lng="hu"><klr>vmi</klr> dac&aacute;ra</trd>
        </ekz>
        <ekz>
          <ind>danke <tld/></ind>.
          <trd lng="hu"><klr>vminek</klr> h&aacute;la</trd>
        </ekz>
      </dif>
      <trdgrp lng="hu">
        <trd>-<ind>nak</ind></trd>,
        <trd>-<ind>nek</ind></trd>
        <trd>-<ind>val</ind></trd>,
        <trd>-<ind>vel</ind></trd>,
      </trdgrp>      
    </snc>
  <trd lng="ca">a</trd>
  <trd lng="cs">go to - p&rcaron;&iacute;kaz k nepodm&iacute;n&ecaron;n&eacute;mu skoku</trd>
  <trdgrp lng="de">
      <trd>an</trd>,
      <trd>zu</trd>,
      <trd>nach</trd>
    </trdgrp>
  <trdgrp lng="en">
      <trd>to</trd>
    </trdgrp>
  <trdgrp lng="es">
      <trd>a</trd>
      <trd>hacia</trd>
    </trdgrp>
  <trdgrp lng="id">
      <trd>ke</trd>,
      <trd>kepada</trd>
    </trdgrp>
  <trdgrp lng="it">
      <trd>a</trd>
      <trd>verso</trd>
    </trdgrp>
  <trdgrp lng="nl">
      <trd>aan</trd>,
      <trd>tegen</trd>,
      <trd>naar</trd>
    </trdgrp>
  <trd lng="no">til</trd>
  <trd lng="oc">a</trd>
  <trdgrp lng="pt">
      <trd>a</trd>,
      <trd>para</trd>
    </trdgrp>
  <trdgrp lng="ru">
      <trd>&c_k;</trd>,
      <trd><klr tip="amb">(</klr>
      &c_p;&c_je;&c_r;&c_je;&c_v;&c_o;&c_d;&c_i;&c_t;&c_s;&c_ja;
      <ind>&c_d;&c_a;&c_t;&c_je;&c_l;&c_mol;&c_n;&c_y;&c_m; 
      &c_p;&c_a;&c_d;&c_je;&c_zh;&c_o;&c_m;</ind><klr tip="amb">)</klr>
      </trd>
    </trdgrp>
  <trd lng="sk">go to - pr&iacute;kaz k nepodmiene&ccaron;n&eacute;mu skoku</trd>
  <trd lng="vo">&auml;l</trd>
</drv>
</subart>

<subart>
  <dif>
    Vortero kun la sencoj
    <tld/><sncref ref="al.0.prep_proksimigxo"/>,
    <tld/><sncref ref="al.0.prep_celo"/>,
    <tld/><sncref ref="al.0.prep_de"/>:
  </dif>
  <drv mrk="al.0ajxo">
    <kap><tld/>a&jcirc;o</kap>
    <fnt><bib>PV</bib></fnt>
    <snc>
      <dif>
        Aldona&jcirc;o, dependa&jcirc;o, flanka&jcirc;o.
      </dif>
    </snc>
    <trdgrp lng="es">
      <trd>a&ntilde;adido</trd>,
      <trd>anexo</trd>,
      <trd>ap&eacute;ndice</trd>
      <trd>complemento</trd>,
      <trd>suplemento</trd>
    </trdgrp>
    <trdgrp lng="fr">
      <trd>ajout</trd>,
      <trd>adjonction</trd>,
      <trd>annexe<klr tip="ind"> (ajout)</klr></trd>
      <trd>appendice<klr tip="ind"> (ajout)</klr></trd>
      <trd>compl&eacute;ment<klr tip="ind"> (ajout)</klr></trd>,
      <trd>suppl&eacute;ment<klr tip="ind"> (ajout)</klr></trd>
    </trdgrp>
    <trdgrp lng="hu">
      <trd>f&uuml;ggel&eacute;k</trd>,
      <trd>kieg&eacute;sz&iacute;t&eacute;s</trd>,
      <trd>adal&eacute;k</trd>
    </trdgrp>    
    <trdgrp lng="pl">
      <trd>dodatek</trd>,
      <trd>za&lstroke;&aogonek;cznik</trd>
    </trdgrp>
    <adm>
      La "difino" venas de PV kaj estas nesuficxe klara. 
      "Aldonajxo" kaj "flankajxo" havas suficxe malsamajn 
      sencojn kaj ne estas klare, kial la ideo "flanka", 
      "akcesora" ks povas aperi en "alajxo".
      <aut>MB</aut>
    </adm>
  </drv>
  <drv mrk="al.0igi">
    <kap><tld/>igi</kap>
    <snc>
      <dif>
        Fari ion parto a&ubreve; akompananto de io alia:
        <ekz>
          &ccirc;iun bonan esprimon, kiu ekzistas en iu ajn lingvo,
          lingvo arta havas plenan rajton <tld/>igi
          <klr>(proprigi, apartenigi)</klr> <tld/> si
          <fnt><bib>EE</bib>, <lok>&Ccirc;ap. 5.</lok>.</fnt>;
        </ekz>
        <ekz>
          ili discipline <tld/>igos siajn fortojn al nia granda
          armeo<fnt>Z</fnt>;
        </ekz>
        <ekz>
          nur tiam ni povas esperi pli a&ubreve; malpli frue <tld/>igi
          al nia afero la grandegan indiferentan amason de la
          publiko <fnt><aut>&Z;</aut>: <lok>OV, p. 93</lok>.</fnt>;
        </ekz>
        <ekz>
          Omar rapidpa&scirc;e eliris, por <tld/>igi sin al la amikaro
          <fnt><bib>I&scirc;tar</bib>, <lok>&Ccirc;ap. 5</lok></fnt>.
        </ekz>
      </dif>
    </snc>
  <trdgrp lng="be">
      <trd>&c_d;&c_a;&c_d;&c_a;&c_c;&c_mol;</trd>,
      <trd>&c_d;&c_a;&c_l;&c_u;&c_ch;&c_y;&c_c;&c_mol;</trd>,
      <trd>&c_p;&c_r;&c_y;&c_l;&c_u;&c_ch;&c_y;&c_c;&c_mol;</trd>
    </trdgrp>
  <trdgrp lng="cs">
    <trd>p&rcaron;idru&zcaron;it</trd>,
    <trd>p&rcaron;ilo&zcaron;it</trd>,
    <trd>p&rcaron;ipojit</trd>,
    <trd>p&rcaron;ivt&ecaron;lit</trd>
  </trdgrp>
  <trd lng="en">join</trd>
  <trdgrp lng="es">
      <trd>a&ntilde;adir</trd>,
      <trd>adjuntar</trd>,
      <trd>conectar</trd>
    </trdgrp>
  <trdgrp lng="hu">
      <trd>hozz&aacute;ad</trd>,
      <trd>csatol</trd>,
      <trd>csatlakoztat</trd>
    </trdgrp>
  <trdgrp lng="it">
    	<trd>iscrivere</trd>
	<trd>aggregare, aggiungere</trd>
    </trdgrp>
  <trdgrp lng="nl">
      <trd>toevoegen</trd>,
      <trd>lid maken</trd>
      <trd>inschrijven</trd>
    </trdgrp>
  <trdgrp lng="no">
      <trd>legge til</trd>,
      <trd>melde p&aring;</trd>
    </trdgrp>
  <trdgrp lng="pl">
      <trd>doda&cacute;</trd>,
      <trd>do&lstroke;&aogonek;czy&cacute;</trd>,
      <trd>za&lstroke;&aogonek;czy&cacute;</trd>
    </trdgrp>
  <trdgrp lng="ru">
      <trd>&c_p;&c_r;&c_i;&c_b;&c_a;&c_v;&c_i;&c_t;&c_mol;</trd>,
      <trd>
        &c_p;&c_r;&c_i;&c_s;&c_o;&c_je;&c_d;&c_i;&c_n;&c_i;&c_t;&c_mol;
      </trd>
    </trdgrp>
  <trdgrp lng="sk">
    <trd>prida&tcaron;</trd>,
    <trd>pridru&zcaron;i&tcaron;</trd>,
    <trd>pripoji&tcaron;</trd>
  </trdgrp>
    <trdgrp lng="th">
      <trd>&#3607;&#3635;&#3651;&#3627;&#3657;&#3648;&#3586;&#3657;&#3634;&#3619;&#3656;&#3623;&#3617;</trd>,
      <trd>&#3619;&#3623;&#3610;&#3619;&#3623;&#3617;</trd>
    </trdgrp>
</drv>
  <drv mrk="al.0igxi">
    <kap><tld/>i&gcirc;i</kap>
    <snc>
      <dif>
        I&gcirc;i parto,
        membro (<ref tip="sub" cel="an.0igxi">ani&gcirc;i</ref>),
        akompananto a&ubreve; partoprenanto de io:
        <ekz>
          <tld/>i&gcirc;i al la kongreso.
        </ekz>
        <ekz>
          <ind>se gut' <tld/> guto <tld/>i&gcirc;as
          <klr>(kuni&gcirc;as)</klr>, maro
          fari&gcirc;as</ind>
          <fnt><bib>PrV</bib></fnt>;
          <trd lng="hu">cseppb&odblac;l lesz a tenger</trd>
        </ekz>
        <ekz>
          <tld/>i&gcirc;i al esperantista grupo;
        </ekz>
        <ekz>
          al tio &ccirc;i <tld/>i&gcirc;as multego da deklinacioj
          neregulaj<fnt>Z</fnt>;
        </ekz>
        <ekz>
          al lia anta&ubreve;a embaraso
          <tld/>i&gcirc;is nun iom da konfuzo<fnt>Z</fnt>;
        </ekz>
        <ekz>
          al la koreco <tld/>i&gcirc;adis videbla nuanco
          de silenta kompato<fnt>Z</fnt>.
        </ekz>
      </dif>
      <ref tip="vid" cel="adher.0i">adheri</ref>
    </snc>
    <trdgrp lng="be">
      <trd>&c_d;&c_a;&c_d;&c_a;&c_c;&c_c;&c_a;</trd>,
      <trd>&c_d;&c_a;&c_l;&c_u;&c_ch;&c_y;&c_c;&c_c;&c_a;</trd>,
      <trd>&c_p;&c_r;&c_y;&c_l;&c_u;&c_ch;&c_y;&c_c;&c_c;&c_a;</trd>
    </trdgrp>
    <trd lng="en">join</trd>
    <trdgrp lng="es">
      <trd><ind>inscribir</ind>se</trd>,
      <trd><ind>adherir</ind>se</trd>
    </trdgrp>
    <trdgrp lng="fr">
      <trd>s'<ind>inscrire</ind></trd>,
      <trd>adh&eacute;rer</trd>
    </trdgrp>
    <trdgrp lng="hu">
      <trd>csatlakozik</trd>,
      <trd>hozz&aacute;ad&oacute;dik</trd>,
      <trd>jelentkezik <klr tip="ind">(pl. rendezv&eacute;nyre)</klr>
      </trd>
    </trdgrp>
    <trd lng="id">[<ind>daftar</ind>] mendaftar</trd>
    <trdgrp lng="it">
    	<trd>iscriversi (ad un gruppo/partito..)</trd>
    	<trd>aderire</trd>
    </trdgrp>
    <trd lng="nl">zich <ind>inschrijven</ind></trd>
    <trdgrp lng="no">
      <trd>melde seg p&aring;</trd>,
      <trd>bli med p&aring;</trd>
    </trdgrp>
    <trdgrp lng="pl">
      <trd>po&lstroke;&aogonek;czy&cacute; si&eogonek;<klr> z</klr>
      </trd>,
      <trd>przy&lstroke;&aogonek;czy&cacute; si&eogonek;<klr> do</klr>
      </trd>,
      <trd>przyst&aogonek;pi&cacute;</trd>,
      <trd>wst&aogonek;pi&cacute;<klr> do (organizacji)</klr></trd>
    </trdgrp>
    <trdgrp lng="pt">
      <trd>aderir</trd>,
      <trd>afiliar-se</trd>,
      <trd>inscrever-se</trd>,
      <trd>incorporar-se</trd>
    </trdgrp>
    <trdgrp lng="ru">
      <trd>&c_p;&c_r;&c_i;&c_s;&c_t;&c_a;&c_t;&c_mol;</trd>,
      <trd>
        &c_p;&c_r;&c_i;&c_s;&c_o;&c_je;&c_d;&c_i;&c_n;&c_i;&c_t;&c_mol;
        &c_s;&c_ja;
      </trd>
    </trdgrp>
    <trd lng="sk">prida&tcaron; sa</trd>
    <trdgrp lng="th">
      <trd>&#3648;&#3586;&#3657;&#3634;&#3619;&#3656;&#3623;&#3617;</trd>,
      <trd>&#3626;&#3617;&#3633;&#3588;&#3619;</trd>
    </trdgrp>
  </drv>
  <drv mrk="al.0igxilo">
    <kap><tld/>i&gcirc;ilo</kap>
    <snc>
      <dif>
        <ref tip="super" cel="formul.0aro.radika">Formularo</ref> por
        <tld/>i&gcirc;i <klr>(plenigita a&ubreve; neplenigita)</klr>.
      </dif>
    </snc>
    <trdgrp lng="de">
      <trd>Anmeldeformular</trd>
    </trdgrp>
    <trdgrp lng="en">
      <trd>registration form</trd>
    </trdgrp>
    <trdgrp lng="es">
      <trd>formulario de <ind>inscripci&oacute;n</ind></trd>,
      <trd>formulario de <ind>adhesi&oacute;n</ind></trd>
    </trdgrp>
    <trdgrp lng="fr">
      <trd>bulletin d'<ind>inscription</ind></trd>,
      <trd>bulletin d'<ind>adh&eacute;sion</ind></trd>
    </trdgrp>
    <trd lng="hu">jelentkez&eacute;si lap</trd>
    <trd lng="id"><ind>formulir</ind> (pendaftaran)</trd>
    <trd lng="it">modulo d'iscrizione</trd>    
    <trdgrp lng="nl">
      <trd>inschrijvingsformulier</trd>,
      <trd>toetredingsformulier</trd>
    </trdgrp>
    <trd lng="no">p&aring;meldingsskjema</trd>
    <trdgrp lng="pl">
      <trd>zg&lstroke;oszenie</trd>,
      <trd>formularz zg&lstroke;oszeniowy</trd>,
      <trd>deklaracja przyst&aogonek;pienia</trd>
    </trdgrp>
    <trdgrp lng="pt">
      <trd>formul&aacute;rio de ades&atilde;o</trd>,
      <trd>formul&aacute;rio de afili&ccedil;&atilde;o</trd>,
      <trd>formul&aacute;rio de inscri&ccedil;&atilde;o</trd>
    </trdgrp>
    <trdgrp lng="ru">
      <trd>&c_p;&c_r;&c_i;&c_g;&c_l;&c_a;&c_sh;&c_je;&c_n;&c_i;&c_je;
      </trd>,
      <trd>&c_b;&c_l;&c_a;&c_n;&c_k; 
      &c_p;&c_r;&c_i;&c_g;&c_l;&c_a;&c_sh;&c_je;&c_n;&c_i;&c_ja;</trd>
    </trdgrp>
    <trd lng="sk">prihl&aacute;&scaron;ka</trd>
    <trd lng="th">&#3649;&#3610;&#3610;&#3621;&#3591;&#3607;&#3632;&#3648;&#3610;&#3637;&#3618;&#3609;</trd>
  </drv>
</subart>

<subart>
  <dif>
    Prefikso kun la sencoj
    <tld/><sncref ref="al.0.prep_proksimigxo"/>,
    <tld/><sncref ref="al.0.prep_celo"/>,
    <tld/><sncref ref="al.0.prep_koncerno"/>,
    <tld/><sncref ref="al.0.prep_de"/>:
  </dif>
  <snc ref="al.0.prep_proksimigxo">
    <ekz>
      <ind><tld/>veni</ind>, <tld/>kuri <tld/>porti, <tld/>esti.
      <trd lng="hu">meg&eacute;rkezik</trd>
      <trd lng="nl">aankomen</trd>
    </ekz>
  </snc>
  <snc ref="al.0.prep_celo">
    <ekz>
      <tld/>konduki, <tld/>sekvi, <ind><tld/>rigardi</ind>.
      <trd lng="hu">odan&eacute;z</trd>
      <trd lng="nl">aankijken</trd>
    </ekz>
  </snc>
  <snc ref="al.0.prep_koncerno">
    <ekz>
      <ind><tld/>proprigi</ind>;
      <trd lng="hu">elsaj&aacute;t&iacute;t</trd>
      <trd lng="nl">toe-eigenen</trd>
    </ekz>
    <ekz>
      <ind><tld/>mezuri</ind> veston al iu<fnt>Z</fnt>;
      <trd lng="hu">felpr&oacute;b&aacute;l</trd>
    </ekz>
    <ekz>
      <tld/>fari;
    </ekz>
    <ekz>
      <ind><tld/>&gcirc;ustigi</ind>.
      <trd lng="hu">hozz&aacute;igaz&iacute;t</trd>
    </ekz>
  </snc>
  <snc ref="al.0.prep_de">
    <ekz>
      <tld/>doni <klr>(doni plie, adicii)</klr>;
    </ekz>
    <ekz>
      <tld/>diri <klr>(diri plie)</klr>;
    </ekz>
    <ekz>
      <tld/>meti;
    </ekz>
    <ekz>
      la neesprimita subjekto estas facile <tld/>pensebla.
    </ekz>
  </snc>
</subart>
  <trdgrp lng="hu">
    <trd>hozz&aacute;-</trd>,
    <trd>oda-</trd>
  </trdgrp>
<adm>
  Indus unuecigi la redakton de cxi tiu artikolo kiun tiuj
  de aliaj prepozicioj.
  <aut>MB</aut>
</adm>
</art>
<!--
$Log: al.xml,v $
Revision 1.66  2019/01/29 23:10:20  revo
Alain Gerard: korekto de ligilo

Revision 1.65  2017/07/14 09:10:15  revo
Warut Bunprasert: +trd th

Revision 1.64  2015/07/04 08:37:30  revo
aldono de trd cs per skripto de M. von Laer

Revision 1.63  2015/06/28 12:03:35  revo
aldono de trd sk per skripto de M. von Laer

Revision 1.62  2015/03/11 21:10:16  revo
Wolfram Diestel: -tajperaro

Revision 1.61  2014/11/28 23:12:04  revo
Filip van Laenen: +trd(nl,no)

Revision 1.60  2014/09/04 16:10:20  revo
Guillermo Molleda Jimena: trd es

Revision 1.59  2014/06/11 17:10:27  revo
-->
</vortaro>
