<?xml version="1.0"?>
<!DOCTYPE vortaro SYSTEM "../dtd/vokoxml.dtd">

<vortaro>
<art mrk="$Id: alabas.xml,v 1.20 2019/01/25 18:10:18 revo Exp $">
<kap>
  <ofc>1</ofc>
  <rad>alabastr</rad>/o
</kap>
<drv mrk="alabas.0o">
  <kap><tld/>o</kap>
  <snc mrk="alabas.0o.MIN">
    <uzo tip="fak">MIN</uzo>
    <dif>
      Varia&jcirc;o de <ref tip="super" cel="gips.0o">gipso</ref>, 
      kalcisulfato, diafaneta, similanta <ref cel="marmor.0o">marmoron</ref>:
      <ekz>
        unu muro estis el <tld/>o, anta&ubreve; &gcirc;i staris la instruisto kaj skribis signojn per
        diverskoloraj krajonoj
        <fnt>
          <bib>Far2</bib>
          <lok>&Ccirc;apitro I</lok>
        </fnt>;
      </ekz>
      <ekz>
        viza&gcirc;koloro kiel <tld/>o
        <fnt>
          <bib>Marta</bib>
        </fnt>.
      </ekz>
    </dif>
  </snc>
  <trd lng="be">&c_a;&c_l;&c_ja;&c_b;&c_a;&c_s;&c_t;&c_a;&c_r;</trd>
  <trd lng="ca">alabastre</trd>
  <trdgrp lng="cs">
    <trd>alabastr</trd>,
    <trd>stavebn&iacute; s&aacute;dra</trd>
  </trdgrp>
  <trd lng="de">Alabaster</trd>
  <trd lng="en">alabaster</trd>
  <trd lng="es">alabastro</trd>
  <trd lng="fr">alb&acirc;tre</trd>
  <trd lng="hu">alab&aacute;strom</trd>
  <trd lng="nl">albast</trd>
  <trd lng="pl">alabaster</trd>
  <trd lng="pt">alabastro</trd>
  <trd lng="ru">&c_a;&c_l;&c_je;&c_b;&c_a;&c_s;&c_t;&c_r;</trd>
  <trdgrp lng="sk">
    <trd>alabaster</trd>,
    <trd>&uacute;be&lcaron;</trd>
  </trdgrp>
</drv>
</art>
<!--
$Log: alabas.xml,v $
Revision 1.20  2019/01/25 18:10:18  revo
Wolfram Diestel: dif: +variajxo de gipso, +ekz-oj

Revision 1.19  2015/07/04 08:37:30  revo
aldono de trd cs per skripto de M. von Laer

Revision 1.18  2015/06/28 12:03:35  revo
aldono de trd sk per skripto de M. von Laer

Revision 1.17  2013/04/09 11:11:00  revo
Sebastian Cyprych: +trd pl

Revision 1.16  2006/06/18 16:32:22  revo
Jeromo Vasxe: + fak min

Revision 1.15  2005/04/07 16:32:07  revo
Raul Salinas Monteagudo: +trd ca,es

Revision 1.14  2005/02/18 17:35:01  revo
Wieland Pusch: +trd de

Revision 1.13  2003/11/06 17:30:42  revo
-->
</vortaro>
