<?xml version="1.0"?>
<!DOCTYPE vortaro SYSTEM "../dtd/vokoxml.dtd">

<vortaro>
  <art mrk="$Id: alah.xml,v 1.20 2018/08/19 15:10:13 revo Exp $">
    <kap>
      <rad>Alah</rad>/o <fnt><bib>Fab1</bib></fnt>
    </kap>
    <drv mrk="alah.0o">
  <kap><tld/>o</kap>
  <snc>
  <uzo tip="fak">REL</uzo>
  <uzo tip="fak">ISL</uzo>
    <dif>
      La ununura <ref tip="sin" cel="di.0o.monoteisma">Dio</ref> en
      <ref tip="vid" cel="islam.0o">islamo</ref>:
      <ekz>
        timigite staris la dromedaro kaj la komercisto tiris al si la kaftanon super la kapon, li &jcirc;etis sin anta&ubreve; mi viza&gcirc;altere kiel anta&ubreve; <tld/>o, sia Dio
        <fnt>
          <bib>Fab1</bib>
          <lok>&Gcirc;ardeno de la paradizo</lok>
        </fnt>;
      </ekz>
      <ekz>
        <tld/>o vidas la nigran skarabon en la nigra &scirc;tona&jcirc;o de la nigra roko, &ccirc;u ne tiel estas skribite en la Korano
        <fnt>
          <bib>Fab4</bib>
          <lok>Sterkskarabo</lok>
        </fnt>?
      </ekz>
      <ekz>
        iasence ili &ccirc;iuj adoras la saman dion, la saman <tld lit="a"/>on a&ubreve;, 
        se reiri al vorto etimologie pli fidela kaj malpli kristisma ol &leftquot;dio&rightquot;, la saman ze&ubreve;son
        <fnt>
          <bib>Monato</bib>
          <aut>Boris Kolker</aut>
          <vrk><url ref="http://steloj.de/esperanto/monato2/006820.html">Plia libro biblia</url></vrk>
        </fnt>;
      </ekz>
      <ekz>
        <tld/>o kaj lia profeto
        <fnt>
          <bib>Monato</bib>
          <aut>Petro De Smet'</aut>
          <vrk><url ref="http://www.monato.net/2008/009516.php">&Ccirc;u &scirc;tormo en tetaso a&ubreve; en ambono?</url></vrk>
        </fnt>;
      </ekz>
      <ekz>
        tre baza ordono de Muhamado estis, ke en &ccirc;io oni konsideru sin dependa de
        <tld/>o, kun respondeco anka&ubreve; pri kunhomoj malpli feli&ccirc;aj: senhavuloj, orfoj kaj vidvinoj
        <fnt>
          <bib>Monato</bib>
          <aut>Hussain Al-Amily</aut>
          <vrk><url ref="http://www.monato.net/2015/011446.php">Islama ekonomio: &ccirc;u modelo por hodia&ubreve;?</url></vrk>
        </fnt>;
      </ekz>
      <ekz>
        la komenco kaj la fino de la korano estas: <nac>Bismi'llahi'rrahmani'rrahim</nac>, 
        la&ubreve;don al <tld/>o, la kompatema, la indulgema
        <fnt>
          <bib>Monato</bib>
          <aut>Frieder Weigold</aut>
          <vrk><url ref="http://www.monato.net/2015/011461.php">Per blasfemo la&ubreve;di Dion</url></vrk>
        </fnt>.
      </ekz>
    </dif>
    <rim>
      La e&ubreve;ropanoj kutime rigardas tiun vorton kiel nomon propran;
      tamen la&ubreve; miaj spertoj, la islamanoj mem emas traduki &gcirc;in
      per la simpla <ctl>Dio</ctl>. Efektive, la plej
      evidenta kaj probabla etimo de tiu vorto estas la araba
      <nac>AL-ILAH</nac>, t.e. <ctl>la dio</ctl>. &Gcirc;i estas egale uzata por
      la malnovtestamenta Eternulo, anka&ubreve; de la arabaj kristanoj.
      <aut>Sergio Pokrovskij</aut>
    </rim>
    <rim>
      La vorto vere ne estas propra nomo. En belorusaj priislamaj
      tekstoj de la 16a jarcento (t.n. &leftquot;<nac>Kitaby</nac>&rightquot;), kiuj estis
      skribitaj beloruse per araba skribo) oni neniam uzis tian
      vorton, nur &leftquot;<nac>Boh</nac>&rightquot; (&leftquot;Dio&rightquot;).
      <aut>Dmitri Gabinski</aut>
    </rim>
  </snc>
  <trdgrp lng="be">
    <trd>&c_A;&c_l;&c_a;&c_h;</trd>,
    <trd>&c_A;&c_l;&c_a;&c_g;</trd>
  </trdgrp>
  <trd lng="ca">A&#320;l&agrave;</trd>
  <trd lng="cs">All&aacute;h</trd>
  <trd lng="de">Allah</trd>
  <trd lng="en">Allah</trd>
  <trd lng="es">Al&aacute;</trd>
  <trd lng="fr">Allah</trd>
  <trd lng="he">&alef;&lamed;&lamed;&he;</trd>
  <trd lng="hu">Allah</trd>
  <trd lng="id">Allah</trd>
  <trd lng="nl">Allah</trd>
  <trd lng="pl">Allah</trd>
  <trd lng="pt">Al&aacute;</trd>
  <trd lng="ru">&c_A;&c_l;&c_l;&c_a;&c_h;</trd>
  <trd lng="ms">Allah</trd>
  <trdgrp lng="sk">
    <trd>Alah</trd>,
    <trd>All&aacute;h</trd>
  </trdgrp>
</drv>
  </art>
<!--
$Log: alah.xml,v $
Revision 1.20  2018/08/19 15:10:13  revo
Wolfram Diestel: +ekz-oj

Revision 1.19  2018/05/24 03:10:13  revo
Dusan Juretic: trd es

Revision 1.18  2017/01/28 12:10:31  revo
Adam Eng: + trd

Revision 1.17  2015/07/04 08:37:30  revo
aldono de trd cs per skripto de M. von Laer

Revision 1.16  2015/06/28 12:03:35  revo
aldono de trd sk per skripto de M. von Laer

Revision 1.15  2014/05/08 18:10:44  revo
Damien Brucker: +trd fr

Revision 1.14  2013/04/03 12:10:16  revo
Sebastian Cyprych: +trd pl

Revision 1.13  2013/03/26 10:10:11  revo
-->
</vortaro>
