<?xml version="1.0"?>
<!DOCTYPE vortaro SYSTEM "../dtd/vokoxml.dtd">

<vortaro>
<art mrk="$Id: alan.xml,v 1.5 2015/02/26 20:11:22 revo Exp $">
<kap>
  <rad>Alan</rad>/o <fnt><bib>NePiv</bib></fnt>
</kap>

<drv mrk="alan.0o">
  <kap><tld/>o</kap>
  <snc mrk="alan.0o.NOM">
    <uzo tip="fak">NOM</uzo>
    <dif>
      Vira <ref tip="lst" cel="nom.antaux0o"
      lst="voko:personaj_nomoj">anta&ubreve;nomo</ref> latindevena:
      <ekz>
        Adriana aperetas en son&gcirc;oj de <tld/>o
        <fnt>
        <aut>Luiz Portella</aut>,
        <vrk><url ref="http://www.lujz.org/oktobro/"></url>13 Oktobro
        1582</vrk>,
        <lok>&leftquot;Adriana&rightquot;, 2002-02-01</lok>
        </fnt>;
      </ekz>
      <ekz>
        li ne vidis <tld/>on dum preska&ubreve; sesdek jaroj
        <fnt>
        <aut>Lubovj Lukina, E&ubreve;geno Lukin, trad. Jurij Finkel</aut>,
        <vrk>La misiistoj</vrk>,
        <lok><url ref="http://www.esperanto.mv.ru/Lukin/mis4.html">parto
        4a</url></lok>
        </fnt>.
      </ekz>
    </dif>
  </snc>
  <trd lng="de">Alan</trd>
  <trd lng="fr">Alain</trd>
  <trd lng="pl">Alan</trd>
  <trd lng="pt">Alan</trd>
</drv>
</art>

<!--
$Log: alan.xml,v $
Revision 1.5  2015/02/26 20:11:22  revo
Wolfram Diestel: lst antaunomoj

Revision 1.4  2007/06/10 16:31:37  revo
Wieland Pusch: +trd de

Revision 1.3  2006/04/25 16:32:19  revo
Sebastian Cyprych: +trd pl

Revision 1.2  2006/04/11 16:31:51  revo
Tulio Flores: +tr pt

Revision 1.1  2006/03/30 16:31:26  revo
Jeromo Vasxe: nova artikolo

-->
</vortaro>
