<?xml version="1.0"?>
<!DOCTYPE vortaro SYSTEM "../dtd/vokoxml.dtd">

<vortaro>
<art mrk="$Id: alarm.xml,v 1.25 2017/12/21 16:10:17 revo Exp $">
<kap>
  <ofc>1</ofc>
  <rad>alarm</rad>/i <fnt><bib>PV</bib></fnt>
</kap>

<drv mrk="alarm.0i">
  <kap><tld/>i</kap>
  <gra><vspec>tr</vspec></gra>
  <snc mrk="alarm.0i.KOMUNE">
    <dif>
      Anonci minacantan dan&gcirc;eron a&ubreve; voki al batalo a&ubreve; helpo, per signalo
      a&ubreve; krioj
    </dif>
  </snc>
  <trd lng="be">&c_b;&c_ib;&c_c;&c_mol;
  &c_t;&c_r;&c_y;&c_v;&c_o;&c_g;&c_u;</trd>
  <trdgrp lng="cs">
    <trd>alarmovat</trd>,
    <trd>volat do zbran&ecaron;</trd>,
    <trd>vyhl&aacute;sit poplach</trd>
  </trdgrp>
  <trd lng="de">alarmieren</trd>
  <trd lng="en">alarm</trd>
  <trdgrp lng="fr">
    <trd>alarmer</trd>,
    <trd>alerter</trd>
  </trdgrp>
  <trdgrp lng="hu">
    <trd>riaszt</trd>,
    <trd>riad&oacute;ztat</trd>
  </trdgrp>
  <trd lng="nl">alarmeren</trd>
  <trdgrp lng="pt">
    <trd>alarmar</trd>,
    <trd>dar <ind>alarme</ind></trd>
  </trdgrp>
  <trd lng="ru">&c_b;&c_i;&c_t;&c_mol;
  &c_t;&c_r;&c_je;&c_v;&c_o;&c_g;&c_u;</trd>
  <trdgrp lng="sk">
    <trd>alarmova&tcaron;</trd>,
    <trd>robi&tcaron; poplach</trd>
  </trdgrp>
</drv>

<drv mrk="alarm.0o">
  <kap><tld/>o</kap>
  <snc mrk="alarm.0o.KOMUNE">
    <dif>
      Signalo por anonci minacantan dan&gcirc;eron a&ubreve; voki al
      batalo a&ubreve; helpo:
      <ekz>
        krii <tld/>on.
      </ekz>
    </dif>
    <trd lng="th">&#3626;&#3633;&#3597;&#3597;&#3634;&#3603;&#3648;&#3605;&#3639;&#3629;&#3609;&#3616;&#3633;&#3618;</trd>
  </snc>
  <trd lng="be">&c_t;&c_r;&c_y;&c_v;&c_o;&c_g;&c_a;</trd>
  <trdgrp lng="cs">
    <trd>alarm</trd>,
    <trd>poplach</trd>
  </trdgrp>
  <trd lng="de">Alarm</trd>
  <trd lng="en">alarm</trd>
  <trd lng="es">alarma</trd>
  <trdgrp lng="fr">
    <trd>alarme</trd>,
    <trd>alerte<klr> (subst.)</klr></trd>
  </trdgrp>
  <trdgrp lng="hu">
    <trd>riad&oacute;</trd>,
    <trd>riaszt&aacute;s</trd>
  </trdgrp>
  <trd lng="id">alarm</trd>
  <trd lng="it">allarme</trd>
  <trd lng="nl">alarm</trd>
  <trdgrp lng="pt">
    <trd>alarme</trd>,
    <trd>alarma</trd>
  </trdgrp>
  <trd lng="ru">&c_t;&c_r;&c_je;&c_v;&c_o;&c_g;&c_a;</trd>
  <trdgrp lng="sk">
    <trd>alarm</trd>,
    <trd>poplach</trd>
  </trdgrp>
</drv>

<drv mrk="alarm.0a">
  <kap><tld/>a</kap>
  <snc mrk="alarm.0a.KOMUNE">
    <dif>
      Kiu <tld/>as, maltrankviliga:
      <ekz>
        la <tld/>a stato de la regno.
      </ekz>
    </dif>
  </snc>
  <trd lng="be">&c_t;&c_r;&c_y;&c_v;&c_o;&c_zh;&c_n;&c_y;</trd>
  <trdgrp lng="cs">
    <trd>poplachov&yacute;</trd>,
    <trd>popla&scaron;n&yacute;</trd>
  </trdgrp>
  <trd lng="de">alarmierend</trd>
  <trd lng="en">alarming</trd>
  <trd lng="fr">alarmant</trd>
  <trd lng="hu">riaszt&oacute;</trd>
  <trd lng="nl">alarmerend</trd>
  <trd lng="pt">alarmante</trd>
  <trd lng="ru">&c_t;&c_r;&c_je;&c_v;&c_o;&c_zh;&c_n;&c_y;&c_j;</trd>
  <trd lng="sk">popla&scaron;n&yacute;</trd>
</drv>

<drv mrk="alarm.0ilo">
  <kap><tld/>ilo</kap>
  <snc mrk="alarm.0ilo.KOMUNE">
    <dif>
      Aparato uzata por sonigi <tld/>on,
      okaze de dan&gcirc;ero a&ubreve; &scirc;telo:
      <ekz>
        mi ne pagas e&ccirc; unu cendon por
        kontra&ubreve;&scirc;telistaj 
        <tld/>iloj
        <fnt>
          <aut>M. Twain, trad. R. Williams</aut>,
          <vrk><url ref="http://sezonoj.ru/2014/05/twain/">
          La familio McWilliams kaj la kontra&ubreve;&scirc;telista
          alarmilo</url></vrk>,
          <lok>La Ondo de Esperanto, 2014:3 (234)</lok></fnt>.
      </ekz>
    </dif>
  </snc>
  <trd lng="cs">popla&scaron;n&eacute;
  za&rcaron;&iacute;zen&iacute;</trd>
  <trd lng="de">Alarmanlage</trd>
  <trd lng="en">alarm</trd>
  <trd lng="es">alarma</trd>
  <trd lng="fr">alarme<klr> (dispositif)</klr></trd>
  <trdgrp lng="hu">
    <trd>riaszt&oacute;berendez&eacute;s</trd>,
    <trd>riaszt&oacute;k&eacute;sz&uuml;l&eacute;k</trd>
  </trdgrp>
  <trd lng="nl">alarm</trd>
  <trd lng="pt">alarme</trd>
  <trdgrp lng="ru">
    <trd>&c_s;&c_i;&c_r;&c_je;&c_n;&c_a;</trd>,
    <trd>&c_n;&c_a;&c_b;&c_a;&c_t;</trd>
  </trdgrp>
  <trdgrp lng="sk">
    <trd>popla&scaron;n&eacute; zariadenie</trd>,
    <trd>alarm</trd>
  </trdgrp>
</drv>

<drv mrk="alarm.0isto">
  <kap><tld/>isto</kap>
  <snc mrk="alarm.0isto.FIG">
    <uzo tip="stl">FIG</uzo>
    <dif>
      Pesimista homo, kiu maltrankviligas la publikon, konstante
      anoncante minacantajn, plej ofte fantaziajn, dan&gcirc;erojn.
    </dif>
    <trd lng="de">Panikmacher</trd>
    <trd lng="en">alarmist</trd>
    <trd lng="fr">alarmiste</trd>
    <trdgrp lng="hu">
      <trd>v&eacute;szmad&aacute;r</trd>,
      <trd>r&eacute;mh&iacute;rterjeszt&odblac;</trd>
    </trdgrp>
    <trd lng="pt">alarmista</trd>
    <trdgrp lng="ru">
      <trd>&c_p;&c_a;&c_n;&c_i;&c_k;&c_jo;&c_r;</trd>,
      <trd>&c_a;&c_l;&c_a;&c_r;&c_m;&c_i;&c_s;&c_t;</trd>
    </trdgrp>
  </snc>
  <trd lng="cs">panika&rcaron;</trd>
  <trd lng="sk">panik&aacute;r</trd>
</drv>
</art>
<!--
$Log: alarm.xml,v $
Revision 1.25  2017/12/21 16:10:17  revo
Michel Cantigneaux: baza vorto = alarmi

Revision 1.24  2016/11/30 16:10:17  revo
Warut Bunprasert: +trd th

Revision 1.23  2016/05/21 07:10:26  revo
Eko Nur Syah Hidayat: +trd id

Revision 1.22  2015/07/04 08:37:30  revo
aldono de trd cs per skripto de M. von Laer

Revision 1.21  2015/06/28 12:03:35  revo
aldono de trd sk per skripto de M. von Laer

Revision 1.20  2014/05/31 19:10:12  revo
Jeromo Vasxe: + ekz + fig cxe ~isto

Revision 1.19  2006/08/29 16:41:57  revo
Wieland Pusch: +trd de

Revision 1.18  2006/04/21 16:32:07  revo
-->
</vortaro>
