<?xml version="1.0"?>
<!DOCTYPE vortaro SYSTEM "../dtd/vokoxml.dtd">

<vortaro>
<art mrk="$Id: alb.xml,v 1.17 2019/01/24 18:10:23 revo Exp $">
<kap>
  <rad>alb</rad>/o
</kap>

<drv mrk="alb.0o">
  <kap><tld/>o</kap>
  <uzo tip="fak">KAT</uzo>
  <snc>
    <dif>
      Pastra blanka tola &gcirc;ispieda mes<ref tip="super" cel="vest.0o">vesto</ref>:
      <ekz>
        la&ubreve; la meslibro de papo Pio la 5a (16-a jarcento), dum la surmeto de la <tld/>o,
        la vesti&gcirc;anto devis reciti <klr>[&#8230;]</klr> la pre&gcirc;on &leftquot;sanktigu min, Sinjoro,
        kaj purigu mian koron por ke per la sango de la &scirc;afido senmakule mi meritu la
        eternan &gcirc;ojon&rightquot;
        <fnt>
          <bib>Viki</bib>
          <lok><url ref="https://eo.wikipedia.org/?curid=405381"
              >Albo</url></lok>
        </fnt>.
      </ekz>
    </dif>
  </snc>
  <trd lng="be">&c_a;&c_l;&c_mol;&c_b;&c_a;</trd>
  <trd lng="cs">alba</trd>
  <trd lng="de">Albe</trd>
  <trd lng="en">alb</trd>
  <trd lng="fr">aube</trd>
  <trdgrp lng="hu">
    <trd>alba</trd>,
    <trd>miseing</trd>,
    <trd>karing</trd>
  </trdgrp>
  <trdgrp lng="it">
    <trd>alba<klr tip="amb"> (rel.)</klr></trd>,
    <trd>camice<klr tip="amb"> (rel.)</klr></trd>
  </trdgrp>
  <trd lng="nl">albe</trd>
  <trd lng="pl">alba</trd>
  <trd lng="pt">alva</trd>
  <trdgrp lng="ru">
    <trd>&c_a;&c_l;&c_mol;&c_b;&c_a;</trd>,
    <trd>&c_s;&c_t;&c_i;&c_h;&c_a;&c_r;&c_mol;</trd>
  </trdgrp>
  <trd lng="sk">alba</trd>
</drv>
</art>
<!--
$Log: alb.xml,v $
Revision 1.17  2019/01/24 18:10:23  revo
Wolfram Diestel: +ekz

Revision 1.16  2015/07/04 08:37:30  revo
aldono de trd cs per skripto de M. von Laer

Revision 1.15  2015/06/28 12:03:35  revo
aldono de trd sk per skripto de M. von Laer

Revision 1.14  2009/10/15 16:33:25  revo
Antonio Codazzi: +trd it

Revision 1.13  2008/05/16 16:30:33  revo
Sebastian Cyprych: +trd pl

Revision 1.12  2007/05/20 16:30:38  revo
Wieland Pusch: +trd de

Revision 1.11  2006/01/06 17:32:17  revo
Dmitri Gabinski: +trd be

Revision 1.10  2002/10/01 16:35:30  revo
-->
</vortaro>
