<?xml version="1.0"?>
<!DOCTYPE vortaro SYSTEM "../dtd/vokoxml.dtd">

<vortaro>
<art mrk="$Id: alban.xml,v 1.18 2018/08/29 10:10:14 revo Exp $">
<kap>
  <ofc>8</ofc>
  <rad>alban</rad>/o <fnt><bib>Fab1</bib></fnt>
</kap>

<drv mrk="alban.0o">
  <kap><ofc>8</ofc><tld/>o</kap>
  <snc mrk="alban.0o.sxtatano">
    <dif>
      <ref tip="super" cel="sxtat.0ano">&Scirc;tatano</ref> de
      <ref tip="malprt" cel="alban.A0ujo"><tld lit="A"/>ujo</ref>.
    </dif>
  </snc>
  <snc mrk="alban.0o.naciano">
    <dif>
      Homo kun <tld/>a nacieco:
      <ekz>
        estis <tld lit="A"/>oj, kura&gcirc;aj homoj, kiel diris mia patrino
        <fnt>
          <bib>Fab1</bib>
          <lok>Ligo de amikeco</lok>
        </fnt>;
      </ekz>
      <ekz>
        &ccirc;iujare ekde 1988 estas minimume 100 <tld/>oj en Kosovo mortigitaj de jugoslava polico kaj armeo
        <fnt>
          <bib>Monato</bib>
          <aut>Paul Gubbins</aut>
          <vrk><url ref="http://steloj.de/esperanto/monato2/006811.html">Reago: Nekredeblaj malveroj</url></vrk>
        </fnt>;
      </ekz>
      <ekz>
        la urbo <nom>Kosovska Mitrovica</nom>
        <klr>[&#8230;]</klr> estas plu dividita je du partoj &dash; serboj, lo&gcirc;antaj norde, kaj <tld/>oj sude
        <fnt>
          <bib>Monato</bib>
          <aut>Evgeni Georgiev</aut>
          <vrk><url ref="http://steloj.de/esperanto/monato2/007007.html">Jugoslavio: Atenco ne preteratentita</url></vrk>
        </fnt>;
      </ekz>
      <ekz>
        <nom>Mimoza</nom> estas <tld/>ino lo&gcirc;anta en <nom>&Ouml;rebro</nom>, Svedio
        <fnt>
          <bib>Monato</bib>
          <aut>Bardhyl Selimi</aut>
          <vrk><url ref="http://www.monato.net/2008/009414.php">Duonislamano duonferio</url></vrk>
        </fnt>.
      </ekz>
    </dif>
  </snc>
  <rim>
      <tld lit="A"/>o estas anka&ubreve; nomo de sanktulo:
      <ekz>
        la pre&gcirc;ejo de la sankta <tld lit="A"/>o
        <fnt>
          <bib>Fab4</bib>
          <lok>Sonorila profundo</lok>
        </fnt>.
      </ekz>
  </rim>
  <trd lng="be">&c_a;&c_l;&c_mol;&c_b;&c_a;&c_n;&c_je;&c_c;</trd>
  <trd lng="bg">&c_a;&c_l;&c_b;&c_a;&c_n;&c_je;&c_c;</trd>
  <trd lng="ca">alban&eacute;s <klr>(subst.)</klr></trd>
  <trd lng="cs">Alb&aacute;nec</trd>
  <trd lng="de">Albaner</trd>
  <trd lng="en">Albanian</trd>
  <trd lng="fr">Albanais<klr> (subst.)</klr></trd>
  <trd lng="nl">Albanees</trd>
  <trd lng="pl">Alba&nacute;czyk</trd>
  <trd lng="sk">Alb&aacute;nec</trd>
</drv>

<drv mrk="alban.0a">
  <kap><tld/>a</kap>
  <snc>
    <dif>
      Rilatanta al <tld/>oj, ilia nacieco a&ubreve; &scirc;tato:
      <ekz>
        la <tld/>a parlamento
        <fnt>
          <bib>Monato</bib>
          <aut>Roland Rotsaert</aut>
          <vrk><url ref="http://steloj.de/esperanto/monato2/006858.html">Albanio: Diktaturo de impostoj</url></vrk>
        </fnt>;
      </ekz>
      <ekz>
        pli ol 150 lingvoj, inter kiuj la afrikansa kaj la <tld/>a, la &ccirc;ina, korea <klr>[&#8230;]</klr>
        <fnt>
          <bib>Monato</bib>
          <vrk><url ref="http://steloj.de/esperanto/monato1/monato-9506-lingvema.txt">Por lingvemaj komputilemuloj...</url></vrk>
        </fnt>;
      </ekz>
      <ekz>
        la <tld/>aj kosovanoj
        <fnt>
          <bib>Monato</bib>
          <vrk><url ref="http://steloj.de/esperanto/monato2/006947.html">Reago: Eks-Jugoslavio: kiu kiun mistifikas?</url></vrk>
        </fnt>;
      </ekz>
      <ekz>
        la kontra&ubreve;<tld/>aj terora&jcirc;oj de februaro 1945
        <fnt>
          <bib>Monato</bib>
          <vrk><url ref="http://steloj.de/esperanto/monato2/006947.html">Reago: Eks-Jugoslavio: kiu kiun mistifikas?</url></vrk>
        </fnt>;
      </ekz>
      <ekz>
        la  <tld/>a etno en Makedonio povus profiti de la nova prezidento
        <fnt>
          <bib>Monato</bib>
          <aut>Evgeni Georgiev</aut>
          <vrk><url ref="http://steloj.de/esperanto/monato2/006818.html">Balkanio: Nova &scirc;anco por &ccirc;iuj etnoj</url></vrk>
        </fnt>.
      </ekz>
    </dif>
  </snc>
  <trd lng="be">&c_a;&c_l;&c_mol;&c_b;&c_a;&c_n;&c_s;&c_k;&c_ib;</trd>
  <trd lng="bg">&c_a;&c_l;&c_b;&c_a;&c_n;&c_s;&c_k;&c_i;</trd>
  <trd lng="ca">alban&eacute;s <klr>(adj.)</klr></trd>
  <trd lng="cs">alb&aacute;nsk&yacute;</trd>
  <trd lng="de">albanisch</trd>
  <trd lng="en">Albanian</trd>
  <trd lng="fr">albanais<klr> (adj.)</klr></trd>
  <trd lng="nl">albaans</trd>
  <trd lng="pl">alba&nacute;ski</trd>
  <trd lng="sk">alb&aacute;nsky</trd>
</drv>

<drv mrk="alban.A0ujo">
  <kap><tld lit="A"/>ujo</kap>
  <mlg kod="ISO-3166">AL</mlg>
  <snc>
  <uzo tip="fak">GEOG</uzo>
  <uzo tip="fak">POL</uzo>
    <dif>
      <ref tip="lst" cel="sxtat.0o.POL"
      lst="voko:&scirc;tatoj">&Scirc;tato</ref> en
      la sudorienta parto de <ref tip="malprt" cel="euxrop1.E0o.geog">E&ubreve;ropo</ref>
      sur la Balkana duoninsulo:
      <ekz>
        en la nuna <tld lit="A"/>ujo <klr>[&#8230;]</klr> atingis lin printempe de la jaro -44 la nova&jcirc;o pri la mortigo de Cezaro
        <fnt>
          <bib>Viki</bib>
          <lok><url ref="https://eo.wikipedia.org/?curid=283">A&ubreve;gusto Cezaro</url></lok>
        </fnt>;
      </ekz>
      <ekz>
        <nom>Ferenc Nopcsa</nom>: <klr>[&#8230;]</klr> liaj &ccirc;efaj esplorkampoj estis la dinosa&ubreve;roj kaj la geologio de  <tld lit="A"/>ujo
        <fnt>
          <bib>Viki</bib>
          <lok><url ref="https://eo.wikipedia.org/?curid=246580">Ferenc Nopcsa</url></lok>
        </fnt>.
      </ekz>
    </dif>
    <ref tip="sin" cel="albani.A0o">Albanio</ref>
  </snc>
  <trd lng="be">&c_A;&c_l;&c_mol;&c_b;&c_a;&c_n;&c_ib;&c_ja;</trd>
  <trd lng="bg">&c_A;&c_l;&c_b;&c_a;&c_n;&c_i;&c_ja;</trd>
  <trdgrp lng="ca">
    <trd>Alb&agrave;nia</trd>,
    <trd>Rep&uacute;blica d'Alb&agrave;nia</trd>
  </trdgrp>

  <trd lng="de">Albanien</trd>
  <trd lng="en">Albania</trd>
  <trd lng="es">Albania</trd>
  <trd lng="fr">Albanie</trd>
  <trd lng="id">Albania</trd>
  <trd lng="nl">Albani&euml;</trd>
  <trd lng="pl">Albania</trd>
</drv>

</art>

<!--
$Log: alban.xml,v $
Revision 1.18  2018/08/29 10:10:14  revo
Wolfram Diestel: +ekz-oj

Revision 1.17  2018/08/06 10:10:13  revo
Michel Cantigneaux: aperas unue en PIV1 (1970), oficiala en 8OA (1973)

Revision 1.16  2018/05/23 02:10:16  revo
Dusan Juretic: +trd es

Revision 1.15  2018/02/22 23:10:42  revo
Wolfram Diestel: riparoj

Revision 1.14  2017/12/23 08:10:17  revo
Michel Cantigneaux: Pli bonaj indikoj pri 8a Oficiala Aldono kaj 12a
Oficiala Informo (+ /ino)

Revision 1.13  2017/08/03 11:10:15  revo
Ludoviko Francisco: +ref sin

Revision 1.12  2017/06/26 12:10:14  revo
Ludoviko Francisco: kor mlg

-->
</vortaro>
