<?xml version="1.0"?>
<!DOCTYPE vortaro SYSTEM "../dtd/vokoxml.dtd">

<vortaro>
<art mrk="$Id: albani.xml,v 1.13 2018/12/10 19:10:16 revo Exp $">
<kap>
  <rad>Albani</rad>/o
</kap>

<drv mrk="albani.A0o">
  <kap><tld/>o</kap>
  <snc>
  <uzo tip="fak">GEOG</uzo>
  <uzo tip="fak">POL</uzo>
    <dif>
      <ref tip="dif" cel="alban.A0ujo">Albanujo</ref>:
      <ekz>
        <tld lit="A"/>o estas lando en la sudorienta parto de
        E&ubreve;ropo sur la Balkana duoninsulo
        <fnt>
          <bib>Viki</bib>,
          <lok><url ref="http://eo.wikipedia.org/wiki/Albanio">Albanio</url></lok>
        </fnt>;
      </ekz>
      <ekz>
        la&ubreve; kalkuloj de iu instituto &ccirc;e Sendependaj
        Sindikatoj, la vivminimumo en Albanio nun estas
        20&#8239;000 lekoj a&ubreve; &ccirc;irka&ubreve; 150&#8239;EUR, sed du trionoj de la
        civitanoj ricevas malpli
        <fnt>
          <bib>Monato</bib>
          <aut>Roland Rotsaert</aut>
          <vrk><url ref="http://steloj.de/esperanto/monato2/006858.html"
              >Albanio: Diktaturo de impostoj</url></vrk>
        </fnt>;
      </ekz>
      <ekz>
        Epiro ne kongruis e&ccirc; nur pli-malpli kun la nuna <tld/>o,
        sed inkluzivis nur ties ekstreman sudon, kaj la iliroj
        vivis anta&ubreve; &ccirc;irka&ubreve; 2400 jaroj krom en Dalmatio anka&ubreve; en
        norda kaj centra <tld/>o kaj vaste landinterne
        <fnt>
          <bib>Monato</bib>
          <aut>Guido Van Damme</aut>
          <vrk><url ref="http://steloj.de/esperanto/monato2/007043.html">Na&ubreve; kontra&ubreve;batoj</url></vrk>
        </fnt>.
      </ekz>
    </dif>
  </snc>
  <trd lng="be">&c_A;&c_l;&c_mol;&c_b;&c_a;&c_n;&c_ib;&c_ja;</trd>
  <trd lng="bg">&c_A;&c_l;&c_b;&c_a;&c_n;&c_i;&c_ja;</trd>
  <trd lng="cs">Alb&aacute;nie</trd>
  <trd lng="de">Albanien</trd>
  <trd lng="en">Albania</trd>
  <trd lng="es">Albania</trd>
  <trd lng="fa">&a_A_madda;&a_l;&a_b;&a_A;&a_n;&f_y;</trd>
  <trdgrp lng="fr">
    <trd>Albanie</trd>,
    <trd>R&eacute;publique d'Albanie</trd>
  </trdgrp>
  <trd lng="pl">Albania</trd>
  <trd lng="pt">Alb&acirc;nia</trd>
  <trd lng="sk">Alb&aacute;nsko</trd>
</drv>
</art>

<!--
$Log: albani.xml,v $
Revision 1.13  2018/12/10 19:10:16  revo
Wolfram Diestel: +ekz-oj, -rim ne rilata speciale al ~o

Revision 1.12  2018/05/23 02:10:15  revo
Dusan Juretic: +trd es

Revision 1.11  2017/12/23 08:10:18  revo
Michel Cantigneaux: rimarko pri radiko kaj sufikso en landnomoj laux
Akademio.

Revision 1.10  2015/07/04 08:37:30  revo
aldono de trd cs per skripto de M. von Laer

Revision 1.9  2015/06/28 12:03:35  revo
aldono de trd sk per skripto de M. von Laer

Revision 1.8  2014/06/09 17:10:24  revo
Damien Brucker: +trd fr

Revision 1.7  2013/12/22 10:10:12  revo
Damien Brucker: +trd fr

-->
</vortaro>
