<?xml version="1.0"?>
<!DOCTYPE vortaro SYSTEM "../dtd/vokoxml.dtd">

<vortaro>
<art mrk="$Id: albatr.xml,v 1.23 2019/02/05 18:10:27 revo Exp $">
<kap>
  <rad>albatros</rad>/o
  <fnt>Z</fnt>
</kap>
<drv mrk="albatr.0o">
  <kap><tld/>o</kap>
  <uzo tip="fak">ZOO</uzo>
  <snc>
    <dif>
      <ref tip="lst" cel="genr.0o.BIO"
      lst="voko:zoologiaj_genroj">Genro</ref> 
      el la ordo <ref tip="malprt" cel="procel.0oformaj">
      procelarioformaj birdoj</ref>
      (<trd lng="la">Diomedea</trd>), granda 
      mar<ref tip="lst" cel="bird.0o" lst="voko:birdoj">birdo</ref> kun
      longaj flugiloj:
      <ekz>
        sur la rokkornicoj nestas oregreta pingveno kaj raraj marbirdoj kiel migra
        <tld/>o kaj granda procelario
        <fnt>
          <bib>Viki</bib>
          <lok><url ref="https://eo.wikipedia.org/?curid=266029"
              >Insulo Gough</url></lok>
        </fnt>.
      </ekz>
    </dif>
    <bld
      lok="&WCU;/thumb/d/db/Diomedea_exulans_in_flight_2_-_SE_Tasmania_straight.jpg/317px-Diomedea_exulans_in_flight_2_-_SE_Tasmania_straight.jpg"
      prm="CC BY-SA 3.0"
      >fluganta <tld/>o (Diomedea exulans), Tasmana Duoninsulo, A&ubreve;stralio
        <fnt>
          <aut>JJ Harrison, prilaborita de Martin Kraft</aut>
          <lok><url ref="&WCW;/File:Diomedea_exulans_in_flight_2_-_SE_Tasmania_straight.jpg"
              >https://commons.wikimedia.org/wiki/File:Diomedea_exulans_in_flight_2_-_SE_Tasmania_straight.jpg</url></lok>
        </fnt>
    </bld>
  </snc>
  <trd lng="be">&c_a;&c_l;&c_mol;&c_b;&c_a;&c_t;&c_r;&c_o;&c_s;</trd>
  <trd lng="cs">albatros</trd>
  <trd lng="de">Albatros</trd>
  <trd lng="en">albatross</trd>
  <trd lng="es">albatros</trd>
  <trd lng="fr">albatros</trd>
  <trd lng="he">&alef;&lamed;&bet;&tet;&resh;&vav;&samekh;</trd>
  <trd lng="hu">albatrosz</trd>
  <trd lng="id">albatros</trd>
  <trd lng="nl">albatros</trd>
  <trd lng="pl">albatros</trd>
  <trd lng="pt">albatroz</trd>
  <trd lng="ru">&c_a;&c_l;&c_mol;&c_b;&c_a;&c_t;&c_r;&c_o;&c_s;</trd>
  <trd lng="sk">albatros</trd>
</drv>
</art>
<!--
$Log: albatr.xml,v $
Revision 1.23  2019/02/05 18:10:27  revo
Wolfram Diestel: -fam. +ord.

Revision 1.22  2019/02/04 21:10:19  revo
Wolfram Diestel: +ekz, +bld

Revision 1.21  2014/11/15 04:10:18  revo
Eko Nur Syah Hidayat: +trd id

Revision 1.20  2013/10/03 08:11:04  revo
Wolfram Diestel: listo birdoj

Revision 1.19  2013/09/01 13:10:37  revo
Wolfram Diestel: referenco al listo zoo genroj

Revision 1.18  2005/04/27 16:32:37  revo
Raul Salinas Monteagudo: korekto trd es

Revision 1.17  2003/10/30 17:32:09  revo
Dmitri Gabinski: +trd be

Revision 1.16  2002/09/07 17:36:29  revo
-->
</vortaro>
