<?xml version="1.0"?>
<!DOCTYPE vortaro SYSTEM "../dtd/vokoxml.dtd">

<vortaro>
<art mrk="$Id: alberg.xml,v 1.7 2015/11/02 21:10:19 revo Exp $">
<kap>
  <rad>alberg</rad>/o <fnt><bib>SPIV</bib></fnt>
</kap>
<drv mrk="alberg.0o">
  <kap><tld/>o</kap>
  <uzo tip="stl">POE</uzo>
  <uzo tip="stl">RAR</uzo>
  <snc mrk="alberg.0o.TUR">
    <ref tip="dif" cel="gast.0ejo.TUR">gastejo</ref>
    <ekz>
      du el la amikoj adia&ubreve;is la trian, &ccirc;ar ili ne &ccirc;iuj lo&gcirc;is en la
      sama <tld/>o
      <fnt>
      <aut>J. A. Schneiderfranken, trad. A. Rehfeldt</aut>,
      <vrk><url ref="www.a-rehfeldt.de/LaSekretoEspTNR.pdf">la
      sekreto</url></vrk>,
      <lok>2005</lok>
      </fnt>.
    </ekz>
  </snc>
  <trdgrp lng="de">
    <trd>Herberge</trd>,
    <trd>Gasthaus</trd>
  </trdgrp>
  <trdgrp lng="en">
    <trd>auberge</trd>,
    <trd>inn</trd>, <trd>tavern</trd>, <trd>hostel</trd>
  </trdgrp>
  <trdgrp lng="fa">
    <trd>&a_m;&a_s;&a_A;&a_f;&a_r;&a_kh;&a_A;&a_n;&a_h;</trd>,
    <trd>&a_m;&a_h;&a_m;&a_A;&a_n;&a_kh;&a_A;&a_n;&a_h;</trd>,
    <trd>&a_m;&a_h;&a_m;&a_A;&a_n;&a_s;&a_r;&a_A;</trd>
  </trdgrp>
  <trdgrp lng="fr">
    <trd>auberge</trd>,
    <trd>taverne</trd>
  </trdgrp>
  <trd lng="nl">taverne</trd>
  <trd lng="pt">albergue</trd>
  <trd lng="hu">vend&eacute;gfogad&oacute;</trd>
</drv>
</art>

<!--
$Log: alberg.xml,v $
Revision 1.7  2015/11/02 21:10:19  revo
Cindy Moon McKee: +trd en

Revision 1.6  2009/07/03 16:30:40  revo
Paul Peeraerts: +trd nl

Revision 1.5  2009/06/29 18:05:27  revo
Behnam Tabatabai: +trd fa

Revision 1.4  2008/01/15 17:30:35  revo
Tulio Flores: +tr pt

Revision 1.3  2006/10/22 18:03:32  revo
Wieland Pusch: +trd de

Revision 1.2  2006/09/08 12:03:59  revo
Jozefo Horvath: +trd hu

Revision 1.1  2005/12/19 17:31:41  revo
Jeromo Vasxe: nova artikolo

-->
</vortaro>
