<?xml version="1.0"?>
<!DOCTYPE vortaro SYSTEM "../dtd/vokoxml.dtd">

<vortaro>
<art mrk="$Id: albert.xml,v 1.14 2018/01/29 20:10:15 revo Exp $">
<kap>
  <rad>Albert</rad>/o <fnt><bib>PIV1</bib></fnt>
</kap>
<drv mrk="albert.0o">
  <kap><tld/>o</kap>
  <snc mrk="albert.0o.NOM">
    <uzo tip="fak">NOM</uzo>
    <dif>
      Vira <ref tip="lst" cel="nom.antaux0o"
      lst="voko:personaj_nomoj">anta&ubreve;nomo</ref> &gcirc;ermandevena:
      <ekz>
        sinceran dankon al lia Re&gcirc;a Mo&scirc;to la Re&gcirc;o <tld/>o por la granda
        honoro, kiun li faris al nia afero, prenante sur sin la protektantecon super nia kongreso
        <fnt>
          <bib>Paroloj</bib>
          <vrk>Parolado anta&ubreve; la Sepa Kongreso Esperantista en 
           Antwerpen en la 21a de a&ubreve;gusto 1911</vrk>
        </fnt>;
      </ekz>
      <ekz>
        iu scienculo (&ccirc;u <tld/>o Einstein?) diris, ke Dio estas matematikisto &ndash; pia aserto
        <fnt>
          <bib>Monato</bib>
          <aut>Garbhan Macaoidh</aut>
          <vrk><url ref="http://www.esperanto.be/fel/2003/007921.html">Ho, mistera pi!</url></vrk>
        </fnt>;
      </ekz>
      <ekz>
        <tld/>o kaj Viktoro estas fizikistoj
        <fnt>
          <aut>Y. Kotilevski</aut>
          <vrk>
    &c_E;&c_s;&c_p;&c_je;&c_r;&c_a;&c_n;&c_t;&c_o;-&c_k;&c_l;&c_u;&c_b;:
&c_u;&c_r;&c_o;&c_k; 2, &c_p;&c_r;&c_o;&c_v;&c_je;&c_r;&c_ja;&c_je;&c_m;
          </vrk>
          <lok>fido7.ru.baby.mail, 2000-02-27</lok>
        </fnt>.
      </ekz>
    </dif>
  </snc>
  <rim>
    Ekzistas anka&ubreve; provinco en Kanado kun la nomo
    <ref tip="hom" cel="albert1.A0o">Alberto</ref>.
  </rim>
  <trd lng="be">&c_A;&c_l;&c_mol;&c_b;&c_e;&c_r;&c_t;</trd>
  <trd lng="cs">Albert</trd>
  <trd lng="de">Albert</trd>
  <trd lng="en">Albert</trd>
  <trd lng="fr">Albert</trd>
  <trd lng="hu">Albert</trd>
  <trd lng="it">Alberto</trd>
  <trd lng="nl">Albert</trd>
  <trd lng="pl">Albert</trd>
  <trd lng="ru">&c_A;&c_l;&c_mol;&c_b;&c_je;&c_r;&c_t;</trd>
  <trd lng="sk">Albert</trd>
  <trd lng="ms"> Albert. nama orang</trd>
</drv>
</art>

<!--
$Log: albert.xml,v $
Revision 1.14  2018/01/29 20:10:15  revo
Wolfram Diestel: +ekz-oj, ref al provinco Alberto

Revision 1.13  2017/01/28 12:10:27  revo
Adam Eng: + trd

Revision 1.12  2015/07/04 08:37:30  revo
aldono de trd cs per skripto de M. von Laer

Revision 1.11  2015/06/28 12:03:35  revo
aldono de trd sk per skripto de M. von Laer

Revision 1.10  2015/02/26 20:11:21  revo
Wolfram Diestel: lst antaunomoj

Revision 1.9  2013/03/30 14:10:19  revo
Dmitri Gabinski: +trd be

Revision 1.8  2011/03/22 02:10:10  revo
Larry Gilbert: +trd en

Revision 1.7  2009/10/30 17:31:06  revo
-->
</vortaro>
