<?xml version="1.0"?>
<!DOCTYPE vortaro SYSTEM "../dtd/vokoxml.dtd">

<vortaro>
<art mrk="$Id: albert1.xml,v 1.5 2015/07/04 08:37:30 revo Exp $">
<kap>
  <rad>Albert</rad>/o
</kap>
<drv mrk="albert1.A0o">
  <kap><tld/>o</kap>
  <snc mrk="albert1.A0o.GEOG">
    <uzo tip="fak">GEOG</uzo>
    <uzo tip="fak">POL</uzo>
    <dif>
      Provinco de <ref tip="malprt" cel="kanad.K0o.GEOG">Kanado</ref>
      en &gcirc;ia sud-okcidenta parto, &ccirc;e la pacifika maro:
      <ekz>
        niaj membroj trovi&gcirc;as en diversaj partoj de Kanado:
        po tri en Ontario kaj Brita Kolumbio,
        kaj po unu en <tld/>o kaj Saska&ccirc;evano
        <fnt>
          <aut>B. Arthur</aut>,
          <vrk>La Membraro</vrk>,
          <lok><url ref="http://www.esperanto.ca/jek/ja17.html">
          Juna Alumeto, 1998-06 (17)</url></lok>
        </fnt>.
      </ekz>
    </dif>
  </snc>
  <rim mrk="albert1.0o.RIM_HOM">
    La provincon oni nomis
    honore al <em>Louise Caroline Alberta</em>
    de la brita re&gcirc;a familio, do per la homnomo
    <ref tip="hom" cel="albert.0o">Alberto</ref>.
  </rim>
  <trd lng="be">&c_A;&c_l;&c_mol;&c_b;&c_e;&c_r;&c_t;&c_a; <klr>(&c_p;&c_r;&c_a;&c_v;&c_ib;&c_n;&c_c;&c_y;&c_ja; &c_K;&c_a;&c_n;&c_a;&c_d;&c_y;)</klr></trd>
  <trd lng="bg">&c_A;&c_l;&c_b;&c_malmol;&c_r;&c_t;&c_a;<klr tip="amb"> (&c_K;&c_a;&c_n;&c_a;&c_d;&c_a;)</klr></trd>
  <trd lng="de">Alberta<klr tip="amb"> (Kanada)</klr></trd>
  <trd lng="en">Alberta<klr> (Canada)</klr></trd>
  <trd lng="fr">Alberta<klr> (Canada)</klr></trd>
  <trd lng="sk">Albert</trd>
  <trd lng="cs">Albert</trd>
</drv>
</art>

<!--
$Log: albert1.xml,v $
Revision 1.5  2015/07/04 08:37:30  revo
aldono de trd cs per skripto de M. von Laer

Revision 1.4  2015/06/28 12:03:35  revo
aldono de trd sk per skripto de M. von Laer

Revision 1.3  2013/03/30 14:10:20  revo
Dmitri Gabinski: +trd be

Revision 1.2  2012/02/26 18:10:08  revo
Wieland Pusch: +trd bg+de

Revision 1.1  2012/02/25 01:10:08  revo
Jeromo Vasxe: nova artikolo

-->
</vortaro>
