<?xml version="1.0"?>
<!DOCTYPE vortaro SYSTEM "../dtd/vokoxml.dtd">

<vortaro>
<art mrk="$Id: albin.xml,v 1.22 2016/10/11 06:10:19 revo Exp $">
<kap>
  <ofc>4</ofc>
  <rad>albin</rad>/o <fnt><bib>PV</bib></fnt>
</kap>
<drv mrk="albin.0o">
  <kap><tld/>o</kap>
  <snc mrk="albin.0o.GNT">
    <dif>
      Homo kies haroj estas blanke senkoloraj pro denaska manko de
      pigmentoj:
      <ekz>
        la <tld/>oj havas karminru&gcirc;ajn okulojn.
      </ekz>
    </dif>
  </snc>
  <trd lng="be">&c_a;&c_l;&c_mol;&c_b;&c_ib;&c_n;&c_o;&c_s;</trd>
  <trd lng="ca">alb&iacute;</trd>
  <trd lng="cs">alb&iacute;n</trd>
  <trd lng="de">Albino</trd>
  <trd lng="en">albino</trd>
  <trd lng="es">albino</trd>
  <trd lng="fr">albinos</trd>
  <trd lng="hu">albin&oacute;</trd>
  <trd lng="nl">albino</trd>
  <trd lng="pl">albinos</trd>
  <trd lng="pt">albino</trd>
  <trd lng="ru">&c_a;&c_l;&c_mol;&c_b;&c_i;&c_n;&c_o;&c_s;</trd>
  <trd lng="sk">alb&iacute;n</trd>
</drv>

<drv mrk="albin.0ismo">
  <kap><tld/>ismo</kap>
  <snc mrk="albin.0ismo.GNT">
    <uzo tip="fak">BIO</uzo>
    <dif>
      Apero de <tld/>a ecaro:
      <ekz>
        sendube &ccirc;iuj a&ubreve;dis pri kazoj de <tld/>ismo,
        <klr>...</klr> kiuj aperis &ccirc;e pluraj membroj
        de la sama familio        
        <fnt><bib>OriginoDeSpecioj</bib>, <lok>&ccirc;apitro 1a</lok></fnt>.
      </ekz>
    </dif>
  </snc>
  <trd lng="cs">albinizmus</trd>
  <trd lng="en">albinism</trd>
  <trd lng="fr">albinisme</trd>
  <trd lng="pl">albinizm</trd>
  <trd lng="sk">albinizmus</trd>
</drv>
</art>
<!--
$Log: albin.xml,v $
Revision 1.22  2016/10/11 06:10:19  revo
Sebastian Cyprych: +trd pl

Revision 1.21  2015/12/26 14:10:23  revo
Cindy Moon McKee: +trd en

Revision 1.20  2015/07/04 08:37:30  revo
aldono de trd cs per skripto de M. von Laer

Revision 1.19  2015/06/28 12:03:35  revo
aldono de trd sk per skripto de M. von Laer

Revision 1.18  2012/08/04 18:10:12  revo
Jeromo Vasxe: + ~ismo

Revision 1.17  2011/12/06 18:10:18  revo
Marc Rausell: kataluna traduko

Revision 1.16  2004/05/18 16:32:14  revo
Dmitri Gabinski: +trd be

Revision 1.15  2002/10/01 16:35:29  revo
-->
</vortaro>
