<?xml version="1.0"?>
<!DOCTYPE vortaro SYSTEM "../dtd/vokoxml.dtd">

<vortaro>
<art mrk="$Id: albigens.xml,v 1.1 2011/05/20 22:10:14 revo Exp $">
<kap>
  <rad>albigens</rad>/o <fnt><bib>PIV1</bib></fnt>
</kap>
<drv mrk="albigens.0o">
  <kap><tld/>o</kap>
  <snc mrk="albigens.0o.REL">
    <dif>
      Ano de
      <ref tip="vid" cel="albigens.0ismo.REL"><tld/>ismo</ref>:
      <ekz>
        la herezaj <tld lit="A"/>oj <klr>...</klr> plenigis per 
        malsanigaj eraroj la sudajn regionojn de Francio kaj aliajn 
        regionojn de la latina mondo
        <fnt>
          <aut>Leono la 13a, trad. -</aut>,
          <vrk><url
          ref="http://www.ikue.org/papoj/leonoxiii/encrozario.htm">
          Supera Apostolado</url></vrk>,
          <lok>[2006?]</lok>
        </fnt>.
      </ekz>
    </dif>
  </snc>
  <trdgrp lng="fr">
    <trd>Albigeois<klr> (Cathare, subst.)</klr></trd>,
    <trd>Cathare<klr> (subst.)</klr></trd>
  </trdgrp>
</drv>

<drv mrk="albigens.0ismo">
  <kap><tld/>ismo</kap>
  <snc mrk="albigens.0ismo.REL">
    <uzo tip="fak">HIS</uzo>
    <uzo tip="fak">REL</uzo>
    <dif>
      Doktrino kaj praktiko de
      <ref tip="vid" cel="albigens.0o.REL"><tld/>oj</ref>,
      religia grupo prosperinta en la 12a kaj 13a jarcentoj
      en la sudokcidenta parto de nuna Francujo,
      rigardata kiel herezo de kristanismo kaj 
      perforte ekstermita:
      <ekz>
        <tld lit="A"/>ismo instruis, ke estas du dioj: unu bona dio, 
        kiu kreis la spiritan mondon, kaj unu malbona dio, kiu kreis la 
        materian mondon
        <fnt>
          <bib>Viki</bib>,
          <lok><url ref="http://eo.wikipedia.org/wiki/Albigensismo">
          Albigensismo</url>, 2010-11-29</lok>
        </fnt>.
      </ekz>
    </dif>
  </snc>
  <trd lng="fr">Catharisme</trd>
</drv>
</art>

<!--
$Log: albigens.xml,v $
Revision 1.1  2011/05/20 22:10:14  revo
Jeromo Vasxe: nova artikolo

-->
</vortaro>