<?xml version="1.0"?>
<!DOCTYPE vortaro SYSTEM "../dtd/vokoxml.dtd">

<vortaro>
<art mrk="$Id: albumi.xml,v 1.15 2019/01/27 13:10:18 revo Exp $">
<kap>
  <rad>albumin</rad>/o
  <fnt>Z</fnt>
</kap>

<drv mrk="albumi.0o">
  <kap><tld/>o</kap>
  <uzo tip="fak">MED</uzo>
  <snc>
    <dif>
      Blanka kaj viskeca substanco, <ref tip="super" cel="protein.0o">proteinoj</ref>,
      kiuj konsistigas la blankon de ovo kaj plej grandan parton de la animalaj kaj vegeta&jcirc;aj &ccirc;eloj:
      <ekz>
        proteinoj estas gravaj, &ccirc;ar ili konsistigas la korpon: la keratinon de la ha&ubreve;to
        kaj ungoj, la osteinon de la ostoj, la hemoglobinon de la ru&gcirc;aj sango&ccirc;eloj,
        la mioglobinon de la muskoloj, la <tld/>on de la sango, la gelatenecan
        substancon en la &ccirc;eloj, ktp
        <fnt>
          <bib>Monato</bib>
          <vrk><url ref="http://steloj.de/esperanto/monato2/007157.html"
              >Vivo: Riboj</url></vrk>
        </fnt>.
      </ekz> 
    </dif>
  </snc>
  <trd lng="be">&c_b;&c_ja;&c_l;&c_o;&c_k;</trd>
  <trd lng="ca">alb&uacute;mina</trd>
  <trdgrp lng="cs">
    <trd>albumin</trd>,
    <trd>b&iacute;lkovina</trd>
  </trdgrp>
  <trd lng="de">Albumin</trd>
  <trdgrp lng="en">
     <trd>egg white</trd>,
     <trd>albumin</trd>
  </trdgrp>
  <trd lng="es">alb&uacute;mina</trd>
  <trd lng="fr">albumine</trd>
  <trd lng="nl">albumine</trd>
  <trd lng="pt">albumina</trd>
  <trd lng="ru">&c_b;&c_je;&c_l;&c_o;&c_k;</trd>
  <trd lng="sk">bielkovina</trd>
</drv>
</art>
<!--
$Log: albumi.xml,v $
Revision 1.15  2019/01/27 13:10:18  revo
Wolfram Diestel: +ekz, ref proteino

Revision 1.14  2015/07/04 08:37:30  revo
aldono de trd cs per skripto de M. von Laer

Revision 1.13  2007/05/20 16:30:47  revo
Wieland Pusch: +trd de, korr en

Revision 1.12  2005/04/16 16:34:56  revo
Raul Salinas Monteagudo: +trd ca,es

Revision 1.11  2003/11/06 17:30:44  revo
Dmitri Gabinski: +trd be

Revision 1.10  2002/10/01 16:35:32  revo
Christopher Zervic: + ang

Revision 1.9  2002/09/07 17:37:13  revo
Viliam Bur: +sk trd

Revision 1.8  2001/09/17 18:12:13  revo
-->
</vortaro>
