<?xml version="1.0"?>
<!DOCTYPE vortaro SYSTEM "../dtd/vokoxml.dtd">

<vortaro>
<art mrk="$Id: albume.xml,v 1.15 2018/12/01 20:10:16 revo Exp $">
<kap>
  <rad>albumen</rad>/o
  <fnt>MT</fnt>
</kap>
<drv mrk="albume.0o">
  <kap><tld/>o</kap>
  <snc mrk="albume.0o.BOT">
    <uzo tip="fak">BOT</uzo>
    <dif>
      Substanco, kiu &ccirc;irka&ubreve;as la embrion, &ccirc;e kelkaj grajnoj kaj &gcirc;in nutras dum la &gcirc;ermado:
      <ekz>
        <tld/>o a&ubreve; endospermo estas la amelri&ccirc;a histo en grajnoj, kiu pli-malpli
        &ccirc;irka&ubreve;as la embrion dum &gcirc;ermado kaj konsistigas por homo la man&gcirc;eblan parton
        de la grajno
        <fnt>
          <bib>Viki</bib>
          <lok><url ref="https://eo.wikipedia.org/?curid=23202"
              >Albumeno</url></lok>
        </fnt>.
      </ekz>
    </dif>
    <trd lng="de">Endosperm</trd>
  </snc>
  <snc mrk="albume.0o.albumino">
    <uzo tip="fak">BIO</uzo>
    <dif>
      <ref tip="dif" cel="albumi.0o">Albumino</ref>:
      <ekz>
        &ccirc;u havas guston la <tld/>o de ovo
        <fnt>
          <bib>MT</bib>
          <lok>Ijob 6:6</lok>
        </fnt>?
      </ekz>
    </dif>
    <trd lng="de">Albumin</trd>
  </snc>
  <trdgrp lng="cs">
    <trd>albumen</trd>,
    <trd>b&iacute;lek</trd>
  </trdgrp>
  <trd lng="el">&epsilon;&ny;&delta;&omikron;&sigma;&pi;&epsilon_ton;&rho;&my;&jota;&omikron;</trd>
  <trd lng="en">endosperm (of seeds)</trd>
  <trd lng="fr">albumen</trd>
  <trdgrp lng="hu">
    <trd>magfeh&eacute;rje</trd>,
    <trd>albumen</trd></trdgrp>
  <trd lng="nl">kiemwit</trd>
  <trdgrp lng="pl">
    <trd>albumin</trd>,
    <trd>albumina</trd>
  </trdgrp>
  <trd lng="pt">alb&uacute;men</trd>
  <trd lng="ru">&c_e;&c_n;&c_d;&c_o;&c_s;&c_p;&c_je;&c_r;&c_m;</trd>
  <trdgrp lng="sk">
    <trd>bielkovina <klr>(v semia&ccaron;ku)</klr></trd>,
    <trd>bielkovina <klr>(v zrne)</klr></trd>
  </trdgrp>
</drv>
</art>
<!--
$Log: albume.xml,v $
Revision 1.15  2018/12/01 20:10:16  revo
Wolfram Diestel: +snc albumino, +ekz-oj

Revision 1.14  2016/09/27 11:10:20  revo
Sebastian Cyprych: +trd pl

Revision 1.13  2015/07/04 08:37:30  revo
aldono de trd cs per skripto de M. von Laer

Revision 1.12  2015/06/28 12:03:35  revo
aldono de trd sk per skripto de M. von Laer

Revision 1.11  2011/04/23 12:10:09  revo
Glavkos Xaon: greka signifo de vorto

Revision 1.10  2003/05/18 18:00:22  revo
Viliam Bur: +trd sk

Revision 1.9  2002/03/21 18:34:00  revo
Jozefo Horvath: +trd hu

Revision 1.8  2001/09/19 18:12:19  revo
-->
</vortaro>
