<?xml version="1.0"?>
<!DOCTYPE vortaro SYSTEM "../dtd/vokoxml.dtd">

<vortaro>
<art mrk="$Id: album.xml,v 1.24 2017/01/28 12:10:28 revo Exp $">
<kap>
  <ofc>1</ofc>
  <rad>album</rad>/o
</kap>
<drv mrk="album.0o">
  <kap><tld/>o</kap>
  <snc mrk="album.0o.TIP">
    <uzo tip="fak">TIP</uzo>
    <dif>
      Binda&jcirc;o en formo de libro, por konservi notojn, fotografa&jcirc;ojn,
      desegnojn, ktp:
      <ekz>
        en la mondo abundas stranguloj &ndash; kolektantoj de diversa&jcirc;oj:
        iu
        havas kelkcentojn da brikoj, alia povas montri al vi multajn
        po&scirc;tmark-<tld/>ojn
        <fnt>
          <aut>Araneo</aut>,
          <vrk>Forko</vrk>,
          <bib>Monato</bib>,
          <lok>jaro 2002a, numero 5a, p. 24a</lok>
        </fnt>.
      </ekz>
    </dif>
    <trdgrp lng="de">
      <trd>Gedenkbuch</trd>,
      <trd>Sammelbuch</trd>,
      <trd>Album</trd>
    </trdgrp>
    <trd lng="be">&c_a;&c_l;&c_mol;&c_b;&c_o;&c_m;</trd>
    <trd lng="en">album</trd>
    <trd lng="es">&aacute;lbum</trd>
    <trd lng="hu">album</trd>
    <trd lng="nl">album</trd>
    <trd lng="pt">&aacute;lbum</trd>
    <trd lng="ru">&c_a;&c_l;&c_mol;&c_b;&c_o;&c_m;</trd>
    <trd lng="sk">album</trd>
    <trd lng="ms">album foto</trd>
  </snc>
  <snc mrk="album.0o.MUZ">
    <uzo tip="fak">MUZ</uzo>
    <dif>
      Muzikeldona&jcirc;o en formo <tld/>eta entenanta diskojn a&ubreve; aliajn 
      datumportilojn...:
        <ekz>
          en 1986 en Usono aperas duobla <tld/>o &leftquot;Ru&gcirc;a ondo &ndash; 4 
          subgrundaj grupoj el USSR&rightquot;
          <fnt>
            <aut>M. Golikova, trad. G. Arosev</aut>,
            <vrk><url
            ref="http://www.aquarium-web.com/eo/news/index.htm">
            Aquarium on the web</url>, historio</vrk>,
            <lok>2005</lok>
          </fnt>;
        </ekz>
      <ekz>
        Eug&ecirc;nio Matos <klr>...</klr> faris la aran&gcirc;ojn kaj muzikan 
        direktadon de <tld/>oj de pluraj artistoj
        <fnt>
          <aut>F. Fonseca</aut>,
          <vrk><url
          ref="http://www.musicexpress.com.br/artisto.asp?artista=42">
          Eug&ecirc;nio Matos</url></vrk>,
          <lok>MusicExpress, [vidita en 2007-03]</lok>
        </fnt>.
      </ekz>
    </dif>
  </snc>
  <trdgrp lng="cs">
    <trd>album</trd>,
    <trd>obrazov&aacute; publikace</trd>,
    <trd>pam&aacute;tn&iacute;k <klr>(kniha)</klr></trd>
  </trdgrp>
  <trd lng="fr">album</trd>
  <trd lng="it">album</trd>
  <trdgrp lng="sk">
    <trd>album, pam&auml;tn&iacute;k</trd>,
    <trd>pam&auml;tn&iacute;k</trd>
  </trdgrp>
</drv>
</art>
<!--
$Log: album.xml,v $
Revision 1.24  2017/01/28 12:10:28  revo
Adam Eng: + trd

Revision 1.23  2015/07/04 08:37:30  revo
aldono de trd cs per skripto de M. von Laer

Revision 1.22  2015/06/29 16:39:29  revo
aldono de trd sk per skripto de M. von Laer

Revision 1.21  2015/06/28 12:03:35  revo
aldono de trd sk per skripto de M. von Laer

Revision 1.20  2010/05/28 16:30:28  revo
Antonio Codazzi: +trd it

Revision 1.19  2008/11/19 09:28:34  revo
Wieland Pusch: entoj por unikodo

Revision 1.18  2007/03/15 17:30:13  revo
Jeromo Vasxe: kor mis en nova dif

Revision 1.17  2007/03/11 17:30:26  revo
-->
</vortaro>
