<?xml version="1.0"?>
<!DOCTYPE vortaro SYSTEM "../dtd/vokoxml.dtd">

<vortaro>
<art mrk="$Id: alced.xml,v 1.3 2015/06/28 12:03:35 revo Exp $">
<kap>
   <rad>alced</rad>/o <fnt><bib>PIV1</bib></fnt>
</kap>
<drv mrk="alced.0o">
   <kap><tld/>o</kap>
   <uzo tip="fak">ZOO</uzo>
   <snc>
     <ref tip="dif" cel="alcion.0o">alciono</ref>
     <ekz>
       oni levis el polvo la kapan ornama&jcirc;on, faritan el <tld/>aj plumoj
       <fnt><bib>RugxDom</bib>, <lok>&ccirc;apitro 78a, p. 653-654a</lok>.</fnt>
     </ekz>
   </snc>
  <trd lng="be">&c_z;&c_ib;&c_m;&c_a;&c_r;&c_o;&c_d;&c_a;&c_k;</trd>
  <trd lng="cs">led&ncaron;&aacute;&ccaron;ek</trd>
  <trd lng="de">Eisvogel</trd>
  <trd lng="en">kingfisher</trd>
  <trd lng="fr">martin-p&ecirc;cheur</trd>
  <trd lng="he">&shin;&lamed;&dalet;&gimel;</trd>
  <trd lng="hu">j&eacute;gmad&aacute;r</trd>
  <trd lng="nl">ijsvogel</trd>
  <trd lng="pl">zimorodek</trd>
  <trdgrp lng="pt">
     <trd>alc&iacute;one</trd>,
     <trd>alcedo</trd>
   </trdgrp>
  <trd lng="ru">&c_z;&c_i;&c_m;&c_o;&c_r;&c_o;&c_d;&c_o;&c_k;</trd>
  <trd lng="sk">rybárik</trd>
</drv>
</art>

<!--
$Log: alced.xml,v $
Revision 1.3  2015/06/28 12:03:35  revo
aldono de trd sk per skripto de M. von Laer

Revision 1.2  2004/06/01 17:24:40  revo
Dmitri Gabinski: +trd be

Revision 1.1  2003/10/07 16:30:57  revo
Jeromo Vasxe: nova artikolo

-->
</vortaro>
