<?xml version="1.0"?>
<!DOCTYPE vortaro SYSTEM "../dtd/vokoxml.dtd">

<vortaro>
<art mrk="$Id: alce.xml,v 1.6 2018/12/02 11:10:22 revo Exp $">
<kap>
  <rad>alce</rad>/o <fnt><bib>PIV1</bib></fnt>
</kap>
<drv mrk="alce.0o">
  <kap><tld/>o</kap>
  <snc mrk="alce.0o.BOT">
    <uzo tip="fak">BOT</uzo>
    <dif>
      Dujara a&ubreve; plurjara planto kun altaj tigoj portantaj grandajn 
      florojn, kultivata en plezur&gcirc;ardenoj,
      <ref tip="lst" cel="genr.0o.BIO" lst="voko:botanikaj_genroj">genro</ref> el familio <ref tip="malprt" cel="malvac.0oj.BOT">malvacoj</ref>
      (<trd lng="la">Alcea rosea</trd>, sin. <trd lng="la">Althea rosea</trd>):
      <ekz>
        li stari&gcirc;is, prenis la sarkilon el la gardejo kaj &scirc;teliris 
        la&ubreve;longe de la <tld/>oj al la densa arbeta&jcirc;o
        <fnt>
          <aut>W. Wood, trad. W. van Zoest</aut>,
          <vrk><url ref="http://esperantujo.org/eLibrejo/pdf/155-0">
          Blua sango</url></vrk>,
          <lok>[1935?]</lok>
        </fnt>;
      </ekz>
      <ekz>
        mi pli akute rimarkis &ccirc;iujn detalojn, la kolorojn de <tld/>oj, 
        la semojn de lunario en ties kapsuloj travideblaj en la matena 
        suno
        <fnt>
          <aut>Mari-elen</aut>,
          <vrk><url ref="http://faldfolio.blogspot.com/">
          Faldfolio</url></vrk>, 
          <lok>2006-07-14</lok>
        </fnt>.
      </ekz>
    </dif>
    <ref tip="sin" cel="alte.roz0o">rozalteo</ref>
    <bld
      lok="&WCU;/thumb/a/a4/Alcea_rosea_1880.jpg/397px-Alcea_rosea_1880.jpg"
      prm="CC BY-SA 4.0"
      ><tld/>oj (Alcea rosea)
        <fnt>
          <aut>Buendia22, propra verko</aut>
          <lok><url ref="&WCW;/File:Alcea_rosea_1880.jpg"
              >https://commons.wikimedia.org/wiki/File:Alcea_rosea_1880.jpg</url></lok>
        </fnt>
    </bld>
    <trdgrp lng="de">
      <trd>Stockmalve</trd>,
      <trd>Stockrose</trd>
    </trdgrp>
  </snc>
  <trdgrp lng="cs">
    <trd>proskurn&iacute;k</trd>,
    <trd>sl&eacute;z l&eacute;&ccaron;iv&yacute;</trd>
  </trdgrp>
  <trd lng="es">malva</trd>
  <trd lng="fr">rose tr&eacute;mi&egrave;re</trd>
  <trd lng="it">malvarosa</trd>
  <trd lng="sk">slez lie&ccaron;iv&yacute;</trd>
</drv>
</art>

<!--
$Log: alce.xml,v $
Revision 1.6  2018/12/02 11:10:22  revo
Wolfram Diestel: +bld, trd la, de, sin rozalteo

Revision 1.5  2015/07/04 08:37:30  revo
aldono de trd cs per skripto de M. von Laer

Revision 1.4  2015/06/28 12:03:35  revo
aldono de trd sk per skripto de M. von Laer

Revision 1.3  2013/08/27 15:10:18  revo
Wolfram Diestel: referenco al listo bot genroj

Revision 1.2  2010/06/17 16:31:15  revo
Agustin Garcia Lopez: +trd es

Revision 1.1  2007/03/04 17:30:28  revo
Jeromo Vasxe: nova artikolo

-->
</vortaro>
