<?xml version="1.0"?>
<!DOCTYPE vortaro SYSTEM "../dtd/vokoxml.dtd">

<vortaro>
<art mrk="$Id: alcion.xml,v 1.21 2019/01/23 20:10:15 revo Exp $">
<kap>
<ofc>*</ofc>
<rad>alcion</rad>/o
</kap>
<drv mrk="alcion.0o">
   <kap><ofc>*</ofc><tld/>o</kap>
   <uzo tip="fak">ZOO</uzo>
   <snc>
     <dif>
       <ref tip="lst" lst="voko:zoologiaj_genroj" cel="genr.0o.BIO">Genro</ref>
       el familio <ref tip="malprt" cel="alcion1.0oj"><tld/>edoj</ref>
       (<trd lng="la">Alcedo</trd>),
       <ref tip="lst" lst="voko:birdoj" cel="bird.0o.ZOO">birdo</ref>
       kun lazura dorso kaj rustkolora ventro, vivanta &ccirc;e fi&scirc;ori&ccirc;aj akvejoj:
      <ekz>
        venadis la <tld/>oj, kaj la cikonio kaj la hirundo
        <fnt>
          <bib>Fab3</bib>
          <lok>&Scirc;tono de la sa&gcirc;uloj</lok>
        </fnt>;
      </ekz>
      <ekz>
        por eviti la efikon de tunelknalo en Japanio, oni konstruis la fronton de la
        &scirc;inkanseno kiel la bekon de <tld/>o
        <fnt>
          <bib>Viki</bib>
          <lok><url ref="https://eo.wikipedia.org/?curid=320070"
              >Efiko de tunelknalo</url></lok>
        </fnt>.
      </ekz>
    </dif>
    <bld
      lok="&WCU;/thumb/c/cc/Common_Kingfisher_Alcedo_atthis.jpg/480px-Common_Kingfisher_Alcedo_atthis.jpg"
      prm="CC BY-SA 2.5"
      ><tld/>o, Marburg, Germanujo
        <fnt>
          <aut>Andreas Trepte, propra verko</aut>
          <lok><url ref="&WCW;/File:Common_Kingfisher_Alcedo_atthis.jpg"
              >https://commons.wikimedia.org/wiki/File:Common_Kingfisher_Alcedo_atthis.jpg</url></lok>
        </fnt>
    </bld>
  </snc>
  <trd lng="be">&c_z;&c_ib;&c_m;&c_a;&c_r;&c_o;&c_d;&c_a;&c_k;</trd>
  <trd lng="bg">&c_z;&c_je;&c_m;&c_je;&c_r;&c_o;&c_d;&c_n;&c_o; &c_r;&c_i;&c_b;&c_a;&c_r;&c_ch;&c_je;</trd>
  <trd lng="br">diredig</trd>
  <trdgrp lng="ca">
     <trd>blauet</trd>,
     <trd>botiguer</trd>
   </trdgrp>
  <trdgrp lng="cs">
    <trd>korek mo&rcaron;sk&yacute;</trd>,
    <trd>led&ncaron;&aacute;&ccaron;ek</trd>,
    <trd>led&ncaron;&aacute;&ccaron;ek obecn&yacute;</trd>,
    <trd>led&ncaron;&aacute;&ccaron;ek &rcaron;&iacute;&ccaron;n&iacute;</trd>
  </trdgrp>
  <trd lng="de">Eisvogel</trd>
  <trd lng="en">kingfisher</trd>
  <trd lng="es">mart&iacute;n pescador</trd>
  <trd lng="fa">&a_m;&a_A;&a_h;&f_y;&zwnj;&a_kh;&a_w;&a_r;&f_k;</trd>
  <trd lng="fr">martin-p&ecirc;cheur</trd>
  <trd lng="he">&shin;&lamed;&dalet;&gimel;</trd>
  <trd lng="hu">j&eacute;gmad&aacute;r</trd>
  <trd lng="mk">&c_r;&c_i;&c_b;&c_a;&c_r;&c_ch;&c_je;</trd>
  <trd lng="nl">ijsvogel</trd>
  <trd lng="pl">zimorodek</trd>
  <trdgrp lng="pt">
     <trd>alc&iacute;one</trd>,
     <trd>alcedo</trd>
   </trdgrp>
  <trd lng="ru">&c_z;&c_i;&c_m;&c_o;&c_r;&c_o;&c_d;&c_o;&c_k;</trd>
  <trd lng="sk">ryb&aacute;rik modrosiv&yacute;</trd>
</drv>
</art>
<!--
$Log: alcion.xml,v $
Revision 1.21  2019/01/23 20:10:15  revo
Wolfram Diestel: +ekz-oj, +bld, -~edoj -> propra art

Revision 1.20  2015/07/04 08:37:30  revo
aldono de trd cs per skripto de M. von Laer

Revision 1.19  2015/06/28 12:03:35  revo
aldono de trd sk per skripto de M. von Laer

Revision 1.18  2015/06/10 11:10:15  revo
Joop Eggen: +trd bg k.a.

Revision 1.17  2012/07/21 10:10:41  revo
Marc Rausell: + trd ca

Revision 1.16  2012/02/13 15:10:08  revo
Carlos Garcia: +trd es -o

Revision 1.15  2009/09/30 16:30:28  revo
Paul Peeraerts: +nl

Revision 1.14  2005/08/29 16:32:42  revo
-->
</vortaro>
