<?xml version="1.0"?>
<!DOCTYPE vortaro SYSTEM "../dtd/vokoxml.dtd">

<vortaro>
<art mrk="$Id: alcxem.xml,v 1.21 2019/03/06 18:10:23 revo Exp $">
<kap>
  <rad>al&ccirc;emil</rad>/o <fnt><bib>PV</bib></fnt>,
  <var><kap><rad>alekmil</rad>/o</kap></var>
</kap>
<drv mrk="alcxem.0o">
  <kap><tld/>o,
    <var><kap>alkemilo</kap></var>
  </kap>
  <uzo tip="fak">BOT</uzo>
  <snc>
    <dif>
      <ref tip="lst" cel="genr.0o.BIO"
      lst="voko:botanikaj_genroj">Genro</ref> el familio <ref
      tip="malprt" cel="rozac.0oj">rozacoj</ref>
      (<trd lng="la">Alchemilla</trd>), kun renformaj folioj kaj
      verdetaj floroj:
      <ekz>
        alkemilo estas <klr>[&#8230;]</klr> populara &gcirc;ardenplanto kun la komuna nomo dammantelo
        <fnt>
          <bib>Viki</bib>
          <lok><url ref="https://eo.wikipedia.org/?curid=390212"
              >Alkemilo</url></lok>
        </fnt>.
      </ekz>
    </dif>
    <ref tip="vid" cel="lotus.0efiko">lotusefiko</ref>
    <bld
      lok="&WCU;/thumb/3/3d/Alchemilla_xanthochlora_001.JPG/360px-Alchemilla_xanthochlora_001.JPG"
      prm="CC BY-SA 3.0"
      ><tld/>o, Botanika &Gcirc;ardeno, Karlsruhe, Germanujo
        <fnt>
          <aut>H. Zell, propra verko</aut>
          <lok><url ref="&WCW;/File:Alchemilla_xanthochlora_001.JPG"
              >https://commons.wikimedia.org/wiki/File:Alchemilla_xanthochlora_001.JPG</url></lok>
        </fnt>
    </bld>
  </snc>
  <trdgrp lng="be">
    <trd>&c_s;&c_a;&c_r;&c_d;&c_e;&c_ch;&c_n;&c_ib;&c_k;</trd>,
    <trd>&c_r;&c_a;&c_s;&c_ib;&c_ch;&c_k;&c_a;</trd>,
    <trd>&c_t;&c_r;&c_y;&c_p;&c_je;&c_r;&c_s;&c_mol;&c_n;&c_ib;&c_c;&c_a;</trd>
  </trdgrp>
  <trd lng="ca">alquemil&middot;la</trd>
  <trd lng="de">Frauenmantel</trd>
  <trd lng="en">rosacea</trd>
  <trd lng="fa">&f_p;&a_A;&f_y; &a_sh;&f_y;&a_r;</trd>
  <trd lng="fr">alch&eacute;mille</trd>
  <trd lng="hu">pal&aacute;stf&udblac;</trd>
  <trd lng="nl">vrouwenmantel</trd>
  <trd lng="pt">alquemila</trd>
  <trd lng="ru">&c_m;&c_a;&c_n;&c_zh;&c_je;&c_t;&c_k;&c_a; <klr
tip="amb">(&c_r;&c_a;&c_s;&c_t;&c_je;&c_n;&c_i;&c_je;)</klr></trd>
  <trd lng="sv">daggk&aring;pa</trd>
</drv>
</art>
<!--
$Log: alcxem.xml,v $
Revision 1.21  2019/03/06 18:10:23  revo
Wolfram Diestel: +fnt PV

Revision 1.20  2019/03/06 08:10:14  revo
Wolfram Diestel: +var, +ekz, +bld, ref lotusefiko

Revision 1.19  2013/08/30 14:10:35  revo
Wolfram Diestel: kor. lst-ref

Revision 1.18  2013/08/29 07:10:30  revo
Wolfram Diestel: referenco al listo bot genroj, spicoj

Revision 1.17  2011/12/11 20:10:12  revo
Marc Rausell: +trd ca

Revision 1.16  2009/06/29 18:05:39  revo
Behnam Tabatabai: +trd fa

Revision 1.15  2004/09/06 16:34:47  revo
Dmitri Gabinski: +trd be

Revision 1.14  2002/10/01 16:35:40  revo
-->
</vortaro>
