<?xml version="1.0"?>
<!DOCTYPE vortaro SYSTEM "../dtd/vokoxml.dtd">

<vortaro>
<art mrk="$Id: aldehi.xml,v 1.19 2019/02/16 19:10:16 revo Exp $">
<kap>
  <rad>aldehid</rad>/o
</kap>
<drv mrk="aldehi.0o">
  <kap><tld/>o</kap>
  <uzo tip="fak">KEM</uzo>
  <snc>
    <dif>
      Organika <ref cel="kombin.0ajxo.KEM">kombina&jcirc;o</ref>,
      aroma, likva, senkolora, kiu rezultas el
      alkoholo, el kiu oni eltiris du atomojn de hidrogeno per oksidigo:
      <ekz>
        la fabriko <klr>[&#8230;]</klr> produktis aceto<tld/>on kiel industrian materialon
        <fnt>
          <bib>Monato</bib>
          <aut>Isikawa Takasi</aut>
          <vrk><url ref="https://www.monato.net/2013/011021.php"
              >Minamata, alia tragedio</url></vrk>
        </fnt>;
      </ekz>
      <ekz>
        volatila oleo el cinamata <tld/>o
        <fnt>
          <bib>Viki</bib>
          <lok><url ref="https://eo.wikipedia.org/?curid=752"
              >Cinamo</url></lok>
        </fnt>.
      </ekz>
    </dif>
  </snc>
  <trd lng="be">&c_a;&c_l;&c_mol;&c_d;&c_e;&c_g;&c_ib;&c_d;</trd>
  <trd lng="bg">&c_a;&c_l;&c_d;&c_je;&c_h;&c_i;&c_d;</trd>
  <trd lng="ca">aldehid</trd>
  <trd lng="cs">aldehyd</trd>
  <trd lng="de">Aldehyd</trd>
  <trd lng="en">aldehyde</trd>
  <trd lng="es">aldeh&iacute;do</trd>
  <trd lng="fr">ald&eacute;hyde</trd>
  <trd lng="hu">aldehid</trd>
  <trd lng="nl">aldehyde</trd>
  <trd lng="pl">aldehyd</trd>
  <trd lng="pt">alde&iacute;do</trd>
  <trd lng="ru">&c_a;&c_l;&c_mol;&c_d;&c_je;&c_g;&c_i;&c_d;</trd>
  <trd lng="sk">aldehyd</trd>
  <trd lng="sv">aldehyd</trd>
</drv>
</art>
<!--
$Log: aldehi.xml,v $
Revision 1.19  2019/02/16 19:10:16  revo
Wolfram Diestel: +ekz-oj

Revision 1.18  2015/07/04 08:37:30  revo
aldono de trd cs per skripto de M. von Laer

Revision 1.17  2014/01/03 09:10:12  revo
Sebastian Cyprych: +trd pl

Revision 1.16  2009/01/17 18:09:10  revo
Wieland Pusch: +trd bg

Revision 1.15  2009/01/03 17:30:40  revo
Jerano Zachrisson: +trd sv

Revision 1.14  2007/03/06 17:31:34  revo
Jozefo Horvath: +trd hu

Revision 1.13  2005/04/11 16:32:04  revo
Raul Salinas Monteagudo: +trd ca,es

Revision 1.12  2003/10/30 17:32:15  revo
-->
</vortaro>
