<?xml version="1.0"?>
<!DOCTYPE vortaro SYSTEM "../dtd/vokoxml.dtd">

<vortaro>
<art mrk="$Id: ale.xml,v 1.22 2017/11/28 02:10:18 revo Exp $">
<kap>
  <ofc>1</ofc>
  <rad>ale</rad>/o
</kap>

<drv mrk="ale.0o">
  <kap><tld/>o</kap>
  <snc mrk="ale.0o.HOR">
    <uzo tip="fak">HOR</uzo>
    <dif>
      Vojo en &gcirc;ardeno:
      <ekz>
        la litova &ccirc;efurbo Vilnius fari&gcirc;is la tria urbo en
        E&ubreve;ropo, post Vieno kaj Berlino, kiu posedas <tld/>on de
        japanaj &ccirc;erizarboj<fnt><aut>Last</aut>:
        <vrk>Aleo ina&ubreve;gurita</vrk>,
        <bib>Monato</bib><lok>jaro 2002a, numero 1a, p. 15a</lok></fnt>.
      </ekz>
    </dif>
    <trd lng="ca">passeig</trd>
    <trdgrp lng="en">
      <trd>alley<klr tip="amb"> (garden)</klr></trd>,
      <trd>path<klr tip="amb"> (garden)</klr></trd>
    </trdgrp>
    <trd lng="nl">pad</trd>
    <trd lng="pl">aleja</trd>
  </snc>
  <snc mrk="ale.0o.TRA">
    <uzo tip="fak">TRA</uzo>
    <dif>
      Lar&gcirc;a strato, ombrita per du vicoj da arboj; avenuo.
    </dif>
    <trdgrp lng="ca">
      <trd>avinguda</trd>,
      <trd>rambla</trd>
    </trdgrp>
    <trdgrp lng="en">
      <trd>boulevard</trd>,
      <trd>avenue</trd>,
      <trd>tree-lined street</trd>
    </trdgrp>
    <trdgrp lng="pl">
      <trd>aleja</trd>,
      <trd>bulwar</trd>
    </trdgrp>
  </snc>
  <trd lng="be">&c_a;&c_l;&c_je;&c_ja;</trd>
  <trdgrp lng="cs">
    <trd>alej</trd>,
    <trd>stromo&rcaron;ad&iacute;</trd>
  </trdgrp>
  <trd lng="de">Allee</trd>
  <trd lng="es">alameda</trd>
  <trd lng="fr">all&eacute;e</trd>
  <trd lng="nl">laan</trd>
  <trdgrp lng="pt">
    <trd>alameda</trd>,
    <trd>al&eacute;ia</trd>
  </trdgrp>
  <trd lng="ro">alee</trd>
  <trd lng="ru">&c_a;&c_l;&c_l;&c_je;&c_ja;</trd>
  <trdgrp lng="sk">
    <trd>aleja</trd>,
    <trd>stromoradie</trd>
  </trdgrp>
</drv>
</art>
<!--
$Log: ale.xml,v $
Revision 1.22  2017/11/28 02:10:18  revo
Vito Redsky: +trd ro

Revision 1.21  2015/07/04 08:37:30  revo
aldono de trd cs per skripto de M. von Laer

Revision 1.20  2015/06/28 12:03:35  revo
aldono de trd sk per skripto de M. von Laer

Revision 1.19  2012/07/20 13:10:15  revo
Marc Rausell: + trd ca

Revision 1.18  2010/03/05 17:30:54  revo
Russ Williams: +trd en

Revision 1.17  2008/05/09 19:11:43  revo
Sebastian Cyprych: +trd pl

Revision 1.16  2007/05/20 16:30:46  revo
Wieland Pusch: +trd de

Revision 1.15  2003/11/06 17:30:46  revo
-->
</vortaro>
