<?xml version="1.0"?>
<!DOCTYPE vortaro SYSTEM "../dtd/vokoxml.dtd">

<vortaro>
<art mrk="$Id: aleator.xml,v 1.7 2015/07/04 08:37:30 revo Exp $">
<kap>
  <rad>aleator</rad>/a <fnt><bib>SPIV</bib></fnt>
</kap>
<drv mrk="aleator.0a">
  <kap><tld/>a</kap>
  <snc>
    <ref tip="dif" cel="lot.0eca">loteca</ref>
    <ekz>
      mi uzas iun servon de mia banko kiu permesas ne doni en la reto
      sian
      kreditkartan numeron sed nur specialan <tld/>an kreitan numeron
      <fnt>
      <aut>M. Corobu</aut>,
      <vrk>News Individual Net</vrk>,
      <lok><url
      ref="http://groups.google.be/group/soc.culture.esperanto?hl=eo">soc.culture.esperanto</url>,
      2006-02-19</lok>
      </fnt>.
    </ekz>
  </snc>
  <trdgrp lng="cs">
    <trd>libovolný</trd>,
    <trd>náhodný</trd>
  </trdgrp>
  <trd lng="fr">al&eacute;atoire</trd>
  <trdgrp lng="nl">
    <trd>aleatorisch</trd>,
    <trd>aleatoir</trd>,
    <trd>toevals-</trd>,
    <trd>toevallig</trd>
  </trdgrp>
  <trd lng="pt">aleat&oacute;rio</trd>
  <trdgrp lng="sk">
    <trd>náhodný</trd>,
    <trd>ľubovoľný</trd>
  </trdgrp>
</drv>
</art>
<!--
$Log: aleator.xml,v $
Revision 1.7  2015/07/04 08:37:30  revo
aldono de trd cs per skripto de M. von Laer

Revision 1.6  2015/06/28 12:03:35  revo
aldono de trd sk per skripto de M. von Laer

Revision 1.5  2014/06/11 10:10:09  revo
Damien Brucker: +trd fr

Revision 1.4  2010/07/14 16:30:18  revo
Evandro Avellar: + trd pt

Revision 1.3  2009/08/13 16:30:46  revo
Paul Peeraerts: +trd nl

Revision 1.2  2006/03/10 17:31:30  revo
Jeromo Vasxe: + ekz

Revision 1.1 2004/05/20 20:15:11 revo
jxeromo vasxe: nova artikolo

-->
</vortaro>
