<?xml version="1.0"?>
<!DOCTYPE vortaro SYSTEM "../dtd/vokoxml.dtd">

<vortaro>
<art mrk="$Id: alegr.xml,v 1.17 2019/01/27 14:10:15 revo Exp $">
<kap>
  <rad>alegr</rad>/o
  <fnt>Z</fnt>
</kap>

<drv mrk="alegr.0o">
  <kap><tld/>o</kap>
  <uzo tip="fak">MUZ</uzo>
  <snc>
    <dif>
      <ref tip="super" cel="muzik.0ajxo">Muzika&jcirc;o</ref>, kies movo estas viva kaj gaja:
      <ekz>
        movimento-sinsekvoj <klr>[de]</klr> klasika simfonio: <tld/>o &ndash; <ref cel="adagx.0o">ada&gcirc;o</ref>
        a&ubreve; <ref cel="andant.0o">andanto</ref> &ndash; <ref cel="menuet.0o">menueto</ref>
        a&ubreve; <ref cel="skerc.0o">skerco</ref> &ndash; <tld/>o a&ubreve; presto
        <fnt>
          <bib>Viki</bib>
          <lok><url ref="https://eo.wikipedia.org/?curid=252283">Movimento (muziko)</url></lok>
        </fnt>.
      </ekz>
    </dif>
  </snc>
  <trd lng="be">&c_a;&c_l;&c_je;&c_g;&c_r;&c_a;</trd>
  <trdgrp lng="cs">
    <trd>allegro</trd>,
    <trd>rychl&aacute; skladba</trd>
  </trdgrp>
  <trd lng="de">Allegro</trd>
  <trd lng="en">allegro</trd>
  <trd lng="es">alegro<klr tip="amb"> (m&uacute;sica)</klr></trd>
  <trd lng="fr">allegro</trd>
  <trd lng="hu">allegro</trd>
  <trd lng="nl">allegro</trd>
  <trd lng="pl">allegro</trd>
  <trd lng="pt">alegro</trd>
  <trd lng="ru">&c_a;&c_l;&c_l;&c_je;&c_g;&c_r;&c_o;</trd>
  <trd lng="sk">r&yacute;chla skladba</trd>
</drv>

<drv mrk="alegr.0e">
  <kap><tld/>e</kap>
  <uzo tip="fak">MUZ</uzo>
  <snc>
    <dif>
      Vive kaj gaje.
    </dif>
  </snc>
  <trd lng="be">&c_a;&c_l;&c_je;&c_g;&c_r;&c_a;</trd>
  <trd lng="cs">allegro</trd>
  <trdgrp lng="de">
    <trd>heiter <klr>(Musik)</klr></trd>,
    <trd>schnell <klr>(Musik)</klr></trd>
  </trdgrp>
  <trd lng="es">alegremente</trd>
  <trd lng="fr">allegro</trd>
  <trdgrp lng="hu">
    <trd>allegro</trd>,
    <trd>&eacute;l&eacute;nken</trd>,
    <trd>vid&aacute;man</trd>
  </trdgrp>
  <trd lng="nl">allegro</trd>
  <trdgrp lng="pl">
    <trd>&zdot;ywo</trd>,
    <trd>weso&lstroke;o</trd>,
    <trd>&zdot;wawo</trd>,
    <trd>allegro</trd>
  </trdgrp>
  <trd lng="pt">alegro</trd>
  <trd lng="ru">&c_a;&c_l;&c_l;&c_je;&c_g;&c_r;&c_o;</trd>
  <trd lng="sk">allegro</trd>
</drv>
<drv mrk="alegr.0eto">
  <kap><tld/>eto</kap>
  <uzo tip="fak">MUZ</uzo>
  <snc>
    <dif>
      <ref tip="super" cel="muzik.0ajxo">Muzika&jcirc;o</ref>, kies movo estas rapideta.
    </dif>
  </snc>
  <trd lng="be">&c_a;&c_l;&c_je;&c_g;&c_r;&c_e;&c_t;&c_a;</trd>
  <trd lng="cs">allegretto</trd>
  <trd lng="de">Allegretto</trd>
  <trd lng="en">allegretto</trd>
  <trd lng="fr">allegretto</trd>
  <trd lng="hu">allegretto</trd>
  <trd lng="nl">allegretto</trd>
  <trd lng="pl">allegretto</trd>
  <trd lng="pt">alegreto</trd>
  <trd lng="ru">&c_a;&c_l;&c_je;&c_g;&c_r;&c_je;&c_t;&c_t;&c_o;</trd>
  <trd lng="sk">allegretto</trd>
</drv>
<drv mrk="alegr.0ete">
  <kap><tld/>ete</kap>
  <uzo tip="fak">MUZ</uzo>
  <snc>
    <dif>
      Rapidete.
    </dif>
  </snc>
  <trd lng="be">&c_a;&c_l;&c_je;&c_g;&c_r;&c_e;&c_t;&c_a;</trd>
  <trd lng="cs">allegretto</trd>
  <trd lng="fr">allegretto</trd>
  <trdgrp lng="hu">
    <trd>allegretto</trd>,
    <trd>kiss&eacute; <ind>&eacute;l&eacute;nken</ind></trd>,
    <trd>kiss&eacute; <ind>vid&aacute;man</ind></trd>
  </trdgrp>
  <trd lng="nl">allegretto</trd>
  <trd lng="pt">alegreto</trd>
  <trd lng="sk">allegretto</trd>
</drv>
</art>
<!--
$Log: alegr.xml,v $
Revision 1.17  2019/01/27 14:10:15  revo
Wolfram Diestel: +ekz kun ref-oj, germ trd-oj

Revision 1.16  2015/07/04 08:37:30  revo
aldono de trd cs per skripto de M. von Laer

Revision 1.15  2015/06/28 12:03:35  revo
aldono de trd sk per skripto de M. von Laer

Revision 1.14  2010/06/12 16:30:27  revo
Agustin Garcia Lopez: +trd es

Revision 1.13  2009/08/08 16:33:14  revo
Russ Williams: +trd en

Revision 1.12  2009/02/28 17:31:16  revo
Marcus Curdeius: +pl

Revision 1.11  2007/09/23 16:30:29  revo
Tulio Flores: +tr pt

Revision 1.10  2005/03/08 18:48:32  revo
-->
</vortaro>
