<?xml version="1.0"?>
<!DOCTYPE vortaro SYSTEM "../dtd/vokoxml.dtd">

<vortaro>
<art mrk="$Id: alegor.xml,v 1.25 2015/07/04 08:37:30 revo Exp $">
<kap>
   <ofc>1</ofc>
   <rad>alegori</rad>/o
</kap>
<drv mrk="alegor.0o">
   <kap><tld/>o</kap>
   <uzo tip="fak">BELE</uzo>
   <snc>
     <dif>
       Literatura a&ubreve; plastika prezento, per kiu oni homigas
       abstraktajn ideojn:
       <ekz>
         la Justeco kun siaj pesiloj estas <tld/>o.
       </ekz>
     </dif>
   </snc>
  <trd lng="be">&c_a;&c_l;&c_je;&c_g;&c_o;&c_r;&c_y;&c_ja;</trd>
  <trd lng="bg">&c_a;&c_l;&c_je;&c_g;&c_o;&c_r;&c_i;&c_ja;</trd>
  <trd lng="ca">al&middot;legoria</trd>
  <trdgrp lng="cs">
    <trd>alegorie</trd>,
    <trd>jinotaj</trd>,
    <trd>podobenství</trd>
  </trdgrp>
  <trdgrp lng="de">
      <trd>Gleichnis</trd>,
      <trd>Allegorie</trd>
   </trdgrp>
  <trd lng="en">allegory</trd>
  <trd lng="es">alegor&iacute;a</trd>
  <trd lng="fr">all&eacute;gorie</trd>
  <trd lng="hu">alleg&oacute;ria</trd>
  <trd lng="it">allegoria</trd>
  <trd lng="nl">allegorie</trd>
  <trd lng="pt">alegoria</trd>
  <trd lng="ru">&c_a;&c_l;&c_l;&c_je;&c_g;&c_o;&c_r;&c_i;&c_ja;</trd>
  <trdgrp lng="sk">
    <trd>aleg&oacute;ria</trd>,
    <trd>alegória</trd>,
    <trd>inotaj</trd>
  </trdgrp>
</drv>

<drv mrk="alegor.0a">
   <kap><tld/>a</kap>
   <snc>
     <dif>
       Rilata al <tld/>o.
     </dif>
     <trd lng="be">&c_a;&c_l;&c_je;&c_g;&c_a;&c_r;&c_y;&c_ch;&c_n;&c_y;</trd>
     <trd lng="ca">al&middot;leg&ograve;ric</trd>
     <trdgrp lng="de">
      <trd>gleichnishaft</trd>,
      <trd>allegorisch</trd>
     </trdgrp>
     <trd lng="es">aleg&oacute;rico</trd>
     <trd lng="fr">all&eacute;gorique</trd>
     <trd lng="hu">allegorikus</trd>
     <trd lng="it">allegorico</trd>
     <trd lng="nl">allegorisch</trd>
     <trd lng="pt">aleg&oacute;rico</trd>
     <trd lng="ru">&c_a;&c_l;&c_l;&c_je;&c_g;&c_o;&c_r;&c_i;&c_ch;&c_je;&c_s;&c_k;&c_i;&c_j;</trd>
     <trd lng="sk">alegorick&yacute;</trd>
   </snc>
  <trd lng="cs">alegorický</trd>
</drv>
</art>
<!--
$Log: alegor.xml,v $
Revision 1.25  2015/07/04 08:37:30  revo
aldono de trd cs per skripto de M. von Laer

Revision 1.24  2015/06/28 12:03:35  revo
aldono de trd sk per skripto de M. von Laer

Revision 1.23  2011/12/06 20:10:15  revo
Marc Rausell: kataluna traduko

Revision 1.22  2010/05/24 16:30:24  revo
Wieland Pusch: +trd bg

Revision 1.21  2010/05/22 16:30:25  revo
Antonio Codazzi: +trd it

Revision 1.20  2004/02/01 17:30:38  revo
Emmanuel Debanne: + 1 trd fr

Revision 1.19  2003/10/30 17:32:17  revo
Dmitri Gabinski: +trd be

Revision 1.18  2003/09/01 16:31:11  revo
Yury Finkel: +trd ru

Revision 1.17  2003/05/18 18:00:28  revo
Viliam Bur: +trd sk

Revision 1.16  2003/02/16 17:33:13  revo
-->
</vortaro>
