<?xml version="1.0"?>
<!DOCTYPE vortaro SYSTEM "../dtd/vokoxml.dtd">

<vortaro>
<art mrk="$Id: aleksandri.xml,v 1.11 2016/11/21 17:10:15 revo Exp $">
<kap>
  <rad>Aleksandri</rad>/o <fnt><bib>PIV1</bib></fnt>
</kap>

<drv mrk="aleksandri.A0o">
  <kap><tld/>o</kap>
  <uzo tip="fak">GEOG</uzo>
  <uzo tip="fak">HIS</uzo>
  <snc>
    <dif>
      Egipta urbo fondita en 332 a. K. borde de Mediteraneo
      pro ordono de <ref tip="vid"
      cel="aleksandr.A0o.la_granda">Aleksandro la Granda</ref>,
      intelekta kaj arta centro de la malfrua helena kulturo
      sub la lagida regado (305 a. K. &ndash; 30 a. K.):
      <ekz>
          tre lerte li referencis antikvajn historiistojn, ekzemple la
          faman Filonon el <tld/>o
          <fnt><bib>MkM</bib>, <lok>&ccirc;apitro 1a, p. 7a</lok></fnt>.
      </ekz>
    </dif>
    <rim>
      Samepoke fondi&gcirc;is pluraj samnomaj urboj, el kiuj la egipta estas
      la plej famas.
    </rim>
  </snc>
  <trd lng="be">&c_A;&c_l;&c_je;&c_k;&c_s;&c_a;&c_n;&c_d;&c_r;&c_y;&c_ja;</trd>
  <trd lng="cs">Alexandrie</trd>
  <trd lng="de">Alexandria</trd>
  <trd lng="fa">&a_A;&a_s;&f_k;&a_n;&a_d;&a_r;&f_y;&a_h;</trd>
  <trd lng="fr">Alexandrie</trd>
  <trd lng="hu">Alexandria</trd>
  <trd lng="pt">Alexandria</trd>
  <trd lng="ru">&c_A;&c_l;&c_je;&c_k;&c_s;&c_a;&c_n;&c_d;&c_r;&c_i;&c_ja;</trd>
  <trd lng="sk">Alexandria</trd>
</drv>
</art>

<!--
$Log: aleksandri.xml,v $
Revision 1.11  2016/11/21 17:10:15  revo
Wolfram Diestel: kor. ref-cel

Revision 1.10  2015/07/04 08:37:30  revo
aldono de trd cs per skripto de M. von Laer

Revision 1.9  2015/06/28 12:03:35  revo
aldono de trd sk per skripto de M. von Laer

Revision 1.8  2011/02/13 03:10:19  revo
Luiz Portella: kor. ref k mrk

Revision 1.7  2009/08/23 16:31:52  revo
Behnam Tabatabai: +trd fa

Revision 1.6  2007/05/20 16:30:45  revo
Wieland Pusch: +trd de

Revision 1.5  2005/04/24 16:32:36  revo
Yury Finkel: +trd ru

Revision 1.4  2004/03/09 17:31:28  revo
-->
</vortaro>
