<?xml version="1.0"?>
<!DOCTYPE vortaro SYSTEM "../dtd/vokoxml.dtd">

<vortaro>
<art mrk="$Id: alen.xml,v 1.18 2019/01/24 18:10:19 revo Exp $">
<kap>
  <ofc>4</ofc>
  <rad>alen</rad>/o
</kap>
<drv mrk="alen.0o">
  <kap><tld/>o</kap>
  <snc>
    <dif>
      <ref tip="super" cel="kudr.0ilo">Kudrilego</ref>
      uzata de ledlaboristoj, &scirc;uistoj:
      <ekz>
        sako <tld/>on ne tenas, &gcirc;i balda&ubreve; elvenas
        <fnt>
          <bib>PrV</bib>
        </fnt>;
      </ekz>
      <ekz>
        prenu <tld/>on kaj enpiku en lian orelon kaj en la pordon, kaj li estos sklavo
        al vi por &ccirc;iam
        <fnt>
          <bib>MT</bib>
          <lok>Readmono 15:17</lok>
        </fnt>;
      </ekz>
      <ekz>
        per la <tld/>o li trapikis al si fingron, sed tio ne estis grava por li
        <fnt>
          <bib>Fab3</bib>
          <lok>Sub la saliko</lok>
        </fnt>.
      </ekz>
    </dif>
  </snc>
  <trd lng="be">&c_sh;&c_y;&c_l;&c_a;</trd>
  <trd lng="bg">&c_sh;&c_i;&c_l;&c_o;</trd>
  <trd lng="cs">&scaron;&iacute;dlo</trd>
  <trdgrp lng="de">
     <trd>Ahle</trd>,
     <trd>Pfriem</trd>
  </trdgrp>
  <trd lng="en">awl</trd>
  <trd lng="fr">al&egrave;ne</trd>
  <trdgrp lng="nl">
    <trd>els<klr tip="ind"> (priem)</klr></trd>,
    <trd>priem</trd>
  </trdgrp>
  <trd lng="pt">sovela</trd>
  <trd lng="ru">&c_sh;&c_i;&c_l;&c_o;</trd>
  <trd lng="sk">&scaron;idlo</trd>
  <trd lng="sv">syl</trd>
</drv>
</art>
<!--
$Log: alen.xml,v $
Revision 1.18  2019/01/24 18:10:19  revo
Wolfram Diestel: +ekz-oj

Revision 1.17  2015/07/04 08:37:30  revo
aldono de trd cs per skripto de M. von Laer

Revision 1.16  2014/10/18 15:10:13  revo
Joop Eggen: +trd bg

Revision 1.15  2010/11/07 17:30:19  revo
Jerano Zachrisson: +trd sv

Revision 1.14  2003/02/15 17:34:46  revo
Ulrich Fellmann: + 2 trd = de

Revision 1.13  2002/09/07 17:37:17  revo
Viliam Bur: +sk trd

Revision 1.12  2002/02/15 17:36:17  revo
Yury Finkel: formatigis

Revision 1.11 2002/01/09 17:32:27 revo
-->
</vortaro>
