<?xml version="1.0"?>
<!DOCTYPE vortaro SYSTEM "../dtd/vokoxml.dtd">

<vortaro>
<art mrk="$Id: aleron.xml,v 1.14 2019/01/24 18:10:20 revo Exp $">
<kap>
  <rad>aleron</rad>/o <fnt><bib>SPV</bib></fnt>
</kap>
<drv mrk="aleron.0o">
  <kap><tld/>o</kap>
  <snc mrk="aleron.0o.AVI">
    <uzo tip="fak">AVI</uzo>
    <dif>
      Diversmaniere movebla <ref tip="super" cel="klap.0o.TEK">klapo</ref>
      metita &ccirc;e a&ubreve; apud la flugilpinto kaj uzata por doni ruli&gcirc;an movon al
      <ref tip="malprt" cel="aviad.0ilo">aviadilo</ref>:
      <ekz>
        <nom>Lajos Martin</nom> <klr>[&#8230;]</klr> pensis unue pri tio, ke oni devas apliki <tld/>ojn,
        li patentigis en 1893 novtipan aviadilon &scirc;vebanta rado
        <fnt>
          <bib>Viki</bib>
          <lok><url ref="https://eo.wikipedia.org/?curid=133703"
              >Lajos Martin</url></lok>
        </fnt>;
      </ekz>
      <ekz>
        li koliziis kontra&ubreve; fosto de alto de &ccirc;irka&ubreve; 6&#8239;m, kiu fortran&ccirc;is &ccirc;irka&ubreve; unu
        metron de la dekstra flugilo <klr>[&#8230;]</klr> pro la perdo de <tld/>o, lan&ccirc;o de
        sidloko estis lia nura sekureca eblo
        <fnt>
          <bib>Viki</bib>
          <lok><url ref="https://eo.wikipedia.org/?curid=16645"
              >Neil Armstrong</url></lok>
        </fnt>.
      </ekz>
    </dif>
  </snc>
  <trd lng="be">&c_e;&c_l;&c_je;&c_r;&c_o;&c_n;</trd>
  <trd lng="bg">&c_je;&c_l;&c_je;&c_r;&c_o;&c_n;</trd>
  <trd lng="cs">stabiliza&ccaron;n&iacute; klapka</trd>
  <trd lng="de">Querruder</trd>
  <trd lng="en">aileron</trd>
  <trd lng="es">aler&oacute;n</trd>
  <trd lng="fa">&a_sh;&a_h;&f_p;&a_r;</trd>
  <trd lng="fr">aileron</trd>
  <trd lng="it">alettone<klr> (aer.)</klr></trd>
  <trd lng="nl">aileron</trd>
  <trd lng="pl">lotka<klr> (lotn.)</klr></trd>
  <trd lng="ru">&c_e;&c_l;&c_je;&c_r;&c_o;&c_n;</trd>
  <trd lng="sk">stabiliza&ccaron;n&aacute; klapka</trd>
</drv>
</art>
<!--
$Log: aleron.xml,v $
Revision 1.14  2019/01/24 18:10:20  revo
Wolfram Diestel: +ekz-oj, ref-oj

Revision 1.13  2015/07/04 08:37:30  revo
aldono de trd cs per skripto de M. von Laer

Revision 1.12  2015/06/28 12:03:35  revo
aldono de trd sk per skripto de M. von Laer

Revision 1.11  2011/09/28 20:10:12  revo
Behnam Tabatabai: +trd fa

Revision 1.10  2011/07/19 12:10:11  revo
Sebastian Cyprych: +trd pl

Revision 1.9  2010/01/02 17:30:39  revo
Wieland Pusch: +trd bg+de

Revision 1.8  2009/12/15 17:30:47  revo
Antonio Codazzi: +trd it

Revision 1.7  2004/02/20 17:30:56  revo
-->
</vortaro>
