<?xml version="1.0"?>
<!DOCTYPE vortaro SYSTEM "../dtd/vokoxml.dtd">

<vortaro>
<art mrk="$Id: aleut.xml,v 1.8 2015/01/22 20:10:18 revo Exp $">
<kap>
  <rad>aleut</rad>/o
</kap>
<drv mrk="aleut.0o">
  <kap><tld/>o</kap>
  <snc mrk="aleut.0o.homo">
    <dif>
      Ano de etno indi&gcirc;ena de Okcidenta Alasko, <tld lit="A"/>aj
      insuloj kaj Komandoraj insuloj en la Beringa Maro:
      <ekz>
        alia kriza regiono estas la rusaj insuloj de la <tld/>oj
        <klr>(t.e. la Komandoraj insuloj, &ccirc;ar la
        &leftquot;<tld lit="A"/>aj Insuloj&rightquot; apartenas al Usono)</klr>
        <fnt><lok><url ref="http://apc.de/ave/15/aveno_b.htm">AVENO-15:
        AVE-Renkontigxo en Prago '96</url></lok></fnt>;
      </ekz>
      <ekz>
        Pri la rusa pasinteco en Alaska: multaj indi&gcirc;enaj homoj (eskimoj
        kaj
        <tld/>oj) havas rusajn familinomojn, kaj multaj estas ortodoksaj
        kredantoj
        <fnt>
        <vrk>Venis letero...</vrk>,
        <lok><url
        ref="http://slavko.boom.ru/sarki/a506.htm">Retmagazino
        &leftquot;Samovaro&rightquot;, n-ro 14 (Printempo 1995)</url></lok>.</fnt>.
      </ekz>
    </dif>
  </snc>
  <trd lng="ca">aleuta</trd>
  <trd lng="de">Aleute</trd>
  <trd lng="en">Aleut</trd>
  <trd lng="fr">Al&eacute;oute</trd>
  <trd lng="hu">aleut</trd>
  <trd lng="ru">&c_a;&c_l;&c_je;&c_u;&c_t;</trd>
</drv>

<drv mrk="aleut.A0ajInsuloj">
  <kap><tld lit="A"/>aj Insuloj</kap>
  <uzo tip="fak">GEOG</uzo>
  <snc>
    <dif>
      &Ccirc;eno el proks. 70 vulkandevenaj insuloj inter Kam&ccirc;atko kaj
      Alasko, arke limanta la <ref cel="mar.BeringaM0o">Beringan
      Maron</ref> desude en la Norda Pacifiko.
    </dif>
  </snc>
  <bld lok="../bld/Beringa.png">
    La <tld lit="A"/>aj Insuloj
    <fnt><lok>La&ubreve; mapo el <url
    ref="http://www.pmel.noaa.gov/bering/pages/geog.html">NOAA</url>.</lok></fnt>
  </bld>
  <trd lng="ca">Illes <ind>Aleutianes</ind></trd>
  <trd lng="de">Aleuten</trd>
  <trd lng="en">Aleutian Islands</trd>
  <trd lng="fr">&icirc;les <ind>Al&eacute;outiennes</ind></trd>
  <trd lng="hu">Aleut-szigetek</trd>
  <trd lng="ru">&c_A;&c_l;&c_je;&c_u;&c_t;&c_s;&c_k;&c_i;&c_je; &c_o;&c_s;&c_t;&c_r;&c_o;&c_v;&c_a;</trd>
</drv>
<rim>
  La&ubreve; PIV1, <ctl>Aleutoj</ctl> estas la insuloj; vortojn por ties
  indi&gcirc;enoj kaj ilia lingvo PIV ne provizas.
  Kredeble PIV prenis la formon el la <ctl>Mondmapo</ctl> (vd la
  <ctl>&Gcirc;eneralan Anta&ubreve;parolon</ctl> de PIV, p. xvii).
  <ctl>Aleutoj</ctl> por la insuloj trovi&gcirc;as anka&ubreve; en la
  Po&scirc;atlaso de la Mondo.
  Tiu linio eble venas de W&uuml;ster, kiu aperigis <ctl>Aleutoj</ctl>n
  por la insuloj kaj <ctl>Aleutanoj</ctl>n por la (indi&gcirc;enaj)
  lo&gcirc;antoj en sia Enciklopedia Vortaro Esperanta-Germana (1923).
  &Ccirc;iel ajn, tiu vortuzo estas senbezone kaj plurmaniere
  maloportuna:
  (1) &gcirc;i estas malinternacia &#8208; en la lingvoj kiuj serioze
  traktas la <tld/>ajn aferojn oni uzas la radikon etnonome;
  (2) &gcirc;i kreas ankora&ubreve; unu vorton sen formo ununombra, kio estas
  mal&scirc;atata en Esperanto;
  (3) &gcirc;i estas fakte mal&gcirc;usta, &ccirc;ar <tld/>oj lo&gcirc;as anka&ubreve; en Rusujo
  kaj Okcidenta Alasko.
  <aut>Sergio Pokrovskij la&ubreve; informoj de Bertilo Wennergren</aut>
</rim>
</art>
<!--
$Log: aleut.xml,v $
Revision 1.8  2015/01/22 20:10:18  revo
Wolfram Diestel: -tajperaroj

Revision 1.7  2008/12/01 16:47:04  revo
Marc Bavant: mod ref cel al Beringa Maro

Revision 1.6 2003/02/15 17:36:09 revo
Ulrich Fellmann: + 1 plia trd = de

Revision 1.5 2002/10/25 16:32:19 revo
Oscar Puig: + trd ca

Revision 1.4 2002/09/01 19:06:50 revo
Jozefo Horvath: +trd hu

Revision 1.3 2001/09/19 18:13:38 revo
Sergio Pokrovskij: bld-fnt

Revision 1.2 2001/09/12 18:57:59 revo
Sergio Pokrovskij: Bertila ekz

Revision 1.1 2001/09/09 18:17:52 revo
-->
</vortaro>
