<?xml version="1.0"?>
<!DOCTYPE vortaro SYSTEM "../dtd/vokoxml.dtd">

<vortaro>
<art mrk="$Id: aleuxrit.xml,v 1.2 2016/02/14 17:10:15 revo Exp $">
<kap>
  <rad>ale&ubreve;rit</rad>/o <fnt><bib>PIV1</bib></fnt>
</kap>
<drv mrk="aleuxrit.0o">
  <kap><tld/>o</kap>
  <snc mrk="aleuxrit.0o.BOT">
    <uzo tip="fak">BOT</uzo>
    <dif>
      Genro el familio
      <ref tip="malprt" cel="euxfor1.0oj.BOT">e&ubreve;forbiacoj</ref>
      (<trd lng="la">Aleurites</trd>) kun la
      specio (<trd lng="la">Aleurites moluccanus</trd>),
      tropika
      <ref tip="lst" cel="arb.0o"
      lst="voko:malpigioparencoj">arbo</ref>,
      kies nuksoj donas oleon:
      <ekz>
        alportu iom da <tld/>oleo! li bezonas fortan 
        laksigilon!
        <fnt>
          <aut>Chun-Chan Yeh, trad. W. Auld</aut>,
          <vrk>Montara Vila&gcirc;o</vrk>,
          <lok>1984</lok>
        </fnt>.
      </ekz>
    </dif>
  </snc>
  <trdgrp lng="de">
    <trd>Lichtnussbaum</trd>,
    <trd>Kerzennuss</trd>,
    <trd>Kemirinuss</trd>
  </trdgrp>
  <trdgrp lng="en">
    <trd>candlenut</trd>,
    <trd>Indian walnut</trd>,
    <trd>varnish tree</trd>
  </trdgrp>
  <trd lng="fr">bancoulier</trd>
  <trd lng="id">kemiri</trd>
  <trd lng="ru">&c_l;&c_u;&c_m;&c_b;&c_a;&c_n;&c_g;</trd>
</drv>
</art>

<!--
$Log: aleuxrit.xml,v $
Revision 1.2  2016/02/14 17:10:15  revo
Wolfram Diestel: iom reverkis difinon, +trd-oj

Revision 1.1  2014/12/16 23:10:46  revo
Jeromo Vasxe: nova artikolo

-->
</vortaro>
