<?xml version="1.0"?>
<!DOCTYPE vortaro SYSTEM "../dtd/vokoxml.dtd">

<vortaro>
<art mrk="$Id: alf.xml,v 1.18 2016/01/31 11:10:17 revo Exp $">
<kap>
  <rad>alf</rad>/o <fnt><bib>PV</bib></fnt>
</kap>
<drv mrk="alf.0o">
  <kap><tld/>o</kap>
  <snc mrk="alf.0o.BOT">
    <uzo tip="fak">BOT</uzo>
    <dif>
      Specio de <ref tip="super" cel="stip.0o.genro">stipo</ref>
      kies trunketojn oni uzas por fabriki mata&jcirc;ojn kaj
      tre molan, ne susurantan paperon
      (<trd lng="la">Stipa tenacissima</trd>).
    </dif>
  <trd lng="cs">kavyl nejtu&zcaron;&scaron;&iacute;</trd>
  <trd lng="de">Espartogras</trd>
  <trd lng="en">stipa grass</trd>
  <trd lng="fr">alfa</trd>
  <trdgrp lng="hu">
    <trd>eszpart&oacute;f&udblac;</trd>,
    <trd>halfaf&udblac;</trd>,
    <trd>alfaf&udblac;</trd>,
    <trd>l&oacute;s&ouml;r&eacute;nyf&udblac;</trd>
  </trdgrp>
  <trd lng="nl">espartogras</trd>
  <trdgrp lng="pl">
    <trd>esparto</trd>,
    <trd>alfa<klr> (ro&sacute;l.)</klr></trd>
  </trdgrp>
  <trd lng="pt">esparto</trd>
  <trdgrp lng="ru">
    <trd>&c_e;&c_s;&c_p;&c_a;&c_r;&c_t;&c_o;</trd>,
    <trd>&c_a;&c_l;&c_mol;&c_f;&c_a;
    <klr tip="amb">(&c_r;&c_a;&c_s;&c_t;&c_je;&c_n;&c_i;&c_je;)</klr>
    </trd>
  </trdgrp>
  <trdgrp lng="sk">
    <trd>esparto</trd>,
    <trd>halfa</trd>
  </trdgrp>
  </snc>
  <snc mrk="alf.0o.LIN">
  <uzo tip="fak">LIN</uzo>
    <dif>
      La unua litero de la greka alfabeto <klr>(A, &alfa;)</klr>:
      <ekz>
        anka&ubreve; eblas ilin <klr>[la Grekajn literojn]</klr> plene
        Esperantigi
        kun O-fina&jcirc;oj, ekz.: <tld/>o, beto, gamo, <klr>[...]</klr>
        <fnt>
          <aut>B. Wennergren</aut>,
          <vrk><url
          ref="http://bertilow.com/pmeg/gramatiko/neoficialaj_vortetoj.html#i-n8l">Grekaj
          literoj en PMEG &#167;19</url></vrk>
        </fnt>.
      </ekz>
    </dif>
    <rim num="1">
      Trovi&gcirc;as en la PIV-oj la neasimilita formo <ctl>alfa</ctl>,
      do aliradika.
    </rim>
    <rim num="2">
      La plene esperantigitaj nomoj de la grekaj literoj prezentitaj en
      PMEG
        <fnt>
          <aut>B. Wennergren</aut>,
          <vrk><url
          ref="http://bertilow.com/pmeg/gramatiko/neoficialaj_vortetoj.html#i-n8l">Grekaj
          literoj en PMEG &#167;19</url></vrk>
        </fnt>
        <fnt>
          <aut>B. Wennergren</aut>,
          <vrk><url
          ref="http://bertilow.com/pmeg/aldonoj/ne-pivaj_elementoj.html#i-tgp">Grekaj
          literoj en PMEG &#167;43</url></vrk>
        </fnt>
      ne estas harmoniaj. En la okazo de la literoj fini&gcirc;antaj per a, la
      Esperanta O-fina&jcirc;o <em>anstata&ubreve;as</em> la liternoman finon
      (<ekz>alfa</ekz> -> <ekz>alfo</ekz>), dum en la aliaj okazoj la
      Esperanta O-fina&jcirc;o <em>aldoni&gcirc;as</em> al la liternoma fino
      (<ekz>epsilon</ekz> -> <ekz>epsilono</ekz>; <ekz>mu</ekz> -> muo;
      <ekz>ksi</ekz> -> <ekz>ksio</ekz>). Due, pluraj tiel kreitaj
      radikoj konfliktas kun aliaj esperantaj radikoj jam ekzistantaj en
      PIV (<ekz>alfo</ekz>, <ekz>beto</ekz>, <ekz>gamo</ekz>,
      <ekz>kapo</ekz>, <ekz>roto</ekz>) a&ubreve; konfliktas en vorfarado &ccirc;ar,
      la&ubreve; PMEG, oni ne uzu a-ligfina&jcirc;on en kombinoj
        <fnt>
          <aut>B. Wennergren</aut>,
          <vrk><url
          ref="http://bertilow.com/pmeg/vortfarado/principoj/antauelementoj.html#i-pce">Interligaj
          fina&jcirc;oj en PMEG &#167;37.3</url></vrk>
        </fnt>, tial ekzemple la PIV-a termino <ekz>gamaradioj</ekz>
        devus esti <ekz>gamradioj</ekz>, kiel <ekz>iksradioj</ekz>. Por
        pli da reguleco kaj eviti konfliktojn, alia eblo estas uzi la
        simplan esperantigitan formon <em>alfao</em>. [Alano Gerardo]
    </rim>
    <trd lng="en">alpha</trd>
    <trd lng="fr">alpha</trd>
  </snc>
</drv>
</art>
<!--
$Log: alf.xml,v $
Revision 1.18  2016/01/31 11:10:17  revo
Alain Gerard: +rim

Revision 1.17  2015/12/31 14:10:14  revo
Alain Gerard: +snc (~o) +fnt

Revision 1.16  2015/07/04 08:37:30  revo
aldono de trd cs per skripto de M. von Laer

Revision 1.15  2015/06/28 12:03:35  revo
aldono de trd sk per skripto de M. von Laer

Revision 1.14  2008/09/16 16:30:37  revo
Sebastian Cyprych: +trd pl

Revision 1.13  2007/07/01 16:30:32  revo
Jeromo Vasxe: + mrk

Revision 1.12  2002/03/18 18:11:15  revo
Jozefo Horvath: +trd hu

Revision 1.11  2002/02/23 19:47:05  revo
-->
</vortaro>
