<?xml version="1.0"?>
<!DOCTYPE vortaro SYSTEM "../dtd/vokoxml.dtd">

<vortaro>
<art mrk="$Id: alfeni.xml,v 1.13 2019/01/26 10:10:20 revo Exp $">
<kap>
  <rad>alfenid</rad>/o
  <fnt>Z</fnt>
</kap>
<drv mrk="alfeni.0o">
  <kap><tld/>o</kap>
  <uzo tip="fak">KEM</uzo>
  <snc>
    <dif>
      <ref tip="super" cel="aloj.0o">Alojo</ref> de <ref tip="prt" cel="kupr.0o.KEM">kupro</ref>,
      <ref tip="prt" cel="nikel.0o">nikelo</ref> kaj <ref tip="prt" cel="zink.0o">zinko</ref>, 
      imitanta ar&gcirc;enton, ofte galvane kovrita de ar&gcirc;ento kaj uzata interalie por fabriki man&gcirc;ilarojn:
      <ekz>
        ar&gcirc;entano &dash; la&ubreve; iuj lingvoj &leftquot;novar&gcirc;ento&rightquot;, de <nom>L. L. Zamenhof</nom> nomita
        <klr>[&#8230;]</klr> <tld/>o <klr>[&#8230;]</klr> aspektas tre simile al ar&gcirc;ento, sed
        kemie tute ne rilatas al &gcirc;i, en la hispana kaj angla lingvoj oni anka&ubreve; nomas
        la metalon <klr>[&#8230;]</klr> &leftquot;germana ar&gcirc;ento&rightquot;, ar&gcirc;entano kovrita per maldika
        tavolo de ar&gcirc;ento estas nomata &leftquot;&ccirc;ina ar&gcirc;ento&rightquot;
        <fnt>
          <bib>Viki</bib>
          <lok><url ref="https://eo.wikipedia.org/?curid=215853">Ar&gcirc;entano</url></lok>
        </fnt>.
      </ekz>
    </dif>
    <ref tip="sin" cel="argxen1.0o">ar&gcirc;entano</ref>
  </snc>
  <trdgrp lng="de">
    <trd>Neusilber</trd>,
    <trd>Alfenid</trd>,
    <trd>Argentan</trd>,
    <trd>Alpaka <klr>(Neusilber)</klr></trd>,
    <trd>Maillechort</trd>
  </trdgrp>
  <trd lng="en">alfenide</trd>
  <trd lng="es">alfenide</trd>
  <trd lng="fr">alf&eacute;nide</trd>
  <trd lng="nl">alfenide</trd>
  <trd lng="pt">alf&ecirc;nide</trd>
  <trdgrp lng="ru">
    <trd>&c_n;&c_je;&c_j;&c_z;&c_i;&c_l;&c_mol;&c_b;&c_je;&c_r;</trd>,
    <trd>&c_m;&c_je;&c_l;&c_mol;&c_h;&c_i;&c_o;&c_r;</trd>,
    <trd>&c_a;&c_l;&c_mol;&c_f;&c_je;&c_n;&c_i;&c_d;</trd>
  </trdgrp>
  <trdgrp lng="sk">
    <trd>alpaka</trd>,
    <trd>argentan</trd>,
    <trd>pakf&oacute;n</trd>,
    <trd>&ccaron;&iacute;nske striebro</trd>
  </trdgrp>
  <trdgrp lng="cs">
    <trd>alpaka</trd>,
    <trd>nov&eacute; st&rcaron;&iacute;bro</trd>
  </trdgrp>
</drv>
</art>
<!--
$Log: alfeni.xml,v $
Revision 1.13  2019/01/26 10:10:20  revo
Wolfram Diestel: precizigis dif, +ekz, pliaj germ trd-oj, -adm

Revision 1.12  2015/07/04 08:37:30  revo
aldono de trd cs per skripto de M. von Laer

Revision 1.11  2015/06/28 12:03:35  revo
aldono de trd sk per skripto de M. von Laer

Revision 1.10  2002/02/15 17:36:23  revo
Yury Finkel: +trd ru

Revision 1.9 2002/01/04 17:32:38 revo
Marc Bavant: +ref al argxentano, +adm

Revision 1.8 2001/09/27 18:16:51 revo
Ulrich Fellmann: + 2 germ trdj

Revision 1.7 2001/08/01 18:12:35 revo
Paul Peeraerts: ald trd nl

Revision 1.6 2001/05/03 16:11:04 revo
-->
</vortaro>
