<?xml version="1.0"?>
<!DOCTYPE vortaro SYSTEM "../dtd/vokoxml.dtd">

<vortaro>
<art mrk="$Id: alfons.xml,v 1.8 2015/02/26 21:10:19 revo Exp $">
<kap>
  <rad>Alfons</rad>/o <fnt><bib>PIV1</bib></fnt>
</kap>

<drv mrk="alfons.0o">
  <kap><tld/>o</kap>
  <snc mrk="alfons.0o.NOM">
    <uzo tip="fak">NOM</uzo>
    <dif>
      Vira <ref tip="lst" cel="nom.antaux0o"
      lst="voko:personaj_nomoj">anta&ubreve;nomo</ref> &gcirc;ermandevena:
      <ekz>
        <ind><tld/>o la Sa&gcirc;ulo</ind>
        <klr>(kromnomo de Alfonso la 10a, re&gcirc;o de Kastilio kaj
          Leono)</klr>
        <trd lng="de">Alfons der Weise</trd>
        <trd lng="fr">Alphonse le sage</trd>;
      </ekz>
      <ekz>
        Rapide, nur! <tld/>o tuj revenas &ndash;
        Ankora&ubreve; noktas, kaj la strat' malplenas
        <fnt>
          <aut>Lord Byron, trad. William Auld</aut>,
          <vrk><url
ref="http://donh.best.vwh.net/Esperanto/Literaturo/Revuoj/np/np5702/johanou.
html">El la 1-a kanto de &leftquot;Don Johano&rightquot;</url></vrk>,
          <lok>Norda Prismo, 1957, numero 2a, p. 82a-85a</lok>
        </fnt>.
      </ekz>
    </dif>
  </snc>
  <trd lng="bg">&c_A;&c_f;&c_o;&c_n;&c_s;&c_u;</trd>
  <trd lng="de">Alfons</trd>
  <trd lng="fr">Alphonse</trd>
  <trd lng="it">Alfonso</trd>
  <trd lng="pl">Alfons</trd>
  <trd lng="pt">Afonso</trd>
  <trd lng="ru">&c_A;&c_l;&c_mol;&c_f;&c_o;&c_n;&c_s;</trd>
</drv>
</art>

<!--
$Log: alfons.xml,v $
Revision 1.8  2015/02/26 21:10:19  revo
Wolfram Diestel: lst antaunomoj

Revision 1.7  2009/11/03 17:30:35  revo
Wieland Pusch: +trd bg

Revision 1.6  2009/10/30 17:31:08  revo
Antonio Codazzi: +trd it

Revision 1.5  2007/05/20 16:30:50  revo
Wieland Pusch: +trd de

Revision 1.4  2006/06/18 16:33:34  revo
Yury Finkel: +trd ru

Revision 1.3  2006/05/15 16:32:13  revo
Sebastian Cyprych: +trd pl

Revision 1.2  2006/05/05 16:31:16  revo
Tulio Flores: +tr pt

Revision 1.1  2006/05/04 16:31:58  revo
-->
</vortaro>
