<?xml version="1.0"?>
<!DOCTYPE vortaro SYSTEM "../dtd/vokoxml.dtd">

<vortaro>
<art mrk="$Id: alfred.xml,v 1.7 2015/02/26 21:10:13 revo Exp $">
<kap>
  <rad>Alfred</rad>/o
  <fnt><bib>PIV1</bib></fnt>
</kap>

<drv mrk="alfred.0o">
  <kap><tld/>o</kap>
  <snc mrk="alfred.0o.NOM">
    <uzo tip="fak">NOM</uzo>
    <dif>
      Vira <ref tip="lst" cel="nom.antaux0o"
      lst="voko:personaj_nomoj">anta&ubreve;nomo</ref> &gcirc;ermandevena:
      <ekz>
        la skulptiston <tld/>on vi certe konas
        <fnt><bib>Fab4</bib>,
        <lok>&leftquot;bela&rightquot;</lok></fnt>?
      </ekz>
    </dif>
  </snc>
  <trd lng="de">Alfred</trd>
  <trd lng="fr">Alfred</trd>
  <trd lng="hu">Alfr&eacute;d</trd>
  <trd lng="it">Alfredo</trd>
  <trdgrp lng="nl">
    <trd>Fred</trd>,
    <trd>Alfred</trd>
  </trdgrp>
  <trd lng="pl">Alfred</trd>
</drv>
</art>

<!--
$Log: alfred.xml,v $
Revision 1.7  2015/02/26 21:10:13  revo
Wolfram Diestel: lst antaunomoj

Revision 1.6  2009/10/30 17:31:09  revo
Antonio Codazzi: +trd it

Revision 1.5  2008/10/09 16:30:30  revo
Sebastian Cyprych: +trd pl

Revision 1.4  2007/05/06 16:30:29  revo
Wieland Pusch: +trd de

Revision 1.3  2007/01/26 15:29:23  revo
Jozefo Horvath: +trd hu

Revision 1.2  2005/08/29 16:32:08  revo
Paul Peeraerts: ald trd nl

Revision 1.1  2005/07/25 16:32:34  revo
Jeromo Vasxe: nova artikolo

-->
</vortaro>
