<?xml version="1.0"?>
<!DOCTYPE vortaro SYSTEM "../dtd/vokoxml.dtd">

<vortaro>
<art mrk="$Id: alg.xml,v 1.28 2019/01/07 03:10:16 revo Exp $">
<kap>
  <ofc>2</ofc>
  <rad>alg</rad>/oj <fnt><bib>PV</bib></fnt>
</kap>
<drv mrk="alg.0oj">
  <kap><tld/>oj</kap>
  <tezrad fak="BOT"/>
  <snc mrk="alg.0oj.BOT">
    <uzo tip="fak">BOT</uzo>
    <dif>
      Speciori&ccirc;a grupo de unu- a&ubreve; plur&ccirc;elaj
      viva&jcirc;oj, plej ofte vivantaj en akvo:
      <ekz>
        tiu viro, glitinte sur tufo el malsekaj <tld/>oj, estis 
        rapidigita kun kapo malsupre sur akran rifon
        <fnt><aut>H. Vallienne</aut>, <vrk>&Ccirc;u 
        li?</vrk>, <lok>1908</lok></fnt>.
      </ekz>
    </dif>
    <rim>
      La <tld/>ojn oni nuntempe ordigas al la regno
      <ctl>Protoctistae</ctl> (= unue establi&gcirc;intoj),
      por kio ankora&ubreve; ne uzi&gcirc;is e-a vorto.
    </rim>
  </snc>
  <trdgrp lng="be">
    <trd>&c_b;&c_a;&c_g;&c_a;&c_v;&c_ib;&c_n;&c_mol;&c_n;&c_je;</trd>, 
    <trd>&c_v;&c_o;&c_d;&c_a;&c_r;&c_a;&c_s;&c_mol;&c_l;&c_ib;</trd>
  </trdgrp>
  <trd lng="bg">&c_v;&c_o;&c_d;&c_o;&c_r;&c_a;&c_s;&c_l;&c_i;</trd>
  <trd lng="ca">algues</trd>
  <trd lng="cs">&rcaron;asy</trd>
  <trd lng="de">Alge</trd>
  <trd lng="en">algae</trd>
  <trd lng="es">algas</trd>
  <trd lng="fa">&a_j;&a_l;&a_b;&f_k;</trd>
  <trd lng="fr">algues</trd>
  <trdgrp lng="hu">
    <trd>moszatok</trd>, 
    <trd>alg&aacute;k</trd>
  </trdgrp>
  <trd lng="id">alga</trd>
  <trd lng="nl">algen</trd>
  <trd lng="pt">algas</trd>
  <trd lng="ru">&c_v;&c_o;&c_d;&c_o;&c_r;&c_o;&c_s;&c_l;&c_i;</trd>
  <trdgrp lng="sk">
    <trd>morsk&eacute; <ind>riasy</ind></trd>,
    <trd>riasy</trd>
  </trdgrp>
  <trd lng="sv">alger</trd>
</drv>

<drv mrk="alg.blu0o">
  <kap>blu<tld/>o, <var><kap>blua <tld/>o</kap></var></kap>
  <uzo tip="stl">KOMUNE</uzo>
  <snc mrk="alg.blu0o.BAK">
    <uzo tip="fak">BAK</uzo>
    <dif>
      Iu el <ref tip="dif"
      cel="bakter.ciano0oj.BAK">cianobakterioj</ref>:
      <ekz>
        ekzistas esta&jcirc;oj, ekzemple la bluaj <tld/>oj <klr>...</klr>,
        kiuj 
        bone fartas en alta temperaturo (&gcirc;is 90 &deg;C)
        <fnt>
          <aut>M. B&eacute;la</aut>,
          <vrk><url
          ref="http://www.eventoj.hu/steb/biologio/enkonduko_en_la_teorian_biologion/teoria_biologio.htm">
          Enkonduko en la teorian biologion</url></vrk>,
          <lok>SUK, 1976</lok>
        </fnt>.
      </ekz>
    </dif>
  </snc>
  <trdgrp lng="ca">
    <trd><ind>alga</ind> blava</trd>,
    <trd><ind>alga</ind> blauverda</trd>,
    <trd>esquizof&iacute;cia</trd>
  </trdgrp>
  <trd lng="fr">algue bleue</trd>
  <trd lng="id"><ind>alga</ind> biru</trd>
</drv>

<drv mrk="alg.brun0oj">
  <kap>brun<tld/>oj, <var><kap>brunaj <tld/>oj</kap></var></kap>
  <snc mrk="alg.brunaj0oj.BOT">
    <uzo tip="fak">BOT</uzo>
    <dif>
      <tld lit="A"/>oj precipe maraj, brunkoloraj
      pro klorofilo c kaj flava farbosubstanco, 
      konsistigantaj apartan filumon
      (<trd lng="la">Phaeophycophyta</trd>):
      <ekz>
        vakameo <klr>...</klr> estas <klr>...</klr> brun<tld/>o uzata 
        en homa nutrado, precipe en Japanio
        <fnt>
          <bib>Viki</bib>,
          <lok><url ref="http://eo.wikipedia.org/wiki/Vakameo">
          vakameo</url>, 2010-12-12</lok>
        </fnt>.
      </ekz>
    </dif>
  </snc>
  <trdgrp lng="ca">
    <trd><ind>algues</ind> brunes</trd>,
    <trd>fe&ograve;fits</trd>
  </trdgrp>
  <trd lng="cs">hn&ecaron;d&eacute; &rcaron;asy</trd>
  <trd lng="de">Braunalgen</trd>
  <trd lng="en">brown algae</trd>
  <trd lng="fa">&a_j;&a_l;&a_b;&f_k;&zwnj;&a_h;&a_A;&f_y;
  &a_q;&a_h;&a_w;&a_h;&zwnj;&a_A;&f_y;</trd>
  <trd lng="fr">algues brunes</trd>
  <trd lng="hu">barnamoszatok</trd>
  <trd lng="id"><ind>alga</ind> cokelat</trd>
  <trd lng="nl">bruinalgen</trd>
  <trd lng="pt">algas marrons</trd>
  <trd lng="sk">hned&eacute; riasy</trd>
</drv>

<drv mrk="alg.rugx0oj">
  <kap>ru&gcirc;<tld/>oj, <var><kap>ru&gcirc;aj <tld/>oj</kap></var></kap>
  <snc mrk="alg.rugxaj0oj.BOT">
    <uzo tip="fak">BOT</uzo>
    <dif>
      <tld lit="A"/>oj precipe maraj, ru&gcirc;koloraj
      pro klorofilo a kaj aliaj farbosubstancoj,
      konsistigantaj apartan filumon
      (<trd lng="la">Rhodophycota</trd>).
    </dif>
  </snc>
  <trdgrp lng="ca">
    <trd><ind>algues</ind> vermelles</trd>,
    <trd>rod&ograve;fits</trd>
  </trdgrp>
  <trd lng="de">Rotalgen</trd>
  <trd lng="en">red algae</trd>
  <trd lng="fa">&a_j;&a_l;&a_b;&f_k;&zwnj;&a_h;&a_A;&f_y;
  &a_q;&a_r;&a_m;&a_z;</trd>
  <trd lng="fr">algues rouges</trd>
  <trd lng="hu">v&ouml;r&ouml;smoszatok</trd>
  <trd lng="id"><ind>alga</ind> merah</trd>
  <trd lng="nl">roodalgen</trd>
  <trd lng="pt">algas vermelhas</trd>
</drv>

<drv mrk="alg.verd0oj">
  <kap>verd<tld/>oj, <var><kap>verdaj <tld/>oj</kap></var></kap>
  <snc mrk="alg.verdaj0oj.BOT">
    <uzo tip="fak">BOT</uzo>
    <dif>
      <tld lit="A"/>oj el diversaj grupoj, verdkoloraj
      pro klorofilo a kaj b:
      <ekz>
        ene de la unuopaj taksonoj de la verd<tld/>oj ekzistas diversaj 
        organizaj formoj, de la unu&ccirc;eluloj kaj &ccirc;elkolonioj &gcirc;is la 
        mult&ccirc;elaj taloj
        <fnt>
          <bib>Viki</bib>,
          <lok><url ref="http://eo.wikipedia.org/wiki/Verdalgoj">
          verdalgoj</url>, 2010-06-13</lok>
        </fnt>.
      </ekz>
    </dif>
  </snc>
  <trdgrp lng="ca">
    <trd><ind>algues</ind> verdes</trd>,
    <trd>clor&ograve;fits</trd>
  </trdgrp>
  <trd lng="cs">zelen&eacute; &rcaron;asy</trd>
  <trd lng="de">Gr&uuml;nalgen</trd>
  <trd lng="en">green algae</trd>
  <trd lng="fa">&a_j;&a_l;&a_b;&f_k;&zwnj;&a_h;&a_A;&f_y;
  &a_s;&a_b;&a_z;</trd>
  <trd lng="fr">algues vertes</trd>
  <trd lng="hu">z&ouml;ldmoszatok</trd>
  <trd lng="id"><ind>alga</ind> hijau</trd>
  <trd lng="la">Chlorophycota</trd>
  <trd lng="nl">groenalgen</trd>
  <trd lng="pt">algas verdes</trd>
  <trd lng="sk">zelen&eacute; riasy</trd>
</drv>
</art>
<!--
$Log: alg.xml,v $
Revision 1.28  2019/01/07 03:10:16  revo
Dusan Juretic: +trd es

Revision 1.27  2015/07/04 08:37:30  revo
aldono de trd cs per skripto de M. von Laer

Revision 1.26  2015/06/28 12:03:35  revo
aldono de trd sk per skripto de M. von Laer

Revision 1.25  2014/10/28 04:10:38  revo
Eko Nur Syah Hidayat: +trd id

Revision 1.24  2012/08/25 09:10:19  revo
Marc Rausell: + trd ca

Revision 1.23  2011/01/29 17:10:16  revo
Wolfram Diestel: +kor. trd de - bg

Revision 1.22  2010/12/20 17:30:17  revo
Jeromo Vasxe: + blua ~o, propra drv por brun/rugx/verd

Revision 1.21  2010/05/15 16:31:09  revo
-->
</vortaro>
