<?xml version="1.0"?>
<!DOCTYPE vortaro SYSTEM "../dtd/vokoxml.dtd">

<vortaro>
<art mrk="$Id: alginat.xml,v 1.3 2015/07/04 08:37:30 revo Exp $">
<kap>
  <rad>alginat</rad>/o <fnt><bib>PIV2</bib></fnt>
</kap>
<drv mrk="alginat.0o">
  <kap><tld/>o</kap>
  <snc mrk="alginat.0o.KEM">
    <uzo tip="fak">KEM</uzo>
    <dif>
      Iu el la saloj de alginata acido,
      eltireblaj el &ccirc;eloj de brunalgoj,
      uzataj pro sia gluemo en medikamentoj,
      man&gcirc;a&jcirc;oj, farboj:
      <ekz>
        la esploristoj enkonstruis genon el aliaj mikroorganismoj
        en la bakteriojn kiuj nun kapablas digesti la <tld/>on
        <fnt>
          <aut>A. Oberndorfer</aut>,
          <vrk><url
          ref="http://peranto.posterous.com/biofuelo-el-makroalgoj">
          Biofuelo el makroalgoj</url></vrk>,
          <lok>2012-02-04</lok>
        </fnt>.
      </ekz>
    </dif>
  </snc>
  <trd lng="cs">alginát</trd>
  <trd lng="en">alginate</trd>
  <trd lng="fr">alginate</trd>
  <trd lng="sk">alginát</trd>
</drv>
</art>

<!--
$Log: alginat.xml,v $
Revision 1.3  2015/07/04 08:37:30  revo
aldono de trd cs per skripto de M. von Laer

Revision 1.2  2015/06/28 12:03:35  revo
aldono de trd sk per skripto de M. von Laer

Revision 1.1  2014/01/01 21:10:26  revo
Jeromo Vasxe: nova artikolo

-->
</vortaro>