<?xml version="1.0"?>
<!DOCTYPE vortaro SYSTEM "../dtd/vokoxml.dtd">

<vortaro>
<art mrk="$Id: algxeb.xml,v 1.10 2019/03/10 17:10:17 revo Exp $">
  <kap>
    <rad>al&gcirc;ebr</rad>/o
  </kap>
<drv mrk="algxeb.0o">
  <kap><tld/>o</kap>
  <uzo tip="fak">MAT</uzo>
  <fnt><bib>PIV2</bib></fnt>
  <uzo tip="stl">EVI</uzo>
  <snc>
    <dif>
      <ref tip="dif" cel="algebr.lineara0o.strukturo">Lineara
      algebro<sncref/></ref>:
      <ekz>
        prezento de la al&gcirc;ebro <frm><k>Cg</k></frm> sur 
        vektora spaco <frm><k>V</k></frm> estas la al&gcirc;ebra 
        homomorfio <frm><k>&#x2102;G</k> &#x27F6; <k>End(V)</k></frm>
        <fnt>
          <bib>Viki</bib>
          <lok><url ref="https://eo.wikipedia.org/?curid=87410"
              >Grupa al&gcirc;ebro</url></lok>
        </fnt>.
      </ekz>
    </dif>
  </snc>
  <trd lng="be">&c_l;&c_ib;&c_n;&c_je;&c_j;&c_n;&c_a;&c_ja; <ind>&c_a;&c_l;&c_mol;&c_g;&c_je;&c_b;&c_r;&c_a;</ind></trd>
  <trd lng="de">lineare Algebra</trd>
  <trd lng="en">linear algebra</trd>
  <trd lng="es">&aacute;lgebra lineal</trd>
  <trd lng="fa">&a_j;&a_b;&a_r; &a_kh;&a_T;&f_y;</trd>
  <trd lng="pt">&aacute;lgebra linear</trd>
</drv>
</art>

<!--
$Log: algxeb.xml,v $
Revision 1.10  2019/03/10 17:10:17  revo
Wolfram Diestel: +ekz

Revision 1.9  2010/07/14 16:30:19  revo
Evandro Avellar: + trd pt

Revision 1.8  2009/06/17 16:30:30  revo
Wieland Pusch: +trd de

Revision 1.7  2009/06/16 16:31:16  revo
Behnam Tabatabai: +trd fa

Revision 1.6  2005/04/06 16:35:44  revo
Raul Salinas Monteagudo: +trd es

Revision 1.5  2004/07/26 17:23:56  revo
Dmitri Gabinski: +trd be

Revision 1.4  2003/01/13 17:33:31  revo
Marc Bavant: +trd

Revision 1.3  2002/10/01 16:36:00  revo
-->
</vortaro>
