<?xml version="1.0"?>
<!DOCTYPE vortaro SYSTEM "../dtd/vokoxml.dtd">

<vortaro>
<art mrk="$Id: algxeri.xml,v 1.14 2019/02/13 20:10:27 revo Exp $">
<kap>
  <ofc>8</ofc>
  <rad>Al&gcirc;eri</rad>/o
  <fnt><bib>RLN</bib></fnt>
</kap>

<drv mrk="algxeri.A0o">
  <kap>
    <tld lit="A"/>o
  </kap>
  <mlg kod="ISO-3166">DZ</mlg>
  <snc mrk="algxeri.A0o.GEOG">
    <uzo tip="fak">GEOG</uzo>
    <uzo tip="fak">POL</uzo>
    <dif>
      <ref tip="lst" cel="land.0o.POL" lst="voko:&scirc;tatoj">Lando</ref> en
      la norda <ref tip="malprt" cel="afrik.A0o.mondparto">Afriko</ref>
      kun &ccirc;efurbo Al&gcirc;ero; teritorio de Demokrata Popolrespubliko <tld/>o,
      limanta kun
      <ref tip="vid" cel="libi.L0o.GEOG">Libio</ref>,
      <ref tip="vid" cel="mali.M0o.GEOG">Malio</ref>,
      <ref tip="vid" cel="marok.M0o.GEOG">Maroko</ref>,
      <ref tip="vid" cel="mauxrit.M0o.GEOG">Ma&ubreve;ritanio</ref>,
      <ref tip="vid" cel="nigxer.N0o.lando">Ni&gcirc;ero</ref>,
      Okcidenta Saharo,
      <ref tip="vid" cel="tunizi.T0o.GEOG">Tunizio</ref>
      kaj <ref tip="vid" cel="mediterane.M0o.GEOG">Mediteraneo</ref>:
      <ekz>
        la du belegaj arab&ccirc;evaloj, kiujn li rajdis en Al&gcirc;erio, devige
        estis lasitaj en la soldatejo
        <fnt>
          <aut>Henri Vallienne</aut>
          <vrk>Kastelo de Prelongo</vrk>
          <lok>&ccirc;apitro 1a</lok>
        </fnt>
      </ekz>
      <ekz>
        kunlaborantoj de Kuracistoj Sen Limoj trovis pli ol 500 homojn 30&#8239;km for de la
        urbo <nom>Ajn a&scirc;-&Scirc;uatir</nom>, en dezerta limregiono kun <tld/>o la 7an de oktobro
        <fnt>
          <bib>Monato</bib>
          <aut>Hektor Alos i Font</aut>
          <vrk><url ref="https://www.monato.net/2006/008814.php"
              >E&ubreve;ropo plialtigas sian drataron</url></vrk>
        </fnt>;
      </ekz>
      <ekz>
        tiun le&gcirc;on starigis la franca registaro de <nom>Edgar Faure</nom> en <tld/>o, kiam &gcirc;i
        kontra&ubreve;batalis la manifestaciojn anta&ubreve; la sendependi&gcirc;o de la lando
        <fnt>
          <bib>Monato</bib>
          <aut>Christian Pinard</aut>
          <vrk><url ref="https://www.monato.net/2006/008840.php"
              >Signalo ankora&ubreve; ne revolucio</url></vrk>
        </fnt>.
      </ekz>
    </dif>
    <trdgrp lng="ar">
      <trd>&a_A;&a_l;&a_j;&a_z;&a_A;&a_y_hamza;&a_r;</trd>
      <trd>&a_A;&a_l;&a_j;&a_m;&a_h;&a_w;&a_r;&a_y;&a_t_marbuta; &a_A;&a_l;&a_j;&a_z;&a_A;&a_y_hamza;&a_r;&a_y;&a_t_marbuta; &a_A;&a_l;&a_d;&a_y;&a_m;&a_q;&a_r;&a_A;&a_T;&a_y;&a_t_marbuta;
      &a_A;&a_l;&a_sh;&a_ayn;&a_b;&a_y;&a_t_marbuta;</trd>
    </trdgrp>
    <trd lng="be">&c_A;&c_l;&c_mol;&c_zh;&c_y;&c_r;</trd>
    <trd lng="bg">&c_A;&c_l;&c_zh;&c_i;&c_r;</trd>
    <trd lng="de">Algerien</trd>
    <trd lng="en">Algeria</trd>
    <trd lng="fr">Alg&eacute;rie</trd>
    <trd lng="fa">&a_A;&a_l;&a_j;&a_z;&a_A;&f_y;&a_r;</trd>
    <trd lng="id">Aljazair</trd>
    <trd lng="it">algeria</trd>
    <trdgrp lng="pl">
      <trd>Algieria</trd>,
      <trd>Algierska Republika Ludowo-Demokratyczna</trd>
    </trdgrp>
    <trd lng="pt">Arg&eacute;lia</trd>
  </snc>
</drv>

</art>

<!--
$Log: algxeri.xml,v $
Revision 1.14  2019/02/13 20:10:27  revo
Wolfram Diestel: kor. ref-cel, pliaj ekz-oj, RLN

Revision 1.13  2018/08/06 09:10:20  revo
Michel Cantigneaux: aperas unue en PIV1 (1970), oficiala en 8OA (1974)

Revision 1.12  2017/12/22 17:10:14  revo
Michel Cantigneaux: Plibonaj indikoj pri 8a Oficiala Aldono kaj 12a
Oficiala Informo

Revision 1.11  2017/06/22 09:10:18  revo
Ludoviko Francisco: +ref lst +mlg +ekz

Revision 1.10  2014/06/04 16:10:39  revo
Eko Nur Syah Hidayat: +id

Revision 1.9  2013/11/22 14:10:32  revo
Damien Brucker: +trd fr

Revision 1.8  2013/03/30 14:10:21  revo
Dmitri Gabinski: +trd be

-->
</vortaro>
