<?xml version="1.0"?>
<!DOCTYPE vortaro SYSTEM "../dtd/vokoxml.dtd">

<vortaro>
<art mrk="$Id: ali.xml,v 1.50 2017/07/14 17:10:14 revo Exp $">
<kap>
  <ofc>*</ofc>
  <rad>ali</rad>/a <fnt><bib>PV</bib></fnt>
</kap>

 <drv mrk="ali.0a">
   <kap><ofc>*</ofc><tld/>a</kap>
   <snc mrk="ali.0a.diferenca">
     <dif>
       Diferenca, malsama:
       <ekz>
         li estas tute <tld/>a ol li estis;
       </ekz>
       <ekz>
         la rezulto estis tute <tld/>a ol ni esperis;
       </ekz>
       <ekz>
         kun la tempo la formo de la lingvo eble estos <tld/>a ol
         tiu, pro kiu ni nun laboras<fnt>Z</fnt>;
       </ekz>
       <ekz>
         nun &scirc;ia rideto estis <tld/>a ol matene<fnt>Z</fnt>;
       </ekz>
       <ekz>
         <tld/>aj domoj, <tld/>aj homoj<fnt><bib>PrV</bib></fnt>;
       </ekz>
       <ekz>
         <tld/>loke<fnt>Z</fnt>;
       </ekz>
       <ekz>
         <tld/>tempe;
       </ekz>
       <ekz>
         <tld/>vorte;
       </ekz>
       <ekz>
         <tld/>vesti&gcirc;i.
       </ekz>
     </dif>
     <rim>
       Se <em>alia</em> estas akompanata de negacio, oni povas post
       &gcirc;i uzi indiferente <em>ol</em> a&ubreve; <em>krom</em>:
       <ekz>
         la kongreso ne povos elekti ian <tld/>an lingvon krom 
         lingvo arta<fnt>Z</fnt>;
       </ekz>
       <ekz>
         via servisto ne alportados plu bruloferojn
         nek bu&ccirc;oferojn al <tld/>aj
         dioj krom la Eternulo
         <fnt><bib>MT</bib>, <lok>&Re2; 5:17</lok></fnt>;
       </ekz>
       <ekz>
         ne scii <tld/>an lingvon krom sia propra<fnt>Z</fnt>;
       </ekz>
       <ekz>
         nia tuta vivo estas nenio <tld/>a ol konstanta incensado 
         pro lia honoro<fnt>Z</fnt>.
       </ekz>
     </rim>
     <trd lng="ca">altre</trd>
     <trd lng="es">otro</trd>
     <trd lng="fr">autre</trd>
     <trd lng="nl">ander</trd>
     <trd lng="pl">inny</trd>
     <trdgrp lng="pt">
       <trd>outro</trd>,
       <trd>diferente</trd>,
       <trd>diverso</trd>
     </trdgrp>
     <trd lng="ro">alt</trd>
    <trd lng="th">&#3629;&#3639;&#3656;&#3609;</trd>
     <trd lng="tp">ante</trd>
   </snc>
   <snc mrk="ali.0a.dua">
     <dif>
       Dua el du personoj a&ubreve; grupoj:
       <ekz>
         krei malamon inter unuj gentoj kaj <tld/>aj<fnt>Z</fnt>;
       </ekz>
       <ekz>
         unuj ridas, <tld/>aj ploras<fnt>Z</fnt>;
       </ekz>
       <ekz>
         helpi, kompreni unu la <tld/>an<fnt>Z</fnt>;
       </ekz>
       <ekz>
         tiuj fratoj fari&gcirc;is tute fremdaj unuj al
         <tld/>aj<fnt>Z</fnt>.
       </ekz>
     </dif>
     <trd lng="ca">altre</trd>
     <trd lng="fr">autre</trd>
     <trd lng="nl">ander</trd>
     <trd lng="pl">drugi</trd>
     <trd lng="pt">outro</trd>
   </snc>
   <snc mrk="ali.0a.pron">
     <uzo tip="klr">(pronomo)</uzo>
     <ref tip="dif" cel="ali.0ulo.KOMUNE">aliulo</ref>
     <ekz>
       ne kondamnu <tld/>an, oni vin ne
       kondamnos<fnt><bib>PrV</bib></fnt>;
     </ekz>
     <ekz>
       ne moku mizeron de <tld/>a, &ccirc;ar balda&ubreve; venos
       via<fnt><bib>PrV</bib></fnt>.
     </ekz>
     <trd lng="ca">altri</trd>
     <trd lng="es">otra persona</trd>
     <trd lng="fr">autrui</trd>
     <trd lng="nl">andere</trd>
     <trdgrp lng="pl">
       <trd>inny</trd>,
       <trd>drugi</trd>
     </trdgrp>
     <trd lng="pt">outro</trd>
     <trd lng="sk">druh&yacute;</trd>
     <trd lng="th">&#3588;&#3609;&#3629;&#3639;&#3656;&#3609;</trd>
   </snc>
  <trdgrp lng="be">
     <trd>&c_ib;&c_n;&c_sh;&c_y;</trd>,
     <trd>&c_d;&c_r;&c_u;&c_g;&c_ib;</trd>
   </trdgrp>
  <trd lng="bg">&c_d;&c_r;&c_u;&c_g;</trd>
  <trdgrp lng="cs">
     <trd>jin&yacute;</trd>,
     <trd>druh&yacute;</trd>
   </trdgrp>
  <trd lng="de">anderer</trd>
  <trd lng="en">other</trd>
  <trdgrp lng="fi">
     <trd>toinen</trd>,
     <trd>muu</trd>
   </trdgrp>
  <trd lng="he">&alef;&het;&resh;</trd>
  <trd lng="it">altro</trd>
  <trd lng="no">annen</trd>
  <trd lng="oc">autre</trd>
  <trdgrp lng="ru">
     <trd>&c_i;&c_n;&c_o;&c_j;</trd>,
     <trd>&c_d;&c_r;&c_u;&c_g;&c_o;&c_j;</trd>
   </trdgrp>
  <trdgrp lng="sk">
    <trd>in&yacute;</trd>,
    <trd>inak&scaron;&iacute;</trd>,
    <trd>onak&yacute;</trd>
  </trdgrp>
  <trd lng="vo">votik</trd>
</drv>

 <drv mrk="ali.0e">
   <kap><tld/>e</kap>
   <snc mrk="ali.0e.maniere">
     <dif>
       Alimaniere:
       <ekz>
         nekomprenite, li metis <tld/>e la demandon;
       </ekz>
       <ekz>
         paroli ne <tld/>e ol kun ironia rideto<fnt>Z</fnt>.
       </ekz>
     </dif>
     <rim>
     La radiko <tld/>- kaj &gcirc;iaj fina&jcirc;oj devenantaj de la
     <ref tip="super" cel="tabel.0vorto">tabelvortoj</ref> (-al,
     -am, -el, -es, -om, -u) estas neoficialaj kaj evitindaj: ili
     ja kreas konfuzon &ccirc;e la difino de <em>alie</em>,
     kies signifo estus tiel <ekz>aliloke</ekz> kaj ne plu
     <ekz>alimaniere</ekz>. Aldone
     ili alportas nenion pli bonan al la lingvo,
     &ccirc;ar klare kompreneblaj samsenca&jcirc;oj
     jam ekzistas: <ekz>alika&ubreve;ze</ekz> anstata&ubreve;
     <ctl>alial</ctl>,
     <ekz>alifoje</ekz> a&ubreve;
     <ekz>aliokaze</ekz> anstata&ubreve; <ctl>aliam</ctl>,
     <ekz>alimaniere</ekz> a&ubreve; <ekz>alie</ekz> anstata&ubreve;
     <ctl>aliel</ctl>, <ekz>aliula</ekz> a&ubreve; <ekz>de alia
     persono</ekz> anstata&ubreve;
     <ctl>alies</ctl>, <ekz>alikvante</ekz> anstata&ubreve;
     <ctl>aliom</ctl>, <ekz>alia</ekz>
     anstata&ubreve; <ctl>aliu</ctl>.
     </rim>
     <trdgrp lng="bg">
       <trd>&c_r;&c_a;&c_z;&c_l;&c_i;&c_ch;&c_n;&c_o;</trd>,
       <trd>&c_p;&c_o; &c_d;&c_r;&c_u;&c_g;
       &c_n;&c_a;&c_ch;&c_i;&c_n;</trd>
     </trdgrp>
     <trdgrp lng="ca">
       <trd>d'altra manera</trd>,
       <trd>d'una altra manera</trd>
     </trdgrp>
     <trd lng="es">de otra manera</trd>
     <trd lng="de">anders</trd>
     <trdgrp lng="en">
       <trd>in another way</trd>,
       <trd>differently</trd>
     </trdgrp>
     <trdgrp lng="fi">
       <trd>toisin</trd>, <trd>toisella tapaa</trd>,
       <trd>muuten</trd>, <trd>muulla tavalla</trd>
     </trdgrp>
     <trd lng="fr">autrement</trd>
     <trd lng="nl">anders</trd>
     <trdgrp lng="pl">
       <trd>inaczej</trd>,
       <trd>odmiennie</trd>
     </trdgrp>
     <trdgrp lng="pt">
       <trd>de outro modo</trd>,
       <trd>de outra maneira</trd>
     </trdgrp>
     <trd lng="ro">altfel</trd>
     <trdgrp lng="ru">
       <trd>&c_i;&c_n;&c_a;&c_ch;&c_je;</trd>,
       <trd>&c_p;&c_o;-&c_d;&c_r;&c_u;&c_g;&c_o;&c_m;&c_u;</trd>
     </trdgrp>
    <trdgrp lng="th">
       <trd>&#3623;&#3636;&#3608;&#3637;&#3629;&#3639;&#3656;&#3609;</trd>,
       <trd>&#3629;&#3618;&#3656;&#3634;&#3591;&#3629;&#3639;&#3656;&#3609;</trd>
     </trdgrp>
     <trd lng="tp">ante</trd>
   </snc>
   <snc mrk="ali.0e.kontraue">
     <dif>
       <ref tip="super" cel="konjun.kontrauxmeta0o">
       Kontra&ubreve;meta konjunkcio</ref>
       signifanta <ctl>en kontra&ubreve;a okazo</ctl>:
       <ekz>
         &#8208; tion solan &#8208; diris la dio &#8208; ne tu&scirc;u,
         <tld/>e vi perdos la tutan ri&ccirc;a&jcirc;on
         <fnt><bib>Far3</bib>, <lok>&ccirc;ap. 8a</lok></fnt>;
       </ekz>
       <ekz>
         <tld/>e oni pensos, ke ni &ccirc;iuj havas tiun
         ideon<fnt>Z</fnt>.
       </ekz>
     </dif>
     <trdgrp lng="bg">
       <trd>&c_p;&c_r;&c_o;&c_t;&c_i;&c_v;&c_je;&c_n;
       &c_s;&c_l;&c_u;&c_ch;&c_a;&c_j;</trd>,
       <trd>&c_i;&c_n;&c_a;&c_ch;&c_je;</trd>
     </trdgrp>
     <trd lng="ca">altrament</trd>
     <trd lng="es">en caso contrario</trd>
     <trd lng="de">sonst</trd>
     <trdgrp lng="en">
       <trd>otherwise</trd>,
       <trd>or else</trd>
     </trdgrp>
     <trdgrp lng="fi">
       <trd><klr tip="amb">(tai) </klr>muuten</trd>,
       <trd>muussa tapauksessa</trd>
     </trdgrp>
     <trdgrp lng="fr">
       <trd>autrement</trd>,
       <trd>sinon</trd>
     </trdgrp>
     <trd lng="nl">zo <ind>niet</ind></trd>
     <trdgrp lng="pl">
       <trd>inaczej</trd>,
       <trd>odmiennie</trd>,
       <trd>albo</trd>
     </trdgrp>
     <trdgrp lng="pt">
       <trd>caso contr&aacute;rio</trd>,
       <trd>do contr&aacute;rio</trd>,
       <trd>de outro modo</trd>,
       <trd>de outra forma</trd>
     </trdgrp>
     <trdgrp lng="ru">
       <trd>&c_i;&c_n;&c_a;&c_ch;&c_je;</trd>,
       <trd>&c_v; &c_p;&c_r;&c_o;&c_t;&c_i;&c_v;&c_n;&c_o;&c_m;
         &c_s;&c_l;&c_u;&c_ch;&c_a;&c_je;</trd>,
       <trd>&c_a; &c_n;&c_je; &c_t;&c_o;</trd>
     </trdgrp>
     <trd lng="th">&#3627;&#3619;&#3639;&#3629;&#3652;&#3617;&#3656;&#3585;&#3655;</trd>
   </snc>
  <trd lng="be">&c_ib;&c_n;&c_a;&c_ch;&c_a;&c_j;</trd>
  <trdgrp lng="cs">
    <trd>jinak</trd>,
    <trd>ostatn&ecaron;</trd>,
    <trd>v jin&eacute;m p&rcaron;&iacute;pad&ecaron;</trd>
  </trdgrp>
  <trd lng="he">&alef;&het;&resh;&tav;</trd>
  <trd lng="no">ellers</trd>
  <trd lng="oc">autrament</trd>
  <trdgrp lng="sk">
    <trd>inak</trd>,
    <trd>in&aacute;&ccaron;</trd>,
    <trd>in&yacute;m sp&ocirc;sobom</trd>
  </trdgrp>
</drv>

 <drv mrk="ali.0o">
   <kap><tld/>o</kap>
   <snc mrk="ali.0o.KOMUNE">
     <dif>
       Io <tld/>a:
       <ekz>
         tio kaj <tld/>o<fnt>Z</fnt>;
       </ekz>
       <ekz>
         la sperto balda&ubreve; montris tute <tld/>on<fnt>Z</fnt>.
       </ekz>
     </dif>
     <trdgrp lng="th">
       <trd>&#3626;&#3636;&#3656;&#3591;&#3629;&#3639;&#3656;&#3609;</trd>,
       <trd>&#3629;&#3618;&#3656;&#3634;&#3591;&#3629;&#3639;&#3656;&#3609;</trd>
     </trdgrp>
   </snc>
  <trd lng="be">&c_ib;&c_n;&c_sh;&c_a;&c_je;</trd>
  <trdgrp lng="bg">
     <trd>&c_n;&c_je;&c_shch;&c_o;
     <ind>&c_d;&c_r;&c_u;&c_g;&c_o;</ind></trd>,
     <trd>&c_o;&c_shch;&c_je; &c_n;&c_je;&c_shch;&c_o;</trd>
   </trdgrp>
  <trdgrp lng="ca">
     <trd>una altra cosa</trd>,
     <trd>el contrari <klr>(se kontra&Aring;&#173;a)</klr></trd>
   </trdgrp>
  <trd lng="cs">n&ecaron;co jin&eacute;ho</trd>
  <trd lng="en">something else</trd>
  <trd lng="es">otra cosa</trd>
  <trdgrp lng="fi">
     <trd><klr tip="amb">(jotakin) </klr>muuta</trd>,
     <trd>muu<klr> (asia)</klr></trd>
   </trdgrp>
  <trd lng="fr">autre chose</trd>
  <trd lng="nl">iets <ind>anders</ind></trd>
  <trd lng="no">noe <ind>annet</ind></trd>
  <trdgrp lng="pl">
     <trd>co innego</trd>,
     <trd>co&sacute; innego</trd>
   </trdgrp>
  <trdgrp lng="pt">
     <trd>outra coisa</trd>,
     <trd>al <klr>(ark.)</klr></trd>
   </trdgrp>
  <trd lng="ru">&c_d;&c_r;&c_u;&c_g;&c_o;&c_je;</trd>
  <trdgrp lng="sk">
    <trd>in&eacute;</trd>,
    <trd>nie&ccaron;o in&eacute;</trd>
  </trdgrp>
</drv>

 <drv mrk="ali.0igi">
   <kap><tld/>igi</kap>
   <gra><vspec>tr</vspec></gra>
   <snc mrk="ali.0igi.KOMUNE">
     <dif>
       Fari ion <tld/>a, &scirc;an&gcirc;i, modifi,
       <ref tip="vid" cel="form.ali0i.KOMUNE">aliformi</ref>:
       <ekz>
         por ke oni ne rekonu
         lin, li <tld/>igis sian vo&ccirc;on.
       </ekz>
     </dif>
     <trdgrp lng="th">
       <trd>&#3607;&#3635;&#3651;&#3627;&#3657;&#3648;&#3611;&#3655;&#3609;&#3629;&#3618;&#3656;&#3634;&#3591;&#3629;&#3639;&#3656;&#3609;</trd>,
       <trd>&#3648;&#3611;&#3621;&#3637;&#3656;&#3618;&#3609;</trd>
     </trdgrp>
   </snc>
  <trdgrp lng="be">
     <trd>&c_m;&c_ja;&c_n;&c_ja;&c_c;&c_mol;</trd>,
     <trd>&c_z;&c_mol;&c_m;&c_ja;&c_n;&c_ja;&c_c;&c_mol;</trd>
   </trdgrp>
  <trd lng="bg">&c_i;&c_z;&c_m;&c_je;&c_n;&c_ja;&c_v;&c_a;&c_m;</trd>
  <trd lng="ca">transformar</trd>
  <trd lng="es">transformar</trd>
  <trdgrp lng="cs">
    <trd><klr>(po)</klr>zm&ecaron;nit</trd>,
    <trd>m&ecaron;nit</trd>,
    <trd>p&rcaron;em&ecaron;nit</trd>
  </trdgrp>
  <trdgrp lng="de">
     <trd>&auml;ndern</trd>,
     <trd>ver&auml;ndern</trd>,
     <trd>ab&auml;ndern</trd>
   </trdgrp>
  <trd lng="en">modify</trd>
  <trdgrp lng="fi">
     <trd>muuttaa<klr tip="amb"> (toiseksi, toisenlaiseksi)</klr>
     </trd>
   </trdgrp>
  <trd lng="fr">alt&eacute;rer</trd>
  <trdgrp lng="nl">
     <trd>veranderen</trd>,
     <trd>aanpassen</trd>
   </trdgrp>
  <trd lng="no">endre</trd>
  <trdgrp lng="pl">
     <trd>zmienia&cacute;</trd>,
     <trd>przeinacza&cacute;</trd>,
     <trd>przemienia&cacute;</trd>
   </trdgrp>
  <trdgrp lng="pt">
     <trd>modificar</trd>,
     <trd>mudar</trd>
   </trdgrp>
  <trdgrp lng="ru">
     <trd>&c_m;&c_je;&c_n;&c_ja;&c_t;&c_mol;</trd>,
     <trd>&c_i;&c_z;&c_m;&c_je;&c_n;&c_ja;&c_t;&c_mol;</trd>,
     <trd>&c_i;&c_z;&c_m;&c_je;&c_n;&c_i;&c_t;&c_mol;</trd>
   </trdgrp>
  <trdgrp lng="sk">
    <trd>pozmeni&tcaron;</trd>,
    <trd>upravi&tcaron;</trd>,
    <trd>zmeni&tcaron;</trd>
  </trdgrp>
</drv>

 <drv mrk="ali.0igxi">
   <kap><tld/>i&gcirc;i</kap>
   <gra><vspec>ntr</vspec></gra>
   <snc mrk="ali.0igxi.KOMUNE">
     <dif>
       Fari&gcirc;i <tld/>a.
     </dif>
     <trd lng="th">&#3585;&#3621;&#3634;&#3618;&#3648;&#3611;&#3655;&#3609;&#3629;&#3618;&#3656;&#3634;&#3591;&#3629;&#3639;&#3656;&#3609;</trd>
   </snc>
   <trd lng="be">&c_z;&c_mol;&c_m;&c_ja;&c_n;&c_ib;&c_c;&c_c;&c_a;</trd>
   <trdgrp lng="de">
     <trd><klr>sich </klr>&auml;ndern</trd>,
     <trd><klr>sich </klr>ver&auml;ndern</trd>,
     <trd>anders werden</trd>
   </trdgrp>
   <trd lng="ca">transformar-se</trd>
   <trd lng="es">transformarse</trd>
   <trd lng="en">undergo modification</trd>
   <trdgrp lng="fi">
     <trd>muuttua <klr tip="amb"> (toiseksi, toisenlaiseksi)</klr>
     </trd>
   </trdgrp>
   <trd lng="fr">s'<ind>alt&eacute;rer</ind></trd>
   <trd lng="nl">veranderen</trd>
   <trd lng="no">endre seg</trd>
   <trdgrp lng="pl">
     <trd>zmienia&cacute; si&eogonek;</trd>,
     <trd>przemienia&cacute; si&eogonek;</trd>
   </trdgrp>
   <trdgrp lng="pt">
     <trd>modificar-se</trd>,
     <trd>mudar-se</trd>
   </trdgrp>
   <trdgrp lng="ru">
     <trd>&c_m;&c_je;&c_n;&c_ja;&c_t;&c_mol;&c_s;&c_ja;</trd>,
     <trd>&c_i;&c_z;&c_m;&c_je;&c_n;&c_ja;&c_t;&c_mol;&c_s;&c_ja;</trd>,
     <trd>&c_i;&c_z;&c_m;&c_je;&c_n;&c_i;&c_t;&c_mol;&c_s;&c_ja;
     </trd>
   </trdgrp>
   <trd lng="sk">zmeni&tcaron; sa</trd>
 </drv>

<drv mrk="ali.0ulo">
  <kap><tld/>ulo</kap>
  <snc mrk="ali.0ulo.KOMUNE">
    <dif>
      <tld lit="A"/>a homo;
      <ref tip="sin" cel="ali.0a.pron">alia<sncref/></ref>:
      <ekz>
        diras la proverbo, ke <tld/>ula sperto lernigas neniun
        <fnt>
          <aut>-, trad. B. Ragnarsson</aut>,
          <vrk>Torstein la Stangofrapito</vrk>,
          <lok>en: Islandaj Pravo&ccirc;oj, 1964</lok>
        </fnt>.
      </ekz>      
    </dif>
    <trd lng="th">&#3588;&#3609;&#3629;&#3639;&#3656;&#3609;</trd>
  </snc>
  <trd lng="cs">n&ecaron;kdo jin&yacute;</trd>
  <trd lng="fr">quelqu'un d'autre</trd>
  <trd lng="sk">niekto in&yacute;</trd>
</drv>

<drv mrk="ali.inter0e">
  <kap>inter<tld/>e</kap>
  <snc mrk="ali.inter0e.KOMUNE">
    <dif>
      Inter <tld/>aj aferoj.
    </dif>
    <trdgrp lng="th">
      <trd>&#3607;&#3656;&#3634;&#3617;&#3585;&#3621;&#3634;&#3591;&#3626;&#3636;&#3656;&#3591;&#3629;&#3639;&#3656;&#3609;</trd>,
      <trd>&#3607;&#3656;&#3634;&#3617;&#3585;&#3621;&#3634;&#3591;&#3648;&#3619;&#3639;&#3656;&#3629;&#3591;&#3629;&#3639;&#3656;&#3609;</trd>
    </trdgrp>
    </snc>
  <trd lng="be">&c_p;&c_a;&c_m;&c_ib;&c_zh;
  &c_ib;&c_n;&c_sh;&c_y;&c_m;</trd>
  <trd lng="bg">&c_m;&c_je;&c_zh;&c_d;&c_u;
  <ind>&c_d;&c_r;&c_u;&c_g;&c_o;&c_t;&c_o;</ind></trd>
  <trd lng="ca">entre d'altres <klr>(coses)</klr></trd>
  <trdgrp lng="cs">
    <trd>mezi jin&yacute;m</trd>,
    <trd>mimo jin&eacute;</trd>,
    <trd>mimochodem</trd>
  </trdgrp>
  <trd lng="de">unter <ind>anderem</ind></trd>
  <trdgrp lng="en">
    <trd>among others</trd>,
    <trd>inter alia</trd>
  </trdgrp>
  <trd lng="es">entre otros</trd>
  <trd lng="fi">muun muassa</trd>
  <trdgrp lng="fr">
    <trd>entre <ind>autres</ind></trd>,
    <trd>notamment</trd>
  </trdgrp>
  <trd lng="he">&bet;&yod;&fnun; &he;&shin;&alef;&resh;</trd>
  <trd lng="nl">onder <ind>andere</ind></trd>
  <trd lng="no">blant <ind>annet</ind></trd>
  <trd lng="pl">mi&eogonek;dzy <ind>innymi</ind></trd>
  <trd lng="pt">entre <ind>otras</ind></trd>
  <trd lng="ru">&c_m;&c_je;&c_zh;&c_d;&c_u;
  &c_p;&c_r;&c_o;&c_ch;&c_i;&c_m;</trd>
  <trdgrp lng="sk">
    <trd>medzi in&yacute;m</trd>,
    <trd>mimochodom</trd>,
    <trd>okrem <ind>in&eacute;ho</ind></trd>
  </trdgrp>
</drv>

<drv mrk="ali.kun0e">
  <kap>kun<tld/>e</kap>
  <snc mrk="ali.kun0e.KOMUNE">
    <dif>
      Sendistinge kun <tld/>a&jcirc;oj:
      <ekz>
        kredeble mi metis &gcirc;in kun<tld/>e en mian
        pakon<fnt>Z</fnt>.
      </ekz>
    </dif>
  </snc>
  <trd lng="ca">amb altres</trd>
  <trd lng="es">con otras cosas</trd>
  <trd lng="cs">spolu s n&ecaron;&ccaron;&iacute;m jin&yacute;m</trd>
  <trdgrp lng="de">
    <trd>neben <ind>anderem</ind></trd>,
    <trd>neben <ind>anderen</ind></trd>,
    <trd><klr>neben </klr>anderen <ind>Dingen</ind></trd>
  </trdgrp>
  <trd lng="en">with others</trd>
  <trdgrp lng="fi">
    <trd>muun mukana</trd>
    <trd>muiden (tavaroiden) mukana</trd>
  </trdgrp>
  <trd lng="fr">sans distinction</trd>
  <trd lng="pt"><ind>junto</ind> com outras coisas</trd>
  <trd lng="sk">spolu s nie&ccaron;&iacute;m in&yacute;m</trd>
</drv>
 </art>
 <!--
 $Log: ali.xml,v $
 Revision 1.50  2017/07/14 17:10:14  revo
 Vito Redsky: +trd ro

 Revision 1.49  2017/07/14 14:10:15  revo
 Warut Bunprasert: +trd th

 Revision 1.48  2016/08/14 09:10:19  revo
 Carlos Garcia: krktd ca kaj es

 Revision 1.47  2016/08/13 18:10:16  revo
 Alejandro Escobedo: +trd es

 Revision 1.46  2016/02/24 09:10:16  revo
 Alain Gerard: +trd fr

 Revision 1.45  2015/07/04 08:37:30  revo
 aldono de trd cs per skripto de M. von Laer

 Revision 1.44  2015/06/28 12:03:35  revo
 aldono de trd sk per skripto de M. von Laer

 Revision 1.43  2014/12/14 08:10:15  revo
 Jeromo Vasxe: kor ref

 Revision 1.42  2014/12/11 00:11:17  revo
 Jeromo Vasxe: + ~ulo

 Revision 1.41  2014/12/03 23:10:12  revo
 Filip van Laenen: +trd(no)

 Revision 1.40  2014/06/08 01:10:16  revo
 Jeromo Vasxe: + - ~flanke -> flank.xml, + kk fr

 Revision 1.39  2014/05/20 12:10:13  revo
 Damien Brucker: +ekz

 Revision 1.38  2014/01/21 13:10:18  revo
 Damien Brucker: +ref

 Revision 1.37  2013/10/28 10:10:10  revo
 Damien Brucker: +ctl -em

 Revision 1.36  2013/10/09 16:10:14  revo
 Benito Subejrano: + trd oc

 Revision 1.35  2013/10/01 15:10:12  revo
 Damien Brucker: -tajperaro

 Revision 1.34  2013/09/11 10:10:12  revo
 Damien Brucker: Sxangxo je la rimarko pri ali- cxe alie

 Revision 1.33  2013/08/01 18:10:10  revo
 Joop Eggen: +trd bg

 Revision 1.32  2007/12/03 17:30:27  revo
 Sebastian Cyprych: +trd pl

 Revision 1.31  2007/09/15 16:30:17  revo
 Harri Laine: +trd fi

 Revision 1.30  2006/09/08 12:04:05  revo
 Axel Rousseau: +trd tp

 Revision 1.29  2005/10/07 16:31:05  revo
 Lluis Batlle i Rossell: +trd ca; korekto de ordo de trd en

 Revision 1.28  2005/06/21 16:31:18  revo
 Sergio Pokrovskij: +ekz

 Revision 1.27  2005/06/17 17:20:24  revo
 Sergio Pokrovskij: dif ~e

 Revision 1.26  2004/05/25 16:32:35  revo
 Allon Rothfarb: korekta => ghusta; +trd he

 Revision 1.25  2003/11/13 18:50:03  revo
 Bart Demeyere: +mrkoj

 Revision 1.24  2003/03/11 17:32:18  revo
 Ulrich Fellmann: + 1 trd = vo

 Revision 1.23  2003/01/30 19:02:39  revo
 Ulrich Fellmann: forigo de duobla trd = de

 Revision 1.22  2003/01/29 17:32:18  revo
 Ulrich Fellmann: + 8 pliaj trd = de

 Revision 1.21  2002/10/23 20:37:31  revo
 aktualigo de malnovaj fnt-indikoj enkondukante <bib>

 Revision 1.20  2002/10/01 16:36:04  revo
 Christopher Zervic: + ang

 Revision 1.19  2002/09/10 17:32:57  revo
 -->
</vortaro>
