<?xml version="1.0"?>
<!DOCTYPE vortaro SYSTEM "../dtd/vokoxml.dtd">

<vortaro>
<art mrk="$Id: alial.xml,v 1.6 2019/01/25 16:10:19 revo Exp $">
<kap>
    <rad>alial</rad>
</kap>
<drv mrk="alial.0">
  <kap><tld/></kap>
  <snc>
    <uzo tip="fak">GRA</uzo>
    <uzo tip="stl">RAR</uzo>
    <uzo tip="stl">EVI</uzo>
    <dif>
      <ref tip="dif" cel="ali.0a.diferenca">Ali</ref>ka&ubreve;ze.
    </dif>
    <rim>
      Z mem skribas:
      <ekz>
        se la afero dependus de mia volo, mi tre volonte akceptus la formojn &leftquot;alial&rightquot;,
        &leftquot;aliam&rightquot; k.t.p., kiuj efektive estas bonaj, sed beda&ubreve;rinde mi ne povas
        oficiale doni al ili mian permeson, &ccirc;ar tio &ccirc;i prezentus ektu&scirc;on de la
        Fundamento de nia lingvo, kaj &ccirc;ia ektu&scirc;o de la Fundamento estus (en la nuna
        tempo) pa&scirc;o tre dan&gcirc;era
        <fnt>
          <bib>LR</bib>
          <lok>12. Adverboj kaj konjunkcioj</lok>
        </fnt>.
      </ekz>
    </rim>
  </snc>
<!-- ne traduku evitindajn vortojn
  <trd lng="cs">z jin&eacute;ho d&uring;vodu</trd>
  <trd lng="sk">z in&eacute;ho d&ocirc;vodu</trd>
-->
</drv>
</art>

<!--
$Log: alial.xml,v $
Revision 1.6  2019/01/25 16:10:19  revo
Wolfram Diestel: +RAR, cit Z el LR

Revision 1.5  2015/07/04 08:37:30  revo
aldono de trd cs per skripto de M. von Laer

Revision 1.4  2015/06/28 12:03:35  revo
aldono de trd sk per skripto de M. von Laer

Revision 1.3  2014/02/06 16:10:13  revo
Damien Brucker: +ref

Revision 1.2  2014/02/06 14:10:13  revo
Damien Brucker: +rim

Revision 1.1  2014/02/06 13:10:15  revo
Damien Brucker: nova artikolo

-->
</vortaro>
