<?xml version="1.0"?>
<!DOCTYPE vortaro SYSTEM "../dtd/vokoxml.dtd">

<vortaro>
<art mrk="$Id: aliam.xml,v 1.4 2019/01/25 16:10:18 revo Exp $">
<kap>
    <rad>aliam</rad>
</kap>
<drv mrk="aliam.0">
  <kap><tld/></kap>
  <snc>
    <uzo tip="fak">GRA</uzo>
    <uzo tip="stl">RAR</uzo>
    <uzo tip="stl">EVI</uzo>
    <dif>
      Alifoje, <ref tip="dif" cel="ali.0a.diferenca">ali</ref>okaze:
      <ekz>
        mia patro havas ses gefratojn, el kiuj tri (plus li), iam a&ubreve; <tld/>, migris en
        A&ubreve;stralion
        <fnt>
          <vrk><url ref="http://www.opoudjis.net/Play/bio-esp.html"
              >Biografio de Ni&ccirc;jo &leftquot;la Minoa Genio&rightquot;</url></vrk>
        </fnt>.
      </ekz>
    </dif>
    <rim>
      Z mem skribas:
      <ekz>
        se la afero dependus de mia volo, mi tre volonte akceptus la formojn &leftquot;alial&rightquot;,
        &leftquot;aliam&rightquot; k.t.p., kiuj efektive estas bonaj, sed beda&ubreve;rinde mi ne povas
        oficiale doni al ili mian permeson, &ccirc;ar tio &ccirc;i prezentus ektu&scirc;on de la
        Fundamento de nia lingvo, kaj &ccirc;ia ektu&scirc;o de la Fundamento estus (en la nuna
        tempo) pa&scirc;o tre dan&gcirc;era
        <fnt>
          <bib>LR</bib>
          <lok>12. Adverboj kaj konjunkcioj</lok>
        </fnt>.
      </ekz>
    </rim>
  </snc>
<!-- ne traduku evitindajn vortojn:
  <trd lng="cs">jindy</trd>
  <trd lng="sk">inokedy</trd>
-->
</drv>
</art>

<!--
$Log: aliam.xml,v $
Revision 1.4  2019/01/25 16:10:18  revo
Wolfram Diestel: +RAR, +ekz, cit Z el LR

Revision 1.3  2015/07/04 08:37:30  revo
aldono de trd cs per skripto de M. von Laer

Revision 1.2  2015/06/28 12:03:35  revo
aldono de trd sk per skripto de M. von Laer

Revision 1.1  2014/02/06 15:10:13  revo
Damien Brucker: nova artikolo

-->
</vortaro>
