<?xml version="1.0"?>
<!DOCTYPE vortaro SYSTEM "../dtd/vokoxml.dtd">

<vortaro>
<art mrk="$Id: alianc.xml,v 1.22 2018/01/21 17:10:13 revo Exp $">
<kap>
  <rad>alianc</rad>/o <fnt><bib>PV</bib></fnt>
</kap>
<drv mrk="alianc.0o">
  <kap><tld/>o</kap>
  <snc mrk="alianc.0o.POL">
    <uzo tip="fak">POL</uzo>
    <dif>
      Regna a&ubreve; alia politika
      <ref tip="super" cel="lig.inter0o.POL">interligo</ref>:
      <ekz>
        la <tld lit="A"/>o (politika partiaro) subtenas la
        manifeston
        <fnt>
        <aut>D. E. Rogers</aut>,
        <vrk>Ekonomia miraklo a&ubreve; malsano?</vrk>,
        <bib>Monato</bib>,
        <lok>1997:2, p. 14a</lok>
        </fnt>.
      </ekz>
    </dif>
  </snc>
  <trdgrp lng="be">
    <trd>&c_a;&c_l;&c_mol;&c_ja;&c_n;&c_s;</trd>,
    <trd>&c_s;&c_a;&c_ju;&c_z;</trd>,
    <trd>&c_z;&c_mol;&c_v;&c_ja;&c_z;</trd>,
    <trd>&c_h;&c_a;&c_w;&c_r;&c_u;&c_s;</trd>
  </trdgrp>
  <trdgrp lng="de">
    <trd>Allianz</trd>,
    <trd>B&uuml;ndnis</trd>
  </trdgrp>
  <trd lng="en">alliance</trd>
  <trd lng="es">alianza</trd>
  <trdgrp lng="fr">
    <trd>alliance<klr tip="amb"> (pol.)</klr></trd>,
    <trd>coalition</trd>
  </trdgrp>
  <trd lng="hu">sz&ouml;vets&eacute;g</trd>
  <trdgrp lng="nl">
    <trd>alliantie</trd>,
    <trd>verbintenis</trd>,
    <trd>verbond</trd>
  </trdgrp>
  <trd lng="pt">alian&ccedil;a</trd>
  <trdgrp lng="ru">
    <trd>&c_a;&c_l;&c_mol;&c_ja;&c_n;&c_s;</trd>,
    <trd>&c_s;&c_o;&c_ju;&c_z;</trd>
  </trdgrp>
  <trdgrp lng="sk">
    <trd>aliancia</trd>,
    <trd>dru&zcaron;ba</trd>,
    <trd>spojenectvo</trd>
  </trdgrp>
  <trd lng="sv">allians</trd>
</drv>

<drv mrk="alianc.0ano">
  <kap><tld/>ano</kap>
  <snc mrk="alianc.0ano.POL">
    <dif>
      Regno, partio, kontraktinta en <tld/>o:
      <ekz>
        Japanio senkondi&ccirc;e kapitulacis je la <tld/>anoj la 15an de
        a&ubreve;gusto
        1945
        <fnt>
        <aut>Igarasi Takeo</aut>,
        <vrk>Hontinda vizito</vrk>,
        <bib>Monato</bib>,
        <lok>2001:12, p. 4a</lok>
        </fnt>.
      </ekz>
    </dif>
  </snc>
  <trdgrp lng="be">
    <trd>&c_s;&c_a;&c_ju;&c_z;&c_mol;&c_n;&c_ib;&c_k;</trd>,
    <trd>&c_h;&c_a;&c_w;&c_r;&c_u;&c_s;&c_mol;&c_n;&c_ib;&c_k;</trd>
  </trdgrp>
  <trd lng="cs">spojenec</trd>
  <trd lng="en">ally</trd>
  <trdgrp lng="fr">
    <trd>alli&eacute;<klr> (membre d'une alliance)</klr></trd>,
    <trd>partenaire<klr> (d'une coalition)</klr></trd>
  </trdgrp>
  <trd lng="ru">&c_s;&c_o;&c_ju;&c_z;&c_n;&c_i;&c_k;</trd>
  <trd lng="sk">spojenec</trd>
</drv>

<drv mrk="alianc.0igxi">
  <kap><tld/>i&gcirc;i</kap>
  <gra><vspec>ntr</vspec></gra>
  <snc mrk="alianc.0igxi.POL">
    <dif>
      Ali&gcirc;i, kuni&gcirc;i en politika interligo:
      <ekz>
        eble la lingvoj povus e&ccirc; <tld/>i&gcirc;i
        <fnt>
        <aut>E. Grimley Evans</aut>,
        <vrk>La kornvala</vrk>,
        <bib>Monato</bib>,
        <lok>1998:1, p. 23a</lok>
        </fnt>.
      </ekz>
    </dif>
  </snc>
  <trd lng="be">&c_s;&c_t;&c_v;&c_a;&c_r;&c_y;&c_c;&c_mol; <ind>&c_a;&c_l;&c_mol;&c_ja;&c_n;&c_s;</ind></trd>
  <trdgrp lng="en">
    <trd>ally</trd>,
    <trd>side with</trd>,
    <trd>form an alliance</trd>
  </trdgrp>
  <trdgrp lng="fr">
    <trd>faire <ind>alliance</ind></trd>,
    <trd>s'<ind>allier</ind></trd>
  </trdgrp>
  <trdgrp lng="ru">
    <trd>&c_z;&c_a;&c_k;&c_l;&c_ju;&c_ch;&c_i;&c_t;&c_mol; <ind>&c_s;&c_o;&c_ju;&c_z;</ind></trd>,
    <trd>&c_v;&c_s;&c_t;&c_u;&c_p;&c_i;&c_t;&c_mol; &c_v; <ind>&c_s;&c_o;&c_ju;&c_z;</ind></trd>
  </trdgrp>
</drv>
</art>
<!--
$Log: alianc.xml,v $
Revision 1.22  2018/01/21 17:10:13  revo
Jeromo Vasxe: + ref sup

Revision 1.21  2015/07/04 08:37:30  revo
aldono de trd cs per skripto de M. von Laer

Revision 1.20  2015/06/28 12:03:35  revo
aldono de trd sk per skripto de M. von Laer

Revision 1.19  2009/06/19 05:09:37  revo
Russ Williams: +trd en

Revision 1.18  2006/01/20 17:31:17  revo
Jeromo Vasxe: + mrk, + 2 trd fr

Revision 1.17 2004/04/24 19:18:38 revo
Dmitri Gabinski: +trd be

Revision 1.16 2003/09/02 16:31:24 revo
Yury Finkel: +trd ru, kor kap ~ano

Revision 1.15 2003/05/18 18:00:37 revo
-->
</vortaro>
