<?xml version="1.0"?>
<!DOCTYPE vortaro SYSTEM "../dtd/vokoxml.dtd">

<vortaro>
<art mrk="$Id: alibi.xml,v 1.16 2019/01/24 18:10:17 revo Exp $">
<kap>
  <ofc>2</ofc>
  <rad>alibi</rad>/o
</kap>
<drv mrk="alibi.0o">
  <kap><tld/>o</kap>
  <snc>
    <dif>
      <ref tip="super" cel="pruv.0o.KOMUNE">Pruvo</ref>, ke akuzito estis aliloke ol &ccirc;e la loko de la krimo, kiam
      &gcirc;i estis plenumata:
      <ekz>
        <nom>Vanzetti</nom> estis kondamnita <klr>[&#8230;]</klr>, kvankam atestantoj konfirmis <tld/>on
        <fnt>
          <bib>Viki</bib>
          <lok><url ref="https://eo.wikipedia.org/?curid=35580"
              >Proceso de Sacco kaj Vanzetti</url></lok>
        </fnt>.
      </ekz>
    </dif>
    <trd lng="be">&c_a;&c_l;&c_ib;&c_b;&c_ib;</trd>
    <trd lng="ca">coartada</trd>
    <trd lng="cs">alibi</trd>
    <trd lng="de">Alibi</trd>
    <trd lng="en">alibi</trd>
    <trd lng="es">coartada</trd>
    <trd lng="fr">alibi</trd>
    <trd lng="hu">alibi</trd>
    <trd lng="nl">alibi</trd>
    <trd lng="pt">&aacute;libi</trd>
    <trd lng="ru">&c_a;&c_l;&c_i;&c_b;&c_i;</trd>
    <trd lng="sk">alibi</trd>
  </snc>
  <snc mrk="alibi.0o.ekskuzo">
    <uzo tip="stl">EVI</uzo>
    <dif>
      <ref tip="dif" cel="ekskuz.0o">Ekskuzo</ref>:
      <ekz>
        nazia Germanio sin prezentis kiel viktimo de pola agreso, por <nom>Adolf Hitler</nom>
        landlimaj incidentoj estis <tld/>o (de la 5.45 horo ni respondas per fajro)
        <fnt>
          <bib>Viki</bib>
          <lok><url ref="https://eo.wikipedia.org/?curid=574207"
              >Alibio</url></lok>
        </fnt>;
      </ekz>
      <ekz>
        <uzo tip="stl">FIG</uzo>
        <nom>Ison</nom> <klr>[estas]</klr> la plej bela kometo de la lastaj cent jaroj
        <klr>[&#8230;]</klr> oni tial ne prezentu la <tld/>on
        <klr>(pretekston ne spekti)</klr>, ke oni prie forgesis: temas
        pri grava, balda&ubreve; neripetebla evento
        <fnt>
          <bib>Monato</bib>
          <aut>Roberto Pigro</aut>
          <vrk><url ref="https://www.monato.net/2013/010945.php"
              >Ne &ccirc;io brilanta estas diamanto</url></vrk>
        </fnt>.
      </ekz>
    </dif>
  </snc>
</drv>
</art>
<!--
$Log: alibi.xml,v $
Revision 1.16  2019/01/24 18:10:17  revo
Wolfram Diestel: +snc ekskuzo (EVI), +ekz-oj

Revision 1.15  2015/07/04 08:37:30  revo
aldono de trd cs per skripto de M. von Laer

Revision 1.14  2005/04/05 16:32:31  revo
Raul Salinas Monteagudo: +trd ca,es

Revision 1.13  2003/11/06 17:30:54  revo
Dmitri Gabinski: +trd be

Revision 1.12  2002/09/07 17:39:27  revo
Viliam Bur: +sk trd

Revision 1.11  2002/02/15 17:36:30  revo
Yury Finkel: formatigis

Revision 1.10 2002/01/09 17:32:29 revo
Karlo Freeman: +trd=en

Revision 1.9 2001/08/01 18:12:51 revo
-->
</vortaro>
