<?xml version="1.0"?>
<!DOCTYPE vortaro SYSTEM "../dtd/vokoxml.dtd">

<vortaro>
<art mrk="$Id: alies.xml,v 1.5 2018/09/11 17:10:17 revo Exp $">
  <kap>
    <rad>alies</rad>
  </kap>
<drv mrk="alies.0">
  <kap><tld/></kap>
  <snc>
    <uzo tip="fak">GRA</uzo>
    <uzo tip="stl">EVI</uzo>
    <dif>
      <ref cel="ali.0ulo">Aliula</ref>,
      de <ref cel="ali.0a.diferenca">alia</ref> persono:
      <ekz>
        perforta proprieti&gcirc;o de <esc>alies</esc> poseda&jcirc;oj
        <fnt>
          <bib>Monato</bib>
          <aut>Roland Rotsaert</aut>
          <vrk><url ref="http://steloj.de/esperanto/monato2/007205.html">Kosovo: Voja&gcirc;impresoj, somero 2000</url></vrk>
        </fnt>;
      </ekz>
      <ekz>
        &ccirc;iu klopodas vivi je <esc>alies</esc> elspezo
        <fnt>
          <bib>Monato</bib>
          <aut>S. Maul</aut>
          <vrk><url ref="http://steloj.de/esperanto/monato2/007283.html">Kio estas demokratio?</url></vrk>
        </fnt>;
      </ekz>
      <ekz>
        temos pri <esc>alies</esc> tasko
        <fnt>
          <bib>Monato</bib>
          <vrk><url ref="http://www.esperanto.be/fel/2003/007991.html">Espero</url></vrk>
        </fnt>;
      </ekz>
      <ekz>
        specialigitaj entreprenoj, kiuj mem neniun novan ideon kreas,
        sed multe profitas per la forvendo de <esc>alies</esc> ideoj
        <fnt>
          <bib>Monato</bib>
          <aut>Roland Rotsaert</aut>
          <vrk><url ref="http://www.monato.net/2005/008698.php">Evitenda evoluo</url></vrk>
        </fnt>;
      </ekz>
      <ekz>
        ies ofendo estas <esc>alies</esc> defendo
        <fnt>
          <bib>Monato</bib>
          <aut>David Kelso</aut>
          <vrk><url ref="http://www.monato.net/2008/009499.php">Kiuj sendependi&gcirc;u? (10)</url></vrk>
        </fnt>.
      </ekz>
    </dif>
    <rim>
      Tiu neoficiala malofta vorto ne apartenas al la <ref tip="dif"
      cel="tabel.0vorto">tabelvortoj</ref> kaj ties regula uzo kunportus
      drastajn &scirc;an&gcirc;ojn en la lingvon.
    </rim>
  </snc>
<!-- ne traduku evitindan vorton:
  <trdgrp lng="cs">
    <trd>jin&eacute;ho</trd>,
    <trd>jin&yacute;ch <klr>(p&rcaron;ivl. z&aacute;jmeno)</klr></trd>
  </trdgrp>
  <trd lng="nl">andermans</trd>
  <trdgrp lng="sk">
    <trd>in&eacute;ho</trd>,
    <trd>in&yacute;ch</trd>
  </trdgrp>
-->
</drv>
</art>

<!--
$Log: alies.xml,v $
Revision 1.5  2018/09/11 17:10:17  revo
Wolfram Diestel: +ekz-oj

Revision 1.4  2016/12/01 14:10:13  revo
Robin van der Vliet: +trd

Revision 1.3  2015/07/04 08:37:30  revo
aldono de trd cs per skripto de M. von Laer

Revision 1.2  2015/06/28 12:03:35  revo
aldono de trd sk per skripto de M. von Laer

Revision 1.1  2014/02/06 13:10:13  revo
Damien Brucker: nova artikolo

-->
</vortaro>
