<?xml version="1.0"?>
<!DOCTYPE vortaro SYSTEM "../dtd/vokoxml.dtd">

<vortaro>
<art mrk="$Id: aliel.xml,v 1.3 2019/02/16 10:10:19 revo Exp $">
<kap>
    <rad>aliel</rad>
</kap>
<drv mrk="aliel.0">
  <kap><tld/></kap>
  <snc>
    <uzo tip="fak">GRA</uzo>
    <uzo tip="stl">EVI</uzo>
    <dif>
      <ref tip="dif" cel="manier.ali0e">Alimaniere</ref>,
      <ref tip="sin" cel="ali.0e">alie</ref>:
      <ekz>
        agi iel a&ubreve; <tld/>
        <fnt>
          <bib>Monato</bib>
          <vrk><url ref="http://steloj.de/esperanto/monato2/007215.html"
              >La peko de Ros</url></vrk>
        </fnt>;
      </ekz>
      <ekz>
        en la tagala gramatikaj vortklasoj distingi&gcirc;as tute <tld/>, ol ekzemple en
        e&ubreve;ropaj lingvoj
        <fnt>
          <bib>Monato</bib>
          <aut>Mihail Korotkov</aut>
          <vrk><url ref="https://www.monato.net/2011/010218.php"
              >La origino de la homaj lingvoj</url></vrk>
        </fnt>.
      </ekz>
    </dif>
    <rim>
      Vd la rimarkojn &ccirc;e <ref cel="aliam.0">aliam</ref> kaj <ref cel="ali.0e">alie</ref>.
    </rim>
  </snc>
</drv>
</art>

<!--
$Log: aliel.xml,v $
Revision 1.3  2019/02/16 10:10:19  revo
Wolfram Diestel: dif-ref, ekz-oj, rim referencante al aliam kaj alie

Revision 1.2  2014/02/06 15:10:14  revo
Damien Brucker: +rim

Revision 1.1  2014/02/06 13:10:14  revo
Damien Brucker: nova artikolo

-->
</vortaro>
