<?xml version="1.0"?>
<!DOCTYPE vortaro SYSTEM "../dtd/vokoxml.dtd">

<vortaro>
<art mrk="$Id: aligat.xml,v 1.25 2018/12/22 12:10:15 revo Exp $">
<kap>
  <ofc>1</ofc>
  <rad>aligator</rad>/o
</kap>
<drv mrk="aligat.0o">
  <kap><tld/>o</kap>
  <uzo tip="fak">ZOO</uzo>
  <snc>
    <dif>
      Granda <ref tip="lst" cel="reptil.0o"
      lst="voko:krokodiluloj">reptilio</ref>
      kun lar&gcirc;a muzelo, osta nazovando kaj ses kegloformaj skvamoj sur
      la nuko;
      <ref tip="lst" cel="genr.0o.BIO"
      lst="voko:zoologiaj_genroj">genro</ref> el familio <ref
      tip="malprt"
      cel="aligat1.0oj"><tld/>edoj</ref>
      (<trd lng="la">Alligator</trd>):
      <ekz>
        oni komencis la sekigadon de grandegaj mar&ccirc;oj, kiuj &gcirc;is nun
        estis nur la loko de lo&gcirc;ado de aligatoroj kaj aliaj akvaj bestoj
        <fnt>
          <bib>FK</bib>
          <vrk>Bagateloj</vrk>
          <lok>Sekigado de mar&ccirc;oj</lok>
        </fnt>;
      </ekz>
      <ekz>
        ku&scirc;as senmovaj aligatoroj kun pecoj da viando en bu&scirc;oj
        <fnt><bib>Metrop</bib></fnt>.
      </ekz>
    </dif>
    <bld
      lok="&WCU;/thumb/5/5e/Alligator_mississippiensis_defensive.jpg/640px-Alligator_mississippiensis_defensive.jpg"
      prm="CC BY-SA 3.0"
      >Amerika <tld/>o en defenda pozo
        <fnt>
          <aut>Ianar&eacute; S&eacute;vi, propra verko</aut>
          <lok><url ref="&WCW;/File:Alligator_mississippiensis_defensive.jpg"
              >https://commons.wikimedia.org/wiki/File:Alligator_mississippiensis_defensive.jpg</url></lok>
        </fnt>
    </bld>
  </snc>
  <trd lng="be">&c_a;&c_l;&c_ib;&c_g;&c_a;&c_t;&c_a;&c_r;</trd>
  <trd lng="bg">&c_a;&c_l;&c_i;&c_g;&c_a;&c_t;&c_o;&c_r;</trd>
  <trd lng="cs">alig&aacute;tor</trd>
  <trd lng="de">Alligator</trd>
  <trd lng="en">alligator</trd>
  <trd lng="es">alig&aacute;tor</trd>
  <trd lng="fa">&a_A_madda;&a_l;&f_y;&f_g;&a_A;&a_t;&a_w;&a_r;</trd>
  <trd lng="fr">alligator</trd>
  <trd lng="he">&tav;&nun;&yod;&fnun;</trd>
  <trd lng="hu">alig&aacute;tor</trd>
  <trd lng="nl">alligator</trd>
  <trd lng="pl">aligator</trd>
  <trd lng="ro">aligatorul</trd>
  <trd lng="ru">&c_a;&c_l;&c_l;&c_i;&c_g;&c_a;&c_t;&c_o;&c_r;</trd>
  <trd lng="sk">alig&aacute;tor</trd>
</drv>

<drv mrk="aligat.0i">
  <kap>
    <tld/>i
  </kap>
  <snc>
    <uzo tip="fak">ESP</uzo>
    <dif>
      Paroli alian lingvon ol Esperanton, kiu estas gepatra lingvo de nur parto de la
      &ccirc;eestantaro:
      <ekz>
        en la plej multaj situacioj, <tld/>ado estas same malakceptata inter
        esperantistoj kiel krokodilado
        <fnt>
          <vrk><url ref="https://eo.wikipedia.org/wiki/Aligatori"
              >Reptiliumi - Vikipedio</url></vrk>
        </fnt>;
      </ekz>
      <ekz>
        tre amuza estas la <tld lit="A"/>ejo, mojosa speciala okaza&jcirc;o dum
        Esperanto-renkonti&gcirc;o, tie &ccirc;iu ricevas &scirc;ildon kiu indikas la gepatran kaj la
        (almena&ubreve; iom) komprenatajn lingvojn, estas permesata paroli &ccirc;iun ajn lingvon
        escepte de Esperanto kaj la gepatra lingvo, do &ccirc;iuj devas <tld/>i (a&ubreve;
        alimaniere reptil<klr>[i]</klr>umi)
        <fnt>
          <lok><url ref="http://www.krokodilo.de/krokodilo.html"
              >Verda Krokodilo</url></lok>
        </fnt>.
      </ekz>
    </dif>
  </snc>
</drv>


</art>
<!--
$Log: aligat.xml,v $
Revision 1.25  2018/12/22 12:10:15  revo
Wolfram Diestel: +~i, +bld

Revision 1.24  2017/06/17 19:10:15  revo
Vito Redsky: +trd pl +trd ro

Revision 1.23  2017/06/15 09:10:13  revo
Ludoviko Francisco: +ekz

Revision 1.22  2015/07/04 08:37:30  revo
aldono de trd cs per skripto de M. von Laer

Revision 1.21  2013/10/26 09:10:17  revo
Wolfram Diestel: ref al lst krokodiluloj

Revision 1.20  2013/10/25 15:10:21  revo
Wolfram Diestel: ref al lst reptilioj, prilaboris dif

Revision 1.19  2013/09/01 13:10:38  revo
Wolfram Diestel: referenco al listo zoo genroj

Revision 1.18  2009/08/08 16:33:41  revo
-->
</vortaro>
