<?xml version="1.0"?>
<!DOCTYPE vortaro SYSTEM "../dtd/vokoxml.dtd">

<vortaro>
<art mrk="$Id: aligat1.xml,v 1.9 2018/09/10 20:10:21 revo Exp $">
<kap>
  <rad>aligatored</rad>/oj
</kap>
<drv mrk="aligat1.0oj">
  <kap>
    <tld/>oj
  </kap>
  <uzo tip="fak">ZOO</uzo>
  <snc mrk="aligat1.0oj.ZOO">
    <dif>
      <ref tip="lst" cel="famili.0o.BIO"
      lst="voko:zoologiaj_familioj">Familio</ref> el la ordo <ref
      tip="malprt"
      cel="krokod.0uloj">krokodiluloj</ref>
      (<trd lng="la">Alligatoridae</trd>), &ccirc;e kiuj la kvara dento estas
      ne videbla &ccirc;e fermita bu&scirc;o:
      <ekz>
        la <tld/>oj estas familio al kiu apartenas la <ref tip="prt" cel="aligat.0o">aligatoroj</ref>
        kaj <ref tip="prt" cel="kajman.0o">kajmanoj</ref>
        <fnt>
          <bib>Viki</bib>
          <lok><url ref="https://eo.wikipedia.org/?curid=161588">Aligatoredoj</url></lok>
        </fnt>.
      </ekz>
    </dif>
  </snc>
  <trd lng="be">&c_a;&c_l;&c_ib;&c_g;&c_a;&c_t;&c_a;&c_r;&c_y; <klr tip="amb">(&c_s;&c_ja;&c_m;'&c_ja;)</klr></trd>
  <trd lng="de">Alligatoren</trd>
  <trdgrp lng="en">
     <trd>alligators</trd>,
     <trd>Alligatoridae</trd>
  </trdgrp>
  <trd lng="fr">alligatorid&eacute;s</trd>
  <trd lng="pl">aligatorowate</trd>
  <trd lng="ru">&c_a;&c_l;&c_l;&c_i;&c_g;&c_a;&c_t;&c_o;&c_r;&c_y; <klr tip="amb">(&c_s;&c_je;&c_m;&c_je;&c_j;&c_s;&c_t;&c_v;&c_o;)</klr></trd>
</drv>
</art>

<!--
$Log: aligat1.xml,v $
Revision 1.9  2018/09/10 20:10:21  revo
Wolfram Diestel: +ekz

Revision 1.8  2017/06/14 19:10:14  revo
Vito Redsky: +trd pl

Revision 1.7  2013/08/31 15:10:18  revo
Wolfram Diestel: referenco al listo zoo familioj

Revision 1.6  2012/12/10 08:10:11  revo
Wieland Pusch: snc mrk-oj

Revision 1.5  2004/03/28 16:54:49  revo
Dmitri Gabinski: +trd be

Revision 1.4  2002/10/01 16:36:08  revo
Christopher Zervic: + ang

Revision 1.3  2001/11/21 17:36:05  revo
Yury Finkel: kor trd ru

Revision 1.2  2001/11/16 19:13:45  revo
-->
</vortaro>
