<?xml version="1.0"?>
<!DOCTYPE vortaro SYSTEM "../dtd/vokoxml.dtd">

<vortaro>
<art mrk="$Id: alikvo.xml,v 1.8 2015/07/04 08:37:30 revo Exp $">
  <kap>
    <rad>alikvot</rad>/o
  </kap>
<drv mrk="alikvo.0o">
  <kap><tld/>o</kap>
  <uzo tip="fak">MAT</uzo>
  <uzo tip="stl">ARK</uzo>
  <fnt><bib>PIV1</bib></fnt>
  <snc>
    <dif>
      <klr>(de <ref cel="entjer.0o">entjero</ref>
      <frm><k>n</k></frm>)</klr>
      Tia entjero strikte pli malgranda ol <frm><k>n</k></frm>, ke 
      <frm><k>n</k></frm> estas plurfoja sumo de 
      &gcirc;i; alidire: divizoro de <frm><k>n</k></frm>, 
      neegala al <frm><k>n</k></frm>: 
      <ekz>
        du estas <tld/>o de dek.
      </ekz>
    </dif>
    <ref tip="vid" cel="divizo.0o">divizoro;</ref>
    <ref tip="ant" cel="alikva.0o">alikvanto.</ref>
  </snc>
  <trd lng="ca">part <ind>al&iacute;quota</ind></trd>
  <trd lng="cs">dělitel <klr>(beze zbytku)</klr></trd>
  <trd lng="de">aliquoter Teil</trd>
  <trd lng="en">aliquot part</trd>
  <trd lng="fr">partie <ind>aliquote</ind></trd>
  <trd lng="hu">marad&eacute;k n&eacute;lk&uuml;l oszthat&oacute;
<ind>r&eacute;sz/sz&aacute;m</ind></trd>
  <trdgrp lng="ru">
    <trd>&c_a;&c_l;&c_i;&c_k;&c_v;&c_o;&c_t;&c_n;&c_a;&c_ja; &c_ch;&c_a;&c_s;&c_t;&c_mol;</trd>,
    <trd>&c_k;&c_r;&c_a;&c_t;&c_n;&c_y;&c_j; &c_d;&c_je;&c_l;&c_i;&c_t;&c_je;&c_l;&c_mol;</trd>
  </trdgrp>
  <trdgrp lng="sk">
    <trd>deliteľ <klr>(bez zvyšku)</klr></trd>,
    <trd>vlastn&yacute; delite&lcaron;</trd>
  </trdgrp>
</drv>
</art>

<!--
$Log: alikvo.xml,v $
Revision 1.8  2015/07/04 08:37:30  revo
aldono de trd cs per skripto de M. von Laer

Revision 1.7  2015/06/28 12:03:35  revo
aldono de trd sk per skripto de M. von Laer

Revision 1.6  2012/07/15 08:10:23  revo
Marc Rausell: + trd ca

Revision 1.5  2003/04/13 16:31:29  revo
Marc Bavant: mod trd ru

Revision 1.4  2002/11/18 17:33:01  revo
Marc Bavant: +frm
Revision 1.3  2002/09/07 17:39:31  revo
Viliam Bur: +sk trd
Revision 1.2  2001/09/11 18:11:43  revo
Jozefo Horvath: +trd hu
Revision 1.1  2001/09/10 18:11:47  revo
Marc Bavant: nova artikolo
-->
</vortaro>
