<?xml version="1.0"?>
<!DOCTYPE vortaro SYSTEM "../dtd/vokoxml.dtd">

<vortaro>
<art mrk="$Id: aliment.xml,v 1.10 2015/07/04 08:37:30 revo Exp $">
<kap>
  <rad>aliment</rad>/o <fnt>Z</fnt> <fnt><bib>PIV1</bib></fnt>
</kap>
<drv mrk="aliment.0o">
  <kap><tld/>o</kap>
  <fnt><bib>PIV1</bib></fnt>
  <fnt><bib>IKEV</bib></fnt>
  <snc mrk="aliment.0o.JUR">
    <uzo tip="fak">JUR</uzo>
    <dif>
      Devo liveri al parenco a&ubreve; boparenco la vivrimedojn
      necesajn al ties situacio, &gcirc;enerale en formo de
      <ref tip="super" cel="help.mon0o.KOMUNE">monhelpo</ref>:
      <ekz>
        Mary malsukcese petis &jcirc;uristan apartigon kaj <tld/>on
        <fnt>
          <bib>Viki</bib>,
          <lok><url ref="http://eo.wikipedia.org/wiki/Elias_Ashmole">
          Elias Ashmole</url>, 2012-08-06</lok>
        </fnt>.
      </ekz>
    </dif>
  </snc>
  <trd lng="be">&c_a;&c_l;&c_ib;&c_m;&c_e;&c_n;&c_t;&c_y;</trd>
  <trdgrp lng="cs">
    <trd>alimenty</trd>,
    <trd>výživné</trd>,
    <trd>úhrada osobních potřeb</trd>
  </trdgrp>
  <trdgrp lng="de">
    <trd>Unterhalt</trd>,
    <trd>Unterhaltsbetrag</trd>
  </trdgrp>
  <trdgrp lng="en">
      <trd>alimony</trd>,
      <trd>maintenance allowance</trd>
   </trdgrp>
  <trd lng="es">alimentos</trd>
  <trdgrp lng="fr">
    <trd>obligation alimentaire</trd>,
    <trd>pension alimentaire</trd>
  </trdgrp>
  <trdgrp lng="hu">
    <trd>eltart&aacute;s</trd>,
    <trd>tart&aacute;sd&iacute;j</trd>
  </trdgrp>
  <trd lng="pl">alimenty</trd>
  <trd lng="ru">&c_a;&c_l;&c_i;&c_m;&c_je;&c_n;&c_t;&c_y;</trd>
  <trdgrp lng="sk">
    <trd>v&yacute;&zcaron;ivn&eacute;</trd>,
    <trd>alimenty</trd>
  </trdgrp>
</drv>
</art>

<!--
$Log: aliment.xml,v $
Revision 1.10  2015/07/04 08:37:30  revo
aldono de trd cs per skripto de M. von Laer

Revision 1.9  2013/06/30 01:10:09  revo
Jeromo Vasxe: + ref sup

Revision 1.8  2013/01/01 14:10:19  revo
Sebastian Cyprych: +trd pl

Revision 1.7  2012/08/26 12:10:16  revo
Jeromo Vasxe: + ekz + trd fr

Revision 1.6  2002/10/24 16:32:39  revo
Jose Martin del Pozo: ald es trd

Revision 1.5  2002/09/07 17:39:32  revo
Viliam Bur: +sk trd

Revision 1.4  2002/08/20 20:53:40  revo
Sergio Pokrovskij: +trd=ru

Revision 1.3  2002/08/15 17:31:19  revo
Dmitri Gabinski: +trd be

Revision 1.2  2002/08/12 17:31:29  revo
-->
</vortaro>
