<?xml version="1.0"?>
<!DOCTYPE vortaro SYSTEM "../dtd/vokoxml.dtd">

<vortaro>
  <art mrk="$Id: aline.xml,v 1.24 2019/01/25 05:10:14 revo Exp $">
    <kap>
      <ofc>2</ofc>
      <rad>aline</rad>/o
    </kap>

    <drv mrk="aline.0o">
      <kap><tld/>o</kap>
      <snc mrk="aline.0o.tekstopeco">
	<dif>
	  En proza teksto, struktura peco havanta unuecon stilan a&ubreve;
          pensan, pli granda ol frazo kaj malpli granda ol &ccirc;apitro a&ubreve;
          sekcio, apartigita per speciala liniaran&gcirc;o:
	  <ekz>
            En <ctl>Vortaro de Esperanto</ctl> &ccirc;iu radiko havas sian
            <tld/>on<fnt><bib>VdE</bib></fnt>;
	  </ekz><ekz>
	    du <tld/>ojn li tradukis diligente
            <fnt><aut>Istv&aacute;n Ertl</aut>:
	      <vrk>Jarmil&scirc;an&gcirc;o</vrk>,
              <bib>Monato</bib><lok>jaro 2001a, numero
		10a, p. 24a</lok></fnt>;
	  </ekz><ekz>
            En la subaj <tld/>etoj, pluraj verboj, kursive presitaj,
            estas aktivaj.
            <fnt>
              <aut>W. Auld</aut>:
              <vrk>Pa&scirc;oj al plena posedo</vrk>.
              <lok>Pa&scirc;o 25&#170;, ekzerco 145.</lok>
            </fnt>.
	  </ekz>
	</dif>
	<ref tip="vid" cel="paragr.0o">paragrafo</ref>
	<trd lng="be">&c_a;&c_b;&c_z;&c_a;&c_c;</trd>
	<trdgrp lng="bg">
	  <trd>&c_p;&c_a;&c_s;&c_a;&c_zh;</trd>,
	  <trd>&c_a;&c_b;&c_z;&c_a;&c_c;</trd>
	</trdgrp>
	<trd lng="ca">par&agrave;graf</trd>
	<trd lng="de">Abschnitt</trd>
	<trd lng="en">paragraph</trd>
	<trd lng="es">p&aacute;rrafo</trd>
	<trdgrp lng="fr">
	  <trd>paragraphe</trd>
	</trdgrp>
	<trd lng="hu">bekezd&eacute;s</trd>
	<trd lng="pl">akapit</trd>
	<trd lng="pt">par&aacute;grafo</trd>
	<trd lng="ru">&c_a;&c_b;&c_z;&c_a;&c_c;</trd>
        <trd lng="sk">odstavec</trd>
      </snc>
      <snc mrk="aline.0o.TIP">
	<uzo tip="fak">TIP</uzo>
	<uzo tip="stl">ARK</uzo>
	<dif>
	  <ref cel="sxov.de0i.TIP">De&scirc;ovo</ref> de la unua linio
          de <ref tip="vid"
                  cel="aline.0o.tekstopeco"><tld/>o<sncref/></ref>
	  en la tekston, unu el pluraj manieroj marki komencon de
	  <ref tip="vid"
               cel="aline.0o.tekstopeco"><tld/>o<sncref/></ref>.
	</dif>
	<trd lng="be">&c_a;&c_d;&c_s;&c_t;&c_u;&c_p; <klr tip="amb">(&c_a;&c_b;&c_z;&c_a;&c_c;&c_n;&c_y;)</klr></trd>
	<trd lng="ca">sagnat</trd>
	<trd lng="de">Absatz</trd>
	<trd lng="en">paragraph <ind>indentation</ind></trd>
	<trd lng="es">sangr&iacute;a</trd>
	<trdgrp lng="fr">
	  <trd>indentation</trd>
	</trdgrp>
	<trd lng="hu">beh&uacute;z&aacute;s</trd>
	<trd lng="pl">wci&eogonek;cie<klr> pierwszej lini</klr></trd>
	<trd lng="ru">&c_a;&c_b;&c_z;&c_a;&c_c;&c_n;&c_y;&c_j; &c_o;&c_t;&c_s;&c_t;&c_u;&c_p;</trd>
      </snc>
  <trdgrp lng="cs">
    <trd>odr&aacute;&zcaron;ka odstavce</trd>,
    <trd>odstavec</trd>
  </trdgrp>
  <trdgrp lng="fr">
    <trd>alin&eacute;a</trd>
  </trdgrp>
  <trd lng="nl">alinea</trd>
  <trdgrp lng="sk">
    <trd>odsek</trd>,
    <trd>odsek, odstavec</trd>
  </trdgrp>
</drv>
  </art>
  <!--
  $Log: aline.xml,v $
  Revision 1.24  2019/01/25 05:10:14  revo
  Sergio Pokrovskij: +VdE-ekz

  Revision 1.23  2017/12/21 16:10:18  revo
  Michel Cantigneaux: korekteto

  Revision 1.22  2016/11/02 14:10:11  revo
  Sergio Pokrovskij: +ekz

  Revision 1.21  2015/07/04 08:37:30  revo
  aldono de trd cs per skripto de M. von Laer

  Revision 1.20  2015/06/29 16:39:29  revo
  aldono de trd sk per skripto de M. von Laer

  Revision 1.19  2015/06/28 12:03:35  revo
  aldono de trd sk per skripto de M. von Laer

  Revision 1.18  2007/11/19 17:30:31  revo
  Wieland Pusch: +trd bg

  Revision 1.17  2007/10/22 16:30:16  revo
  Sebastian Cyprych: +trd pl

  Revision 1.16  2005/06/05 16:57:16  revo
  Lluis Batlle i Rossell: +trd ca

  Revision 1.15  2004/03/28 16:54:43  revo
  Dmitri Gabinski: +trd be

  Revision 1.14  2003/05/18 18:02:08  revo
  Viliam Bur: +trd sk

  Revision 1.13  2003/02/26 17:30:41  revo
  Sergio Pokrovskij: TEZ

  Revision 1.12  2002/10/22 16:34:12  revo
  Christopher Zervic: + ang

  Revision 1.11  2002/10/17 16:32:20  revo
  Jeromo Vasxe: klr ark -> stl ark, + mrk, + ekz, + trd fr

  Revision 1.10 2002/05/09 18:42:17 revo
  Alejandro Mejia Greene: ald 2 his trd

  Revision 1.9 2002/02/15 17:36:34 revo
  Yury Finkel: formatigis

  Revision 1.8 2001/08/01 18:13:54 revo
  Paul Peeraerts: ald trd nl

  Revision 1.7 2001/07/27 19:32:34 revo
  Jozefo Horvath: +trd hu

  Revision 1.6 2001/05/07 16:14:19 revo
  Ulrich Fellmann: + 2 germ trdj

  Revision 1.5 2001/05/04 16:13:16 revo
  -->
</vortaro>
