<?xml version="1.0"?>
<!DOCTYPE vortaro SYSTEM "../dtd/vokoxml.dtd">

<vortaro>
<art mrk="$Id: aliom.xml,v 1.3 2019/02/16 10:10:20 revo Exp $">
<kap>
    <rad>aliom</rad>
</kap>
<drv mrk="aliom.0">
  <kap><tld/></kap>
  <snc>
    <uzo tip="fak">GRA</uzo>
    <uzo tip="stl">EVI</uzo>
    <dif>
      <ref tip="dif" cel="ali.0a.diferenca">Ali</ref>kvante.
    </dif>
    <rim>
      Tiu neoficiala malofta vorto ne apartenas al la <ref tip="dif"
      cel="tabel.0vorto">tabelvortoj</ref>. Vd rimarkojn &ccirc;e
      <ref cel="aliam.0">aliam</ref> kaj <ref cel="ali.0e">alie</ref>.
    </rim>
    </snc>
</drv>
</art>

<!--
$Log: aliom.xml,v $
Revision 1.3  2019/02/16 10:10:20  revo
Wolfram Diestel: ref rim alie, aliam

Revision 1.2  2014/02/06 16:10:12  revo
Damien Brucker: +rim

Revision 1.1  2014/02/06 14:10:14  revo
Damien Brucker: nova artikolo

-->
</vortaro>
