<?xml version="1.0"?>
<!DOCTYPE vortaro SYSTEM "../dtd/vokoxml.dtd">

<vortaro>
<art mrk="$Id: aliter.xml,v 1.18 2019/01/05 10:10:15 revo Exp $">
<kap>
  <rad>aliteraci</rad>/o
</kap>
<drv mrk="aliter.0o">
  <kap><tld/>o</kap>
  <uzo tip="fak">POE</uzo>
  <snc>
    <dif>
      Efekta ripetado de sama a&ubreve; parenca konsonanto &ccirc;e la komenco
      de vortoj a&ubreve; de silaboj:
      <ekz>
        ordo bezonas ordonon;
      </ekz>
      <ekz>
        lukti firme, forte, fajre;
      </ekz>
      <ekz>
        samaj aspiroj kaj esperoj;
      </ekz>
      <ekz>
        vibras vok' en vaga vento;
      </ekz>
      <ekz>
        &scirc;ajnis al mi pla&ccirc;a vortolirlado, rimoj kaj superrimoj foje belaj, trafaj
        vortludoj, indaj <tld/>oj kaj anka&ubreve; etaj dozoj da poeta intimeco
        <fnt>
          <bib>Monato</bib>
          <aut>Antonio Val&eacute;n</aut>
          <vrk><url ref="http://www.monato.net/2005/008499.php"
              >&Ccirc;u Ertl provizore stilekzercas?</url></vrk>
        </fnt>;
      </ekz>
      <ekz>
        <tld/>o estas uzata kune kun regula ritmo kaj rimo: &leftquot;tamen restas ta&ubreve;ga vojo de
        taktiko: / trudi penson en esprimon / taktofirman kaj en rimon&#8230;&rightquot;
        <fnt>
          <bib>Monato</bib>
          <aut>Luiza Carol</aut>
          <vrk><url ref="http://www.monato.net/2011/010287.php"
              >Inter videbleco kaj nevidebleco</url></vrk>
        </fnt>.
      </ekz>
    </dif>
    <ref tip="vid" cel="rim.0o.efekto">rimo</ref>
  </snc>
  <trd
  lng="be">&c_a;&c_l;&c_ib;&c_t;&c_e;&c_r;&c_a;&c_c;&c_y;&c_ja;</trd>
  <trd lng="ca">al&middot;literaci&oacute;</trd>
  <trdgrp lng="de">
    <trd>Alliteration</trd>,
    <trd>Stabreim</trd>
  </trdgrp>
  <trd lng="en">alliteration</trd>
  <trd lng="es">aliteraci&oacute;n</trd>
  <trd lng="fr">allit&eacute;ration<klr tip="ind"> (de consonnes)</klr></trd>
  <trdgrp lng="hu">
    <trd>alliter&aacute;ci&oacute;</trd>,
    <trd>bet&udblac;r&iacute;m</trd>
  </trdgrp>
  <trdgrp lng="nl">
    <trd>alliteratie</trd>,
    <trd>stafrijm</trd>
  </trdgrp>
  <trd lng="pt">alitera&ccedil;&atilde;o</trd>
  <trd
  lng="ru">&c_a;&c_l;&c_l;&c_i;&c_t;&c_je;&c_r;&c_a;&c_c;&c_i;&c_ja;</trd>
  <trd lng="sk">aliter&aacute;cia</trd>
  <trd lng="sv">allitteration</trd>
</drv>
</art>
<!--
$Log: aliter.xml,v $
Revision 1.18  2019/01/05 10:10:15  revo
Wolfram Diestel: pliaj ekz, ref rimo

Revision 1.17  2019/01/04 23:10:25  revo
Wolfram Diestel: +trd de

Revision 1.16  2010/10/20 16:31:21  revo
Jerano Zachrisson: +trd sv

Revision 1.15  2005/07/29 19:29:13  revo
Jozefo Horvath: +trd hu

Revision 1.14  2005/04/12 16:33:24  revo
Raul Salinas Monteagudo: +trd ca,es

Revision 1.13  2003/11/06 17:30:57  revo
Dmitri Gabinski: +trd be

Revision 1.12  2002/10/01 16:36:10  revo
Christopher Zervic: + ang

Revision 1.11  2002/09/07 17:39:34  revo
-->
</vortaro>
