<?xml version="1.0"?>
<!DOCTYPE vortaro SYSTEM "../dtd/vokoxml.dtd">

<vortaro>
<art mrk="$Id: aliu.xml,v 1.4 2019/02/16 19:10:15 revo Exp $">
<kap>
    <rad>aliu</rad>
</kap>
<drv mrk="aliu.0">
  <kap><tld/></kap>
  <snc>
    <uzo tip="fak">GRA</uzo>
    <uzo tip="stl">EVI</uzo>
    <dif>
      <ref tip="dif" cel="ali.0a.diferenca">Alia</ref>, <ref tip="dif" cel="ali.0ulo">aliulo</ref>:
      <ekz>
        ili enuigas <tld/>jn
        <fnt>
          <bib>Viki</bib>
          <lok><url ref="https://eo.wikipedia.org/?curid=259128"
              >Demenco</url></lok>
        </fnt>.
      </ekz>
    </dif>
    <rim>
      Tiu neoficiala malofta vorto ne apartenas al la
      <ref tip="dif" cel="tabel.0vorto">tabelvortoj</ref>.
      Vd la rimarkojn &ccirc;e <ref cel="aliam.0">aliam</ref>
      kaj <ref cel="ali.0e">alie</ref>.
    </rim>
  </snc>
<!-- ne traduku evitindajn....
  <trd lng="cs">n&ecaron;kdo jin&yacute;</trd>
  <trd lng="sk">niekto in&yacute;</trd>
-->
</drv>
</art>

<!--
$Log: aliu.xml,v $
Revision 1.4  2019/02/16 19:10:15  revo
Wolfram Diestel: +ekz, ref aliam, alie

Revision 1.3  2015/07/04 08:37:30  revo
aldono de trd cs per skripto de M. von Laer

Revision 1.2  2015/06/28 12:03:35  revo
aldono de trd sk per skripto de M. von Laer

Revision 1.1  2014/02/06 15:10:12  revo
Damien Brucker: nova artikolo

-->
</vortaro>
