<?xml version="1.0"?>
<!DOCTYPE vortaro SYSTEM "../dtd/vokoxml.dtd">

<vortaro>
<art mrk="$Id: alkalo.xml,v 1.11 2019/01/27 14:10:20 revo Exp $">
<kap>
  <rad>alkaloid</rad>/o <fnt><bib>PIV1</bib></fnt>
</kap>
<drv mrk="alkalo.0o">
  <kap><tld/>o</kap>
  <snc mrk="alkalo.0o.KEM">
    <uzo tip="fak">KEM</uzo>
    <dif>
      Organika <ref tip="vid" cel="alkal.0eca">alkaleca</ref> substanco,
      kiaj <ref tip="sub" cel="kafein.0o">kafeino</ref>,
      <ref tip="sub" cel="kokain.0o">kokaino</ref>,
      <ref tip="sub" cel="morfin.0o">morfino</ref>:
      <ekz>
        la <tld/>o de kaktacoj, meskalino, absolute ne rilatas kun brando de agavoj
        <fnt>
          <bib>Monato</bib>
          <vrk><url ref="http://steloj.de/esperanto/monato2/007033.html"
              >Centra Ameriko: Nepre &gcirc;ia nomo estas Meksiko</url></vrk>
        </fnt>.
      </ekz>
    </dif>
  </snc>
  <trd lng="be">&c_a;&c_l;&c_mol;&c_k;&c_a;&c_l;&c_jo;&c_ib;&c_d;</trd>
  <trd lng="bg">&c_a;&c_l;&c_k;&c_a;&c_l;&c_o;&c_i;&c_d;</trd>
  <trd lng="ca">alcaloide</trd>
  <trd lng="cs">alkaloid</trd>
  <trd lng="de">Alkaloid</trd>
  <trd lng="en">alkaloid</trd>
  <trd lng="es">alcaloide</trd>
  <trd lng="fr">alcalo&iuml;de</trd>
  <trd lng="nl">alcalo&iuml;de</trd>
  <trd lng="pt">alcal&oacute;ide</trd>
  <trd lng="ru">&c_a;&c_l;&c_k;&c_a;&c_l;&c_o;&c_i;&c_d;</trd>
  <trd lng="sk">alkaloid</trd>
  <trd lng="sv">alkaloid</trd>
</drv>
</art>
<!--
$Log: alkalo.xml,v $
Revision 1.11  2019/01/27 14:10:20  revo
Wolfram Diestel: +ekz

Revision 1.10  2015/07/04 08:37:30  revo
aldono de trd cs per skripto de M. von Laer

Revision 1.9  2012/08/02 08:10:17  revo
Marc Rausell: + trd ca

Revision 1.8  2009/01/17 18:09:12  revo
Wieland Pusch: +trd bg

Revision 1.7  2009/01/03 17:30:49  revo
Jerano Zachrisson: +trd sv

Revision 1.6  2004/02/24 17:32:15  revo
Jeromo Vasxe: + fnt piv1

Revision 1.5 2003/11/06 17:31:00 revo
Dmitri Gabinski: +trd be

Revision 1.4 2003/05/18 18:01:52 revo
-->
</vortaro>
