<?xml version="1.0"?>
<!DOCTYPE vortaro SYSTEM "../dtd/vokoxml.dtd">

<vortaro>
<art mrk="$Id: alkazar.xml,v 1.5 2009/09/29 16:30:33 revo Exp $">
<kap>
  <rad>alkazar</rad>/o <fnt><bib>PIV1</bib></fnt>
</kap>

<drv mrk="alkazar.0o">
  <kap><tld/>o</kap>
  <snc>
    <uzo tip="fak">ARKI</uzo>
    <dif>
      Fortika <ref tip="super" cel="palac.0o">palaco</ref>, kiajn havis
      nord-afrikaj kaj hispanaj princoj:
      <ekz>
        &scirc;i trovi&gcirc;is tiam en aparta pavilono de sia <tld/>o
        <fnt><bib>DonKihxoto</bib>, <lok>parto 2a, &ccirc;apitro 9a, p.
        441a</lok></fnt>.
      </ekz>
    </dif>
  </snc>
  <trd lng="ca">alc&agrave;sser</trd>
  <trd lng="de">Alc&aacute;zar<klr> (Schloss)</klr></trd>
  <trd lng="es">alc&aacute;zar</trd>
  <trd lng="fr">alcazar</trd>
  <trd lng="nl">alc&aacute;zar</trd>
  <trd lng="hu">alkaz&aacute;r</trd>
</drv>
</art>

<!--
$Log: alkazar.xml,v $
Revision 1.5  2009/09/29 16:30:33  revo
Paul Peeraerts: +nl

Revision 1.4  2007/05/14 16:30:27  revo
Wieland Pusch: +trd de

Revision 1.3  2007/03/06 17:31:03  revo
Jozefo Horvath: +trd hu

Revision 1.2  2005/03/31 16:33:14  revo
Raul Salinas Monteagudo: +trd ca,es

Revision 1.1  2004/01/31 17:33:00  revo
Jeromo Vasxe: nova artikolo

-->
</vortaro>
