<?xml version="1.0"?>
<!DOCTYPE vortaro SYSTEM "../dtd/vokoxml.dtd">

<vortaro>
<art mrk="$Id: alkad.xml,v 1.5 2017/06/17 20:10:18 revo Exp $">
<kap>
  <rad>alkad</rad>/o <fnt><bib>PIV1</bib></fnt>
</kap>
<drv mrk="alkad.0o">
  <kap><tld/>o</kap>
  <uzo tip="fak">HIS</uzo>
  <uzo tip="fak">JUR</uzo>
  <snc>
    <dif>
      <ref tip="super" cel="jugx.0isto">Ju&gcirc;isto</ref> kun
      urb-administraj
      funkcioj en malnovaj Hispanujo kaj hispanaj kolonioj:
      <ekz>
        la sceno, kie la <tld/>o de Antequera <klr>...</klr> arestas kaj
        en&scirc;losas lin
        <fnt><bib>DonKihxoto</bib> <lok>&ccirc;apitro 5a, p. 52a</lok></fnt>.
      </ekz>
    </dif>
  </snc>
  <trd lng="en">alcalde</trd>
  <trd lng="es">alcaide</trd>
  <trd lng="fr">alcade</trd>
  <trdgrp lng="hu">
    <trd>b&iacute;r&oacute;</trd>,
    <trd>el&ouml;lj&aacute;r&oacute;</trd>
  </trdgrp>
  <trd lng="pl">alkad</trd>
</drv>
</art>

<!--
$Log: alkad.xml,v $
Revision 1.5  2017/06/17 20:10:18  revo
Vito Redsky: +trd pl

Revision 1.4  2015/10/01 14:10:23  revo
Cindy Moon McKee: +trd en

Revision 1.3  2003/08/22 16:31:08  revo
Jose Martin del Pozo: +trd es

Revision 1.2  2003/08/18 16:31:46  revo
Jozefo Horvath: +trd hu

Revision 1.1  2003/08/17 17:31:13  revo
Jeromo Vasxe: nova artikolo

-->
</vortaro>
