<?xml version="1.0"?>
<!DOCTYPE vortaro SYSTEM "../dtd/vokoxml.dtd">

<vortaro>
<art mrk="$Id: alkoho.xml,v 1.39 2017/07/14 16:10:13 revo Exp $">
<kap>
  <ofc>1</ofc>
  <rad>alkohol</rad>/o
</kap>

<drv mrk="alkoho.0o">
  <kap><tld/>o</kap>
  <snc mrk="alkoho.0o.KEM">
    <uzo tip="fak">KEM</uzo>
    <dif>
      Flua&jcirc;o ricevita el distilado de vino, greno kaj diversaj 
      fermentinta&jcirc;oj,
      C<sub>2</sub>H<sub>5</sub>OH.
    </dif>
    <trd lng="th">&#3649;&#3629;&#3621;&#3585;&#3629;&#3630;&#3629;&#3621;&#3660;</trd>
  </snc>
  <trdgrp lng="be">
    <trd>&c_s;&c_mol;&c_p;&c_ib;&c_r;&c_t;</trd>,
    <trd>&c_a;&c_l;&c_mol;&c_k;&c_a;&c_g;&c_o;&c_l;&c_mol;</trd>
  </trdgrp>
  <trd lng="bg">&c_a;&c_l;&c_k;&c_o;&c_h;&c_o;&c_l;</trd>
  <trdgrp lng="cs">
    <trd>alkohol</trd>,
    <trd>l&iacute;h</trd>
  </trdgrp>
  <trdgrp lng="de">
     <trd>Alkohol</trd>,
     <trd>&Auml;thylalkohol</trd>,
     <trd>&Auml;thanol</trd>,
     <trd>Weingeist</trd>
  </trdgrp>
  <trd lng="en">alcohol</trd>
  <trd lng="es">alcohol</trd>
  <trd lng="fa">&a_A;&a_l;&f_k;&a_l;</trd>
  <trd lng="fr">alcool</trd>
  <trd lng="ms">arak</trd>
  <trdgrp lng="hu">
    <trd>szesz</trd>,
    <trd>alkohol</trd>
  </trdgrp>
  <trd lng="id">alkohol</trd>
  <trd lng="it">alcool</trd>
  <trd lng="nl">alcohol</trd>
  <trdgrp lng="pl">
    <trd>alkohol</trd>,
    <trd>spirytus</trd>
  </trdgrp>
  <trd lng="pt">&aacute;lcool</trd>
  <trd lng="ro">alcool</trd>
  <trdgrp lng="ru">
    <trd>&c_s;&c_p;&c_i;&c_r;&c_t;</trd>,
    <trd>&c_a;&c_l;&c_k;&c_o;&c_g;&c_o;&c_l;&c_mol;</trd>
  </trdgrp>
  <trdgrp lng="sk">
    <trd>alkohol</trd>,
    <trd>lieh</trd>
  </trdgrp>
  <trd lng="tr">alkol</trd>
</drv>

<drv mrk="alkoho.0ajxo">
  <kap><tld/>a&jcirc;o</kap>
  <snc mrk="alkoho.0ajxo.KUI">
    <uzo tip="fak">KUI</uzo>
    <dif>
      <ref tip="super" cel="trink.0ajxo">Trinka&jcirc;o</ref>
      enhavanta pli a&ubreve; malpli da <tld/>o:
      <ekz>
        <ref tip="sub" cel="bier.0o">biero</ref>, 
        <ref tip="sub" cel="brand.0o">brando</ref>,
        <ref tip="sub" cel="vin.0o">vino</ref> 
      </ekz>
    </dif>
    <ref tip="sin" cel="ebri.0igajxo">ebriiga&jcirc;o</ref>
    <trdgrp lng="th">
      <trd>&#3648;&#3588;&#3619;&#3639;&#3656;&#3629;&#3591;&#3604;&#3639;&#3656;&#3617;&#3649;&#3629;&#3621;&#3585;&#3629;&#3630;&#3629;&#3621;&#3660;</trd>,
      <trd>&#3626;&#3640;&#3619;&#3634;</trd>,
      <trd>&#3648;&#3627;&#3621;&#3657;&#3634;</trd>
    </trdgrp>
  </snc>
  <trdgrp lng="be">
    <trd>&c_s;&c_mol;&c_p;&c_ib;&c_r;&c_t;&c_n;&c_o;&c_je;</trd>,
    <trd>&c_a;&c_l;&c_mol;&c_k;&c_a;&c_g;&c_o;&c_l;&c_mol;&c_n;&c_y;
    &c_n;&c_a;&c_p;&c_ib;&c_t;&c_a;&c_k;</trd>
  </trdgrp>
  <trdgrp lng="de">
    <trd>alkoholisches <ind>Getr&auml;nk</ind></trd>,
    <trd>Spirituose</trd>
  </trdgrp>
  <trd lng="en"><klr>(alcoholic)</klr> drink</trd>
  <trd lng="fa">&a_n;&a_w;&a_sh;&a_A;&a_b;&a_h;&a_hamza_sure;
  <ind>&a_A;&a_l;&f_k;&a_l;&f_y;</ind></trd>
  <trdgrp lng="fr">
    <trd>alcool</trd>,
    <trd>spiritueux</trd>
  </trdgrp>
  <trd lng="hu">szeszes ital</trd>  
  <trd lng="id"><ind>minum</ind>an beralkohol</trd>
  <trd lng="nl">alcoholische drank</trd>
  <trdgrp lng="pl">
    <trd>alkohol</trd>,
    <trd>spirytus</trd>
  </trdgrp>
  <trd lng="pt">bebida alco&oacute;lica</trd>
  <trdgrp lng="ru">
    <trd>&c_s;&c_p;&c_i;&c_r;&c_t;&c_n;&c_o;&c_je;</trd>,
    <trd>&c_a;&c_l;&c_k;&c_o;&c_g;&c_o;&c_l;&c_mol;&c_n;&c_y;&c_j;
    &c_n;&c_a;&c_p;&c_i;&c_t;&c_o;&c_k;</trd>
  </trdgrp>
  <trd lng="sk">alkoholick&yacute; n&aacute;poj</trd>
  <trd lng="tr">i&ccedil;ki</trd>
</drv>

<drv mrk="alkoho.0igi">
  <kap><tld/>igi</kap>
  <gra><vspec>tr</vspec></gra>
  <snc mrk="alkoho.0igi.KOMUNE">
    <dif>
      Enmeti <tld/>on en ion:
      <ekz>
        delikate <tld/>igita krema&jcirc;o, kuko.
      </ekz>
    </dif>
    <trdgrp lng="de">
     <trd>alkoholisieren</trd>,
     <trd>Alkohol <ind>hineintun</ind></trd>,
     <trd><klr>mit </klr>Weingeist <ind>anreichern</ind></trd>
    </trdgrp>
    <trd lng="en">spike</trd>
    <trd lng="fr">alcooliser</trd>
    <trdgrp lng="hu">
      <trd>szeszes&iacute;t</trd>,
      <trd>alkoholiz&aacute;l <klr tip="ind">(szesszel
      kezel)</klr></trd>
    </trdgrp>
    <trd lng="pt">alcoolizar</trd>
    <trd lng="es">alcoholizar</trd>
    <trd lng="th">&#3651;&#3626;&#3656;&#3649;&#3629;&#3621;&#3585;&#3629;&#3630;&#3629;&#3621;&#3660;</trd>
  </snc>
  <trdgrp lng="cs">
    <trd>alkoholizovat</trd>,
    <trd>zkvasit na alkohol</trd>
  </trdgrp>
  <trd lng="sk">skvasi&tcaron; na alkohol</trd>
</drv>

<drv mrk="alkoho.0ismo">
  <kap><tld/>ismo</kap>
  <snc mrk="alkoho.0ismo.MED">
    <uzo tip="fak">MED</uzo>
    <dif>
      <ref tip="lst" cel="san.mal0o.MED"
      lst="voko:malsanoj">Malsana</ref> stato ka&ubreve;zita de trouzado
      de
      <tld/>a&jcirc;oj.
    </dif>
    <trdgrp lng="th">
      <trd>&#3650;&#3619;&#3588;&#3605;&#3636;&#3604;&#3649;&#3629;&#3621;&#3585;&#3629;&#3630;&#3629;&#3621;&#3660;</trd>,
      <trd>&#3650;&#3619;&#3588;&#3605;&#3636;&#3604;&#3648;&#3627;&#3621;&#3657;&#3634;</trd>
    </trdgrp>
  </snc>
  <trd
  lng="be">&c_a;&c_l;&c_mol;&c_k;&c_a;&c_g;&c_a;&c_l;&c_ib;&c_z;&c_m;</trd>
  <trd
  lng="bg">&c_a;&c_l;&c_k;&c_o;&c_h;&c_o;&c_l;&c_i;&c_z;&c_malmol;&c_m;</trd>
  <trdgrp lng="cs">
    <trd>alkoholizmus</trd>,
    <trd>opilstv&iacute;</trd>
  </trdgrp>
  <trdgrp lng="de">
     <trd>Alkoholismus</trd>,
     <trd>Alkoholsucht</trd>,
     <trd>Alkoholabh&auml;ngigkeit</trd>
  </trdgrp>
  <trd lng="en">alcoholism</trd>
  <trd lng="es">alcoholismo</trd>
  <trd lng="fa">&a_A;&a_l;&f_k;&a_l;&f_y;&a_s;&a_m;</trd>
  <trd lng="fr">alcoolisme</trd>
  <trdgrp lng="hu">
    <trd>r&eacute;szegesked&eacute;s</trd>,
    <trd>alkoholizmus</trd>,
    <trd>alkoholfogyaszt&aacute;s</trd>
  </trdgrp>
  <trd lng="id">alkoholisme</trd>
  <trd lng="it">alcolismo</trd>
  <trd lng="nl">alcoholisme</trd>
  <trd lng="pl">alkoholizm</trd>
  <trd lng="pt">alcoolismo</trd>
  <trd lng="ru">&c_a;&c_l;&c_k;&c_o;&c_g;&c_o;&c_l;&c_i;&c_z;&c_m;</trd>
  <trdgrp lng="sk">
    <trd>alkoholizmus</trd>,
    <trd>opilstvo</trd>
  </trdgrp>
</drv>
</art>
<!--
$Log: alkoho.xml,v $
Revision 1.39  2017/07/14 16:10:13  revo
Warut Bunprasert: +trd th

Revision 1.38  2017/07/04 22:10:16  revo
Vito Redsky: +trd ro

Revision 1.37  2017/01/29 13:10:27  revo
Adam Eng: +trd ms

Revision 1.36  2015/09/30 05:10:18  revo
Sebastian Cyprych: +trd pl

Revision 1.35  2015/07/04 08:37:30  revo
aldono de trd cs per skripto de M. von Laer

Revision 1.34  2015/06/28 12:03:35  revo
aldono de trd sk per skripto de M. von Laer

Revision 1.33  2014/11/15 05:10:22  revo
Eko Nur Syah Hidayat: +trd id

Revision 1.32  2014/06/04 10:10:16  revo
-->
</vortaro>
