<?xml version="1.0"?>
<!DOCTYPE vortaro SYSTEM "../dtd/vokoxml.dtd">

<vortaro>
<art mrk="$Id: alkov.xml,v 1.18 2015/07/04 08:37:30 revo Exp $">
<kap>
  <ofc>1</ofc>
  <rad>alkov</rad>/o <fnt><bib>PV</bib></fnt> 
</kap>
<drv mrk="alkov.0o">
  <kap><tld/>o</kap>
  <snc>
    <dif>
      En&ccirc;ambra litni&ccirc;o, iafoje fermebla per kurtenoj
      a&ubreve; pordo:
      <ekz>
        malanta&ubreve; &scirc;i, en la <tld/>o, mi rigardis &scirc;ian liton
        <fnt>
          <aut>G. de Maupassant, trad. Daniel Luez</aut>,
          <vrk><url ref="http://esperanto.org/Ondo/Tl-fr03.htm">
          La mastrino</url></vrk>,
          <lok>La Ondo de Esperanto, 1999:1 (51)</lok>
        </fnt>.
      </ekz>
    </dif>
  </snc>
  <trd lng="be">&c_a;&c_l;&c_mol;&c_k;&c_o;&c_w;</trd>
  <trdgrp lng="cs">
    <trd>alkovna</trd>,
    <trd>přístěnek</trd>,
    <trd>výklenek</trd>
  </trdgrp>
  <trd lng="de">Alkoven</trd>
  <trd lng="en">alcove</trd>
  <trd lng="es">alcoba</trd>
  <trd lng="fr">alc&ocirc;ve</trd>
  <trd lng="nl">alkoof</trd>
  <trd lng="pl">alkowa</trd>
  <trd lng="pt">alcova</trd>
  <trd lng="ru">&c_a;&c_l;&c_mol;&c_k;&c_o;&c_v;</trd>
  <trdgrp lng="sk">
    <trd>alkov&ncaron;a</trd>,
    <trd>lôžkový výklenok v izbe</trd>
  </trdgrp>
</drv>
</art>
<!--
$Log: alkov.xml,v $
Revision 1.18  2015/07/04 08:37:30  revo
aldono de trd cs per skripto de M. von Laer

Revision 1.17  2015/06/28 12:03:35  revo
aldono de trd sk per skripto de M. von Laer

Revision 1.16  2014/03/15 02:10:17  revo
Jeromo Vasxe: + ekz

Revision 1.15  2009/03/31 16:30:27  revo
Sebastian Cyprych: +trd pl

Revision 1.14  2004/03/28 16:54:46  revo
Dmitri Gabinski: +trd be

Revision 1.13  2003/05/18 18:01:54  revo
Viliam Bur: +trd sk

Revision 1.12  2003/02/15 17:34:52  revo
Ulrich Fellmann: + 1 trd = de

Revision 1.11  2002/05/09 18:43:18  revo
Alejandro Mejia Greene: ald his trd

Revision 1.10  2002/02/15 17:36:38  revo
Yury Finkel: formatigis

Revision 1.9 2002/01/06 17:46:32 revo
-->
</vortaro>
