<?xml version="1.0"?>
<!DOCTYPE vortaro SYSTEM "../dtd/vokoxml.dtd">

<vortaro>
<art mrk="$Id: almanahx.xml,v 1.1 2005/04/04 16:34:30 revo Exp $">
<kap>
  <rad>almana&hcirc;</rad>/o
</kap>
<drv mrk="almanahx.0o">
  <kap><tld/>o</kap>
  <uzo tip="stl">RAR</uzo>
  <ref tip="dif" cel="almana.0o">almanako</ref>
  <ekz>
    astronomiaj <tld/>oj
    <fnt><aut>Pejno S.</aut>, <vrk>Re: Linguistic Change</vrk>,
    <lok>soc.culture.esperanto, 1999-11-06</lok></fnt>.
  </ekz>
  <trd lng="be">&c_a;&c_l;&c_mol;&c_m;&c_a;&c_n;&c_a;&c_h;</trd>
  <trd lng="ca">almanac</trd>
  <trd lng="da">almanak</trd>
  <trdgrp lng="de">
    <trd>Almanach</trd>,
    <trd>Jahrbuch</trd>
  </trdgrp>
  <trd lng="en">almanac</trd>
  <trd lng="es">almanaque</trd>
  <trd lng="fr">almanach</trd>
  <trdgrp lng="hu">
    <trd>almanach</trd>,
    <trd>&eacute;vk&ouml;nyv</trd>
  </trdgrp>
  <trd lng="nl">almanak</trd>
  <trd lng="pl">almanach</trd>
  <trd lng="pt">almanaque</trd>
  <trd lng="ru">&c_a;&c_l;&c_mol;&c_m;&c_a;&c_n;&c_a;&c_h;</trd>
  <trd lng="sk">almanach</trd>
  <trd lng="sv">almanacka</trd>
</drv>
</art>

<!--
$Log: almanahx.xml,v $
Revision 1.1  2005/04/04 16:34:30  revo
Jeromo Vasxe: nova artikolo

-->
</vortaro>