<?xml version="1.0"?>
<!DOCTYPE vortaro SYSTEM "../dtd/vokoxml.dtd">

<vortaro>
  <art mrk="$Id: almat.xml,v 1.10 2017/06/17 20:10:19 revo Exp $">
    <kap><rad>Almat</rad>/o</kap>

    <drv mrk="almat.A0o">
      <kap><tld/>o</kap>
      <snc>
	<uzo tip="fak">GEOG</uzo>
	<dif>
	  La plej granda urbo kaj eksa (1929&ndash;1998)
	  &ccirc;efurbo de Kaza&hcirc;ujo:
	  <ekz>
	    <tld/>o estis fondita en 1854 kiel fortreso Vernij.
	  </ekz>
	</dif>
      <rim>
	Oni anka&ubreve; trovas malnovan formon &leftquot;Alma-Ato&rightquot;, kiu estas
	popoletimologia provo interpreti la kaza&hcirc;an nomon (kiu
	signifas &leftquot;pomoza&rightquot;, &leftquot;pomhava&rightquot;) kiel &leftquot;Pom-Patro&rightquot;.  Tiu
	interpreto estas erara, &leftquot;Pom-Patro&rightquot; estus kaza&hcirc;e
	&leftquot;&c_A;&c_l;&c_m;&c_a; &c_A;&c_t;&c_a;&c_s;&c_y;&rightquot;.
	La fina vokalo de la kaza&hcirc;a nomo estas aparta sono kiu ne
	ekzistas en Esperanto, tial anstata&ubreve;igi &gcirc;in per -o estas
	neniom pli malbona elekto ol ia ajn alia el la vidpunkto de la
	kaza&hcirc;a lingvo; sed tio havas evidentan avanta&gcirc;on el la
	vidpunkto de Esperanto.
	<aut>Sergio Pokrovskij la&ubreve; sce-afi&scirc;o de Tani Hiroyuki</aut>
      </rim>
      </snc>
      <trdgrp lng="be">
        <trd>&c_A;&c_l;&c_m;&c_a;-&c_A;&c_t;&c_a;</trd>,
        <trd>&c_A;&c_l;&c_m;&c_a;&c_t;&c_y;</trd>
      </trdgrp>
      <trd lng="bg">&c_A;&c_l;&c_m;&c_a;&c_t;&c_i;</trd>
      <trd lng="ca">Almati</trd>
      <trdgrp lng="de">
        <trd>Almaty</trd>,
        <trd>Alma-Ata<klr> (1921 bis 1994)</klr></trd>
      </trdgrp>
      <trd lng="en">Almaty</trd>
      <trd lng="fr">Almaty</trd>
      <trdgrp lng="hu">
        <trd>Alma-Ata</trd>,
        <trd>Almati</trd>
      </trdgrp> 
      <trdgrp lng="nl">
        <trd>Almati</trd>,
        <trd>Alma-Ata</trd>
      </trdgrp>  
      <trd lng="pl">A&lstroke;maty</trd>  
      <trdgrp lng="ru">
	<trd>&c_A;&c_l;&c_m;&c_a;-&c_A;&c_t;&c_a;</trd>,
	<trd>&c_A;&c_l;&c_m;&c_a;&c_t;&c_y;</trd>
      </trdgrp>
    </drv>

    <drv mrk="almat.0ano">
      <kap><tld lit="a"/>ano</kap>
      <snc>
	<dif>
	  Lo&gcirc;anto de <tld/>o.
	</dif>
      </snc>
      <trd lng="ca">almati&agrave;</trd>
      <trdgrp lng="de">
        <trd>Einwohner von <ind>Almaty</ind></trd>
      </trdgrp>
      <trd lng="fr">Almatais</trd>
      <trdgrp lng="hu">
        <trd>alma-atai</trd>,
        <trd>almati</trd>
      </trdgrp> 
      <trd lng="nl">inwoner van <ind>Almati</ind></trd>     
      <trd lng="pl">a&lstroke;matczyk</trd>
      <trd lng="ru">&c_a;&c_l;&c_m;&c_a;&c_a;&c_t;&c_i;&c_n;&c_je;&c_c;</trd>
    </drv>
  </art>

<!--
$Log: almat.xml,v $
Revision 1.10  2017/06/17 20:10:19  revo
Vito Redsky: +trd pl

Revision 1.9  2017/04/03 16:10:17  revo
Ludoviko Francisco: +trd fr

Revision 1.8  2014/05/08 18:10:45  revo
Damien Brucker: +trd fr

Revision 1.7  2012/07/31 09:10:20  revo
Marc Rausell: + trd ca

Revision 1.6  2009/07/09 16:30:52  revo
Wieland Pusch: +trd bg

Revision 1.5  2009/07/08 16:30:55  revo
Paul Peeraerts: +trd nl

Revision 1.4  2006/11/08 17:30:26  revo
Wieland Pusch: +trd de

Revision 1.3  2005/10/24 16:31:58  revo
-->
</vortaro>
