<?xml version="1.0"?>
<!DOCTYPE vortaro SYSTEM "../dtd/vokoxml.dtd">

<vortaro>
<art mrk="$Id: almana.xml,v 1.21 2019/01/27 15:10:14 revo Exp $">
<kap>
  <ofc>1</ofc>
  <rad>almanak</rad>/o,
  <var><kap><rad>almana&hcirc;</rad>/o</kap></var>
</kap>
<drv mrk="almana.0o">
  <kap><tld/>o,
    <var><kap>almana&hcirc;o</kap></var>
  </kap>
  <snc>
    <dif>
      <ref tip="super" cel="libr.0o.presajxo">Libro</ref>
      enhavanta <ref tip="prt" cel="kalend1.0o.dokumento">kalendaron</ref>,
      kun astronomiaj sciigoj, priveteraj anta&ubreve;diroj kaj diversaj informoj:
      <ekz>
        la Astronomia <tld lit="A"/>o 2000 estas la unua eldona&jcirc;o de la klubo
        <fnt>
          <bib>Monato</bib>
          <aut>Boris Kolker</aut>
          <vrk><url ref="http://steloj.de/esperanto/monato2/007158.html"
              >Astronomio por &ccirc;iuj</url></vrk>
        </fnt>;
      </ekz>
      <ekz>
        konsulti <tld/>ojn
        <fnt>
          <bib>Monato</bib>
          <aut>Juan Jacobo Schmitter-soto</aut>
          <vrk><url ref="https://www.monato.net/2004/008257.html"
              >Lando de la (mal)liberuloj</url></vrk>
        </fnt>;
      </ekz>
      <ekz>
        pluraj liaj poemoj estis forte dra&scirc;itaj de Camacho en Beletra <tld lit="A"/>o
        <fnt>
          <bib>Monato</bib>
          <aut>Carlo Minnaja</aut>
          <vrk><url ref="https://www.monato.net/2014/011151.php"
              >Kiu &ccirc;i mi?</url></vrk>
        </fnt>;
      </ekz>
      <ekz>
        li gvidis literaturan rondeton de junaj poetoj kaj eldonis en 1835 poezian
        <tld/>on
        <fnt>
          <bib>Monato</bib>
          <aut>Julius Hauser</aut>
          <vrk><url ref="https://www.monato.net/2015/011510.php"
              >La jaro de &Lcaron;udov&iacute;t &Scaron;t&uacute;r</url></vrk>
        </fnt>;
      </ekz>
      <ekz>
        la klubanoj kunaran&gcirc;as, redaktas, presas kaj dissendadas gazeton Informilo kun
        almana&hcirc;o Anta&ubreve;en
        <fnt>
          <bib>Viki</bib>
          <lok><url ref="https://eo.wikipedia.org/?curid=273826"
              >Klubo de Esperantistoj D-ro Schulhof Pardubice</url></lok>
        </fnt>.
      </ekz>
    </dif>
    <ref tip="super" cel="libr.jar0o">jarlibro</ref>
  </snc>
  <trd lng="be">&c_a;&c_l;&c_mol;&c_m;&c_a;&c_n;&c_a;&c_h;</trd>
  <trd lng="bg">&c_a;&c_l;&c_m;&c_a;&c_n;&c_a;&c_h;</trd>
  <trd lng="ca">almanac</trd>
  <trdgrp lng="cs">
    <trd>almanach</trd>,
    <trd>ro&ccaron;enka</trd>,
    <trd>sborn&iacute;k</trd>,
    <trd>&ccaron;&iacute;tanka</trd>
  </trdgrp>
  <trd lng="da">almanak</trd>
  <trdgrp lng="de">
    <trd>Almanach</trd>,
    <trd>Jahrbuch</trd>
  </trdgrp>
  <trd lng="en">almanac</trd>
  <trd lng="es">almanaque</trd>
  <trdgrp lng="fa">
    <trd>&a_t;&a_q;&a_w;&f_y;&a_m; &a_n;&a_j;&a_w;&a_m;&f_y;</trd>
    <trd>&a_s;&a_A;&a_l;&a_n;&a_m;&a_A;</trd>
    <trd>&a_s;&a_A;&a_l;&a_n;&a_A;&a_m;&a_h;</trd>
  </trdgrp>
  <trd lng="fr">almanach</trd>
  <trdgrp lng="hu">
    <trd>almanach</trd>,
    <trd>&eacute;vk&ouml;nyv</trd>
  </trdgrp>
  <trd lng="id">almanak</trd>
  <trd lng="nl">almanak</trd>
  <trd lng="pl">almanach</trd>
  <trd lng="pt">almanaque</trd>
  <trd lng="ru">&c_a;&c_l;&c_mol;&c_m;&c_a;&c_n;&c_a;&c_h;</trd>
  <trdgrp lng="sk">
    <trd>almanach</trd>,
    <trd>ro&ccaron;enka</trd>,
    <trd>zborn&iacute;k</trd>
  </trdgrp>
  <trd lng="sv">almanacka</trd>
</drv>
</art>
<!--
$Log: almana.xml,v $
Revision 1.21  2019/01/27 15:10:14  revo
Wolfram Diestel: +var, +ekz-oj, +ref-oj

Revision 1.20  2015/07/04 08:37:30  revo
aldono de trd cs per skripto de M. von Laer

Revision 1.19  2015/06/28 12:03:35  revo
aldono de trd sk per skripto de M. von Laer

Revision 1.18  2014/06/10 14:10:19  revo
Eko Nur Syah Hidayat: +id

Revision 1.17  2009/06/20 18:00:55  revo
Behnam Tabatabai: korr arabaj/persaj koderoj

Revision 1.16  2009/05/20 16:30:29  revo
Wieland Pusch: +trd bg

Revision 1.15  2009/05/19 17:00:38  revo
Behnam Tabatabai: +trd fa

Revision 1.14  2003/11/06 17:31:02  revo
-->
</vortaro>
