<?xml version="1.0"?>
<!DOCTYPE vortaro SYSTEM "../dtd/vokoxml.dtd">

<vortaro>
<art mrk="$Id: almena.xml,v 1.30 2019/02/06 07:10:15 revo Exp $">
<kap>
   <ofc>*</ofc>
   <rad>almena&ubreve;</rad></kap>
<drv mrk="almena.0">
   <kap><ofc>*</ofc><tld/></kap>
   <dif>
     Adv. signifanta:
   </dif>
   <snc mrk="almena.0.neMalpliOl">
     <dif>
       E&ccirc; limigante sin je la plej malgranda kvanto;
       ne malpli ol; se ne pli:
       <ekz>por iri vi bezonos <tld/> tri horojn.</ekz>
       <ekz>
         la foso, por preni la plej malmulte, havis <tld/> ok
         futojn da lar&gcirc;eco<fnt>Z</fnt>.
       </ekz>
       <ekz>tio kostos <tld/> dek milionojn.</ekz>
       <ekz>
         lingvo arta estas <tld/> kvindek fojojn pli facila
         ol &ccirc;ia lingvo natura<fnt>Z</fnt>.
       </ekz>
       <ekz>
         io tia, kio alproksimigus la celon <tld/> je unu pa&scirc;o
         <fnt>Z</fnt>.
       </ekz>
       <ekz>
         neniu povas dubi, ke &ccirc;iujn, a&ubreve; <tld/> la grandan
         plimulton da personoj ligas unu komuna ideo<fnt>Z</fnt>.
       </ekz>
     </dif>
     <rim>
       Kiam oni indikas samtempe la superan kaj la malsuperan limon, oni
       prefere uzu <em>minimume</em>.
     </rim>
   <trd lng="en">at least</trd>
   <trdgrp lng="nl">
     <trd>minstens</trd>,
     <trd>ten minste</trd>,
     <trd>on z'n minst</trd>
   </trdgrp>
   </snc>
   <snc mrk="almena.0.malfavore">
     <dif>
       E&ccirc; en la plej malfavora okazo; se estas neeble fari pli 
       bone; se ne estas pli kontentiga solvo:
       <ekz>
         vi povas tute &gcirc;in (la artikolon) ne uzadi, <tld/> 
         &gcirc;is la tempo, kiam vi tute bone scios &gcirc;ian signifon
         <fnt>Z</fnt>.
       </ekz>
       <ekz>
         la vera stilo E-a estas, a&ubreve; <tld/> devas esti, nur stilo
simpla kaj logika<fnt>Z</fnt>.
       </ekz>
       <ekz>
         ha, mia Dio! <tld/> ian simplan brasika&jcirc;on<fnt>Z</fnt>!
       </ekz>
       <ekz><tld/> neniun ili havu viva<fnt>Z</fnt>!</ekz>
       <ekz>sed mi <tld/> estas trankvila en mia koro<fnt>Z</fnt>.</ekz>
       <ekz>
         tio prezentas estontecon malgajan, nudan, sed <tld/> jam
         klare difinitan<fnt>Z</fnt>.
       </ekz>
     </dif>
   <trd lng="en">at (the very) least</trd>
   <trdgrp lng="nl">
     <trd>tenminste</trd>,
     <trd>in ieder geval</trd>
   </trdgrp>
   </snc>
   <snc mrk="almena.0.seNeAliaj">
     <dif>
       Se ne aliaj:
       <ekz>e&ccirc; se vi obeas, <tld/> mi kontra&ubreve;staros tiun 
       ordonon.</ekz>
     </dif>
   <trd lng="en">if nothing else</trd>
   </snc>
   <trd lng="be">&c_p;&c_r;&c_y;&c_n;&c_a;&c_m;&c_s;&c_ib;</trd>
   <trd lng="bg">&c_p;&c_o;&c_n;&c_je;</trd>
   <trdgrp lng="br">
     <trd>da nebeuta&ntilde;</trd>,
     <trd>da vihana&ntilde;</trd>
   </trdgrp>
   <trd lng="ca">almenys</trd>
   <trd lng="cs">aspo&ncaron;</trd>
   <trdgrp lng="de">
     <trd>mindestens</trd>,
     <trd>wenigstens</trd>
   </trdgrp>
   <trd lng="es">al menos</trd>
   <trdgrp lng="fi">
     <trd>ainakin</trd>,
     <trd>ainakaan<klr> [en nea frazo]</klr></trd>,
     <trd>joka tapauksessa</trd>
   </trdgrp>
   <trdgrp lng="fa">
     <trd>&a_d;&a_s;&a_t;&zwnj;&f_k;&a_m;</trd>,
     <trd>&a_l;&a_A;&a_A;&a_q;&a_l;</trd>
   </trdgrp>
   <trd lng="fr">au <ind>moins</ind></trd>
   <trd lng="he">&lamed;&pe;&het;&vav;&tav;</trd>
   <trd lng="hu">legal&aacute;bb</trd>
   <trdgrp lng="id">
     <trd><ind>paling</ind> tidak</trd>,
     <trd><ind>sedikit</ind>nya</trd>,
     <trd>[<ind>tidak</ind>] setidaknya</trd>
   </trdgrp>
   <trd lng="it">almeno</trd>
   <trd lng="no">i det minste</trd>
   <trdgrp lng="pl">
     <trd>przynajmniej</trd>,
     <trd>co najmniej</trd>
   </trdgrp>
   <trd lng="oc">al <ind>mens</ind></trd>
   <trdgrp lng="pt">
     <trd>ao menos</trd>,
     <trd>pelo menos</trd>,
     <trd>aldemenos <klr>(ark.)</klr></trd>
   </trdgrp>
   <trd lng="ru">&c_p;&c_o; &c_k;&c_r;&c_a;&c_j;&c_n;&c_je;&c_j; 
   &c_m;&c_je;&c_r;&c_je;</trd>
   <trd lng="sk">aspo&ncaron;</trd>
   <trd lng="th">&#3629;&#3618;&#3656;&#3634;&#3591;&#3609;&#3657;&#3629;&#3618;</trd>
</drv>
</art>
<!--
$Log: almena.xml,v $
Revision 1.30  2019/02/06 07:10:15  revo
Sam Penter: tajperara korekto; +trd nl

Revision 1.29  2017/07/14 16:10:14  revo
Warut Bunprasert: +trd th

Revision 1.28  2017/01/20 09:10:13  revo
Lyubomir Vasilev: +trd bg

Revision 1.27  2014/12/05 11:10:17  revo
Filip van Laenen: +trd(no)

Revision 1.26  2014/11/12 09:10:28  revo
Eko Nur Syah Hidayat: +trd id

Revision 1.25  2013/07/01 01:10:14  revo
Benito Subejrano: + trd ca oc

Revision 1.24  2009/07/12 16:30:24  revo
Behnam Tabatabai: +trd fa

Revision 1.23  2007/12/03 17:30:28  revo
-->
</vortaro>
