<?xml version="1.0"?>
<!DOCTYPE vortaro SYSTEM "../dtd/vokoxml.dtd">

<vortaro>
<art mrk="$Id: aln.xml,v 1.27 2019/02/04 21:10:23 revo Exp $">
<kap>
<ofc>*</ofc>
<rad>aln</rad>/o
</kap>
<drv mrk="aln.0o">
   <kap><ofc>*</ofc><tld/>o</kap>
   <uzo tip="fak">BOT</uzo>
   <snc>
     <dif>
       <ref tip="lst" cel="genr.0o.BIO" lst="voko:botanikaj_genroj">Genro</ref>
       el familio <ref tip="malprt" cel="betula.0oj">betulacoj</ref>
       (<trd lng="la">Alnus</trd>), monoikaj arboj
       a&ubreve; arbedoj, kies viraj floraroj formas amentojn de flortriopoj sidantaj en
       la akseloj de brakteoj kaj kies virinaj floraroj formas strobiletojn
       kun flordupoj sidantaj en brakteakseloj. La fruktoj estas unusemaj nuksetoj, foje
       flugilhavaj:
      <ekz>
        maljunaj <tld/>oj, kiujn la fluo depu&scirc;is de la dekliva bordo, per siaj radikoj
        forte teni&gcirc;is je la fundo
        <fnt>
          <bib>Fab3</bib>
          <lok>Ib kaj malgranda kristino</lok>
        </fnt>;
      </ekz>
      <ekz>
        apud la kanaro ku&scirc;is trunko de <tld/>o
        <fnt>
          <bib>Fab4</bib>
          <lok>Filino de la mar&ccirc;a re&gcirc;o</lok>
        </fnt>;
      </ekz>
      <ekz>
        mordetas la arbaraj skaraboj niajn betulojn, <tld/>ojn kaj pinojn
        <fnt>
          <bib>FK</bib>
        </fnt>.
      </ekz>
     </dif>
    <refgrp tip="vid">
       <ref cel="betul.0o">betulo</ref>,
       <ref cel="karpen.0o">karpeno</ref>,
       <ref cel="avel.0ujo">avelujo</ref>
    </refgrp>
   </snc>
   <bld lok="../bld/aln.jpg">strobiletoj kaj kelkaj amentoj de <tld/>o</bld>
   <trdgrp lng="be">
     <trd>&c_a;&c_l;&c_je;&c_sh;&c_y;&c_n;&c_a;</trd>, 
     <trd>&c_v;&c_o;&c_l;&c_mol;&c_h;&c_a;</trd>
   </trdgrp>
   <trdgrp lng="br">
     <trd>gwernenn</trd>,
     <trd>gwezenn-wern</trd>
   </trdgrp>
   <trdgrp lng="ca">
     <trd>vern</trd>,
     <trd>g&egrave;nere Alnus</trd>
   </trdgrp>
   <trd lng="de">Erle</trd>
   <trdgrp lng="en">
     <trd>alder</trd>,
     <trd>elder</trd>
   </trdgrp>
   <trd lng="es">aliso</trd> 
   <trd lng="fr">aulne</trd>
   <trd lng="hu">&eacute;ger(fa)</trd>
   <trd lng="nl">els<klr tip="ind"> (boom)</klr></trd>
   <trd lng="pt">amieiro</trd>
   <trd lng="ru">&c_o;&c_l;&c_mol;&c_h;&c_a;</trd>
   <trd lng="sk">jel&scaron;a</trd>
   <trd lng="sv">al</trd>
  <trd lng="cs">ol&scaron;e</trd>
</drv>
</art>
<!--
$Log: aln.xml,v $
Revision 1.27  2019/02/04 21:10:23  revo
Wolfram Diestel: forigis ref sen cel

Revision 1.26  2019/01/27 10:10:17  revo
Wolfram Diestel: +kor. lst-nomon

Revision 1.25  2019/01/26 10:10:14  revo
Wolfram Diestel: +ekz-oj, precizigis dif

Revision 1.24  2015/07/04 08:37:30  revo
aldono de trd cs per skripto de M. von Laer

Revision 1.23  2013/08/26 09:10:36  revo
Wolfram Diestel: referenco al listo sciencoj

Revision 1.22  2012/07/23 14:10:22  revo
Marc Rausell: + trd ca

Revision 1.21  2012/02/08 18:10:08  revo
Carlos Garcia: +trd es -o

Revision 1.20  2005/04/06 16:32:27  revo
-->
</vortaro>
