<?xml version="1.0"?>
<!DOCTYPE vortaro SYSTEM "../dtd/vokoxml.dtd">

<vortaro>
  <art mrk="$Id: alofon.xml,v 1.5 2015/07/04 08:37:30 revo Exp $">
    <kap>
      <rad>alofon</rad>/o <fnt><bib>PIV1</bib></fnt>
    </kap>
    <drv mrk="alofon.0o">
      <kap><tld/>o</kap>
      <snc mrk="alofon.0o.FON">
        <uzo tip="fak">FON</uzo>
        <dif>
          Parolsono funkcianta en iu lingvo kiel varia&jcirc;o (realigo) de
          <ref tip="malprt" cel="fonem.0o">fonemo</ref>:
          <ekz>
            la aparteno de <tld/>oj al fonemoj varias de unu lingvo al
            alia
            <fnt>
              <aut>John Wells</aut>:
              <vrk>Lingvistikaj aspektoj de Esperanto</vrk>.
              <lok>UEA: 1989.</lok>
            </fnt>;
          </ekz><ekz>
            en granda parto de &Ccirc;inio silabkomenca <ctl>l-</ctl> kaj
            silabkomenca <ctl>n-</ctl> estas <tld/>oj de unu sama
            fonemo, kaj estas malfacile por la tieaj &ccirc;inoj distingi
            inter la du
            <fnt>
              <aut>Vilhelmo ROWE</aut>:
              <vrk>La karaktero de la &ccirc;ina lingvo kaj la sekvoj por
              Esperanto</vrk>.
              <bib>Monato</bib>
            </fnt>.
          </ekz>
        </dif>
      </snc>
  <trd lng="cs">alofon</trd>
  <trd lng="de">Allophon</trd>
  <trd lng="en">allophone</trd>
  <trd lng="fr">allophone</trd>
  <trd lng="ru">&c_a;&c_l;&c_l;&c_o;&c_f;&c_o;&c_n;&c_a;</trd>
  <trd lng="sk">alofon</trd>
</drv>

    <drv mrk="alofon.0a">
      <kap><tld/>a</kap>
      <snc mrk="alofon.0a.FON">
        <uzo tip="fak">FON</uzo>
        <dif>
          Apartenanta al subfonema nivelo, rilata al <tld/>oj:
          <ekz>
            <tld/>an transskribon oni kutime apartigis per rektaj
            krampoj, la foneman oni metas inter du oblikvoj:
            en Esperanto <frm>[e]</frm> kaj <frm>[&epsilon;]</frm> estas
            <tld/>oj de la fonemo <frm>/e/</frm>.
          </ekz>
        </dif>
      </snc>
      <trd lng="de">allophonisch</trd> 
      <trd lng="en">allophonic</trd>
      <trd lng="fr">allophonique</trd>
      <trd lng="ru">&c_a;&c_l;&c_l;&c_o;&c_f;&c_o;&c_n;&c_i;&c_ch;&c_je;&c_s;&c_k;&c_i;&c_j;</trd>
    </drv>

  </art>

<!--
$Log: alofon.xml,v $
Revision 1.5  2015/07/04 08:37:30  revo
aldono de trd cs per skripto de M. von Laer

Revision 1.4  2015/06/28 12:03:35  revo
aldono de trd sk per skripto de M. von Laer

Revision 1.3  2014/11/26 08:10:20  revo
Damien Brucker: +trd fr

Revision 1.2  2012/11/18 01:10:10  revo
Wieland Pusch: +trd de

Revision 1.1  2012/11/11 11:10:08  revo
Sergio Pokrovskij: nova artikolo

-->
</vortaro>
