<?xml version="1.0"?>
<!DOCTYPE vortaro SYSTEM "../dtd/vokoxml.dtd">

<vortaro>
<art mrk="$Id: alongx.xml,v 1.11 2009/02/01 17:30:24 revo Exp $">
<kap>
  <rad>alon&gcirc;</rad>/o
</kap>
<drv mrk="alongx.0o">
  <kap><tld/>o</kap>
  <uzo tip="fak">EKON</uzo>
  <snc>
    <dif>
      Papera folio, kiun oni aligas al kambio sur kies dorsa flanko 
      ne plu estas loko por &gcirc;iroj.
    </dif>
  </snc>
  <trd lng="be">&c_a;&c_l;&c_o;&c_n;&c_zh;</trd>
  <trdgrp lng="de">
    <trd>Allonge</trd>,
    <trd>Verl&auml;ngerungsabschnitt</trd>
  </trdgrp>
  <trd lng="en">allonge</trd>
  <trd lng="nl">allonge</trd>
  <trdgrp lng="pl">
    <trd>alon&zdot;</trd>,
    <trd>przed&lstroke;u&zdot;ka</trd>
  </trdgrp>
  <trd lng="pt">alonga</trd>
  <trdgrp lng="ru">
    <trd>&c_a;&c_l;&c_l;&c_o;&c_n;&c_zh;</trd>,
    <trd>&c_d;&c_o;&c_p;&c_o;&c_l;&c_n;&c_i;&c_t;&c_je;&c_l;&c_mol;&c_n;&c_y;&c_j; &c_p;&c_r;&c_o;&c_t;&c_o;&c_k;&c_o;&c_l;</trd>,
    <trd>&c_p;&c_r;&c_i;&c_l;&c_o;&c_zh;&c_je;&c_n;&c_i;&c_je; &c_k; &c_d;&c_o;&c_k;&c_u;&c_m;&c_je;&c_n;&c_t;&c_u;</trd>
  </trdgrp>
  <trd lng="sk">alon&zcaron;</trd>
</drv>
</art>
<!--
$Log: alongx.xml,v $
Revision 1.11  2009/02/01 17:30:24  revo
Sergej Chlutchin: forigis malbezonajn linirompojn en la rusa

Revision 1.10  2007/11/06 18:57:51  revo
Sebastian Cyprych: +trd pl

Revision 1.9  2004/03/09 17:31:40  revo
Dmitri Gabinski: +trd be

Revision 1.8  2003/05/18 18:02:09  revo
Viliam Bur: +trd sk

Revision 1.7  2002/02/15 17:36:41  revo
Yury Finkel: +trd ru

Revision 1.6 2001/08/01 18:12:17 revo
Paul Peeraerts: ald trd nl

Revision 1.5 2001/05/27 18:14:26 revo
Helio Jaques: trd pt

Revision 1.4 2001/02/01 21:53:09 revo
-->
</vortaro>
