<?xml version="1.0"?>
<!DOCTYPE vortaro SYSTEM "../dtd/vokoxml.dtd">

<vortaro>
<art mrk="$Id: alopat.xml,v 1.16 2018/10/30 20:10:20 revo Exp $">
<kap>
  <rad>alopati</rad>/o
  <fnt>Z</fnt>
</kap>
<drv mrk="alopat.0o">
  <kap><tld/>o</kap>
  <snc>
  <uzo tip="fak">MED</uzo>
    <dif>
      Nomo, kiun donis la fondinto de <ref tip="ant" cel="homeop.0o">homeopatio</ref>
      al la tradiciaj, &gcirc;enerale instruataj, metodoj:
      <ekz>
        por diferencigi la malnovan skolon de la nova, homeopatio, li kreis 
        la terminon alopatio <klr>[&#8230;]</klr> <nom>Hahnemann</nom> anoncis tiam la faman 
        aksiomon &leftquot;<nac>similia similibus curentur</nac>&rightquot; oponante &gcirc;in al la &leftquot;<nac>contraria 
        contrariis</nac>&rightquot; de la malnova skolo, kiu estis la nura kuracmetodo en tiu epoko
        <fnt>
          <bib>Viki</bib>
          <lok><url ref="https://eo.wikipedia.org/?curid=35751">Samuel Hahnemann</url></lok>
        </fnt>.
      </ekz>
    </dif>
  </snc>
  <trd lng="be">&c_a;&c_l;&c_a;&c_p;&c_a;&c_t;&c_y;&c_ja;</trd>
  <trd lng="ca">al&middot;lopatia</trd>
  <trd lng="cs">alopatie</trd>
  <trd lng="de">Allopathie</trd>
  <trd lng="en">allopathy</trd>
  <trd lng="es">alopat&iacute;a</trd>
  <trd lng="fr">allopathie</trd>
  <trd lng="nl">allopathie</trd>
  <trd lng="pt">alopatia</trd>
  <trd lng="ru">&c_a;&c_l;&c_l;&c_o;&c_p;&c_a;&c_t;&c_i;&c_ja;</trd>
  <trd lng="sk">alopatia</trd>
</drv>

<!--
<drv mrk="alopat.0a">
  <kap><tld/>a</kap>
  <snc>
  <uzo tip="fak">MED</uzo>
    <dif>
      Rilata al <tld/>o.
    </dif>
  </snc>
  <trd lng="be">&c_a;&c_l;&c_a;&c_p;&c_a;&c_t;&c_y;&c_ch;&c_n;&c_y;</trd>
  <trd lng="ca">al&middot;lop&agrave;tic</trd>
  <trd lng="cs">alopatick&yacute;</trd>
  <trd lng="de">allopathisch</trd>
  <trd lng="en">allopathic</trd>
  <trd lng="fr">allopathique</trd>
  <trd lng="nl">allopathisch</trd>
  <trd lng="pt">alop&aacute;tico</trd>
  <trd lng="ru">&c_a;&c_l;&c_l;&c_o;&c_p;&c_a;&c_t;&c_i;&c_ch;&c_je;&c_s;&c_k;&c_i;&c_j;</trd>
  <trd lng="sk">alopatick&yacute;</trd>
</drv>
-->
</art>
<!--
$Log: alopat.xml,v $
Revision 1.16  2018/10/30 20:10:20  revo
Wolfram Diestel: dif, ekz, - ~a

Revision 1.15  2015/08/21 07:10:18  revo
Damien Brucker: +trd fr

Revision 1.14  2015/07/04 08:37:30  revo
aldono de trd cs per skripto de M. von Laer

Revision 1.13  2012/07/16 14:10:20  revo
Marc Rausell: + trd ca

Revision 1.12  2004/03/09 17:31:42  revo
Dmitri Gabinski: +trd be

Revision 1.11  2003/02/15 17:34:57  revo
Ulrich Fellmann: + 2 trd = de

Revision 1.10  2002/10/01 16:36:25  revo
Christopher Zervic: + ang

Revision 1.9  2002/09/07 17:39:42  revo
-->
</vortaro>
