<?xml version="1.0"?>
<!DOCTYPE vortaro SYSTEM "../dtd/vokoxml.dtd">

<vortaro>
<art mrk="$Id: alopec.xml,v 1.17 2018/10/24 18:10:16 revo Exp $">
<kap>
  <rad>alopeci</rad>/o
</kap>
<drv mrk="alopec.0o">
  <kap><tld/>o</kap>
  <uzo tip="fak">MED</uzo>
  <snc>
    <dif>
      Tuta a&ubreve; parta senhareco:
      <ekz>
        plej grava por iuj popoloj estis la velur-prozopa uzado 
        kontra&ubreve; <tld/>o, tiu flegado, nur &ccirc;e viroj, konsistis el
        apliko al kapo de la nigra suko kiu fontas el la vundoj de la arbo 
        <fnt>
          <bib>Viki</bib>
          <lok><url ref="https://eo.wikipedia.org/?curid=346784">Velura prozopo</url></lok>
        </fnt>.
      </ekz>
    </dif>
    <ref tip="vid" cel="kalv.0a">kalva</ref>
  </snc>
  <trdgrp lng="be">
    <trd>&c_a;&c_l;&c_a;&c_p;&c_e;&c_c;&c_y;&c_ja;</trd>,
    <trd>&c_a;&c_b;&c_l;&c_y;&c_s;&c_je;&c_n;&c_mol;&c_n;&c_je;</trd>,
    <trd>&c_p;&c_l;&c_ja;&c_sh;&c_y;&c_v;&c_a;&c_s;&c_mol;&c_c;&c_mol;</trd>
  </trdgrp>
  <trdgrp lng="ca">
    <trd>calv&iacute;cie</trd>,
    <trd>calbesa</trd>,
    <trd>alop&egrave;cia</trd>
  </trdgrp>
  <trdgrp lng="cs">
    <trd>alopecie</trd>,
    <trd>holohlavost</trd>,
    <trd>ple&scaron;atost</trd>
  </trdgrp>
  <trdgrp lng="de">
    <trd>Kahlheit</trd>,
    <trd>Kahlk&ouml;pfigkeit</trd>
  </trdgrp>
  <trdgrp lng="en">
    <trd>baldness</trd>,
    <trd>alopecia</trd>
  </trdgrp>
  <trdgrp lng="es">
    <trd>calvicie</trd>,
    <trd>alopecia</trd>
  </trdgrp>
  <trdgrp lng="fa">
    <trd>&a_A_madda;&a_l;&a_w;&f_p;&a_s;&f_y;</trd>,
    <trd>&a_T;&a_A;&a_s;&f_y;</trd>
  </trdgrp>
  <trd lng="fr">alop&eacute;cie</trd>
  <trdgrp lng="nl">
    <trd>kaalheid</trd>,
    <trd>kaalhoofdigheid</trd>
  </trdgrp>
  <trdgrp lng="pl">
    <trd>alopecja</trd>,
    <trd>&lstroke;ysienie</trd>
  </trdgrp>
  <trd lng="pt">alopecia</trd>
  <trdgrp lng="ru">
    <trd>&c_o;&c_b;&c_l;&c_y;&c_s;&c_je;&c_n;&c_i;&c_je;</trd>,
    <trd>&c_p;&c_l;&c_je;&c_sh;&c_i;&c_v;&c_o;&c_s;&c_t;&c_mol;</trd>,
    <trd>&c_a;&c_l;&c_o;&c_p;&c_je;&c_c;&c_i;&c_ja;</trd>
  </trdgrp>
  <trdgrp lng="sk">
    <trd>ple&scaron;ivos&tcaron;</trd>,
    <trd>vypad&aacute;vanie vlasov</trd>
  </trdgrp>
</drv>
</art>
<!--
$Log: alopec.xml,v $
Revision 1.17  2018/10/24 18:10:16  revo
Wolfram Diestel: +ekz, +ref kalva

Revision 1.16  2017/05/27 19:10:14  revo
Vito Redsky: trd pl

Revision 1.15  2015/07/04 08:37:30  revo
aldono de trd cs per skripto de M. von Laer

Revision 1.14  2015/06/28 12:03:35  revo
aldono de trd sk per skripto de M. von Laer

Revision 1.13  2011/10/15 17:10:09  revo
Behnam Tabatabai: +trd fa

Revision 1.12  2005/04/27 16:32:22  revo
Raul Salinas Monteagudo: +trd ca,es

Revision 1.11  2004/03/09 17:31:43  revo
Dmitri Gabinski: +trd be

Revision 1.10  2003/02/15 17:35:00  revo
-->
</vortaro>
