<?xml version="1.0"?>
<!DOCTYPE vortaro SYSTEM "../dtd/vokoxml.dtd">

<vortaro>
<art mrk="$Id: aloz.xml,v 1.16 2015/07/04 08:37:30 revo Exp $">
<kap>
  <rad>aloz</rad>/o <fnt><bib>PV</bib></fnt>
</kap>
<drv mrk="aloz.0o">
  <kap><tld/>o</kap>
  <snc mrk="aloz.0o.ZOO">
    <uzo tip="fak">ZOO</uzo>
    <dif>
      Granda <ref tip="lst" cel="fisx.0o" lst="voko:fi&scirc;oj">fi&scirc;o</ref> 
      kiu migras por frajado el la maro en riverojn,
      <ref tip="lst" cel="genr.0o.BIO"
      lst="voko:zoologiaj_genroj">genro</ref> el familio <ref
      tip="malprt" cel="klupee.0oj">klupeedoj</ref>
      (<trd lng="la">Alosa</trd>):
      <ekz>
        &scirc;i vidi&gcirc;is nerezisteble alloga en vesto, kies fasonon &scirc;i 
        elpensis, kaj kun unu el la longaj <tld/>-vertebraj kolieroj, 
        kiujn &scirc;i mem faris
        <fnt><aut>G. Garc&iacute;a M&aacute;rquez, trad. F. de Diego</aut>, <vrk>Cent 
        Jaroj da Soleco</vrk>, <lok>Fonto, 1992</lok></fnt>.
      </ekz>
    </dif>
  </snc>
  <trdgrp lng="cs">
    <trd>aleš</trd>,
    <trd>jes</trd>,
    <trd>podmořanka</trd>
  </trdgrp>
  <trdgrp lng="de">
    <trd>Alse</trd>,
    <trd>Maifisch</trd>
  </trdgrp>
  <trd lng="en">shad</trd>
  <trdgrp lng="es">
     <trd>alosa</trd>,
     <trd>s&aacute;balo</trd>
  </trdgrp>
  <trd lng="fr">alose</trd>
  <trd lng="he">&ayin;&lamed;&vav;&zayin;&he;</trd>
  <trdgrp lng="hu">
    <trd>fatty&uacute;hering</trd>,
    <trd>v&aacute;ndor al&oacute;za</trd>,
  </trdgrp>
  <trd lng="it">alaccia</trd>
  <trdgrp lng="nl">
    <trd>meivis</trd>,
    <trd>elft</trd>
  </trdgrp>
  <trdgrp lng="pt">
    <trd>alosa</trd>,
    <trd>s&aacute;vel</trd>,
    <trd>savelha</trd>
  </trdgrp>
  <trdgrp lng="ru">
    <trd>&c_s;&c_je;&c_l;&c_mol;&c_d;&c_mol;-&c_p;&c_u;&c_z;&c_a;&c_n;&c_k;&c_a;</trd>,
    <trd>&c_sh;&c_je;&c_d;</trd>
  </trdgrp>
  <trd lng="sk">druh sleďa</trd>
</drv>
</art>
<!--
$Log: aloz.xml,v $
Revision 1.16  2015/07/04 08:37:30  revo
aldono de trd cs per skripto de M. von Laer

Revision 1.15  2015/06/28 12:03:35  revo
aldono de trd sk per skripto de M. von Laer

Revision 1.14  2013/10/03 08:11:06  revo
Wolfram Diestel: listo fisxoj

Revision 1.13  2013/09/01 15:10:58  revo
Wolfram Diestel: referenco al listo zoo genroj

Revision 1.12  2010/08/19 16:30:19  revo
Agustin Garcia Lopez: +trd es (-o)

Revision 1.11  2007/04/19 16:30:37  revo
Jeromo Vasxe: + ekz

Revision 1.10  2002/06/26 19:29:47  revo
Allon Rothfarb: +trd he

Revision 1.9  2002/06/22 12:59:20  revo
Jozefo Horvath: kor. trd hu

Revision 1.8  2002/06/20 17:31:31  revo
Jozefo Horvath: +trd hu

Revision 1.7  2002/03/22 17:32:28  revo
-->
</vortaro>
