<?xml version="1.0"?>
<!DOCTYPE vortaro SYSTEM "../dtd/vokoxml.dtd">

<vortaro>
<art mrk="$Id: alp.xml,v 1.14 2017/03/06 23:10:21 revo Exp $">
<kap>
<rad>alp</rad>/o <fnt><bib>PIV1</bib></fnt>
 </kap>

<drv mrk="alp.0o">
<kap><tld/>o</kap>
<snc mrk="alp.0o.AGR"> 
  <uzo tip="fak">AGR</uzo>  
  <dif>
    Alta zono en montaro, herbokovrita en somero kaj tiam pa&scirc;tejo
    de &scirc;afoj a&ubreve; aliaj brutoj;
    <ref tip="sin" cel="pasxt.somer0ejo.AGR">somerpa&scirc;tejo</ref>:
    <ekz>
      la ekskursantoj atingis, fine, la supron de monto kun bela
      verda <tld/>o kaj aro da bovinoj
      <fnt>
        <vrk><url
 ref="http://miresperanto.narod.ru/por_infanoj/shercetoj_por_infanoj/03.htm">
            Cent
            &scirc;ercetoj por infanoj</url></vrk>,
        <lok>3</lok>
     </fnt>
   </ekz>
 </dif>
  <trd lng="ca">estatge alp&iacute;</trd>
  <trd lng="fr">alpage</trd>
  <trdgrp lng="hu">
    <trd>havasi <ind>legel&odblac;</ind></trd>,
    <trd>alpesi <ind>legel&odblac;</ind></trd>
 </trdgrp>
  <trd lng="it">alpeggio</trd>
  <trdgrp lng="ru">
    <trd>&c_v;&c_y;&c_s;&c_o;&c_k;&c_o;&c_g;&c_o;&c_r;&c_n;&c_o;&c_je; &c_p;&c_a;&c_s;&c_t;&c_b;&c_i;&c_shch;&c_je;</trd>,
    <trd>&c_a;&c_l;&c_mol;&c_p;&c_i;&c_j;&c_s;&c_k;&c_i;&c_j; &c_l;&c_u;&c_g;</trd>
 </trdgrp>
 <trd lng="sk">vysokohorsk&aacute; pastvina</trd>
 </snc>
  <snc mrk="alp.0o.GEOG">
  <fnt><bib>PIV1</bib></fnt>
  <uzo tip="fak">GEOG</uzo>
  <dif>
    Monto, sur kiu estas somerpa&scirc;tejoj.
  </dif>
  <rim>
    &Ccirc;i tiu signifo, elpensita por pravigi la nomon de la montaro
    &leftquot;<ref cel="alp.A0oj">la <tld lit="A"/>oj</ref>&rightquot;, reale ne
    ekzistas.
    <aut>Sergio Pokrovskij</aut>
  </rim>
 </snc>
<rim>
  Tiu vorto aperis en la Esperanta-germana kaj germana-Esperanta
  vortaroj de Hermann J&uuml;rgensen (redaktitaj de &Z;, tial la
  marko pri zamenhofeco). En Esperanto &gcirc;i restas vorto malofta,
  tre malmulte konata. &Gcirc;iaj deriva&jcirc;oj atestas pri du malkoneraj
  etimoj.

  <em>Unue,</em> la signifo germana, kiun donas la vortaroj,
  kaj kiu aperas en la terminoj ekologie-geografiaj
  (la alpa klimata zono ktp, kiaj ekzistas en &ccirc;iuj gravaj
  montaroj).

  <em>Due,</em> la signifo de la kelta (ekzemple ga&ubreve;la, kimra)
  etimo <ctl>alta, kruta, ne&gcirc;okovrita montego</ctl>, kiu aperas en
  la
  montara nomo &leftquot;<ref cel="alp.A0oj">la <tld lit="A"/>oj</ref>&rightquot;,
  en <ctl><tld/>isto</ctl> = montogrimpisto ktp. La pastoralaj
  bovinoj sur alpaj pa&scirc;tejoj ne grimpas krutajn deklivojn.
  <aut>Sergio Pokrovskij</aut>
</rim>
<trd lng="cs">alpa</trd>
<trd lng="sk">vysokohorsk&aacute; pastvina</trd>
 </drv>

<drv mrk="alp.A0oj">
<kap><tld lit="A"/>oj,
  <var><kap><tld lit="A"/>a Montaro</kap></var></kap>
<snc mrk="alp.A0oj.GEOG">
  <uzo tip="fak">GEOG</uzo>
  <dif>
    E&ubreve;ropa alta
    <ref tip="lst" cel="mont.0aro"
    lst="voko:montaroj">montaro</ref>
    kovranta Svislandon kaj parte najbarajn landojn Francujo,
    Germanujo, A&ubreve;strujo, Slovenujo, Italujo:
    <ekz>
      ili flugis trans la <tld lit="A"/>ojn al la blueta
      Mediteranea
      maro
      <fnt><bib>Fab4</bib>,
        <lok>Filino de la mar&ccirc;a re&gcirc;o</lok></fnt>;
   </ekz><ekz>
      <ctl>Alternativa lernejo en <tld lit="A"/>a montaro</ctl>
      <fnt>
        <aut>G. Cool</aut>,
        <lok><url
        ref="http://www.ilei.info/ipr/ipr054.pdf">Internacia
            Pedagogia Revuo, 2005-04</url></lok>
     </fnt>.
   </ekz>
 </dif>
</snc>
<rim>
  Male ol la regulaj propraj nomoj, kiuj ideale en Esperanto
  estas ununombraj kaj senartikolaj (Tibeto, Pamiro, Himalajo
  ktp), <ctl>la <tld lit="A"/>oj</ctl> preska&ubreve; &ccirc;iam aperas
  plurnombre kaj artikolate. Iuj (ekz-e PMEG) klarigas tion
  prezentante &gcirc;in kiel propran nomon priskriban (faritan el la
  komuna vorto <tld/>o, do simila al <ctl>la Norda
  maro</ctl>). Tamen la vorto <ctl><tld/>o</ctl> estas tro
  malmulte konata (krom eble al la &gcirc;ermanlingvanoj), kaj,
  pli grave, &gcirc;ia esperanta signifo ne ta&ubreve;gas por klarigi tian
  priskribon. Probable temas pri hejmlingva inercio de la
  e&ubreve;ropanoj (malpli forta en la okazo de la malproksima
  <ctl>Himalajo</ctl>).
  <aut>Sergio Pokrovskij</aut>
</rim>
<trd lng="ca">els Alps</trd>
<trd lng="de">Alpen</trd>
<trd lng="fr">les <ind>Alpes</ind></trd>
<trd lng="hu">az <ind>Alpok</ind></trd>
<trd lng="it">le <ind>Alpi</ind></trd>
<trd lng="pl">Alpy</trd>
<trd lng="ru">&c_A;&c_l;&c_mol;&c_p;&c_y;</trd>
 </drv>

<drv mrk="alp.0ismo">
<kap><tld/>ismo</kap>
<snc mrk="alp.0ismo.SPO">
  <uzo tip="fak">SPO</uzo>
  <dif>
    Sporta montgrimpado:
    <ekz>
      tiu rakonto de la mona&hcirc;o Fra Salimbena, estas konata kiel la
      unua rakonto pri <tld/>ismo
      <fnt>
        <aut>Christian</aut>,
        <vrk><url
                ref="http://perso.wanadoo.fr/esperanto-conflent/canigou.htm">
            Suprenirado al monto &#171;Canigo&#187;</url></vrk>,
        <lok>[vidita en 2006]</lok>
     </fnt>.
   </ekz>
 </dif>
  <rim mrk="alp.0ismo.RIM_SNC">
    La vorto imitas naciajn formojn, sed ne tute pravigeblas:
    alpismon oni faras ne sur alpoj a&ubreve; sur alpomontoj, sed sur
    kruta&jcirc;oj.
 </rim>
 </snc>
<trd lng="ca">alpinisme</trd>
<trdgrp lng="cs">
  <trd>alpinistika</trd>,
  <trd>alpinizmus</trd>,
  <trd>horolezectv&iacute;</trd>
 </trdgrp>
<trd lng="de">Alpinismus</trd>
<trd lng="fr">alpinisme</trd>
<trd lng="hu">alpinizmus</trd>
<trd lng="it">alpinismo</trd>
<trd lng="pl">alpinizm</trd>
<trd lng="ru">&c_a;&c_l;&c_mol;&c_p;&c_i;&c_n;&c_i;&c_z;&c_m;</trd>
<trd lng="sk">horolezectvo</trd>
 </drv>

<drv mrk="alp.0isto">
<kap><tld/>isto</kap>
<snc mrk="alp.0isto.SPO">
  <dif>
    Montgrimpisto:
    <ekz>
      <ctl><tld/>ista vesperkanto</ctl>
      <fnt>
        <aut>J. A. Henne, trad. H. Hammer</aut>,
        <vrk>Svisa Antologio</vrk>,
        <lok>1909</lok>
     </fnt>;
   </ekz>
   <ekz>
      koncernaj departementoj kolektis pli ol 300 kamionojn da
      rubo
      el stabejo de <tld/>istoj de Qomolangma sole de 1995 &gcirc;is
      2001
      <fnt>
        <aut>&Ccirc;ina Radio Internacia</aut>,
        <vrk><url
 ref="http://es.chinabroadcast.cn/1/2004/11/05/1@16800.htm"
            >Por ke la loko restu pura</url></vrk>,
        <lok>2004-11-05</lok></fnt>.
   </ekz>
 </dif>
  <trd lng="ca">alpinista</trd>
  <trd lng="de">Alpinist</trd>
  <trd lng="fr">alpiniste</trd>
  <trd lng="hu">alpinista</trd>
  <trd lng="it">alpinista</trd>
  <trd lng="pl">alpinista</trd>
  <trd lng="ru">&c_a;&c_l;&c_mol;&c_p;&c_i;&c_n;&c_i;&c_s;&c_t;</trd>
 </snc>
<!--
    &jcirc;v 2014-12-06 forkomentis
    
    <snc mrk="alp.0isto.AGR">
      <uzo tip="fak">AGR</uzo>
      <dif>Tiu kiu gardas a&ubreve; regas la bestaro pa&scirc;tanta sur la
      alpon</dif>
      <trd lng="ca">pastor alpestre</trd>
      <trdgrp lng="it">
        <trd>malghese</trd>
        <trd>malgaro</trd>
 </trdgrp>
 </snc>
-->
<trd lng="sk">horolezec</trd>
<trdgrp lng="cs">
  <trd>alpinista</trd>,
  <trd>horolezec</trd>
 </trdgrp>
 </drv>
 </art>

<!--
$Log: alp.xml,v $
Revision 1.14  2017/03/06 23:10:21  revo
Jeromo Vasxe: Esperanro -> Esperanto

Revision 1.13  2016/02/26 05:10:16  revo
Sergio Pokrovskij: +rim x 2

Revision 1.12  2015/07/04 08:37:30  revo
aldono de trd cs per skripto de M. von Laer

Revision 1.11  2015/06/28 12:03:35  revo
aldono de trd sk per skripto de M. von Laer

Revision 1.10  2014/12/06 23:10:20  revo
Jeromo Vasxe: ~o + snc piva, ~isto forigis neatestitan snc kun
misgramatika difino

Revision 1.9  2013/08/23 10:10:11  revo
Wolfram Diestel: referencoj al listo montaroj

Revision 1.8  2011/12/03 20:10:15  revo
Marc Rausell: kataluna traduko

-->
 </vortaro>
