<?xml version="1.0"?>
<!DOCTYPE vortaro SYSTEM "../dtd/vokoxml.dtd">

<vortaro>
<art mrk="$Id: alpinism.xml,v 1.4 2015/07/04 08:37:30 revo Exp $">
<kap>
  <rad>alpinism</rad>/o <fnt><bib>NePiv</bib></fnt>
</kap>
<drv mrk="alpinism.0o">
  <kap><tld/>o</kap>
  <uzo tip="stl">EVI</uzo>
  <snc mrk="alpinism.0o.SPO">
    <uzo tip="fak">SPO</uzo>
    <ref tip="dif" cel="alp.0ismo.SPO">alpismo</ref>
    <ekz>
      &scirc;i ekinteresi&gcirc;is pri montoj: foliumis multajn librojn, &ccirc;ie ser&ccirc;is 
      artikolojn pri tio, ali&gcirc;is al la sekcio de <tld/>o
      <fnt>
      <aut>O. Po&scirc;ivana</aut>,
      <vrk><url
      ref="http://donh.best.vwh.net/Esperanto/Literaturo/Noveloj/montarano.html">Kruda
      montarano</url></vrk>,
      <lok>fido7.esperanto.rus, 1999-06</lok>
      </fnt>.
    </ekz>
  </snc>
  <!-- formon evitindan prefere ne traduku -->
  <trd lng="sk">horolezectvo</trd>
  <trdgrp lng="cs">
    <trd>alpinistika</trd>,
    <trd>alpinizmus</trd>,
    <trd>horolezectví</trd>
  </trdgrp>
</drv>
</art>

<!--
$Log: alpinism.xml,v $
Revision 1.4  2015/07/04 08:37:30  revo
aldono de trd cs per skripto de M. von Laer

Revision 1.3  2015/06/28 12:03:35  revo
aldono de trd sk per skripto de M. von Laer

Revision 1.2  2013/04/19 11:10:08  revo
Jeromo Vasxe: + evi

Revision 1.1  2006/05/20 16:31:30  revo
Jeromo Vasxe: nova artikolo

-->
</vortaro>
