<?xml version="1.0"?>
<!DOCTYPE vortaro SYSTEM "../dtd/vokoxml.dtd">

<vortaro>
<art mrk="$Id: alpinist.xml,v 1.4 2015/07/04 08:37:30 revo Exp $">
<kap>
  <rad>alpinist</rad>/o <fnt><bib>NePiv</bib></fnt>
</kap>
<drv mrk="alpinist.0o">
  <kap><tld/>o</kap>
  <snc mrk="alpinist.0o.SPO">
    <ref tip="dif" cel="alp.0isto.SPO">alpisto</ref>
      <ekz>
        &ccirc;iuj niaj <tld/>aj akrobata&jcirc;oj &scirc;ajnas esti infana ludo
        <fnt>
          <aut>Vladimir Glazunov</aut>,
          <vrk><url ref="http://donh.best.vwh.net/Esperanto/Literaturo/Noveloj/Cxarmo.html">La &ccirc;armo de &Ccirc;ielmontaro</url></vrk>,
          <lok>Fonto, numero 37a</lok>
        </fnt>;
      </ekz>
      <ekz>
        li konati&gcirc;is kun Linko, grava monda <tld/>o
        <fnt>
          <aut>P. Mladenovic</aut>,
          <vrk><url ref="http://www.china.org.cn/EL/EL/ElPopolaCxinio/bd98-8-12.html">Tibor Sekelj &ndash; filo de la naturo</url></vrk>,
          <lok>El popola &Ccirc;inio, 1998-08</lok>
        </fnt>.
      </ekz>
  </snc>
  <trdgrp lng="cs">
    <trd>alpinista</trd>,
    <trd>horolezec</trd>
  </trdgrp>
  <trd lng="de">Alpinist</trd>
  <trd lng="sk">horolezec</trd>
</drv>
</art>

<!--
$Log: alpinist.xml,v $
Revision 1.4  2015/07/04 08:37:30  revo
aldono de trd cs per skripto de M. von Laer

Revision 1.3  2015/06/28 12:03:35  revo
aldono de trd sk per skripto de M. von Laer

Revision 1.2  2006/05/27 18:00:43  revo
Wieland Pusch: +trd de

Revision 1.1  2006/05/20 16:31:34  revo
Jeromo Vasxe: nova artikolo

-->
</vortaro>
