<?xml version="1.0"?>
<!DOCTYPE vortaro SYSTEM "../dtd/vokoxml.dtd">

<vortaro>
<art mrk="$Id: alsin.xml,v 1.13 2012/07/14 19:10:25 revo Exp $">
<kap>
  <rad>alsin</rad>/o
</kap>
<drv mrk="alsin.0o">
  <kap><tld/>o</kap>
  <snc>
    <ref tip="dif" cel="stelari.0o">stelario</ref>
  </snc>
  <trd lng="be">&c_z;&c_o;&c_r;&c_k;&c_a;&c_w;&c_k;&c_a;</trd>
  <trdgrp lng="ca">
    <trd>morr&oacute;</trd>,
    <trd>r&egrave;vola</trd>,
    <trd>g&egrave;nere Stellaria</trd>
  </trdgrp>
  <trd lng="de">Miere</trd>
  <trd lng="en">Stellaria</trd>
  <trd lng="hu">csillagh&uacute;r</trd>
  <trd lng="nl">muur<klr tip="ind"> (plant)</klr></trd>
  <trd lng="ru">&c_z;&c_v;&c_je;&c_z;&c_d;&c_ch;&c_a;&c_t;&c_k;&c_a;</trd>
  <trd lng="it">alsina</trd>
</drv>
</art>
<!--
$Log: alsin.xml,v $
Revision 1.13  2012/07/14 19:10:25  revo
Marc Rausell: + trd ca

Revision 1.12  2009/07/01 17:22:10  revo
Paul Peeraerts: +trd nl

Revision 1.11  2009/02/26 17:31:28  revo
Antonio Codazzi: +trd it

Revision 1.10  2007/02/09 17:30:26  revo
Jozefo Horvath: +trd hu

Revision 1.9  2004/03/09 17:31:48  revo
Dmitri Gabinski: +trd be

Revision 1.8  2003/02/15 17:35:04  revo
Ulrich Fellmann: + 1 trd = de

Revision 1.7  2002/10/19 18:21:33  revo
Christopher Zervic: korektis ang

Revision 1.6  2002/10/01 16:36:29  revo
-->
</vortaro>
