<?xml version="1.0"?>
<!DOCTYPE vortaro SYSTEM "../dtd/vokoxml.dtd">

<vortaro>
  <art mrk="$Id: altar.xml,v 1.35 2017/11/28 02:10:20 revo Exp $">
    <kap>
      <ofc>*</ofc>
      <rad>altar</rad>/o
    </kap>

    <drv mrk="altar.0o">
      <kap><ofc>*</ofc><tld/>o</kap>
      <uzo tip="fak">REL</uzo>
      <snc mrk="altar.0o.ofertablo">
        <dif>
          Rita tablo, sur kiu estas farataj religiaj
          <ref cel="ofer.0ado">oferoj</ref>:
          <ekz>
            kaj Salomono alportadis tri fojojn en jaro bruloferojn
            kaj pacoferojn sur la <tld/>on, kiun li konstruis al
            la Eternulo
            <fnt><bib>MT</bib>, <lok>&Re1; 9:25.</lok></fnt>;
          </ekz><ekz>
            la pastroj starigis sur alta&jcirc;o la <tld/>on de Amon kaj
            komencis pre&gcirc;i
            <fnt><bib>Far2</bib>, <lok>&ccirc;ap. 20.</lok></fnt>.
          </ekz>
        </dif>
        <trdgrp lng="be">
          <trd>&c_a;&c_l;&c_t;&c_a;&c_r;</trd>,
          <trd>&c_a;&c_h;&c_v;&c_ja;&c_r;&c_n;&c_ib;&c_k;</trd>
        </trdgrp>
        <trd lng="nl">offeraltaar</trd>
        <trd lng="ru">&c_zh;&c_je;&c_r;&c_t;&c_v;&c_je;&c_n;&c_n;&c_i;&c_k;</trd>
      </snc>
      <snc mrk="altar.0o.KRI">
        <uzo tip="fak">KRI</uzo>
        <dif>
          Rita tablo, sur kiu okazas
          <ref cel="euxkar.0o">e&ubreve;&hcirc;aristio</ref>.
        </dif>
        <rim>
          En la ortodoksaj <tld/>ejoj estas du tabloj, sur unu el kiuj
          estas preparata <ctl>la ofero</ctl> (oni povus nomi &gcirc;in
          <em>prepartablo</em>), kaj la dua, sur kiu okazas la
          e&ubreve;&hcirc;aristio. &Gcirc;uste tiu dua respondas al la okcidenta
          interpreto de <tld/>o.
          <aut>Sergio Pokrovskij</aut>
        </rim>
        <trdgrp lng="be">
          <trd>&c_a;&c_l;&c_t;&c_a;&c_r;</trd>,
          <trd>&c_p;&c_r;&c_a;&c_s;&c_t;&c_o;&c_l;</trd>
        </trdgrp>
        <trd lng="nl">altaar</trd>
        <trd lng="ru">&c_p;&c_r;&c_je;&c_s;&c_t;&c_o;&c_l;<klr tip="amb">
            (&c_v; &c_a;&c_l;&c_t;&c_a;&c_r;&c_je;)</klr></trd>
      </snc>
      <snc mrk="altar.0o.eklezio">
        <uzo tip="stl">FIG</uzo>
        <dif>
          <ref tip="sin" cel="kirk.0o">Kirko</ref> a&ubreve;
          <ref tip="sin" cel="eklezi.0o">eklezio</ref>:
          <ekz>
            alianco de la Trono kun la <tld lit="A"/>o;
          </ekz><ekz>
            li &scirc;telas de najbaro por doni al <tld/>o
            <fnt><bib>PrV</bib></fnt>;
          </ekz><ekz>
            <ind>bela paro por <tld/>o</ind>
            <klr>(geedzi&gcirc;o)</klr> <fnt><bib>PrV</bib></fnt>;
            <trd lng="hu">az Isten is <ind>egym&aacute;snak</ind> teremtette 
              &odblac;ket</trd>
          </ekz><ekz>
            <ind>ricevi grizan haron ne vidinte <tld/>on</ind>
            <klr>(maljuni&gcirc;i fra&ubreve;le)</klr> 
            <fnt><bib>PrV</bib></fnt>.
            <trd lng="hu">p&aacute;rt&aacute;ban marad</trd>
          </ekz>
        </dif>
        <trd lng="be">&c_a;&c_l;&c_t;&c_a;&c_r;</trd>
        <trd lng="nl">altaar</trd>
        <trd lng="ru">&c_a;&c_l;&c_t;&c_a;&c_r;&c_mol;</trd>
      </snc>
  <trd lng="br">aoter</trd>
  <trd lng="cs">olt&aacute;&rcaron;</trd>
  <trd lng="de">Altar</trd>
  <trd lng="en">altar</trd>
  <trd lng="es">altar</trd>
  <trd lng="fr">autel</trd>
  <trd lng="hu">olt&aacute;r</trd>
  <trd lng="it">altare</trd>
  <trd lng="pl">o&lstroke;tarz</trd>
  <trd lng="pt">altar</trd>
  <trd lng="ro">altar</trd>
  <trd lng="sk">olt&aacute;r</trd>
</drv>

    <drv mrk="altar.A0o">
      <kap><tld lit="A"/>o
        <fnt>
          <aut>Galad&iacute;-Enr&iacute;quez, David; Wandel, Amri</aut>:
          <vrk>La kosmo kaj ni. Galaksioj, planedoj kaj vivo en la
          universo</vrk>.
          <lok>FEL, Antverpeno, 2005</lok>
        </fnt>
      </kap>
      <mlg>Ara</mlg>
      <snc>
        <dif>
          <ref tip="lst" cel="stel.0figuro"
          lst="voko:stelfiguroj">Stelfiguro</ref> de la suda duonsfero
          (<trd lng="la">Ara</trd>).
        </dif>
      </snc>
  <trd lng="cs">olt&aacute;&rcaron;</trd>
  <trd lng="de">Altar</trd>
  <trd lng="en">Ara</trd>
  <trd lng="es">Altar</trd>
  <trd lng="fr">Autel<klr tip="ind"> (constellation)</klr></trd>
  <trd lng="hu">Olt&aacute;r</trd>
  <trd lng="nl">Altaar<klr tip="ind"> (sterrenbeeld)</klr></trd>
  <trd lng="pl">O&lstroke;tarz</trd>
  <trd lng="ru">&c_Zh;&c_je;&c_r;&c_t;&c_v;&c_je;&c_n;&c_n;&c_i;&c_k;</trd>
  <trd lng="sk">olt&aacute;r</trd>
</drv>

    <drv mrk="altar.0ejo">
      <kap><tld/>ejo</kap>
      <snc>
        <uzo tip="fak">KRI</uzo>
        <dif>
          Tiu parto de <ref tip="malprt" cel="kirk.0o">kirko</ref>
          kie situas <ref cel="altar.0o.KRI"><tld/>o<sncref/></ref>:
          <ekz>
            anta&ubreve; sia plilar&gcirc;igo dum la 18-a jarcento <klr>...</klr>
            &gcirc;i estis ununava baziliko kun <tld/>ejo en gotika stilo
            <fnt>
              <vrk><url
              ref="http://www.mbudejovice.cz/es_kostel_sv_jilji.asp"
                  >Kirko de S-ta Egido</url></vrk>
            </fnt>;
          </ekz><ekz>
            en ortodoksa kirko la &ccirc;efa <tld/>ejo okupas ties orientan 
            parton kaj estas apartigita disde la
            <ref cel="hxor.0ejo">&hcirc;orejo</ref>
            per <ref cel="ikonostaz.0o">ikonostazo</ref>.
          </ekz>
        </dif>
        <rim>
          La PIV-oj malhavas trafan nomon por tiu nocio; en la
          artikolo pri <ctl>ikonostazo</ctl> PIV2 provas nomi &gcirc;in
          <ctl>sanktejo</ctl>, tamen en Esperanto estas forta tradicio
          uzi tiun vorton por tutaj temploj (kaj tion prave prezentas
          PIV2 difinante <ctl>sanktejo</ctl>n mem).
          <aut>Sergio Pokrovskij</aut>
        </rim>
      </snc>
  <trd lng="be">&c_a;&c_l;&c_t;&c_a;&c_r;</trd>
  <trdgrp lng="cs">
    <trd>presbyterium</trd>,
    <trd>presbyt&aacute;&rcaron;</trd>
  </trdgrp>
  <trdgrp lng="de">
        <trd>Chor<klr> (Altarraum)</klr></trd>,
        <trd>Presbyterium</trd>,
        <trd>Altarraum</trd>
      </trdgrp>
  <trdgrp lng="en">
        <trd>chancel</trd>,
        <trd>presbyterium</trd>,
        <trd>sanctuary</trd>
      </trdgrp>
  <trd lng="hu">szent&eacute;ly</trd>
  <trdgrp lng="nl">
      <trd>presbyterium</trd>,
      <trd>koor</trd>
  </trdgrp>
  <trd lng="pl">o&lstroke;tarz</trd>   
  <trd lng="ru">&c_a;&c_l;&c_t;&c_a;&c_r;&c_mol;</trd>
  <trd lng="sk">presbyt&eacute;rium</trd>
</drv>

    <drv mrk="altar.krom0ejo">
      <kap>krom<tld/>ejo</kap>
      <snc>
        <uzo tip="fak">KRI</uzo>
        <dif>
          Parto de <ref tip="malprt" cel="kirk.0ego">kirkego</ref>
          entenanta kroman <tld/>on kaj ceterajn partojn necesajn por
          servi liturgion:
          <ekz>
            la krom<tld/>ejoj ebligas samtage okazigi plurajn
            e&ubreve;&hcirc;aristiojn en unu sama kirkego, evitante la tradician
            malpermeson servi liturgion pli ol solfoje dum la tago sur
            unu sama <tld/>o.
          </ekz>
        </dif>
        <trd lng="be">&c_p;&c_r;&c_y;&c_d;&c_z;&c_je;&c_l;</trd>
        <trdgrp lng="en">
          <trd>side-chapel</trd>,
          <trd>sacrarium</trd>,
          <trd>aisle</trd>
        </trdgrp>
        <trd lng="hu">oldalk&aacute;polna</trd>  
        <trd lng="nl">zijaltaar</trd> 
        <trd lng="pl">boczny <ind>o&lstroke;tarz</ind></trd>
        <trdgrp lng="ru">
          <trd>&c_p;&c_r;&c_i;&c_d;&c_je;&c_l;</trd>,
          <trd>&c_p;&c_a;&c_r;&c_a;&c_je;&c_k;&c_k;&c_l;&c_je;&c_s;&c_i;&c_ja;</trd>
        </trdgrp>
      </snc>
    </drv>
  </art>
  <!--
  $Log: altar.xml,v $
  Revision 1.35  2017/11/28 02:10:20  revo
  Vito Redsky: +trd ro +trd pl

  Revision 1.34  2017/04/18 11:10:12  revo
  Ludoviko Francisco: +fnt

  Revision 1.33  2017/04/10 08:10:19  revo
  Ludoviko Francisco: trd fr

  Revision 1.32  2017/04/06 10:10:14  revo
  Ludoviko Francisco: +ref lst stelfiguroj

  Revision 1.31  2015/07/04 08:37:30  revo
  aldono de trd cs per skripto de M. von Laer

  Revision 1.30  2015/06/28 12:03:35  revo
  aldono de trd sk per skripto de M. von Laer

  Revision 1.29  2009/08/18 19:18:58  revo
  Paul Peeraerts: +trd nl

  Revision 1.28  2009/05/04 16:31:24  revo
  Jozefo Horvath: +trd hu

  Revision 1.27  2008/06/20 16:30:15  revo
  Sergio Pokrovskij: +ekz

  Revision 1.26  2008/06/19 16:44:23  revo
  Sergio Pokrovskij: +trd=en,ru

  Revision 1.25  2007/06/10 16:31:42  revo
  Wieland Pusch: +trd de

  Revision 1.24  2006/10/01 16:30:32  revo
  Sergio Pokrovskij: kor rim

  Revision 1.23  2006/01/27 17:31:20  revo
  H. Neal Parker: +drv

  Revision 1.22  2005/05/24 16:35:10  revo
  Jozefo Horvath: +trd hu

  Revision 1.21  2005/04/06 16:32:40  revo
  Alan ar Gall: +trd br

  Revision 1.20  2005/03/09 18:18:46  revo
  Dmitri Gabinski: +trd be

  Revision 1.19  2003/06/09 16:30:38  revo
  Wolfram Diestel: kor. mrk

  Revision 1.18  2003/03/10 17:33:38  revo
  Sergio Pokrovskij: poluro, krom~ejo

  Revision 1.17  2003/03/06 17:10:16  revo
  Sergio Pokrovskij: -tajperaro

  Revision 1.16  2003/03/05 17:36:54  revo
  -->
</vortaro>
