<?xml version="1.0"?>
<!DOCTYPE vortaro SYSTEM "../dtd/vokoxml.dtd">

<vortaro>
<art mrk="$Id: altaj.xml,v 1.16 2017/03/07 18:10:18 revo Exp $">
<kap>
  <rad>Altaj</rad>/o <fnt><bib>PIV1</bib></fnt>
</kap>
<drv mrk="altaj.A0o">
  <kap><tld/>o</kap>
  <snc mrk="altaj.A0o.GEOG">
    <uzo tip="fak">GEOG</uzo>
    <dif>
      <ref tip="lst" cel="mont.0aro" lst="voko:montaroj">Montaro</ref>, 
      pli ol 2000km longa, inter Centra <ref tip="malprt"
      cel="azi.A0o">Azio</ref>
      kaj <ref cel="siberi.S0o">Siberio</ref>, sur la teritorioj de
      la <ref cel="rus.R0aFederacio">Ruslanda Federacio</ref>,
      Kaza&hcirc;ujo kaj Mongolujo, formanta akvodisigan limon inter la
      basenoj de <ref cel="ob.O0o">Obo</ref>,
      <ref cel="irtisx.I0o">Irti&scirc;o</ref>,
      <ref cel="jenisej.J0o">Jenisejo</ref> kaj la sendefluaj riveroj de
      Centra Azio:
      <ekz>
        mongoloj <klr>[...]</klr> delonge lo&gcirc;is dum multmiljaroj
        <klr>[...]</klr> inter la lago Bajkalo kaj Granda Muro, kaj la
        montaroj Hingano kaj <tld/>o
        <fnt>
          <bib>Viki</bib>
          <lok><url
          ref='https://eo.wikipedia.org/?curid=2816'>Mongolio</url></lok>
        </fnt>;
      </ekz>
      <ekz>
        <tld/>o monta kaj ebena: raporto pri perbicikla voja&gcirc;o tra
        <tld/>a regiono
        <fnt>
          <aut>D. M. Cibulevskij</aut>,
          <vrk>Altajo monta kaj ebena</vrk>,
          <lok>2006</lok>
        </fnt>.
      </ekz>
    </dif>
  </snc>
  <trd lng="be">&c_A;&c_l;&c_t;&c_a;&c_j;</trd>
  <trd lng="ca">Altai</trd>
  <trd lng="cs">Altaj</trd>
  <trdgrp lng="de">
    <trd>Altaigebirge</trd>,
    <trd>Altai</trd>
  </trdgrp>
  <trd lng="en">Altai</trd>
  <trd lng="fr">Alta&iuml;</trd>
  <trd lng="hu">Altaj</trd>
  <trd lng="nl">Altai</trd>
  <trd lng="ru">&c_A;&c_l;&c_t;&c_a;&c_j;</trd>
  <trd lng="sk">Altaj</trd>
</drv>

<drv mrk="altaj.0a.lingvofamilio">
  <kap><tld lit="a"/>a lingvofamilio,
  <var><kap><tld lit="a"/>a lingvaro</kap></var></kap>
  <snc>
    <uzo tip="fak">LIN</uzo>
    <dif>
      Hipoteze rekonstruata superfamilio konsistanta el la
      tjurka, mongola kaj tungusa-man&ccirc;ura lingvofamilioj:
      <ekz>
        la man&ccirc;ura lingvo estas pli bone konata inter la okcidentanoj 
        sub la nomo de tungusa, apartenanta al la <tld lit="a"/>a lingva
        familio, 
        kune kun la lingvoj de la aliaj &ccirc;efaj invadintoj en &Ccirc;inion, 
        la mongolaj kaj la turkaj
        <fnt>
          <bib>Monato</bib>
          <vrk><url ref='http://www.esperanto.be/fel/mon/007025.html'>
          La Man&ccirc;ura: Formortanta lingvo de malplimulto en
          &Ccirc;inio</url></vrk>
        </fnt>;
      </ekz>
      <ekz>
        iuj lingvistoj proponis rilaton kun la <tld lit="a"/>a
        lingvaro a&ubreve; la japana lingvo
        <fnt>
          <vrk><url
          ref='http://lingvo.info/eo/babylon/language_families'>Lingvofamilioj
          / Babilono :: lingvo.info</url></vrk>
        </fnt>.
      </ekz>
    </dif>
  </snc>
  <trd lng="be">&c_a;&c_l;&c_t;&c_a;&c_j;&c_s;&c_k;&c_a;&c_ja; &c_m;&c_o;&c_w;&c_n;&c_a;&c_ja; &c_s;&c_ja;&c_m;'&c_ja;</trd>
  <trd lng="ca">fam&iacute;lia altaica</trd>
  <trd lng="de">altaische Sprachfamilie</trd>
  <trd lng="en">Altai language family</trd>
  <trd lng="hu">altaji nyelvcsal&aacute;d</trd>
  <trd lng="fr">langues alta&iuml;ques</trd>
  <trd lng="nl">Alta&iuml;sche taalfamilie</trd>
  <trd lng="ru">&c_a;&c_l;&c_t;&c_a;&c_j;&c_s;&c_k;&c_a;&c_ja; &c_s;&c_je;&c_m;&c_mol;&c_ja; &c_ja;&c_z;&c_y;&c_k;&c_o;&c_v;</trd>
</drv>

<drv mrk="altaj.0a.lingvo">
  <kap><tld lit="a"/>a lingvo</kap>
  <snc mrk="altaj.0a.lingvofamilia">
    <uzo tip="fak">LIN</uzo>
    <dif>
      <ref tip="lst" lst="voko:lingvoj" cel="lingv.0o">Lingvo</ref> de
      la
      <ref tip="malprt" cel="altaj.0a.lingvofamilio"><tld lit="a"/>a
      lingvofamilio</ref>:
      <ekz>
        genetike la hungara estas ural-<tld lit="a"/>a (turana), sed &gcirc;i
        draste hinde&ubreve;ropaneci&gcirc;is &#8208; strukture kaj leksikone
        <fnt>
          <vrk><url
          ref='http://neciklopedio.wikia.com/wiki/Hungara_lingvo'>Hungara
          lingvo - Neciklopedio - Wikia</url></vrk>
        </fnt>.
      </ekz>
    </dif>
    <trd lng="hu">altaj nyelv</trd>
    <trd lng="nl">Alta&iuml;sche taal</trd>
  </snc>
  <snc mrk="altaj.0a.lingvoloka">
    <uzo tip="fak">LIN</uzo>
    <dif>
      &Ccirc;iu el la indi&gcirc;enaj lingvoj de <tld/>o.
    </dif>
    <trd lng="hu">altaj nyelv</trd>
  </snc>
  <snc mrk="altaj.0a.lingvoojrota">
    <uzo tip="fak">LIN</uzo>
    <dif>
      La &ccirc;efa indi&gcirc;ena lingvo de <tld/>a Respubliko en
      Ruslando
      (ekse <ctl>la ojrota</ctl>, el la tjurka lingvofamilio):
      <ekz>
        en 1869 en Kazan publiki&gcirc;is detala gramatiko de <tld lit="a"/>a
        lingvo kaj en 1884 &#8208; la unua vortaro
        <fnt>
          <vrk><url
          ref='https://eo.wikipedia.org/wiki/Sudaltaja_lingvo'>Sudaltaja
          lingvo - Vikipedio</url></vrk>
        </fnt>.
      </ekz>
    </dif>
    <trd lng="ca">llengua altai</trd>
  </snc>
  <trd lng="be">&c_a;&c_l;&c_t;&c_a;&c_j;&c_s;&c_k;&c_a;&c_ja; &c_m;&c_o;&c_v;&c_a;</trd>
  <trd lng="ca">llengua altaica</trd>
  <trd lng="de">Altaisch</trd>
  <trd lng="fr">langue alta&iuml;que</trd>
  <trd lng="nl">Alta&iuml;sch</trd>
  <trdgrp lng="hu">
    <trd>altaj nyelv</trd>,
    <trd>ojrot</trd>
  </trdgrp>
  <trd lng="ru">&c_a;&c_l;&c_t;&c_a;&c_j;&c_s;&c_k;&c_i;&c_j; &c_ja;&c_z;&c_y;&c_k;</trd>
  <trd lng="en">Altai</trd>
</drv>
</art>
<!--
$Log: altaj.xml,v $
Revision 1.16  2017/03/07 18:10:18  revo
Jeromo Vasxe: Feferacio -> Federacio

Revision 1.15  2016/12/16 16:10:13  revo
Wolfram Diestel: lst lingvoj

Revision 1.14  2016/12/15 21:10:13  revo
Wolfram Diestel: ekz-oj, ~a lingvaro, movis trd hu al ghusta loko

Revision 1.13  2015/07/04 08:37:30  revo
aldono de trd cs per skripto de M. von Laer

Revision 1.12  2013/08/23 10:10:13  revo
Wolfram Diestel: referencoj al listo montaroj

Revision 1.11  2011/12/08 14:10:10  revo
Marc Rausell: kataluna traduko

Revision 1.10  2004/03/09 17:31:49  revo
Dmitri Gabinski: +trd be

Revision 1.9  2003/05/12 16:32:31  revo
-->
</vortaro>
