<?xml version="1.0"?>
<!DOCTYPE vortaro SYSTEM "../dtd/vokoxml.dtd">

<vortaro>
<art mrk="$Id: altair.xml,v 1.5 2015/07/04 08:37:30 revo Exp $">
<kap>
  <rad>Altair</rad>/o <fnt><bib>PIV1</bib></fnt>
</kap>
<drv mrk="altair.0o">
  <kap><tld/>o</kap>
  <snc mrk="altair.0o.AST">
    <uzo tip="fak">AST</uzo>
    <dif>
      &Ccirc;efa stelo en la stelaro <ref tip="malprt"
      cel="agl.A0o.AST">Aglo</ref>:
      <ekz>
        se mi bone memoras, la boviston kaj la teksistinon reprezentas
        la
        steloj <tld/>o kaj Vego
        <fnt>
        <aut>Don Harlow</aut>,
        <vrk>Bovisto kaj Teksistino</vrk>,
        <lok>soc.culture.esperanto, 1992-02-17</lok>
        </fnt>.
      </ekz>
    </dif>
  </snc>
  <trd lng="be">&c_A;&c_l;&c_mol;&c_t;&c_a;&c_ib;&c_r;</trd>
  <trd lng="cs">Altair</trd>
  <trd lng="de">Altair</trd>
  <trd lng="en">Altair</trd>
  <trd lng="es">Altair</trd>
  <trd lng="fr">Alta&iuml;r</trd>
  <trd lng="he">&alef;&lamed;&tet;&alef;&yod;&resh;</trd>
  <trd lng="it">Altair</trd>
  <trd lng="nl">Altair</trd>
  <trd lng="pl">Altair</trd>
  <trd lng="pt">Altair</trd>
  <trd lng="ru">&c_A;&c_l;&c_mol;&c_t;&c_a;&c_i;&c_r;</trd>
  <trd lng="sk">Altair</trd>
</drv>
</art>

<!--
$Log: altair.xml,v $
Revision 1.5  2015/07/04 08:37:30  revo
aldono de trd cs per skripto de M. von Laer

Revision 1.4  2015/06/28 12:03:35  revo
aldono de trd sk per skripto de M. von Laer

Revision 1.3  2013/03/01 07:10:20  revo
Dmitri Gabinski: redakto: +trd be

Revision 1.2  2009/10/28 17:30:22  revo
Paul Peeraerts: +nl

Revision 1.1  2005/09/13 16:31:00  revo
Jeromo Vasxe: nova artikolo

-->
</vortaro>
