<?xml version="1.0"?>
<!DOCTYPE vortaro SYSTEM "../dtd/vokoxml.dtd">

<vortaro>
<art mrk="$Id: altan.xml,v 1.16 2015/07/04 08:37:30 revo Exp $">
<kap>
  <rad>altan</rad>/o
  <fnt>Z</fnt>
</kap>
<drv mrk="altan.0o">
  <kap><tld/>o</kap>
  <snc>
    <dif>
      Teraso superanta la &ccirc;irka&ubreve;on, plej ofte kun tegmento:
      <ekz>
        en <klr>la urbo</klr> estis videblaj similaj formita&jcirc;oj
        kun turoj kaj kupoloj kaj velformaj <tld/>oj
        <fnt><bib>Fab1</bib>, <lok>Galo&scirc;oj de feli&ccirc;o</lok></fnt>.
      </ekz>
    </dif>
    <trd lng="de">Aussichtsterrasse</trd>
    <trd lng="fr">terrasse panoramique</trd>
    <trd lng="hu">f&ouml;ldterasz</trd>
    <trd lng="pt">palanque</trd>
    <trd lng="it">altana</trd>
  </snc>
  <snc>
    <dif>
      Belvidejo.
    </dif>
    <trd lng="de">Aussichtspunkt</trd>
    <trd lng="fr">belv&eacute;d&egrave;re</trd>
    <trdgrp lng="hu">
      <trd>tet&odblac;terasz</trd>,
      <trd>altana</trd>
    </trdgrp>
    <trdgrp lng="pt">
      <trd>mirante</trd>,
      <trd>belveder</trd>
    </trdgrp>
   <trd lng="it">belvedere</trd>
  </snc>
  <trd lng="be">&c_b;&c_e;&c_l;&c_mol;&c_v;&c_e;&c_d;&c_e;&c_r;</trd>
  <trdgrp lng="cs">
    <trd>altán</trd>,
    <trd>besídka</trd>
  </trdgrp>
  <trd lng="en">overlook</trd>
  <trd lng="nl">uitkijkpunt</trd>
  <trd lng="ru">&c_b;&c_je;&c_l;&c_mol;&c_v;&c_je;&c_d;&c_je;&c_r;</trd>
  <trdgrp lng="sk">
    <trd>rozhľadňa</trd>,
    <trd>vyvýšená terasa</trd>
  </trdgrp>
</drv>
</art>
<!--
$Log: altan.xml,v $
Revision 1.16  2015/07/04 08:37:30  revo
aldono de trd cs per skripto de M. von Laer

Revision 1.15  2015/06/28 12:03:35  revo
aldono de trd sk per skripto de M. von Laer

Revision 1.14  2015/06/26 03:10:14  revo
Sergio Pokrovskij: +ekz

Revision 1.13  2009/02/26 17:31:26  revo
Antonio Codazzi: +trd it

Revision 1.12  2005/05/16 17:48:14  revo
Jozefo Horvath: +trd hu, kor. "overlook" al lng en

Revision 1.11  2005/03/09 18:18:44  revo
Dmitri Gabinski: +trd be

Revision 1.10  2004/10/13 16:31:17  revo
Wolfram Diestel: kor. germ trd.

Revision 1.9  2003/02/15 17:35:07  revo
Ulrich Fellmann: + 2 trd = de

Revision 1.8  2002/10/01 16:36:35  revo
Christopher Zervic: + ang

Revision 1.7  2002/02/15 17:36:50  revo
-->
</vortaro>
