<?xml version="1.0"?>
<!DOCTYPE vortaro SYSTEM "../dtd/vokoxml.dtd">

<vortaro>
<art mrk="$Id: altern1.xml,v 1.13 2019/01/27 12:10:19 revo Exp $">
<kap>
  <rad>alternanc</rad>/o
</kap>
<drv mrk="altern1.0o">
  <kap><tld/>o</kap>
  <uzo tip="fak">ELE</uzo>
  <uzo tip="fak">FIZ</uzo>
  <snc>
    <dif>
      Duon<ref tip="malprt" cel="period.0o.funkcio">periodo</ref>
      de alterna fenomeno:
      <ekz>
        diodoj estas naturaj &scirc;altiloj por alterna kurento: <tld/>o okazas kun minimuma
        tensioperdo, dum la sekvanta <tld/>o estas blokita
        <fnt>
          <bib>Viki</bib>
          <lok><url ref="https://eo.wikipedia.org/?curid=298979"
              >&Scirc;altilo</url></lok>
        </fnt>.
      </ekz>
    </dif>
  </snc>
  <trd lng="be">&c_p;&c_a;&c_w;&c_p;&c_e;&c_r;&c_y;&c_ja;&c_d;</trd>
  <trdgrp lng="cs">
    <trd>alternace</trd>,
    <trd>alternanta</trd>,
    <trd>polokmit</trd>,
    <trd>st&rcaron;&iacute;d&aacute;n&iacute;</trd>
  </trdgrp>
  <trdgrp lng="de">
    <trd>halbe Schwingungsdauer</trd>,
    <trd>Alternanz</trd>
  </trdgrp>
  <trd lng="en">half-period</trd>
  <trdgrp lng="es">
    <trd>semiperiodo</trd>,
    <trd>semiper&iacute;odo</trd>
  </trdgrp>
  <trd lng="fr">alternance</trd>
  <trd lng="hu">f&eacute;lperi&oacute;dus</trd>
  <trd lng="ru">&c_p;&c_o;&c_l;&c_u;&c_p;&c_je;&c_r;&c_i;&c_o;&c_d;</trd>
  <trd lng="sk">striedanie</trd>
</drv>
</art>
<!--
$Log: altern1.xml,v $
Revision 1.13  2019/01/27 12:10:19  revo
Wolfram Diestel: +ekz, +ref

Revision 1.12  2015/07/04 08:37:30  revo
aldono de trd cs per skripto de M. von Laer

Revision 1.11  2015/06/28 12:03:35  revo
aldono de trd sk per skripto de M. von Laer

Revision 1.10  2005/04/05 16:33:46  revo
Raul Salinas Monteagudo: +trd es

Revision 1.9  2004/03/09 17:31:52  revo
Dmitri Gabinski: +trd be

Revision 1.8  2002/08/30 07:57:32  revo
Jozefo Horvath: +trd hu

Revision 1.7  2002/02/15 17:36:56  revo
Yury Finkel: +trd ru

Revision 1.6 2001/03/07 17:13:34 revo
-->
</vortaro>
