<?xml version="1.0"?>
<!DOCTYPE vortaro SYSTEM "../dtd/vokoxml.dtd">

<vortaro>
<art mrk="$Id: alte.xml,v 1.24 2018/12/02 11:10:24 revo Exp $">
<kap>
  <ofc>*</ofc>
  <rad>alte</rad>/o <fnt><bib>PV</bib></fnt>
</kap>
<drv mrk="alte.0o">
  <kap><ofc>*</ofc><tld/>o</kap>
  <snc mrk="alte.0o.BOT">
    <uzo tip="fak">BOT</uzo>
    <dif>
      <ref tip="lst" cel="genr.0o.BIO" lst="voko:botanikaj_genroj">Genro</ref> el familio <ref tip="malprt" cel="malvac.0oj">malvacoj</ref>
      (<trd lng="la">Althaea</trd>):
      <ekz>
        la <tld/>o estas rekte staranta sta&ubreve;do kun fortaj tigoj, kiu krome estas valora
        abelnutra planto
        <fnt>
          <bib>Viki</bib>
          <lok><url ref="https://eo.wikipedia.org/?curid=24389">Alteo</url></lok>
        </fnt>.
      </ekz>
    </dif>
    <bld lok="&WCU;/thumb/5/57/Althaea_officinalis04.jpg/360px-Althaea_officinalis04.jpg" prm="CC-BY-SA-3.0">floro kaj folioj de <tld/>o (Althaea officinalis)
        <fnt>
          <aut>Follavoine &ccirc;e fr.wikipedia</aut>
          <lok><url ref="&WCW;/File:Althaea_officinalis04.jpg">https://commons.wikimedia.org/wiki/File:Althaea_officinalis04.jpg</url></lok>
        </fnt>
    </bld>
  </snc>
  <trd lng="bg">&c_b;&c_ja;&c_l;&c_a;
  <ind>&c_r;&c_u;&c_zh;&c_a;</ind></trd>
  <trdgrp lng="ca">
    <trd>g&egrave;nere Althaea</trd>,
    <trd>malv&iacute;, altea</trd>
  </trdgrp>
  <trdgrp lng="cs">
    <trd>ibi&scaron;ek</trd>,
    <trd>proskurn&iacute;k</trd>,
    <trd>sl&eacute;z</trd>
  </trdgrp>
  <trdgrp lng="de">
    <trd>Althee</trd>,
    <trd>Eibisch</trd>
  </trdgrp>
  <trdgrp lng="en">
    <trd>Althea</trd>,
    <trd>hibiscus</trd>
  </trdgrp>
  <trdgrp lng="es">
    <trd>althaea</trd>,
    <trd>altea</trd>
  </trdgrp>
  <trd lng="fr">althaea</trd>
  <trd lng="hu">ziliz</trd>
  <trd lng="nl">heemst</trd>
  <trdgrp lng="pt">
    <trd>alt&eacute;ia</trd>,
    <trd>malva&iacute;sco</trd>
  </trdgrp>
  <trd lng="ru">&c_a;&c_l;&c_t;&c_je;&c_j;</trd>
  <trd lng="sk">ibi&scaron;tek</trd>
</drv>

<drv mrk="alte.roz0o">
  <kap>roz<tld/>o</kap>
  <snc mrk="alte.roz0o.BOT">
    <uzo tip="fak">BOT</uzo>
    <dif>
      <ref tip="dif" cel="alce.0o">Alceo</ref>:
      <ekz>
        per dika mano / responde montras vojon &mdash; /
        jen, roz<tld/>o
        <fnt>
          <aut>Vastalto</aut>,
          <vrk><url ref="http://www.vastalto.com/blog/?m=200705&amp;paged=2">
          Akvosfero</url></vrk>,
          <lok>2007-05-16</lok>
        </fnt>.
      </ekz>
    </dif>
    <trdgrp lng="de">
      <trd>Stockmalve</trd>,
      <trd>Stockrose</trd>
    </trdgrp>
  </snc>
  <trd lng="ca">malva reial</trd>
  <trd lng="cs">proskurn&iacute;k topolovka</trd>
  <trd lng="en">hollyhock</trd>
  <trdgrp lng="es">
    <trd>malva loca</trd>,
    <trd>alcea</trd>,
    <trd>ca&ntilde;amera real</trd>,
    <trd>malcarrota</trd>,
    <trd>malmarriales</trd>,
    <trd>malva</trd>,
    <trd>malva Isabela</trd>,
    <trd>malva arb&oacute;rea</trd>,
    <trd>malva carm&iacute;n</trd>,
    <trd>malva de jard&iacute;n</trd>,
    <trd>malva de la princesa</trd>,
    <trd>malva de la reina</trd>,
    <trd>malva de las Indias</trd>,
    <trd>malva de los huertos</trd>,
    <trd>malva de los jardines</trd>,
    <trd>malva del pr&iacute;ncipe</trd>,
    <trd>malva doble</trd>,
    <trd>malva doncella</trd>,
    <trd>malva encendida</trd>,
    <trd>malva negra</trd>,
    <trd>malva real</trd>,
    <trd>malva real blanca</trd>,
    <trd>malva rosa</trd>,
    <trd>malva r&oacute;sea</trd>,
    <trd>malva sencilla</trd>,
    <trd>malvaloca</trd>,
    <trd>malvavisco</trd>,
    <trd>marvas</trd>,
    <trd>punz&oacute;</trd>,
    <trd>rosa africana</trd>,
    <trd>rosapalo</trd>,
    <trd>vara de San Jos&eacute;</trd>,
    <trd>Atea<klr> (Argentina)</klr></trd>,
    <trd>escarapela<klr> (Argentina)</klr></trd>,
    <trd>malva jaspeada<klr> (Argentina)</klr></trd>,
    <trd>Malvavisco de flor<klr> (Colombia)</klr></trd>,
    <trd>malv&oacute;n silvestre<klr> (Uruguay)</klr></trd>
  </trdgrp>
  <trd lng="fr">rose tr&eacute;mi&egrave;re</trd>
  <trd lng="sk">topo&lcaron;ovka ru&zcaron;ov&aacute;</trd>
</drv>
</art>
<!--
$Log: alte.xml,v $
Revision 1.24  2018/12/02 11:10:24  revo
Wolfram Diestel: roz~o: dif-ref alceo, ~o: ekz, bld

Revision 1.23  2016/07/11 17:10:20  revo
Carlos Garcia: +trd es -o roz-

Revision 1.22  2016/07/10 19:10:20  revo
Russ Williams: +trd en

Revision 1.21  2015/07/04 08:37:30  revo
aldono de trd cs per skripto de M. von Laer

Revision 1.20  2015/06/28 12:03:35  revo
aldono de trd sk per skripto de M. von Laer

Revision 1.19  2013/08/30 14:10:36  revo
Wolfram Diestel: kor. lst-ref

Revision 1.18  2013/08/27 15:10:19  revo
Wolfram Diestel: referenco al listo bot genroj, specioj

Revision 1.17  2013/08/06 09:10:15  revo
-->
</vortaro>
