<?xml version="1.0"?>
<!DOCTYPE vortaro SYSTEM "../dtd/vokoxml.dtd">

<vortaro>
<art mrk="$Id: altern2.xml,v 1.16 2017/09/06 09:10:15 revo Exp $">
<kap>
  <ofc>2</ofc>
  <rad>alternativ</rad>/o
</kap>
<drv mrk="altern2.0o">
  <kap><tld/>o</kap>
  <snc mrk="altern2.0o.dilemo">
    <dif>
      Necesa elekto inter du eblaj kaj kontra&ubreve;aj decidoj:
      <ekz>
        esti malica a&ubreve; stulta, ni penu eviti tiun <tld/>on;
      </ekz>
      <ekz>
        silenti a&ubreve; morti jen kia <tld/>o prezenti&gcirc;is al
        la surprize kaptita gardostaranto;
      </ekz>
      <ekz>
        sin trovi anta&ubreve; <tld/>o;
      </ekz>
      <ekz>
        solvi <tld/>on<fnt>Z</fnt>.
      </ekz>
    </dif>
    <refgrp tip="sin">
      <ref cel="dilem.0o">dilemo</ref>.
    </refgrp>
    <trd lng="de">Dilemma</trd>
  </snc>
  <snc mrk="altern2.0o.elekto">
    <dif>
      Unu el pluraj elekteblaj aferoj:
      <ekz>
        angloj havas pli krudan <tld/>on al la le&gcirc;o de Murphy
        <fnt><aut>Marjorie Boulton</aut>:
        <vrk><url ref="&Monato;/005398.html">Tiu le&gcirc;o de
        Murphy</url></vrk>,
        <bib>Monato</bib>,
        <lok>n-ro 04/1997</lok>.
        </fnt>
      </ekz>
    </dif>
    <trd lng="de">Alternative</trd>
  </snc>
  <trd lng="be">&c_a;&c_l;&c_mol;&c_t;&c_e;&c_r;&c_n;&c_a;&c_t;&c_y;&c_v;&c_a;</trd>
  <trd lng="ca">alternativa</trd>
  <trd lng="cs">alternativa</trd>
  <trd lng="en">alternative</trd>
  <trd lng="es">alternativo</trd>
  <trd lng="fr">alternative</trd>
  <trd lng="nl">alternatief</trd>
  <trd lng="ru">&c_a;&c_l;&c_mol;&c_t;&c_je;&c_r;&c_n;&c_a;&c_t;&c_i;&c_v;&c_a;</trd>
  <trdgrp lng="sk">
    <trd>mo&zcaron;nos&tcaron;</trd>,
    <trd>alternat&iacute;va</trd>
  </trdgrp>
</drv>
</art>
<!--
$Log: altern2.xml,v $
Revision 1.16  2017/09/06 09:10:15  revo
Damien Brucker: -eraro cxe cel en ref

Revision 1.15  2015/07/04 08:37:30  revo
aldono de trd cs per skripto de M. von Laer

Revision 1.14  2012/07/31 09:10:38  revo
Marc Rausell: + trd ca

Revision 1.13  2003/11/01 17:31:36  revo
Dmitri Gabinski: +trd be

Revision 1.12  2003/02/15 17:35:08  revo
Ulrich Fellmann: + 2 trd = de

Revision 1.11  2002/09/07 17:39:49  revo
Viliam Bur: +sk trd

Revision 1.10  2002/05/09 18:43:37  revo
Alejandro Mejia Greene: ald his trd

Revision 1.9  2002/02/15 17:37:18  revo
-->
</vortaro>
