<?xml version="1.0"?>
<!DOCTYPE vortaro SYSTEM "../dtd/vokoxml.dtd">

<vortaro>
<art mrk="$Id: altern3.xml,v 1.17 2019/01/25 18:10:15 revo Exp $">
<kap>
  <rad>alternator</rad>/o
</kap>
<drv mrk="altern3.0o">
  <kap><tld/>o</kap>
  <snc>
  <uzo tip="fak">TEK</uzo>
  <uzo tip="fak">ELE</uzo>
    <dif>
      Me&hcirc;anika <ref tip="dif" cel="genera2.0o">generatoro</ref> de
      alterna kurento per elektromagneta indukto:
      <ekz>
        1872 pluraj alzacaj industriaj societoj instalas al <nom>Belfort</nom> establojn, kiuj
        ebligos al ili konservi la aliron al la franca merkato: <klr>[&#8230;]</klr> Alzaca
        Societo de Mekanikaj Konstrua&jcirc;oj (lokomotivoj, motoroj kaj <tld/>oj...)
        i&gcirc;inta poste <klr>[&#8230;]</klr> <nom>Alstom</nom>
        <fnt>
          <bib>Viki</bib>
          <lok><url ref="https://eo.wikipedia.org/?curid=48212"
              >Belfort</url></lok>
        </fnt>.
      </ekz>
    </dif>
    <ref tip="vid" cel="dinam.0o">dinamo</ref>  
  </snc>
  <trdgrp lng="be">
    <trd>&c_a;&c_l;&c_mol;&c_t;&c_e;&c_r;&c_n;&c_a;&c_t;&c_a;&c_r;</trd>,
    <trd>&c_g;&c_je;&c_n;&c_e;&c_r;&c_a;&c_t;&c_a;&c_r; &c_z;&c_mol;&c_m;&c_je;&c_n;&c_n;&c_a;&c_g;&c_a; &c_t;&c_o;&c_k;&c_u;</trd>
  </trdgrp>
  <trd lng="cs">altern&aacute;tor</trd>
  <trd lng="de">Wechselstromgenerator</trd>
  <trd lng="en">alternator</trd>
  <trd lng="es">alternador</trd>
  <trd lng="fr">alternateur</trd>
  <trd lng="hu">v&aacute;ltkoz&oacute; &aacute;ram&uacute; <ind>gener&aacute;tor</ind></trd>
  <trd lng="nl">alternator</trd>
  <trdgrp lng="pl">
    <trd>alternator</trd>,
    <trd>pr&aogonek;dnica pr&aogonek;du przemiennego</trd>
  </trdgrp>
  <trdgrp lng="ru">
    <trd>&c_a;&c_l;&c_mol;&c_t;&c_je;&c_r;&c_n;&c_a;&c_t;&c_o;&c_r;</trd>,
    <trd>&c_g;&c_je;&c_n;&c_je;&c_r;&c_a;&c_t;&c_o;&c_r; &c_p;&c_je;&c_r;&c_je;&c_m;&c_je;&c_n;&c_n;&c_o;&c_g;&c_o; &c_t;&c_o;&c_k;&c_a;</trd>
  </trdgrp>
  <trd lng="sk">altern&aacute;tor</trd>
</drv>
</art>
<!--
$Log: altern3.xml,v $
Revision 1.17  2019/01/25 18:10:15  revo
Wolfram Diestel: +citajxo

Revision 1.16  2015/07/04 08:37:30  revo
aldono de trd cs per skripto de M. von Laer

Revision 1.15  2014/02/03 11:10:10  revo
Damien Brucker: +Fak

Revision 1.14  2014/02/02 11:10:12  revo
Damien Brucker: +ref

Revision 1.13  2013/04/16 08:10:10  revo
Sebastian Cyprych: +trd pl

Revision 1.12  2013/02/15 07:10:23  revo
Dmitri Gabinski: redakto: +trd be

Revision 1.11  2003/02/15 17:35:10  revo
Ulrich Fellmann: + 1 trd = de

Revision 1.10  2002/10/01 16:36:43  revo
-->
</vortaro>
