<?xml version="1.0"?>
<!DOCTYPE vortaro SYSTEM "../dtd/vokoxml.dtd">

<vortaro>
<art mrk="$Id: altern.xml,v 1.38 2017/11/30 23:10:33 revo Exp $">
<kap>
  <ofc>*</ofc>
  <rad>altern</rad>/i
</kap>
<drv mrk="altern.0i">
  <kap><ofc>*</ofc><tld/>i</kap>
  <gra><vspec>ntr</vspec></gra>
  <snc>
    <dif>
      Sekvi la&ubreve;vice unu la alian, kun pli a&ubreve;  malpli da
      reguleco:
      <ekz>
        la sezonoj <tld/>as;
      </ekz>
      <ekz>
        la suno kaj la luno <tld/>as en la &ccirc;ielo;
      </ekz>
      <ekz>
        &ccirc;irka&ubreve; la tablo, oni <tld/>igis la virojn kaj
        la virinojn (a&ubreve;: kun la virinoj).
      </ekz>
    </dif>
  </snc>
  <trdgrp lng="be">
    <trd>&c_ch;&c_a;&c_r;&c_g;&c_a;&c_v;&c_a;&c_c;&c_c;&c_a;</trd>,
    <trd>&c_z;&c_mol;&c_m;&c_je;&c_n;&c_mol;&c_v;&c_a;&c_c;&c_c;&c_a;
    </trd>
  </trdgrp>
  <trdgrp lng="cs">
    <trd>alternovat</trd>,
    <trd>m&ecaron;nit se</trd>,
    <trd>st&rcaron;&iacute;dat se s n&ecaron;k&yacute;m</trd>
  </trdgrp>
  <trdgrp lng="de">
      <trd><klr>sich </klr><ind>abl&ouml;sen</ind></trd>,
      <trd><klr>sich </klr><ind>abwechseln</ind></trd>
  </trdgrp>
  <trd lng="en">alternate</trd>
  <trd lng="es">alternar</trd>
  <trd lng="fr">alterner</trd>
  <trd lng="it">alternare</trd>
  <trd lng="nl">wisselen</trd>
  <trdgrp lng="pl">
    <trd>przemienia&cacute;</trd>,
    <trd>wyst&eogonek;powa&cacute; <ind>na przemian</ind>
    <klr>(po sobie, jedno za drugim)</klr></trd>,
    <trd>wyst&eogonek;powa&cacute; <ind>naprzemiennie</ind>
    <klr>(po sobie, jedno za drugim)</klr></trd>,
    <trd>post&eogonek;powa&cacute; <ind>na przemian</ind>
    <klr>(po sobie, jedno za drugim)</klr></trd>,
    <trd>post&eogonek;powa&cacute; <ind>naprzemiennie</ind>
    <klr>(po sobie, jedno za drugim)</klr></trd>
  </trdgrp>
  <trd lng="pt">alternar</trd>
  <trd lng="ro">alterna</trd>
  <trdgrp lng="ru">
    <trd>&c_ch;&c_je;&c_r;&c_je;&c_d;&c_o;&c_v;&c_a;&c_t;&c_mol;&c_s;&c_ja;</trd>,
    <trd>&c_s;&c_m;&c_je;&c_n;&c_ja;&c_t;&c_mol;&c_s;&c_ja;</trd>
  </trdgrp>
  <trdgrp lng="sk">
    <trd>strieda&tcaron; sa</trd>,
    <trd>strieda&tcaron;</trd>,
    <trd>vystrieda&tcaron;</trd>
  </trdgrp>
</drv>

<drv mrk="altern.0a">
  <kap><tld/>a</kap>
  <snc mrk="altern.0a.KOMUNE">
    <dif>
      <tld lit="A"/>anta:
      <ekz>
        <uzo tip="stl">ARK</uzo>
        <tld/>a elektra fluo;
      </ekz>
      <ekz>
        <ref cel="kurent.alterna0o"><tld/>a kurento</ref>;
      </ekz>
      <ekz>
        <tld/>aj rimoj <klr>(<tld/>a
        <ref cel="rim.0arangxo">rimaran&gcirc;o</ref>)</klr>.
      </ekz>
    </dif>
    <trdgrp lng="be">
      <trd>&c_ja;&c_k;&c_ib; 
    <ind>&c_ch;&c_a;&c_r;&c_g;&c_u;&c_je;&c_c;&c_c;&c_a;</ind></trd>,
      <trd>&c_p;&c_a;&c_p;&c_je;&c_r;&c_a;&c_m;&c_je;&c_n;&c_n;&c_y;
      </trd>,
      <trd>&c_p;&c_je;&c_r;&c_a;&c_m;&c_je;&c_n;&c_n;&c_y;</trd>
    </trdgrp>
    <trdgrp lng="de">
      <trd>abwechselnd</trd>,
      <trd><klr>sich </klr>abl&ouml;send</trd>,
      <trd>alternierend</trd>
    </trdgrp>
    <trd lng="en">alternating<klr tip="ind"> (form)</klr></trd>
    <trdgrp lng="fr">
      <trd>altern&eacute;</trd>,
      <trd>alternatif</trd>
    </trdgrp>
    <trdgrp lng="pl">
      <trd>przemienny</trd>,
      <trd>zmienny</trd>
    </trdgrp>
    <trd lng="pt">alterno</trd>
    <trd lng="es">alterno</trd>
    <trd lng="ro">alternativ</trd>
    <trdgrp lng="ru">
    <trd>
    &c_ch;&c_je;&c_r;&c_je;&c_d;&c_u;&c_ju;&c_shch;&c_i;&c_j;&c_s;&c_ja;
    </trd>,
    <trd>
    &c_p;&c_o;&c_p;&c_je;&c_r;&c_je;&c_m;&c_je;&c_n;&c_n;&c_y;&c_j;
    </trd>,
      <trd>&c_p;&c_je;&c_r;&c_je;&c_m;&c_je;&c_n;&c_n;&c_y;&c_j;</trd>
    </trdgrp>
    <trd lng="sk">striedav&yacute;</trd>
  </snc>
  <snc mrk="altern.0a.formo">
    <uzo tip="fak">MAT</uzo>
    <fnt><bib>EKV</bib><lok>&para;394</lok></fnt>
    <dif>
      <klr>(p.p. <ref cel="linear.n0a">plurlineara</ref>
      <ref cel="form.0o.bildigo">formo</ref>)</klr>
      Tia, ke se du &gcirc;iaj argumentoj estas egalaj, &gcirc;i
      alprenas nulan valoron:
      <ekz>
        <tld/>a formo &jcirc;etas &ccirc;iujn opojn kun permutitaj
        du termoj al reciprokaj kontra&ubreve;egaloj.
      </ekz>
    </dif>
    <trdgrp lng="be">
    <trd>
    &c_z;&c_n;&c_a;&c_k;&c_a;&c_z;&c_mol;&c_m;&c_je;&c_n;&c_n;&c_y;
    </trd>,
    <trd>&c_z;&c_n;&c_a;&c_k;&c_a;&c_ch;&c_a;&c_r;&c_g;&c_a;&c_v;&c_a;&c_l;&c_mol;&c_n;&c_y;</trd>
    </trdgrp>
    <trd lng="de">alternierend<klr tip="ind"> (-e Form)</klr></trd>
    <trd lng="en">alternating<klr tip="ind"> (form)</klr></trd>
    <trd lng="fr"><klr tip="amb">(forme) </klr>altern&eacute;e</trd>
    <trd lng="ru">&c_z;&c_n;&c_a;&c_k;&c_o;&c_p;&c_je;&c_r;&c_je;&c_m;&c_je;&c_n;&c_n;&c_a;&c_ja;<klr tip="amb">
    (&c_f;&c_o;&c_r;&c_m;&c_a;)</klr></trd>
    <trd lng="sk">alternuj&uacute;ca <klr> (forma)</klr></trd>
  </snc>
  <snc mrk="altern.0a.angulo">
    <uzo tip="fak">MAT</uzo>
    <fnt><bib>PIV1</bib><lok>angulo</lok></fnt>
    <dif>
      <klr>(p.p. <ref cel="angul.0o.figuro">anguloj</ref>)</klr>
      Situantaj malsamflanke de rekto sekcanta du paralelajn rektojn,
      sed amba&ubreve; <ctl>interne</ctl> de la paraleloj a&ubreve;
      <ctl>ekstere</ctl> de ili:
      <ekz>
        angulo ekstere <tld/>a kun alia.
      </ekz>
    </dif>
    <rim>
      Tiun difinon oni vastigas anka&ubreve; al la okazo, kiam la du
      <ctl>unuaj</ctl> rektoj ne estas paralelaj, sed se ili ja estas
      paralelaj, la kvar el la ok <tld/>aj anguloj havas unu saman
      mezuron kaj la kvar aliaj estas suplementaj de la unuaj.
    </rim>
    <bld lok="../bld/e_anguloj_alternaj.svg.gif" lrg="300"
    alt="150">
      anguloj kun samaj literoj estas <tld/>aj,
      &ccirc;u ekstere &#8208;
      (&alfa;,&alfa;') kaj (&beta;,&beta;') &#8208;,
      &ccirc;u interne &#8208;
      (&gamma;,&gamma;') kaj (&delta;,&delta;')
    </bld>
    <trd lng="de">Wechsel-<klr tip="amb">(winkel)</klr></trd>
    <trd lng="en">alternate<klr tip="ind"> (angle)</klr></trd>
    <trd lng="fr"><klr tip="ind">(angle) </klr>alterne</trd>
    <trd lng="pl"><klr tip="ind">(k&aogonek;t) </klr>naprzemianleg&lstroke;y</trd>
    <trd lng="ru">&c_n;&c_a;&c_k;&c_r;&c_je;&c_s;&c_t;&c_l;&c_je;&c_zh;&c_a;&c_shch;&c_i;&c_j; <klr tip="ind"> (&c_u;&c_g;&c_o;&c_l;)</klr></trd>
    <trd lng="es">(&aacute;ngulo) congruente</trd>
  </snc>
  <trdgrp lng="cs">
    <trd>alternuj&iacute;c&iacute;</trd>,
    <trd>st&rcaron;&iacute;dav&yacute;</trd>
  </trdgrp>
  <trdgrp lng="sk">
    <trd>meniaci sa</trd>,
    <trd>striedav&yacute;, meniaci sa</trd>
  </trdgrp>
</drv>
</art>
<!--
$Log: altern.xml,v $
Revision 1.38  2017/11/30 23:10:33  revo
Vito Redsky: +trd ro

Revision 1.37  2015/07/04 08:37:30  revo
aldono de trd cs per skripto de M. von Laer

Revision 1.36  2015/06/29 16:39:29  revo
aldono de trd sk per skripto de M. von Laer

Revision 1.35  2015/06/28 12:03:35  revo
aldono de trd sk per skripto de M. von Laer

Revision 1.34  2011/12/07 18:10:13  revo
Eduardo Navas: +trad es

Revision 1.33  2010/07/14 16:30:20  revo
Evandro Avellar: + trd pt

Revision 1.32  2010/01/18 17:30:43  revo
Wieland Pusch: svg -> gif

Revision 1.31  2009/02/04 19:20:02  revo
-->
</vortaro>
