<?xml version="1.0"?>
<!DOCTYPE vortaro SYSTEM "../dtd/vokoxml.dtd">

<vortaro>
<art mrk="$Id: altitud.xml,v 1.11 2016/08/14 00:10:56 revo Exp $">
<kap>
  <rad>altitud</rad>/o <fnt><bib>PIV1</bib></fnt>
</kap>

<drv mrk="altitud.0o">
  <kap><tld/>o</kap>
  <snc mrk="altitud.0o.GEOG">
    <uzo tip="fak">GEOG</uzo>
    <dif>
      <ref tip="vid" cel="alt.0eco.eco">Alteco</ref> super la marnivelo:
      <ekz>
        kolizio inter aviadiloj Tupolev kaj Boeing je <tld/>o de 12 000
        m
        <fnt>
        <aut>L. G. Restrepo Rivas, H. Masson</aut>,
        <vrk>&Ccirc;u aldona&jcirc;o por la &leftquot;Socia kosto de la
        Angla&rightquot;?</vrk>,
        <lok>soc.culture.esperanto, 2002-07-02</lok>
        </fnt>.
      </ekz>
    </dif>
  </snc>
  <trd lng="ca">altitud</trd>
  <trd lng="cs">nadmo&rcaron;sk&aacute; v&yacute;&scaron;ka</trd>
  <trd lng="de">H&ouml;he<klr> (&uuml;ber dem Meeresspiegel)</klr></trd>
  <trd lng="en">altitude</trd>
  <trd lng="es">altitud</trd>
  <trd lng="fr">altitude</trd>
  <trd lng="hu">tengerszint feletti <ind>magass&aacute;g</ind></trd>
  <trd lng="pl">wysoko&sacute;&cacute; nad poziomem morza
  <klr>(n.p.m)</klr></trd>
  <trd lng="pt">altitude</trd>
  <trd lng="ru">&c_v;&c_y;&c_s;&c_o;&c_t;&c_a; &c_n;&c_a;&c_d;
  &c_u;&c_r;&c_o;&c_v;&c_n;&c_je;&c_m; &c_m;&c_o;&c_r;&c_ja;</trd>
  <trd lng="sk">nadmorsk&aacute; v&yacute;&scaron;ka</trd>
</drv>
</art>

<!--
$Log: altitud.xml,v $
Revision 1.11  2016/08/14 00:10:56  revo
Alejandro Escobedo: +trd es

Revision 1.10  2015/11/27 06:10:17  revo
Sebastian Cyprych: +trd pl

Revision 1.9  2015/09/30 13:10:16  revo
Cindy Moon McKee: +trd en

Revision 1.8  2015/07/04 08:37:30  revo
aldono de trd cs per skripto de M. von Laer

Revision 1.7  2015/06/28 12:03:35  revo
aldono de trd sk per skripto de M. von Laer

Revision 1.6  2012/07/31 19:10:16  revo
Marc Rausell: + trd ca

Revision 1.5  2011/07/30 16:10:10  revo
Jozefo Horvath: +trd hu

Revision 1.4  2010/07/14 16:30:21  revo
-->
</vortaro>
