<?xml version="1.0"?>
<!DOCTYPE vortaro SYSTEM "../dtd/vokoxml.dtd">

<vortaro>
<art mrk="$Id: altometr.xml,v 1.1 2017/09/29 19:10:13 revo Exp $">
<kap>
  <rad>altometr</rad>/o <fnt><bib>PIV1</bib></fnt>
</kap>
<drv mrk="altometr.0o">
  <kap><tld/>o</kap>
  <snc mrk="altometr.0o.MEZ">
    <uzo tip="fak">TEK</uzo>
    <dif>
      Aparato mezuranta kaj indikanta la kurantan altecon
      rilate al referenca ter- a&ubreve; mar-nivelo:
      <ekz>
        la <tld/>o montris da&ubreve;ran ascendon, kaj ili flugadis
        konstante 
        la&ubreve; sama kurso
        <fnt>
          <aut>J. Francis</aut>,
          <vrk>La Granda Kaldrono</vrk>,
          <lok>1978</lok>
        </fnt>.
      </ekz>
    </dif>
  </snc>
  <trd lng="fr">altim&egrave;tre</trd>
</drv>
</art>

<!--
$Log: altometr.xml,v $
Revision 1.1  2017/09/29 19:10:13  revo
Jeromo Vasxe: nova artikolo

-->
</vortaro>