<?xml version="1.0"?>
<!DOCTYPE vortaro SYSTEM "../dtd/vokoxml.dtd">

<vortaro>
<art mrk="$Id: altrui.xml,v 1.25 2015/07/04 08:37:30 revo Exp $">
<kap>
  <rad>altruism</rad>/o <fnt><bib>PV</bib></fnt>
</kap>
<drv mrk="altrui.0o">
  <kap><tld/>o<fnt><bib>PV</bib></fnt></kap>
  <snc mrk="altrui.0o.FIL">
    <uzo tip="fak">FIL</uzo>  
    <ref tip="dif" cel="ego.mal0ismo.PSI">malegoismo</ref>
  </snc>
  <ref tip="vid" cel="altruist.0o">altruisto</ref>
  <trd lng="be">&c_a;&c_l;&c_mol;&c_t;&c_r;&c_u;&c_ib;&c_z;&c_m;</trd>
  <trd lng="bg">&c_a;&c_l;&c_t;&c_r;&c_u;&c_i;&c_z;&c_malmol;&c_m;</trd>
  <trdgrp lng="de">
    <trd>Altruismus</trd>,
    <trd>Selbstlosigkeit</trd>,
    <trd>Uneigenn&uuml;tzigkeit</trd>
  </trdgrp>
  <trd lng="en">altruism</trd>
  <trd lng="es">altruismo</trd>
  <trdgrp lng="fa">
    <trd>&a_n;&a_w;&a_ayn;&zwnj;&a_d;&a_w;&a_s;&a_t;&f_y;</trd>,
    <trd>&a_A;&a_z;&a_kh;&a_w;&a_d;&f_g;&a_dh;&a_sh;&a_t;&f_g;&f_y;</trd>
  </trdgrp>
  <trd lng="fr">altruisme</trd>
  <trdgrp lng="hu">
    <trd>&ouml;nzetlens&eacute;g</trd>,
    <trd>altruizmus</trd>
  </trdgrp>
  <trd lng="it">altruismo</trd>
  <trd lng="nl">altru&iuml;sme</trd>
  <trd lng="pl">altruizm</trd>
  <trd lng="ru">&c_a;&c_l;&c_mol;&c_t;&c_r;&c_u;&c_i;&c_z;&c_m;</trd>
  <trd lng="sk">altruizmus</trd>
</drv>

<drv mrk="altrui.0a">
  <kap><tld/>a</kap>
  <snc mrk="altrui.0a.FIL">
    <dif>
      Malegoisma:
      <ekz>
        <klr>[la letero al Borovko]</klr> prezentis la a&ubreve;toron de
        Esperanto kiel <tld/>an batalanton por
        interkompreni&gcirc;o
        trans &ccirc;iujn naciajn antagonismojn
        <fnt><bib>Dan&gcirc;Lng</bib>, <lok>1.1</lok></fnt>.
      </ekz>
    </dif>
    <ref tip="ant" cel="ego.0isma">egoisma.</ref>
  </snc>
  <trd lng="be">&c_a;&c_l;&c_mol;&c_t;&c_r;&c_u;&c_ib;&c_s;&c_t;&c_y;&c_ch;&c_n;&c_y;</trd>
  <trdgrp lng="cs">
    <trd>altruistický</trd>,
    <trd>altruistní</trd>,
    <trd>nesobecký</trd>,
    <trd>nezištný</trd>
  </trdgrp>
  <trdgrp lng="de">
    <trd>altruistisch</trd>,
    <trd>selbstlos</trd>,
    <trd>uneigenn&uuml;tzig</trd>
  </trdgrp>
  <trd lng="en">altruistic</trd>
  <trdgrp lng="fa">
    <trd>&a_n;&a_w;&a_ayn;&zwnj;&a_d;&a_w;&a_s;&a_t;</trd>,
    <trd>&a_A;&a_z;&a_kh;&a_w;&a_d;&f_g;&a_dh;&a_sh;&a_t;&a_h;</trd>,
    <trd>&a_A;&f_y;&a_th;&a_A;&a_r;&f_g;&a_r;</trd>,
    <trd>&a_f;&a_d;&a_A;&f_k;&a_A;&a_r;</trd>
  </trdgrp>
  <trd lng="fr">altruiste<klr tip="ind"> (adj.)</klr></trd>
  <trd lng="it">altruistico</trd>
  <trd lng="pl">altruistyczny</trd>
  <trd lng="ru">&c_a;&c_l;&c_mol;&c_t;&c_r;&c_u;&c_i;&c_s;&c_t;&c_i;&c_ch;&c_je;&c_s;&c_k;&c_i;&c_j;</trd>
  <trdgrp lng="sk">
    <trd>altruistický</trd>,
    <trd>nesebecký</trd>,
    <trd>nezištný</trd>
  </trdgrp>
</drv>
</art>
<!--
$Log: altrui.xml,v $
Revision 1.25  2015/07/04 08:37:30  revo
aldono de trd cs per skripto de M. von Laer

Revision 1.24  2015/06/28 12:03:35  revo
aldono de trd sk per skripto de M. von Laer

Revision 1.23  2013/04/17 14:10:09  revo
Jeromo Vasxe: ref dif

Revision 1.22  2013/04/08 12:10:24  revo
Sebastian Cyprych: +trd pl

Revision 1.21  2011/10/01 20:10:13  revo
Behnam Tabatabai: +trd fa

Revision 1.20  2010/08/17 16:30:20  revo
Wieland Pusch: +trd bg

Revision 1.19  2010/06/23 16:30:50  revo
Jeromo Vasxe: + mrk + ref tip dif + kk trd

Revision 1.18  2010/04/30 12:25:23  revo
Antonio Codazzi: +trd it

Revision 1.17  2003/11/01 17:31:38  revo
Dmitri Gabinski: +trd be

Revision 1.16  2003/08/26 16:30:59  revo
-->
</vortaro>
