<?xml version="1.0"?>
<!DOCTYPE vortaro SYSTEM "../dtd/vokoxml.dtd">

<vortaro>
<art mrk="$Id: aluat.xml,v 1.2 2018/02/28 23:10:39 revo Exp $">
<kap>
  <rad>aluat</rad>/o <fnt><bib>PIV1</bib></fnt>
</kap>
<drv mrk="aluat.0">
  <kap><tld/>o</kap>
  <snc mrk="aluat.0.ZOO">
    <uzo tip="fak">ZOO</uzo>
    <dif>
      Simio de la amerikaj tropikaj arbaroj,
      popolnome konata kiel hurlo-simio;
      <ref tip="lst" cel="genr.0o.BIO"
      lst="voko:zoologiaj_genroj">genro</ref>
      el familio ateledoj
      (<trd lng="la">Alouatta</trd>):
      <ekz>
        <tld/>o blekema kaj vivanta are
        <fnt>
          <aut>[F. Redondo Ituarte]</aut>
          <vrk><url
          ref="http://esperanto.es:8080/jspui/bitstream/11013/422/4/Hispana_Esperanto-gazeto_1935_n53.pdf">
          Provo pri Idearo</url></vrk>
          <lok>[1934]</lok>
        </fnt>.
      </ekz>
    </dif>
  </snc>
  <rim>
    Troveblas anka&ubreve; la formo <em>alovato</em>:
    <ekz>
      C. R. Carpenter diras, ke la alovatoj en Mezameriko
      vivis amase sur arboj; ekzemple unu grupo konsistas
      el dudek ses membroj
      <fnt>
        <aut>&Scirc;. Hori</aut>
        <vrk><url
        ref="http://www.eventoj.hu/steb/biologio/la-volvotigo-de-amikeco.pdf">
        La Volvotigo de Amikeco</url></vrk>
        <lok>1965</lok>
      </fnt>.
    </ekz>
  </rim>
  <trd lng="fr">singe hurleur</trd>
</drv>

</art>

<!--
$Log: aluat.xml,v $
Revision 1.2  2018/02/28 23:10:39  revo
Jeromo Vasxe: + manka o

Revision 1.1  2018/02/27 14:10:13  revo
Jeromo Vasxe: nova artikolo

-->
</vortaro>
