<?xml version="1.0"?>
<!DOCTYPE vortaro SYSTEM "../dtd/vokoxml.dtd">

<vortaro>
<art mrk="$Id: alud.xml,v 1.25 2017/11/30 23:10:25 revo Exp $">
<kap>
  <ofc>*</ofc>
  <rad>alud</rad>/i
</kap>
<drv mrk="alud.0i">
  <kap><ofc>*</ofc><tld/>i</kap>
  <snc>
    <gra><vspec>x</vspec></gra>
    <dif>
      Nerekte paroli pri iu a&ubreve; io, elvokante la ideon, sed ne
      citante la vorton:
      <ekz>
        la ministro <tld/>is la &jcirc;usajn
        packontraktojn;
      </ekz>
      <ekz>
        mi tute ne intencis <tld/>i vin, al vi;
      </ekz>
      <ekz>
        la participa fina&jcirc;o &leftquot;ot&rightquot; <tld/>as estontecon pli
        &gcirc;uste ol devi&gcirc;econ;
      </ekz>
      <ekz>
        &ccirc;i tiu fezo kaj nezorge ligita kravato <tld/>is la
        liberecon de la kampara vivo<fnt>B</fnt>;
      </ekz>
      <ekz>
        donas signojn per la okulo, <tld/>as per siaj piedoj
        <fnt><bib>MT</bib>, <lok>&Sen; 6:12</lok></fnt>;
      </ekz>
      <ekz>
        por sa&gcirc;ulo sufi&ccirc;as <tld/>o<fnt><bib>PrV</bib></fnt>;
      </ekz>
      <ekz>
        la muziko &scirc;ajnas al mi <tld/>o al iu senlima, ie
        ekzistanta feli&ccirc;o<fnt>B</fnt>;
      </ekz>
      <ekz>
        en &scirc;erco kaj ludo ofte sidas <tld/>o<fnt><bib>PrV</bib></fnt>.
      </ekz>
    </dif>
    <refgrp tip="vid">
      <ref cel="kovr.0i">kovri 6</ref>.
    </refgrp>
  </snc>
  <trd lng="be">&c_n;&c_a;&c_m;&c_ja;&c_k;&c_a;&c_c;&c_mol;</trd>
  <trd lng="br">damvenegi&ntilde;</trd>
  <trdgrp lng="cs">
    <trd>dotknout se v &rcaron;e&ccaron;i</trd>,
    <trd>nadhodit v &rcaron;e&ccaron;i</trd>,
    <trd>napov&ecaron;d&ecaron;t</trd>,
    <trd>narazit v &rcaron;e&ccaron;i</trd>,
    <trd>nazna&ccaron;it</trd>,
    <trd>zm&iacute;nit se</trd>
  </trdgrp>
  <trdgrp lng="de">
    <trd>anspielen<klr> (auf)</klr></trd>, 
    <trd>andeuten</trd>
  </trdgrp>
  <trd lng="en">allude</trd>
  <trdgrp lng="es">
    <trd>aludir</trd>,
    <trd>insinuar</trd>
  </trdgrp>
  <trdgrp lng="fr">
    <trd>faire <ind>allusion</ind> (&agrave;)</trd>,
    <trd>&eacute;voquer</trd>
  </trdgrp>
  <trd lng="hu">c&eacute;loz r&aacute;</trd>
  <trd lng="it">alludere</trd>
  <trdgrp lng="nl">
    <trd>zinspelen</trd>,
    <trd>alluderen</trd>,
    <trd>allusie maken</trd>
  </trdgrp>
  <trdgrp lng="pl">
    <trd>napomkn&aogonek;&cacute;</trd>,
    <trd>robi&cacute; <ind>aluzj&eogonek;</ind></trd>,
    <trd>wzmiankowa&cacute;</trd>
  </trdgrp>
  <trdgrp lng="pt">
    <trd>aludir</trd>,
    <trd>fazer alus&atilde;o a</trd>,
    <trd>reportar-se a</trd>
  </trdgrp>
  <trdgrp lng="ru">
    <trd>&c_n;&c_a;&c_m;&c_je;&c_k;&c_a;&c_t;&c_mol;</trd>,
    <trd>&c_n;&c_a;&c_m;&c_je;&c_k;&c_n;&c_u;&c_t;&c_mol;</trd>
  </trdgrp>
  <trdgrp lng="sk">
    <trd>nar&aacute;&zcaron;a&tcaron;</trd>,
    <trd>nazna&ccaron;i&tcaron;</trd>
  </trdgrp>
</drv>
</art>
<!--
$Log: alud.xml,v $
Revision 1.25  2017/11/30 23:10:25  revo
Vito Redsky: +trd pl

Revision 1.24  2015/09/10 11:10:19  revo
Evandro Avellar: +trd pt

Revision 1.23  2015/07/04 08:37:30  revo
aldono de trd cs per skripto de M. von Laer

Revision 1.22  2015/06/28 12:03:35  revo
aldono de trd sk per skripto de M. von Laer

Revision 1.21  2011/06/22 18:10:35  revo
Carlos Garcia: +trd es

Revision 1.20  2005/04/06 16:32:44  revo
Alan ar Gall: +trd br

Revision 1.19  2003/02/16 17:33:19  revo
Ulrich Fellmann: aldono de mankanta krampo en trd=de

Revision 1.18  2003/02/15 17:35:14  revo
-->
</vortaro>
