<?xml version="1.0"?>
<!DOCTYPE vortaro SYSTEM "../dtd/vokoxml.dtd">

<vortaro>
<art mrk="$Id: alumet.xml,v 1.27 2018/10/29 16:10:16 revo Exp $">
<kap>
  <ofc>*</ofc>
  <rad>alumet</rad>/o
</kap>
<drv mrk="alumet.0o">
  <kap><ofc>*</ofc><tld/>o</kap>
  <snc>
    <dif>
      Ligna peceto &scirc;mirita per fosforo a&ubreve; speciala substanco, kiu
      ekbrulas per frotado:
      <ekz>
        fasko da <tld/>oj
        <fnt>
          <bib>Fab1</bib>
          <lok><url ref="http://www.steloj.de/esperanto/fabeloj1/">Fluganta kofro</url></lok>
        </fnt>;
      </ekz>
      <ekz>
        la infano eltiris unu el la <tld/>oj, ri&scirc;! kiel &gcirc;i eksplodis,
        kiel &gcirc;i brulis! la alumeto eligis varman helan flamon, kiel malgranda kandelo
        <fnt>
          <bib>Fab2</bib>
          <lok><url ref="http://www.steloj.de/esperanto/fabeloj2/">Knabineto kun alumetoj</url></lok>
        </fnt>;
      </ekz>
      <ekz>
        <nom>Ib</nom> denove ekflamigis <tld/>on kaj trovis peceton da kandelo, kiun 
        li ekbruligis, per tio la mizera &ccirc;ambreto almena&ubreve; iom prilumi&gcirc;is
        <fnt>
          <bib>Fab3</bib>
          <lok><url ref="http://www.steloj.de/esperanto/fabeloj3/">Ib kaj malgranda kristino</url></lok>
        </fnt>.
      </ekz>
    </dif>
  </snc>
  <trd lng="be">&c_z;&c_a;&c_p;&c_a;&c_l;&c_k;&c_a;</trd>
  <trd lng="bg">&c_k;&c_i;&c_b;&c_r;&c_i;&c_t;</trd>
  <trdgrp lng="br">
    <trd>alumetezenn</trd>,
    <trd>chimikenn</trd>
  </trdgrp>
  <trdgrp lng="ca">
    <trd>misto</trd>,
    <trd>llum&iacute;</trd>
  </trdgrp>
  <trdgrp lng="cs">
    <trd>sirka</trd>,
    <trd>z&aacute;palka</trd>
  </trdgrp>
  <trdgrp lng="de">
    <trd>Streichholz</trd>,
    <trd>Z&uuml;ndholz</trd>,
    <trd>Schwefelholz [arkaika]</trd>
  </trdgrp>
  <trdgrp lng="en"><trd>match</trd>, <trd>matchstick</trd></trdgrp>
  <trdgrp lng="es">
    <trd>cerillo</trd>,
    <trd>cerilla</trd>,
    <trd>f&oacute;sforo</trd>
  </trdgrp>
  <trd lng="fr">allumette</trd>
  <trd lng="id"><ind>korek</ind> api</trd>
  <trd lng="nl">lucifer</trd>
  <trd lng="pl">zapa&lstroke;ka</trd>
  <trd lng="pt">f&oacute;sforo</trd>
  <trd lng="ru">&c_s;&c_p;&c_i;&c_ch;&c_k;&c_a;</trd>
  <trd lng="sk">z&aacute;palka</trd>
  <trd lng="sv">t&auml;ndsticka</trd>
</drv>
</art>
<!--
$Log: alumet.xml,v $
Revision 1.27  2018/10/29 16:10:16  revo
Wolfram Diestel: +ekz-oj

Revision 1.26  2015/09/10 12:10:12  revo
Evandro Avellar: +trd pt

Revision 1.25  2015/07/04 08:37:30  revo
aldono de trd cs per skripto de M. von Laer

Revision 1.24  2014/11/14 09:10:15  revo
Eko Nur Syah Hidayat: +trd id

Revision 1.23  2011/12/10 21:10:28  revo
Marc Rausell: +trd ca

Revision 1.22  2008/11/21 17:56:48  revo
Wieland Pusch: +trd bg

Revision 1.21  2008/11/19 09:28:36  revo
Wieland Pusch: entoj por unikodo

Revision 1.20  2008/06/11 16:48:29  revo
-->
</vortaro>
