<?xml version="1.0"?>
<!DOCTYPE vortaro SYSTEM "../dtd/vokoxml.dtd">

<vortaro>
<art mrk="$Id: alumin.xml,v 1.18 2018/10/22 18:10:24 revo Exp $">
<kap>
  <rad>alumin</rad>/o
</kap>
<drv mrk="alumin.0o">
  <kap><tld/>o</kap>
  <uzo tip="fak">KEM</uzo>
  <snc>
    <dif>
      <frm>Al<sub>2</sub>O<sub>3</sub></frm>; <ref tip="prt" cel="alumin1.0o">aluminia</ref>
      <ref tip="super" cel="oksid.0o">oksido</ref>:
      <ekz>
        <tld/>o <klr>[&#8230;]</klr> interalie estas uzata por la produktado de aluminioksida <klr>[c]</klr>eramiko
        <fnt>
          <bib>Viki</bib>
          <lok><url ref="https://eo.wikipedia.org/?curid=137724">Alumino</url></lok>
        </fnt>.
      </ekz>
    </dif>
  </snc>
  <trdgrp lng="be">
    <trd>&c_g;&c_l;&c_ib;&c_n;&c_a;&c_z;&c_jo;&c_m;</trd>,
    <trd>&c_a;&c_k;&c_s;&c_ib;&c_d; &c_a;&c_l;&c_ju;&c_m;&c_ib;&c_n;&c_ib;&c_ju;</trd>
  </trdgrp>
  <trdgrp lng="cs">
    <trd>hl&iacute;novka</trd>,
    <trd>kysli&ccaron;n&iacute;k hlinit&yacute;</trd>,
    <trd>oxid hlinit&yacute;</trd>
  </trdgrp>
  <trdgrp lng="de">
    <trd>Tonerde</trd>,
    <trd>Aluminiumoxyd</trd>
  </trdgrp>
  <trd lng="en">alumina</trd>
  <trd lng="es">al&uacute;mina</trd>
  <trd lng="fa">&a_A_madda;&a_l;&a_w;&a_m;&f_y;&a_n;</trd>
  <trd lng="fr">alumine</trd>
  <trdgrp lng="it">
    <trd>allumina</trd>,
    <trd>ossido <klr>ceramico </klr>di <ind>alluminio</ind></trd>
  </trdgrp>
  <trd lng="nl">toonaarde</trd>
  <trdgrp lng="pl">
    <trd>korund</trd>,
    <trd>tlenek glinu</trd>
  </trdgrp>
  <trd lng="ru">&c_g;&c_l;&c_i;&c_n;&c_o;&c_z;&c_jo;&c_m;</trd>
  <trdgrp lng="sk">
    <trd>alum&iacute;niumoxid</trd>,
    <trd>kysli&ccaron;n&iacute;k hlinit&yacute;</trd>,
    <trd>oxid hlinit&yacute;</trd>
  </trdgrp>
</drv>
</art>
<!--
$Log: alumin.xml,v $
Revision 1.18  2018/10/22 18:10:24  revo
Wolfram Diestel: +ekz

Revision 1.17  2017/05/27 20:10:14  revo
Vito Redsky: trd pl

Revision 1.16  2015/07/04 08:37:30  revo
aldono de trd cs per skripto de M. von Laer

Revision 1.15  2015/06/28 12:03:35  revo
aldono de trd sk per skripto de M. von Laer

Revision 1.14  2010/05/04 16:30:52  revo
Antonio Codazzi: +trd it

Revision 1.13  2010/04/24 17:08:03  revo
Behnam Tabatabai: +trd fa

Revision 1.12  2004/10/01 16:31:53  revo
Dmitri Gabinski: +trd be

Revision 1.11  2003/05/18 18:02:11  revo
-->
</vortaro>
