<?xml version="1.0"?>
<!DOCTYPE vortaro SYSTEM "../dtd/vokoxml.dtd">

<vortaro>
<art mrk="$Id: alumin1.xml,v 1.32 2019/01/27 12:10:21 revo Exp $">
<kap>
  <ofc>4</ofc>
  <rad>alumini</rad>/o<fnt>Z</fnt>
</kap>
<drv mrk="alumin1.0o">
  <kap><tld/>o</kap>
  <uzo tip="fak">KEM</uzo>
  <mlg kod="IUPAC">Al</mlg>
  <snc>
    <dif>
      &Hcirc;emia <ref tip="lst" cel="elemen.0o.KEM"
      lst="voko:&hcirc;emiaj_elementoj" val="13">elemento</ref> 
      kun atomnumero 13, atompezo 26,9815;
      blanka, tre malpeza <ref tip="super" cel="metal.0o">metalo</ref>,
      kun ar&gcirc;enta brilo
      <ekz>
        la lokomotivo konsistas ne nur el &scirc;talo sed anka&ubreve; el <tld/>o kaj GFK, speciala
        plasto fortigita per fibroj
        <fnt>
          <bib>Monato</bib>
          <vrk><url ref="http://steloj.de/esperanto/monato2/007112.html"
              >Virbovo-tirpovo</url></vrk>
        </fnt>;
      </ekz>
      <ekz>
        &Ccirc;inio devas stimuli &scirc;paremon en konsumado de ri&ccirc;a&jcirc;oj kaj vaste <klr>[&#8230;]</klr>
        rehavi kaj reutiligi &scirc;talon, kupron, <tld/>on kaj aliajn metalojn
        <fnt>
          <bib>Monato</bib>
          <aut>MU Binghua</aut>
          <vrk><url ref="https://www.monato.net/2003/008055.html"
              >Mineralaj ri&ccirc;a&jcirc;oj balda&ubreve; mankos</url></vrk>
        </fnt>;
      </ekz>
      <ekz>
        kiel indikon de la alteco de tiuj temperaturoj, li atentigis, ke e&ccirc; unu semajnon
        poste troveblis ankora&ubreve; likva <tld/>o
        <fnt>
          <bib>Monato</bib>
          <aut>Ian Fantom</aut>
          <lok><url ref="https://www.monato.net/2007/009196.php"
              >2007</url></lok>
        </fnt>;
      </ekz>
      <ekz>
        kvankam Atomiumo devis simboli la progreson faritan en Belgio rilate la
        &scirc;talindustrion, la sferoj mem estas konstruitaj el <tld/>o
        <fnt>
          <bib>Monato</bib>
          <aut>Lode Van de Velde</aut>
          <vrk><url ref="https://www.monato.net/2008/009517.php"
              >Feli&ccirc;an datrevenon!</url></vrk>
        </fnt>;
      </ekz>
      <ekz>
        baseno, kie oni deponis ru&gcirc;an &scirc;limon, rezultantan el la produktado de <tld/>o
        <fnt>
          <bib>Monato</bib>
          <aut>Thierry Salomon</aut>
          <vrk><url ref="https://www.monato.net/2010/010202.php"
              >Ru&gcirc;&scirc;lima vulkano</url></vrk>
        </fnt>.
      </ekz>
    </dif>
  </snc>
  <trd lng="be">&c_a;&c_l;&c_ju;&c_m;&c_ib;&c_n;&c_ib;&c_j;</trd>
  <trd lng="bg">&c_a;&c_l;&c_u;&c_m;&c_i;&c_n;&c_i;&c_j;</trd>
  <trd lng="br">aluminiom</trd>
  <trd lng="ca">alumini</trd>
  <trdgrp lng="cs">
    <trd>aluminium</trd>,
    <trd>hlin&iacute;k</trd>
  </trdgrp>
  <trd lng="de">Aluminium</trd>
  <trd lng="en">aluminium, aluminum</trd>
  <trd lng="es">aluminio</trd>
  <trd lng="fa">&a_A_madda;&a_l;&a_w;&a_m;&f_y;&a_n;&f_y;&a_m;</trd>
  <trd lng="fr">aluminium</trd>
  <trd lng="hu">alum&iacute;nium</trd>
  <trd lng="id">aluminium</trd>
  <trd lng="it">alluminio</trd>
  <trd lng="la">Aluminium</trd>
  <trd lng="nl">aluminium</trd>
  <trdgrp lng="pl">
    <trd>glin<klr> (nazwa oficjalna)</klr></trd>
    <trd>aluminium<klr> (nazwa potoczna)</klr></trd>
  </trdgrp>
  <trd lng="pt">alum&iacute;nio</trd>
  <trd lng="ru">&c_a;&c_l;&c_ju;&c_m;&c_i;&c_n;&c_i;&c_j;</trd>
  <trdgrp lng="sk">
    <trd>alum&iacute;nium</trd>,
    <trd>hlin&iacute;k</trd>
  </trdgrp>
  <trd lng="sv">aluminium</trd>
  <trd lng="tr">al&uuml;minyum</trd>
</drv>
</art>
<!--
$Log: alumin1.xml,v $
Revision 1.32  2019/01/27 12:10:21  revo
Wolfram Diestel: +ekz-oj

Revision 1.31  2015/07/04 08:37:30  revo
aldono de trd cs per skripto de M. von Laer

Revision 1.30  2015/06/28 12:03:35  revo
aldono de trd sk per skripto de M. von Laer

Revision 1.29  2014/06/03 09:10:20  revo
Eko Nur Syah Hidayat: +id

Revision 1.28  2013/09/17 19:10:43  revo
Wolfram Diestel: val

Revision 1.27  2013/09/15 15:10:30  revo
Wolfram Diestel: simb. laux IUPAC

Revision 1.26  2013/08/24 20:10:30  revo
Wolfram Diestel: referenco al listo elementoj

Revision 1.25  2011/12/31 09:10:11  revo
-->
</vortaro>
