<?xml version="1.0"?>
<!DOCTYPE vortaro SYSTEM "../dtd/vokoxml.dtd">

<vortaro>
<art mrk="$Id: alun.xml,v 1.18 2018/10/04 14:10:17 revo Exp $">
<kap>
  <ofc>*</ofc>
  <rad>alun</rad>/o
</kap>
<drv mrk="alun.0o">
  <kap><ofc>*</ofc><tld/>o</kap>
  <snc>
    <dif>
      Duobla sulfato de aluminio kaj de alia metalo (kalio, amonio,
      fero,
      kromo):
      <ekz>
        la kalian <tld/>on oni nomas ofte simple <tld/>o.
      </ekz>
    </dif>
  </snc>
  <trd lng="be">&c_g;&c_a;&c_l;&c_y;&c_n;</trd>
  <trd lng="bg">&c_s;&c_t;&c_i;&c_p;&c_c;&c_a;</trd>
  <trd lng="ca">alum</trd>
  <trd lng="cs">kamenec</trd>
  <trd lng="de">Alaun</trd>
  <trd lng="en">alum</trd>
  <trd lng="es">alumbre</trd>
  <trdgrp lng="fa">
    <trd>&a_z;&a_A;&a_j;</trd>,
    <trd>&a_A_madda;&a_l;&a_w;&a_m;</trd>
  </trdgrp>
  <trd lng="fr">alun</trd>
  <trd lng="nl">aluin</trd>
  <trdgrp lng="pt">
    <trd>alume</trd>,
    <trd>pedra-ume</trd>
  </trdgrp>
  <trd lng="ru">&c_k;&c_v;&c_a;&c_s;&c_c;&c_y;</trd>
  <trdgrp lng="sk">
    <trd>kamenec</trd>,
    <trd>kamenec <klr>(hlinito draseln&yacute;)</klr></trd>
  </trdgrp>
</drv>
</art>
<!--
$Log: alun.xml,v $
Revision 1.18  2018/10/04 14:10:17  revo
Behnam Tabatabai: +trd fa

Revision 1.17  2015/10/13 18:10:16  revo
Joop Eggen: +trd bg

Revision 1.16  2015/09/10 11:10:21  revo
Evandro Avellar: +trd pt

Revision 1.15  2015/07/04 08:37:30  revo
aldono de trd cs per skripto de M. von Laer

Revision 1.14  2015/06/28 12:03:35  revo
aldono de trd sk per skripto de M. von Laer

Revision 1.13  2005/04/14 16:35:07  revo
Raul Salinas Monteagudo: +trd ca,es

Revision 1.12  2004/06/01 17:24:46  revo
Dmitri Gabinski: +trd be

Revision 1.11  2003/05/18 18:02:13  revo
-->
</vortaro>
