<?xml version="1.0"?>
<!DOCTYPE vortaro SYSTEM "../dtd/vokoxml.dtd">

<vortaro>
<art mrk="$Id: aluvi.xml,v 1.20 2018/09/20 15:10:16 revo Exp $">
<kap>
  <rad>aluvi</rad>/o <fnt>Z</fnt> <fnt><bib>PV</bib></fnt>
</kap>
<drv mrk="aluvi.0o">
  <kap><tld/>o</kap>
  <snc mrk="aluvi.0o.GEOL">
    <uzo tip="fak">GEOL</uzo>
    <dif>
      <ref tip="super" cel="tavol.0o.KOMUNE">Tavolo</ref>
      da tero alportita kaj delasita de la akvoj:
      <ekz>
        meandroj evoluas pro erozio: dum la fluo, pro pli granda
        rapido, erodas la konkavan bordon de la riverujo, &ccirc;e la konveksa
        bordo, pro malpli granda rapido, <tld/>oj surfundi&gcirc;as kaj sedimenti&gcirc;as
        <fnt>
          <bib>Viki</bib>
          <lok><url ref="https://eo.wikipedia.org/?curid=54108">Meandro</url></lok>
        </fnt>;
      </ekz>
      <ekz>
        Misisipio <klr>[&#8230;]</klr> &dash; la nordokcidenta resto de la &scirc;tato
        estas komponita de parto de la Misisipia <tld lit="A"/>a Ebenejo, alinome la Misisipa Delto
        <fnt>
          <bib>Viki</bib>
          <lok><url ref="https://eo.wikipedia.org/?curid=2845">Misisipio</url></lok>
        </fnt>.
      </ekz>
    </dif>
    <trd lng="be">&c_a;&c_l;&c_ju;&c_v;&c_ib;&c_j;</trd>
    <trd lng="bg">&c_a;&c_l;&c_u;&c_v;&c_i;&c_j;</trd>
    <trd lng="ca">al&middot;luvi&oacute;</trd>
    <trdgrp lng="de">
      <trd>Schwemmboden</trd>,
      <trd>Alluvialboden</trd>,
      <trd>Anschwemmung</trd>
    </trdgrp>
    <trdgrp lng="en">
      <trd>alluvium</trd>,
      <trd>alluvion</trd>
    </trdgrp>
    <trd lng="es">aluvi&oacute;n</trd>
    <trd lng="fa">&a_A_madda;&a_b;&a_r;&a_damma;&a_f;&a_t;</trd>
    <trd lng="fr">alluvion</trd>
    <trdgrp lng="hu">
      <trd>folyami <ind>lerak&oacute;d&aacute;s</ind></trd>,
      <trd>alluvium</trd>
    </trdgrp>
    <trd lng="nl">alluvium</trd>
    <trd lng="pl">aluwium</trd>
    <trd lng="ru">&c_a;&c_l;&c_l;&c_ju;&c_v;&c_i;&c_j;</trd>
    <trdgrp lng="sk">
      <trd>naplavenina</trd>,
      <trd>n&aacute;nos</trd>
    </trdgrp>
  </snc>
  <snc mrk="aluvi.0o.GEOL_ARK">
    <uzo tip="fak">GEOL</uzo>
    <uzo tip="stl">ARK</uzo>
    <ref tip="dif" cel="holocen.0o.GEOL">holoceno</ref>
    <trd lng="ca">holoc&eacute;</trd>
    <trd lng="fa">&a_h;&a_w;&a_l;&a_w;&a_s;&a_n;</trd>
    <trd lng="pl">aluwium</trd>
  </snc>
  <trdgrp lng="cs">
    <trd>aluvi&aacute;ln&iacute; naplaveniny</trd>,
    <trd>holoc&eacute;n</trd>,
    <trd>n&aacute;nos</trd>,
    <trd>n&aacute;plav</trd>
  </trdgrp>
</drv>
</art>
<!--
$Log: aluvi.xml,v $
Revision 1.20  2018/09/20 15:10:16  revo
Wolfram Diestel: +ekz-oj

Revision 1.19  2018/09/18 20:10:19  revo
Behnam Tabatabai: +trd fa

Revision 1.18  2015/07/04 08:37:30  revo
aldono de trd cs per skripto de M. von Laer

Revision 1.17  2013/08/16 17:10:10  revo
Joop Eggen: +trd bg

Revision 1.16  2011/12/10 15:10:23  revo
Marc Rausell: +trd ca

Revision 1.15  2008/06/08 16:30:48  revo
Jeromo Vasxe: - fak min + geol

Revision 1.14 2007/12/13 17:30:23 revo
Sebastian Cyprych: +mrk ~.MIN +snc ~.GEOL +trd pl

Revision 1.13 2004/01/06 17:30:50 revo
-->
</vortaro>
