<?xml version="1.0"?>
<!DOCTYPE vortaro SYSTEM "../dtd/vokoxml.dtd">

<vortaro>
<art mrk="$Id: alveol.xml,v 1.19 2019/01/24 18:10:25 revo Exp $">
<kap>
  <rad>alveol</rad>/o<fnt>Z</fnt> <fnt><bib>PV</bib></fnt>
</kap>
<drv mrk="alveol.0o">
  <kap><tld/>o</kap>
  <snc>
    <uzo tip="fak">MED</uzo>
    <uzo tip="fak">BOT</uzo>
    <dif>
      Kava&jcirc;eto:
      <ekz>
        la viruso penetras bronkojn kaj <tld/>ojn de pulmoj kaj ka&ubreve;zas la inflaman
        proceson (pne&ubreve;monion)
        <fnt>
          <bib>Monato</bib>
          <aut>Vladimir Lemelev</aut>
          <vrk><url ref="https://www.monato.net/2005/008721.php"
              >De kie venis kaj kial &ccirc;esis netipa pne&ubreve;monio?</url></vrk>
        </fnt>.
      </ekz>
    </dif>
  </snc>
  <trd lng="be">&c_a;&c_l;&c_mol;&c_v;&c_e;&c_o;&c_l;&c_a;</trd>
  <trdgrp lng="cs">
    <trd>alveol</trd>,
    <trd>alveolus</trd>,
    <trd>l&uring;&zcaron;ko</trd>,
    <trd>skl&iacute;pek</trd>
  </trdgrp>
  <trdgrp lng="de">
    <trd>Aush&ouml;hlung</trd>,
    <trd>H&ouml;hle</trd>,
    <trd>Hohlraum</trd>,
    <trd>Alveolen<klr> <klr>(Med.)</klr></klr></trd>
  </trdgrp>
  <trd lng="en">cavity</trd>
  <trd lng="fr">alv&eacute;ole</trd>
  <trdgrp lng="hu">
    <trd>&uuml;reg</trd>,
    <trd>kaverna</trd>,
    <trd>alveolus</trd>
  </trdgrp>
  <trdgrp lng="nl">
    <trd>holte</trd>,
    <trd>kas</trd>
  </trdgrp>
  <trd lng="ru">&c_a;&c_l;&c_mol;&c_v;&c_je;&c_o;&c_l;&c_a;</trd>
  <trdgrp lng="sk">
    <trd>alveola</trd>,
    <trd>p&lcaron;&uacute;cna dutinka</trd>,
    <trd>zubn&aacute; jamka</trd>
  </trdgrp>
  <trd lng="sv">alveol</trd>
</drv>

<drv mrk="alveol.0uloj">
  <kap><tld/>uloj</kap>
  <snc mrk="alveol.0uloj.BAK">
    <uzo tip="fak">BAK</uzo>
    <dif>
      E&ubreve;kariotaj unu&ccirc;eluloj kun karakteriza RNA
      kaj en sia plasmo disaj <tld/>oj
      (<trd lng="la">Alveolata</trd>).
    </dif>
  </snc>
  <trdgrp lng="fr">
    <trd>alv&eacute;ol&eacute;s</trd>,
    <trd>alv&eacute;olobiontes</trd>
  </trdgrp>
</drv>
</art>
<!--
$Log: alveol.xml,v $
Revision 1.19  2019/01/24 18:10:25  revo
Wolfram Diestel: +ekz

Revision 1.18  2015/07/04 08:37:30  revo
aldono de trd cs per skripto de M. von Laer

Revision 1.17  2015/06/28 12:03:35  revo
aldono de trd sk per skripto de M. von Laer

Revision 1.16  2011/07/30 16:10:09  revo
Jozefo Horvath: kor. tr hu

Revision 1.15  2010/12/03 17:30:24  revo
Jeromo Vasxe: + ~uloj

Revision 1.14  2003/11/09 17:31:01  revo
Dmitri Gabinski: +trd be

Revision 1.13  2003/05/18 18:02:19  revo
Viliam Bur: +trd sk

Revision 1.12  2003/02/15 17:34:08  revo
-->
</vortaro>
