<?xml version="1.0"?>
<!DOCTYPE vortaro SYSTEM "../dtd/vokoxml.dtd">

<vortaro>
<art mrk="$Id: alzac.xml,v 1.3 2013/09/09 01:10:12 revo Exp $">
<kap>
    <rad>Alzac</rad>/o <fnt><bib>Viki</bib></fnt>
</kap>
<drv mrk="alzac.0o">
  <kap><tld/>o</kap>
  <snc mrk="alzac.0o.regiono">
    <uzo tip="fak">GEOG</uzo>
    <dif>
      La plej orienta kaj malgranda <ref tip="lst" cel="region.0o.land"
      lst="voko:regionoj">regiono</ref> de 
      <ref tip="malprt" cel="franc.F0ujo">Francujo</ref> apud 
      Germanujo oriente kaj Svislando sudoriente.
      <ekz>
        halti survoje en <tld/>o, en Obernai
        <fnt><vrk><url>http://familioj.wikispaces.com/REF2013</url></vrk></fnt>
      </ekz>;
      <ekz>
      anta&ubreve; 1871 Alzaco apartenis al la Re&gcirc;lando de Francio kaj poste al
      la Franca Respubliko
      <fnt><vrk><url>http://eo.wikipedia.org/wiki/Alzaca_konsilrespubliko</url></vrk></fnt>
      </ekz>.
    </dif>
  </snc>
  <trd lng="de">Elsass</trd>
  <trd lng="fr">Alsace</trd>
</drv>
</art>

<!--
$Log: alzac.xml,v $
Revision 1.3  2013/09/09 01:10:12  revo
Damien Brucker: Aldono de malgranda kaj sudoriente

Revision 1.2  2013/08/28 18:10:12  revo
Wolfram Diestel: plia ekz.

Revision 1.1  2013/08/23 09:10:12  revo
Wolfram Diestel: nova artikolo

-->
</vortaro>
