<?xml version="1.0"?>
<!DOCTYPE vortaro SYSTEM "../dtd/vokoxml.dtd">

<vortaro>
<art mrk="$Id: amade.xml,v 1.6 2015/09/23 12:10:15 revo Exp $">
<kap>
  <rad>Amade</rad>/o <fnt><bib>PIV1</bib></fnt>
</kap>
<drv mrk="amade.0o">
  <kap><tld/>o</kap>
  <snc mrk="amade.0o.NOM">
    <uzo tip="fak">NOM</uzo>
    <dif>
      Vira <ref tip="lst" cel="nom.antaux0o"
      lst="voko:personaj_nomoj">anta&ubreve;nomo</ref> latindevena:
      <ekz>
        filino de grafo <tld/>o la 3a
        <fnt>
        <bib>Viki</bib>,
        <lok>Afonso Henriques, 2005-08-15</lok>
        </fnt>.
      </ekz>
    </dif>
  </snc>
  <trd lng="ca">Amadeu</trd>
  <trd lng="en">Amadeus</trd>
  <trd lng="fr">Am&eacute;d&eacute;e</trd>
  <trd lng="it">Amedeo</trd>
  <trd lng="pl">Amadeusz</trd>
</drv>
</art>

<!--
$Log: amade.xml,v $
Revision 1.6  2015/09/23 12:10:15  revo
Cindy Moon McKee: +trd en

Revision 1.5  2015/02/26 21:10:12  revo
Wolfram Diestel: lst antaunomoj

Revision 1.4  2012/07/31 12:10:13  revo
Marc Rausell: + trd ca

Revision 1.3  2009/10/30 17:31:10  revo
Antonio Codazzi: +trd it

Revision 1.2  2008/09/16 16:30:38  revo
Sebastian Cyprych: +trd pl

Revision 1.1  2005/08/29 16:31:23  revo
Jeromo Vasxe: nova artikolo

-->
</vortaro>
