<?xml version="1.0"?>
<!DOCTYPE vortaro SYSTEM "../dtd/vokoxml.dtd">

<vortaro>
<art mrk="$Id: amaril.xml,v 1.19 2019/03/08 10:10:21 revo Exp $">
<kap>
  <rad>amarilid</rad>/o
</kap>
<drv mrk="amaril.0o">
  <kap>
    <tld/>o
  </kap>
  <uzo tip="fak">BOT</uzo>
  <snc>
    <dif>
      <ref tip="lst" cel="genr.0o.BIO"
      lst="voko:botanikaj_genroj">Genro</ref> el familio
      <ref tip="malprt" cel="amaril1.0oj"><tld/>acoj</ref>
      (<trd lng="la">Amaryllis</trd>), ornama bulba planto, kun grandaj,
      bonodoraj floroj:
      <ekz>
        <tld/>o<klr>[j de]</klr> nur du specioj estas disvastigitaj en la regionoj kun
        vintra pluvo de la suda Afriko, en la hortikulturejoj ofertataj je
        <klr>[&#8230;]</klr> kristnaska tempo temas pri la genro <ind>hipeastro</ind> la&ubreve; la hodia&ubreve;a
        sistematiko
        <fnt>
          <bib>Viki</bib>
          <lok><url ref="https://eo.wikipedia.org/?curid=602586"
              >Amaryllis</url></lok>
        </fnt>.
        <trd lng="de">Ritterstern</trd>
      </ekz>
    </dif>
    <bld
      lok="&WCU;/thumb/c/c0/Amaryllis_belladonna.JPG/320px-Amaryllis_belladonna.JPG"
      prm="CC BY 3.0"
      >floraro de <tld/>o (Amaryllis belladonna)
        <fnt>
          <aut>Woozz, propra verko</aut>
          <lok><url ref="&WCW;/File:Amaryllis_belladonna.JPG"
              >https://commons.wikimedia.org/wiki/File:Amaryllis_belladonna.JPG</url></lok>
        </fnt>
    </bld>
  </snc>
  <trd lng="be">&c_a;&c_m;&c_a;&c_r;&c_y;&c_l;&c_ib;&c_s;</trd>
  <trd lng="bg">&c_a;&c_m;&c_a;&c_r;&c_i;&c_l;&c_i;&c_s;</trd>
  <trd lng="ca">amaril&middot;lis</trd>
  <trd lng="de">Amaryllis</trd>
  <trd lng="en">amaryllis</trd>
  <trd lng="fr">amaryllis</trd>
  <trdgrp lng="hu">
    <trd>amarillisz</trd>,
    <trd>h&ouml;lgyliliom</trd></trdgrp>
  <trd lng="nl">amaryllis</trd>
  <trd lng="ru">&c_a;&c_m;&c_a;&c_r;&c_i;&c_l;&c_l;&c_i;&c_s;</trd>
</drv>
</art>
<!--
$Log: amaril.xml,v $
Revision 1.19  2019/03/08 10:10:21  revo
Wolfram Diestel: +ekz, hipeastro, +bld

Revision 1.18  2013/08/26 08:10:20  revo
Wolfram Diestel: referenco al listo bot genroj

Revision 1.17  2013/08/14 16:10:18  revo
Joop Eggen: +trd bg

Revision 1.16  2011/12/11 21:10:26  revo
Marc Rausell: +trd ca

Revision 1.15  2004/03/09 17:31:53  revo
Dmitri Gabinski: +trd be

Revision 1.14  2002/10/01 16:37:04  revo
Christopher Zervic: + ang

Revision 1.13  2002/03/19 17:32:27  revo
Jozefo Horvath: +trd hu

Revision 1.12  2001/11/15 19:13:14  revo
-->
</vortaro>
