<?xml version="1.0"?>
<!DOCTYPE vortaro SYSTEM "../dtd/vokoxml.dtd">

<vortaro>
  <art mrk="$Id: amar.xml,v 1.20 2015/07/04 08:37:30 revo Exp $">
    <kap>
      <ofc>4</ofc>
      <rad>amar</rad>/a
      <fnt>Z</fnt>
    </kap>

    <drv mrk="amar.0a">
      <kap><tld/>a</kap>
      <snc mrk="amar.0a.gusto">
	<dif>
  	  <ref tip="sin" cel="dolcx.mal0a.gusto">Maldol&ccirc;a</ref> por la
          <ref tip="lst" cel="gust.0o.eco"
          lst="voko:gustoj">gusto</ref>, kiel galo, aloo, genciano,
          leontodo, kakao:
  	  <ekz>
  	    por bu&scirc;o <tld/>a, por koro dol&ccirc;a.
  	  </ekz>
      </dif>
      </snc>
      <snc mrk="amar.0a.sento">
	<dif>
  	  Tiel maldol&ccirc;a por la koro, kiel por la lipoj; akra, malmilda:
  	  <ekz>
  	    morto de patrino estas <tld/>a doloro;
  	  </ekz>
  	  <ekz>
  	    <tld/>a beda&ubreve;ro, moko, parolo, kritiko, ripro&ccirc;o.
  	  </ekz>
        </dif>
        <ref tip="sin" cel="dolcx.mal0a.sento">maldol&ccirc;a</ref>
      </snc>
  <trd lng="be">&c_g;&c_o;&c_r;&c_k;&c_ib;</trd>
  <trd lng="ca">amarg</trd>
  <trdgrp lng="cs">
    <trd>hořký</trd>,
    <trd>trpký <klr>(i citově)</klr></trd>,
    <trd>zahořklý</trd>
  </trdgrp>
  <trd lng="de">bitter</trd>
  <trd lng="en">bitter</trd>
  <trd lng="es">amargo</trd>
  <trd lng="fr">amer</trd>
  <trd lng="id">pahit</trd>
  <trd lng="it">amaro</trd>
  <trd lng="nl">bitter</trd>
  <trd lng="ru">&c_g;&c_o;&c_r;&c_mol;&c_k;&c_i;&c_j;</trd>
  <trdgrp lng="sk">
    <trd>hork&yacute;</trd>,
    <trd>trpký</trd>
  </trdgrp>
</drv>
  </art>
<!--
$Log: amar.xml,v $
Revision 1.20  2015/07/04 08:37:30  revo
aldono de trd cs per skripto de M. von Laer

Revision 1.19  2015/06/28 12:03:35  revo
aldono de trd sk per skripto de M. von Laer

Revision 1.18  2014/10/28 04:10:51  revo
Eko Nur Syah Hidayat: +trd id

Revision 1.17  2013/08/22 16:10:26  revo
Wolfram Diestel: referenco al listo gustoj

Revision 1.16  2011/12/05 11:10:13  revo
Marc Rausell: kataluna traduko

Revision 1.15  2003/02/15 17:34:09  revo
Ulrich Fellmann: + 1 trd = de

Revision 1.14  2002/10/01 16:37:01  revo
Christopher Zervic: + ang

Revision 1.13  2002/09/07 17:42:17  revo
Viliam Bur: +sk trd

Revision 1.12  2002/05/16 16:33:04  revo
Sergio Pokrovskij: TEZ

Revision 1.11  2002/05/09 18:43:51  revo
-->
</vortaro>
