<?xml version="1.0"?>
<!DOCTYPE vortaro SYSTEM "../dtd/vokoxml.dtd">

<vortaro>
<art mrk="$Id: amas.xml,v 1.37 2018/08/23 16:10:20 revo Exp $">
<kap>
  <ofc>*</ofc>
  <rad>amas</rad>/o <fnt><bib>PV</bib></fnt>
</kap>

<drv mrk="amas.0o">
  <kap><ofc>*</ofc><tld/>o</kap>
  <snc mrk="amas.0o.KOMUNE">
    <dif>
      Multnombra, &gcirc;enerale senorda kolekto, multo da:
      <ekz>
        sur la bordo de la maro staris <tld/>o da homoj
        <fnt><bib>F</bib>, <lok>&FE; 32</lok></fnt>;
      </ekz><ekz>
        la unuaj piramidoj estis nur <tld/>o da &scirc;tonoj;
      </ekz><ekz>
        <tld/>o da mono kaj titolo de barono
        <fnt><bib>PrV</bib></fnt>;
      </ekz><ekz>
        <tld/>o da &scirc;uldoj<fnt>Z</fnt>;
      </ekz><ekz>
        liaj proponoj estis faritaj al ni en granda
        <tld/>o<fnt>Z</fnt> <klr>(tre multaj)</klr>;
      </ekz><ekz>
        en <tld/>o <klr>(popol<tld/>o)</klr> e&ccirc; morto estas 
        pli gaja<fnt><bib>PrV</bib></fnt>;
      </ekz><ekz>
        al kuko kaj kaso &ccirc;iam venas <tld/>o
        <klr>(<ref tip="vid" cel="miel.0o">mielo</ref>)</klr>
        <fnt><bib>PrV</bib></fnt>.
      </ekz>
    </dif>
    <refgrp tip="vid">
      <ref cel="abund.0a">abunda</ref>,
      <ref cel="flu.al0i">alflui</ref>,
      <ref cel="dens.0a">densa</ref>,
      <ref cel="kolekt1.0a">kolektiva</ref>,
      <ref cel="svarm.0i">svarmi</ref>
    </refgrp>
    <refgrp tip="vid">
      <ref cel="mar.0o">maro</ref>,
      <ref cel="mont.0o">monto</ref>
    </refgrp>
  </snc>
  <trdgrp lng="be">
    <trd>&c_n;&c_a;&c_t;&c_o;&c_w;&c_p;</trd>,
    <trd>&c_g;&c_u;&c_r;&c_t;</trd>
  </trdgrp>
  <trdgrp lng="ca">
    <trd>munt</trd>,
    <trd>pila</trd>,
    <trd>muni&oacute;</trd>
  </trdgrp>
  <trdgrp lng="cs">
    <trd>dav</trd>,
    <trd>halda</trd>,
    <trd>hejno</trd>,
    <trd>hromada</trd>,
    <trd>kupa</trd>
  </trdgrp>
  <trdgrp lng="de">
    <trd>Masse</trd>,
    <trd>Menge</trd>,
    <trd>Haufen</trd>
  </trdgrp>
  <trd lng="en">mass</trd>
  <trdgrp lng="es">
    <trd>masa</trd>,
    <trd>multitud</trd>,
    <trd>muchedumbre</trd>
  </trdgrp>
  <trdgrp lng="fr">
    <trd>masse</trd>,
    <trd>multitude</trd>,
    <trd>foule</trd>
  </trdgrp>
  <trd lng="it">massa</trd>
  <trdgrp lng="nl">
    <trd>massa</trd>,
    <trd>menigte</trd>
  </trdgrp>
  <trdgrp lng="pl">
    <trd>masa</trd>,
    <trd>t&lstroke;um</trd>,
    <trd>kupa</trd>,
    <trd>t&lstroke;uszcza</trd>
  </trdgrp>
  <trd lng="pt">multid&atilde;o</trd>
  <trdgrp lng="ru">
    <trd>&c_t;&c_o;&c_l;&c_p;&c_a;</trd>,
    <trd>&c_s;&c_k;&c_o;&c_p;&c_l;&c_je;&c_n;&c_i;&c_je;</trd>,
    <trd>&c_k;&c_u;&c_ch;&c_a;</trd>
  </trdgrp>
  <trdgrp lng="sk">
    <trd>hromada</trd>,
    <trd>h&racute;ba</trd>,
    <trd>kopa</trd>,
    <trd>masa</trd>
  </trdgrp>
  <trdgrp lng="th">
    <trd>&#3613;&#3641;&#3591;</trd>,
    <trd>&#3626;&#3636;&#3656;&#3591;&#3607;&#3637;&#3656;&#3617;&#3637;&#3592;&#3635;&#3609;&#3623;&#3609;&#3617;&#3634;&#3585;</trd>
  </trdgrp>
</drv>

<drv mrk="amas.0a">
  <kap><tld/>a</kap>
  <snc mrk="amas.0a.KOMUNE">
    <dif>
      Mult-era, densa, ara:
      <ekz>
        <tld/>e dissemataj mensogoj kaj kalumnioj<fnt>Z</fnt>;
      </ekz><ekz>
        <tld/>a bu&ccirc;ado;
      </ekz><ekz>
        <tld/>a kunveno.
      </ekz>
    </dif>
  </snc>
  <trdgrp lng="cs">
    <trd>hromadn&yacute;</trd>,
    <trd>masov&yacute;</trd>
  </trdgrp>
  <trdgrp lng="de">
    <trd>massenhaft</trd>,
    <trd>Massen~</trd>
  </trdgrp>
  <trd lng="en">mass</trd>
  <trdgrp lng="es">
    <trd>masiva</trd>,
    <trd>de <ind>masas</ind></trd>,
    <trd>en <ind>masa</ind></trd>
  </trdgrp>
  <trdgrp lng="fr">
    <trd>de <ind>masse</ind></trd>,
    <trd>massif</trd>
  </trdgrp>
  <trdgrp lng="pl">
    <trd>masowy</trd>,
    <trd>hurtowy</trd>
  </trdgrp>
  <trdgrp lng="sk">
    <trd>hromadn&yacute;</trd>,
    <trd>masov&yacute;</trd>
  </trdgrp>
</drv>

<drv mrk="amas.0igi">
  <kap><tld/>igi</kap>
  <gra><vspec>tr</vspec></gra>
  <snc mrk="amas.0igi.KOMUNE">
    <dif>
      Kolekti por fari <tld/>on:
      <ekz>
        <tld/>igi scii&gcirc;ojn;
      </ekz><ekz>
        <tld/>igi aron da kura&gcirc;uloj<fnt>Z</fnt>
      </ekz>
    </dif>
    <refgrp tip="vid">
      <ref cel="akapar.0i">akapari</ref>,
      <ref cel="akumul.0i">akumuli</ref>,
      <ref cel="aglome.0i">aglomeri</ref>,
      <ref cel="agluti.0i">aglutini</ref>.
    </refgrp>
  </snc>
  <trd lng="be">&c_g;&c_u;&c_r;&c_t;&c_a;&c_v;&c_a;&c_c;&c_mol;</trd>
  <trdgrp lng="ca">
    <trd>reunir</trd>,
    <trd>acumular</trd>
  </trdgrp>
  <trdgrp lng="cs">
    <trd>hromadit</trd>,
    <trd>kumulovat</trd>,
    <trd>nakupit</trd>,
    <trd>shrnout na hromadu</trd>,
    <trd>sn&aacute;&scaron;et na hromadu</trd>,
    <trd>st&rcaron;&aacute;dat</trd>
  </trdgrp>
  <trdgrp lng="de">
    <trd>anh&auml;ufen</trd>,
    <trd>ansammeln</trd>,
    <trd>massieren <klr>(zusammenziehen, bes.
    milit&auml;risch)</klr></trd>
  </trdgrp>
  <trd lng="en">amass</trd>
  <trdgrp lng="es">
    <trd>amasar</trd>,
    <trd>acumular</trd>,
    <trd>aglutinar</trd>
  </trdgrp>
  <trdgrp lng="fr">
    <trd>amasser</trd>,
    <trd>entasser</trd>
  </trdgrp>
  <trd lng="nl">ophopen</trd>
  <trdgrp lng="pl">
    <trd>gromadzi&cacute;</trd>,
    <trd>skupia&cacute;</trd>,
    <trd>komasowa&cacute;</trd>
  </trdgrp>
  <trdgrp lng="ru">
    <trd>&c_n;&c_a;&c_k;&c_o;&c_p;&c_l;&c_ja;&c_t;&c_mol;</trd>,
    <trd>&c_g;&c_r;&c_o;&c_m;&c_o;&c_z;&c_d;&c_i;&c_t;&c_mol;</trd>
  </trdgrp>
  <trdgrp lng="sk">
    <trd>hromadi&tcaron;</trd>,
    <trd>nahromadi&tcaron;</trd>,
    <trd>zhroma&zcaron;di&tcaron;</trd>
  </trdgrp>
</drv>

<drv mrk="amas.0igxi">
  <kap><tld/>i&gcirc;i</kap>
  <snc mrk="amas.0igxi.KOMUNE">
    <dif>
      Kuni&gcirc;i en <tld/>o:
      <ekz>
        pli ol 2.500 homoj <tld/>i&gcirc;is en konstrua&jcirc;o
        en kiu jam kvinono estus tro
        <fnt>
          <aut>T. del Barrio</aut>,
          <vrk><url
          ref="http://www.liberafolio.org/2013/esperantisto-gvidis-fugon-el-prizono-de-franco">
          Esperantisto gvidis fu&gcirc;on el prizono de
          Franco</url></vrk>,
          <lok>libera folio, 2013-05-26</lok>
        </fnt>.
      </ekz>
    </dif>
  </snc>
  <trdgrp lng="de">
    <trd>sich anh&auml;ufen</trd>,
    <trd>sich ansammeln</trd>
  </trdgrp>
  <trdgrp lng="en"><trd>to amass</trd>, <trd>mass</trd></trdgrp>
  <trdgrp lng="es">
    <trd><ind>reunir</ind>se</trd>,
    <trd><ind>congregar</ind>se</trd>
  </trdgrp>
  <trdgrp lng="fr">
    <trd>s'<ind>amasser</ind></trd>,
    <trd>s'<ind>entasser</ind></trd>
  </trdgrp>
  <trdgrp lng="pl">
    <trd>gromadzi&cacute; si&eogonek;</trd>,
    <trd>skupia&cacute; si&eogonek;</trd>,
    <trd>g&eogonek;stnie&cacute;<klr> (o t&lstroke;umie)</klr></trd>
  </trdgrp>
</drv>

<drv mrk="amas.0igxo">
  <kap><tld/>i&gcirc;o</kap>
  <snc mrk="amas.0igxo.KOMUNE">
    <dif>
      Kuni&gcirc;o en <tld/>on:
      <ekz>
        <tld/>i&gcirc;oj de steloj
        <fnt>
          <aut>-</aut>,
          <vrk><url ref="http://www.karapaco.de/u/astronomio/">
          Altenburga Astronomia Unui&gcirc;o "Bernhard
          Schmidt"</url></vrk>,
          <lok>[2005?]</lok>
        </fnt>.
      </ekz>
    </dif>
  </snc>
  <trd lng="de">Anh&auml;ufung <klr>(das Sichanh&auml;ufen)</klr></trd>
  <trd lng="en">mass</trd>
  <trdgrp lng="es">
    <trd>acumulaci&oacute;n</trd>,
    <trd>hacinamiento</trd>
  </trdgrp>
  <trdgrp lng="fr">
    <trd>accumulation</trd>,
    <trd>entassement</trd>
  </trdgrp>
  <trdgrp lng="pl">
    <trd>skupisko</trd>,
    <trd>zgromadzenie</trd>,
    <trd>komasacja</trd>
  </trdgrp>
</drv>

<drv mrk="amas.hom0o">
  <kap>hom<tld/>o, <var><kap><ofc>*</ofc>popol<tld/>o <fnt><bib>F</bib>,
  <lok>Universala Vortaro, <url
  ref="http://www.akademio-de-esperanto.org/fundamento/universala_vortaro.html#av-5164">popol'amas'</url></lok></fnt></kap></var></kap>
  <snc mrk="amas.hom0o.KOMUNE">
    <dif>
      Granda, densa kuno da homoj:
      <ekz>
        li ordonis al la hom<tld/>o sidi&gcirc;i sur la tero
        <fnt><bib>NT</bib>, <lok>&Mat; 15:35</lok></fnt>;
      </ekz><ekz>
        la popol<tld/>o atakis la re&gcirc;an palacon.
      </ekz>
    </dif>
  </snc>
  <trdgrp lng="ca">
    <trd>gentada</trd>,
    <trd>multitud</trd>
  </trdgrp>
  <trdgrp lng="cs">
    <trd>ma&ccaron;kanice</trd>,
    <trd>tla&ccaron;enice</trd>
  </trdgrp>
  <trd lng="de">Menschenmasse</trd>
  <trd lng="en">crowd</trd>
  <trd lng="es">multitud</trd>
  <trd lng="fr">foule</trd>
  <trdgrp lng="pl">
    <trd>t&lstroke;um</trd>,
    <trd>t&lstroke;uszcza</trd>
  </trdgrp>
  <trd lng="ru">&c_t;&c_o;&c_l;&c_p;&c_a;</trd>
  <trdgrp lng="sk">
    <trd>dav</trd>,
    <trd>masa &lcaron;ud&iacute;</trd>
  </trdgrp>
  <trdgrp lng="th">
    <trd>&#3613;&#3641;&#3591;&#3594;&#3609;</trd>,
    <trd>&#3617;&#3627;&#3634;&#3594;&#3609;</trd>
  </trdgrp>
</drv>

<drv mrk="amas.0informado">
  <kap><tld/>informado</kap>
  <snc>
    <dif>
      &Ccirc;ia agado celanta sciigi al la vasta publiko diversajn
      informojn
      kaj tiel formi publikan opinion:
      <ekz>
        En la nuna stadio, kiam <klr>...</klr> ni ne disponas pri la
        rimedoj de <tld/>informado, la disvastigo de la Internacia
        Lingvo dependas grandparte de persona propagando
        <fnt>
          <aut>Gian Carlo Fighiera</aut>:
          <vrk>Zamenhof kaj la Movado</vrk>.
          <lok>En: W. Auld. Pa&scirc;oj por plena posedo. La Pa&scirc;o
          13-a.</lok>
        </fnt>;
      </ekz><ekz>
        gigantaj entreprenoj akaparas la <ctl>informadon</ctl>, la
        <tld/>informadon (la <ctl>mediojn</ctl> kiel diras erare
        e&ccirc;
        kleraj esperantistoj)
        <fnt>
          <aut>Gilbert LEDON</aut>,
          <vrk>Kvina povo</vrk>.
          <bib>Monato</bib>
        </fnt>.
      </ekz>
    </dif>
  </snc>
  <trd lng="en">mass media</trd>
</drv>

<drv mrk="amas.0informilo">
  <kap><tld/>informilo</kap>
  <snc>
    <dif>
      Supernocio por
      <refgrp>
        <ref cel="gazet.0o">gazeto</ref>,
        <ref cel="televid.0o">televido</ref>,
        <ref cel="radiof.0o">radiofonio</ref>
      </refgrp>:
      <ekz>
        kial &ccirc;iuj <tld/>informiloj gurdoripetadis nigrajn
        konsiderojn pri la abomena Nacia Fronto, anstata&ubreve;
        objektive paroli pri &gcirc;iaj kritikeblaj ideoj?
        <fnt>
          <aut>J. Bertrand</aut>,
          <vrk>Francio, &ccirc;u profunde demokratia?</vrk>.
          <bib>Monato</bib>
        </fnt>.
      </ekz>
    </dif>
  </snc>
  <rim>
    En la <tld/>informiloj laboras <em>&jcirc;urnalistoj</em>,
    kaj estus logika &gcirc;eneraligi la sencon de
    <ref cel="jxurna.0o">&jcirc;urnalo</ref> &gcirc;is supernocio 
    kovranta anka&ubreve; la elektronikajn <tld/>informilojn; sed 
    ial tio ne okazis.
    <aut>Sergio Pokrovskij</aut>
  </rim>
  <trd lng="ca">mitjans de comunicaci&oacute;</trd>
  <trd lng="de">Massenmedien</trd>
  <trd lng="en">mass media</trd>
  <trd lng="es">medios de comunicaci&oacute;n de masas</trd>
  <trd lng="fr">mass m&eacute;dia</trd>
  <trdgrp lng="pl">
    <trd>media</trd>,
    <trd>&sacute;rodki masowego przekazu</trd>,
    <trd>mass media</trd>
  </trdgrp>
  <trdgrp lng="ru">
    <trd>&c_S;&c_M;&c_I;</trd>,
    <trd>&c_s;&c_r;&c_je;&c_d;&c_s;&c_t;&c_v;&c_o;
    &c_m;&c_a;&c_s;&c_s;&c_o;&c_v;&c_o;&c_j;
    &c_i;&c_n;&c_f;&c_o;&c_r;&c_m;&c_a;&c_c;&c_i;&c_i;</trd>
  </trdgrp>
  <trd lng="th">&#3626;&#3639;&#3656;&#3629;&#3617;&#3623;&#3621;&#3594;&#3609;</trd>
</drv>

<drv mrk="amas.0komunikilo">
  <kap><tld/>komunikilo</kap>
  <snc>
    <ref tip="dif" cel="amas.0informilo"><tld/>informilo</ref>
  </snc>
  <rim>
    La vorto <tld/>komunikilo eble konvenus por la Interreto, kie
    efektive okazas <em>komunikado</em>; sed por la tradiciaj
    gazetaro kaj televido pli konvenas la vorto
    <ctl>informilo</ctl>, &ccirc;ar ili estas unudirektaj.
    <aut>Sergio Pokrovskij</aut>
  </rim>
  <trd lng="en">mass communication</trd>
  <trd lng="th">&#3626;&#3639;&#3656;&#3629;&#3617;&#3623;&#3621;&#3594;&#3609;</trd>
</drv>

</art>
<!--
$Log: amas.xml,v $
Revision 1.37  2018/08/23 16:10:20  revo
Warut Bunprasert: +trd th

Revision 1.36  2018/06/06 04:10:13  revo
Sergio Pokrovskij: + ~informado

Revision 1.35  2017/12/20 10:10:25  revo
Michel Cantigneaux: "popol/amas/o" fundamenta kunmetajxo el la U.V.

Revision 1.34  2016/11/20 23:10:18  revo
Norbert Luckhardt: kor. / ald. trd. DE

Revision 1.33  2015/11/27 06:10:16  revo
Sebastian Cyprych: +trd pl

Revision 1.32  2015/10/01 13:10:53  revo
Cindy Moon McKee: +trd en

Revision 1.31  2015/09/10 11:10:22  revo
Evandro Avellar: +trd pt

Revision 1.30  2015/07/04 08:37:30  revo
-->
</vortaro>
