<?xml version="1.0"?>
<!DOCTYPE vortaro SYSTEM "../dtd/vokoxml.dtd">

<vortaro>
<art mrk="$Id: amator.xml,v 1.25 2018/08/06 10:10:14 revo Exp $">
<kap>
  <ofc>8</ofc>
  <rad>amator</rad>/o <fnt>Z</fnt> <fnt><bib>PIV1</bib></fnt>
</kap>

<drv mrk="amator.0o">
   <kap><tld/>o</kap>
   <snc mrk="amator.0o.BELA">
     <dif>
       Tiu, kiu amas kaj kolektas belarta&jcirc;ojn a&ubreve; kurioza&jcirc;ojn.
     </dif>
     <trd lng="bg">&c_l;&c_ju;&c_b;&c_i;&c_t;&c_je;&c_l;</trd>
     <trd lng="de">Liebhaber</trd>
     <trd lng="nl">liefhebber</trd>
   </snc>
   <snc mrk="amator.0o.KOMUNE">
     <ref tip="dif" cel="dileta.0o">diletanto</ref>
     <trd lng="bg">&c_a;&c_m;&c_a;&c_t;&c_mol;&c_o;&c_r;</trd>
     <trdgrp lng="de">
       <trd>Nichtfachmann</trd>,
       <trd>Laie</trd>,
       <trd>Amateur</trd>,
       <trd>Amat&ouml;r</trd>
     </trdgrp>
     <trd lng="nl">amateur</trd>
     <trd lng="sk">ochotn&iacute;k</trd>
     <trd lng="sv">amat&ouml;r</trd>
   </snc>
  <trd lng="be">&c_a;&c_m;&c_a;&c_t;&c_a;&c_r;</trd>
  <trdgrp lng="cs">
    <trd>amat&eacute;r</trd>,
    <trd>neodborn&iacute;k</trd>,
    <trd>ochotn&iacute;k</trd>
  </trdgrp>
  <trd lng="en">amateur</trd>
  <trdgrp lng="fr">
    <trd>amateur<klr> (subst.)</klr></trd>,
    <trd>dilettante</trd>
  </trdgrp>
  <trd lng="ru">&c_l;&c_ju;&c_b;&c_i;&c_t;&c_je;&c_l;&c_mol;</trd>
  <trd lng="sk">amat&eacute;r</trd>
</drv>

<drv mrk="amator.0eca">
   <kap><tld/>eca<fnt><bib>WED</bib></fnt></kap>
   <snc mrk="amator.0eca.KOMUNE">
     <dif>
       Neprofesie aganta,
       <ref tip="sin" cel="dileta.0a">diletanta</ref>.
     </dif>
   </snc>
   <trd lng="be">&c_a;&c_m;&c_a;&c_t;&c_a;&c_r;&c_s;&c_k;&c_ib;</trd>
   <trd lng="bg">&c_a;&c_m;&c_a;&c_t;&c_mol;&c_o;&c_r;&c_s;&c_k;&c_i;</trd>
   <trd lng="en">amateurish</trd>
   <trd lng="fr">amateur<klr> (adj.)</klr></trd>
   <trdgrp lng="de">
     <trd>laienhaft</trd>,
     <trd>dilettantisch</trd>,
     <trd>amateurhaft</trd>,
     <trd>unprofessionell</trd>
   </trdgrp>
   <trd lng="nl">amateuristisch</trd>
   <trdgrp lng="sk">
     <trd>amat&eacute;rsky</trd>,
     <trd>ochotn&iacute;cky</trd>
   </trdgrp>
   <trdgrp lng="ru">
     <trd>&c_l;&c_ju;&c_b;&c_i;&c_t;&c_je;&c_l;&c_mol;&c_s;&c_k;&c_i;&c_j;</trd>,
     <trd>&c_d;&c_i;&c_l;&c_je;&c_t;&c_a;&c_n;&c_t;&c_s;&c_k;&c_i;&c_j;</trd>,
     <trd>&c_n;&c_je;&c_p;&c_r;&c_o;&c_f;&c_je;&c_s;&c_s;&c_i;&c_o;&c_n;&c_a;&c_l;&c_mol;&c_n;&c_y;&c_j;</trd>
   </trdgrp>
</drv>

<drv mrk="amator.0i">
  <kap><tld/>i</kap>
  <gra><vspec>x</vspec></gra>
  <snc mrk="amator.0i.KOMUNE">
    <dif>
       Ne-profesie praktiki iun arto, iun agadon:
       <ekz>
        ne plu oni diros, ke la verda dramarto lamas, <tld/>as
        <fnt>
          <aut>B. Pietrzak</aut>
          <vrk><url
          ref='http://www2.polskieradio.pl/eo/dokument.aspx?iid=4784'>Trarigardo
          de la E-Gazetaro</url></vrk>
          <lok>Pola Radio, 2003-11-05</lok>
        </fnt>;
      </ekz>
      <ekz>
        pri matematiko mi <tld/>as.
      </ekz>
    </dif>
  </snc>
  <trd lng="fr">pratiquer en amateur</trd>
</drv>
</art>
<!--
$Log: amator.xml,v $
Revision 1.25  2018/08/06 10:10:14  revo
Michel Cantigneaux: aperas unue en PIV1 (1970), ne PV (1934), oficiala en 8OA (1974)

Revision 1.24  2017/07/13 11:10:15  revo
Jeromo Vasxe: + ~i

Revision 1.23  2016/01/03 10:10:17  revo
Damien Brucker: +trd fr

Revision 1.22  2015/07/04 08:37:30  revo
aldono de trd cs per skripto de M. von Laer

Revision 1.21  2013/08/19 17:10:16  revo
Joop Eggen: +trd bg

Revision 1.20  2003/11/01 17:31:46  revo
Dmitri Gabinski: +trd be

Revision 1.19  2003/10/12 16:30:30  revo
Jeromo Vasxe: kor. 1 ref

Revision 1.18  2003/09/09 16:32:05  revo
-->
</vortaro>
