<?xml version="1.0"?>
<!DOCTYPE vortaro SYSTEM "../dtd/vokoxml.dtd">

<vortaro>
<art mrk="$Id: amazon2.xml,v 1.15 2019/01/27 13:10:16 revo Exp $">
<kap>
  <rad>Amazon</rad>/o
</kap>

<drv mrk="amazon2.A0o">
  <kap><tld/>o</kap>
  <uzo tip="fak">GEOG</uzo>
  <fnt><bib>PIV1</bib></fnt>
  <fnt><bib>KrED</bib></fnt>
  <snc mrk="amazon2.0o.rivero">
    <dif>
      Grandega <ref tip="malprt" cel="amerik.Sud0o">sudamerika</ref>
      <ref tip="lst" cel="river.0o" lst="voko:riveroj">rivero</ref>, plej
      akvori&ccirc;a rivero de la mondo:
      <ekz>
        Amapao estas &scirc;tato de la Federacio de Brazilo, situanta inter la elfluejo de
        rivero <tld/>o kaj la Franca Gviano
        <fnt>
          <bib>Viki</bib>
          <lok><url ref="https://eo.wikipedia.org/?curid=270"
              >Amapao</url></lok>
        </fnt>.
      </ekz>
    </dif>
    <trd lng="be">&c_A;&c_m;&c_a;&c_z;&c_o;&c_n;&c_k;&c_a;</trd>
    <trd lng="es">El Amazonas</trd>
    <trd lng="fa">&a_r;&a_w;&a_d; <ind>&a_A_madda;&a_m;&a_A;&a_z;&a_w;&a_n;</ind></trd>
    <trd lng="fr">Amazone</trd>
    <trd lng="nl">Amazone</trd>
    <trd lng="pl">Amazonka</trd>
    <trd lng="ru">&c_A;&c_m;&c_a;&c_z;&c_o;&c_n;&c_k;&c_a;</trd>
  </snc>
  <snc mrk="amazon2.0o.subsxtato">
    <dif>
      Nordokcidenta sub&scirc;tato de
      <ref tip="malprt" cel="brazil.B0o">Brazilo</ref>, en la baseno de
      <tld/>o<sncref ref="amazon2.0o.rivero"/>.
    </dif>
    <trd lng="be">&c_A;&c_m;&c_a;&c_z;&c_o;&c_n;&c_a;&c_s;</trd>
    <trd lng="ru">&c_A;&c_m;&c_a;&c_z;&c_o;&c_n;&c_a;&c_s;</trd>
  </snc>
  <rim>
    <ref tip="hom" cel="amazon.0o">Amazonoj</ref>
    anka&ubreve; estas antikvaj militistinoj.
  </rim>
  <trd lng="cs">Amazonka</trd>
  <trd lng="de">Amazonas</trd>
  <trd lng="fa">&a_A_madda;&a_m;&a_A;&a_z;&a_w;&a_n;&a_A;&a_s;</trd>
  <trd lng="hu">Amazonas</trd>
  <trd lng="pl">Amazonia</trd>
  <trd lng="pt">Amazonas</trd>
  <trd lng="sk">Amazonka</trd>
</drv>
</art>

  <!--
  $Log: amazon2.xml,v $
  Revision 1.15  2019/01/27 13:10:16  revo
  Wolfram Diestel: +ekz, rim pri homonimo amazonoj

  Revision 1.14  2015/07/04 08:37:30  revo
  aldono de trd cs per skripto de M. von Laer

  Revision 1.13  2015/06/28 12:03:35  revo
  aldono de trd sk per skripto de M. von Laer

  Revision 1.12  2013/09/06 19:10:36  revo
  Wolfram Diestel: ref al lst riveroj

  Revision 1.11  2011/08/01 06:10:09  revo
  Jozefo Horvath: +trd hu

  Revision 1.10  2011/02/13 03:10:29  revo
  Luiz Portella: kor. ref k mrk

  Revision 1.9  2010/08/12 16:30:31  revo
  Behnam Tabatabai: +trd fa

  Revision 1.8  2008/09/16 16:30:39  revo
  Sebastian Cyprych: +trd pl

  Revision 1.7  2006/05/14 16:55:31  revo
  Eduardo Navas: kor trd es

  Revision 1.6  2004/08/16 16:33:04  revo
  Dmitri Gabinski: kor de ligo

  Revision 1.5  2004/01/23 17:30:52  revo
  Luis Oliveira: +trd pt

  Revision 1.4  2003/11/09 17:31:02  revo
  Dmitri Gabinski: +trd be

  Revision 1.3  2003/04/30 16:31:29  revo
  Sergio Pokrovskij: +adm, +trd=ru

  Revision 1.2  2003/04/21 19:13:54  revo
  Paul Peeraerts: ald trd fr nl es - kunigis du snc en de

  Revision 1.1  2003/01/02 17:39:55  revo
  Ulrich Fellmann: nova artikolo

  -->
</vortaro>
