<?xml version="1.0"?>
<!DOCTYPE vortaro SYSTEM "../dtd/vokoxml.dtd">

<vortaro>
<art mrk="$Id: amazon.xml,v 1.24 2017/11/04 16:10:13 revo Exp $">
<kap><rad>amazon</rad>/o<fnt>Z</fnt></kap>
<drv mrk="amazon.0o">
  <kap><tld/>o</kap>
  <snc>
    <uzo tip="fak">MIT</uzo>
    <dif>
      Virino el tribo de militistinoj, kiuj ne akceptis virojn inter si
      la&ubreve; la helena legendo.
    </dif>
    <trd lng="de">Amazone</trd>
    <trd lng="pt">amazona<klr tip="amb"> (mit.)</klr></trd>
    <trd lng="pl">Amazonka</trd>
    <trd lng="ru">&c_a;&c_m;&c_a;&c_z;&c_o;&c_n;&c_k;&c_a;<klr> (&c_m;&c_i;&c_f;.)</klr></trd>
  </snc>
  <snc>
    <uzo tip="stl">FIG</uzo>
    <dif>
      Rajdantino:
      <ekz>
        ho suda nuda rajdonta <tld/>'<fnt>W</fnt>.
      </ekz>
    </dif>
    <adm>
      &Ccirc;u tiu senco estas aparte registrinda? &Ccirc;u &gcirc;i reale ekzistas en
      Esperanto? Por mi &gcirc;i aspektas kiel naftalina franca&jcirc;o, tute
      malaktuala en la nuna mondo kaj tro precioza por la nuna belgusto.
      <aut>Sergio</aut>
    </adm>
    <trd lng="de">Reiterin</trd>
    <trd lng="pl">amazonka</trd>
    <trd lng="pt">amazona</trd>
    <trd lng="ru">&c_n;&c_a;&c_je;&c_z;&c_d;&c_n;&c_i;&c_c;&c_a;</trd>
  </snc>
  <ref tip="hom" cel="amazon2.A0o">Amazono</ref>
  <trd lng="be">&c_a;&c_m;&c_a;&c_z;&c_o;&c_n;&c_k;&c_a;<klr> (&c_m;&c_ib;&c_t;.)</klr></trd>
  <trd lng="bg">&c_a;&c_m;&c_a;&c_z;&c_o;&c_n;&c_k;&c_a;</trd>
  <trdgrp lng="cs">
    <trd>amazonka</trd>,
    <trd>bojovn&aacute; &zcaron;ena</trd>
  </trdgrp>
  <trd lng="de">Amazone</trd>
  <trd lng="en">amazon</trd>
  <trd lng="es">amazona</trd>
  <trd lng="fr">amazone</trd>
  <trd lng="hu">amazon</trd>
  <trd lng="it">amazzone</trd>
  <trd lng="nl">amazone</trd>
  <trdgrp lng="sk">
    <trd>amazonka</trd>,
    <trd>jazdky&ncaron;a</trd>
  </trdgrp>
</drv>

<drv mrk="amazon.0ino">
  <kap><tld/>ino</kap>
  <snc>
    <uzo tip="stl">ARK</uzo>
    <ref tip="dif" cel="amazon.0o">amazono</ref>
    <ekz>
      oni pensas, ke &scirc;i devenas de <tld/>inoj
      <fnt>
        <aut>Johann Wolfgang von Goethe, trad. L. L. Zamenhof</aut>
        <vrk><url
        ref="http://karavelo.net/html/pdf/zamenhofo_trad_goethe_ifigenio_en_taurido.pdf">Ifigenio
        en Ta&ubreve;rido</url></vrk>
      </fnt>;
    </ekz>
    <ekz>
      la&ubreve; maniero de <tld/>inoj
      <fnt>
        <aut>Johann Wolfgang von Goethe, trad. L. L. Zamenhof</aut>
        <vrk><url
        ref="http://karavelo.net/html/pdf/zamenhofo_trad_goethe_ifigenio_en_taurido.pdf">Ifigenio
        en Ta&ubreve;rido</url></vrk>
      </fnt>;
    </ekz>
    <ekz>
      agas diversaj feoj, <tld/>inoj, diabloj
      <fnt>
        <aut>J. Mura&scirc;kovskij kaj I. Mura&scirc;kovska</aut>,
        <vrk>Kien fluas roj' Castalie?</vrk>
        <lok><url
        ref="http://www.esperanto.mv.ru/Arkivoj/index.html">Literatura
        Skatolo/Survoje</url></lok>
      </fnt>.
    </ekz>
  </snc>
</drv>
</art>
<!--
$Log: amazon.xml,v $
Revision 1.24  2017/11/04 16:10:13  revo
Robin van der Vliet: . estu :

Revision 1.23  2017/10/20 22:10:15  revo
Robin van der Vliet: +~ino

Revision 1.22  2015/07/04 08:37:30  revo
aldono de trd cs per skripto de M. von Laer

Revision 1.21  2015/06/28 12:03:35  revo
aldono de trd sk per skripto de M. von Laer

Revision 1.20  2011/02/14 13:10:18  revo
Luiz Portella: kor. ref k mrk

Revision 1.19  2010/06/07 16:30:24  revo
Antonio Codazzi: +trd it

Revision 1.18  2009/01/03 17:31:42  revo
Wieland Pusch: +trd bg

Revision 1.17  2008/06/12 19:06:35  revo
-->
</vortaro>
