<?xml version="1.0"?>
<!DOCTYPE vortaro SYSTEM "../dtd/vokoxml.dtd">

<vortaro>
<art mrk="$Id: ambasa.xml,v 1.21 2018/08/06 11:10:13 revo Exp $">
<kap>
  <ofc>8</ofc>
  <rad>ambasad</rad>/o 
  <fnt>Z</fnt> <fnt><bib>PIV1</bib></fnt>
</kap>
<drv mrk="ambasa.0o">
  <kap><tld/>o</kap>
  <uzo tip="fak">POL</uzo>
  <snc>
    <dif>
      Ambasadora delegitaro:
      <ekz>
        kanada <tld/>o promesis al polaj enmigrontoj rekonsideron de
        iliaj
        petoj post 8 jaroj<fnt><aut>Remigiusz Mielcarek</aut>:
        <vrk>Enmigrintoj en ora ka&gcirc;o</vrk>, <bib>Monato</bib><lok>jaro
        1994a, numero 1a, p. 15a</lok></fnt>.
      </ekz>
    </dif>
  </snc>
  <trdgrp lng="be">
    <trd>&c_d;&c_y;&c_p;&c_l;&c_ja;&c_m;&c_a;&c_t;&c_y;&c_ch;&c_n;&c_a;&c_ja; &c_m;&c_ib;&c_s;&c_ib;&c_ja;</trd>,
    <trd>&c_p;&c_a;&c_s;&c_o;&c_l;&c_mol;&c_s;&c_t;&c_v;&c_a;</trd>,
    <trd>&c_a;&c_m;&c_b;&c_a;&c_s;&c_a;&c_d;&c_a;</trd>
  </trdgrp>
  <trdgrp lng="ca">
    <trd>ambaixada</trd>,
    <trd>missi&oacute; diplom&agrave;tica</trd>
  </trdgrp>
  <trdgrp lng="cs">
    <trd>ambas&aacute;da</trd>,
    <trd>velvyslanectv&iacute;</trd>
  </trdgrp>
  <trdgrp lng="de">
    <trd>diplomatische <ind>Gesandtschaft</ind></trd>,
    <trd>Botschafter<klr> [pl]</klr></trd>
  </trdgrp>
  <trd lng="el">&pi;&rho;&epsilon;&sigma;&beta;&epsilon;&jota_ton;&alfa;</trd>
  <trdgrp lng="en">
    <trd>embassy</trd>,
    <trd>diplomatic mission</trd>
  </trdgrp>
  <trd lng="es">embajada</trd>
  <trdgrp lng="fr">
    <trd>ambassade<klr> (mission diplomatique)</klr></trd>,
    <trd>mission <ind>diplomatique</ind></trd>
  </trdgrp>
  <trd lng="hu">nagyk&ouml;vets&eacute;g</trd>
  <trd lng="nl">ambassade</trd>
  <trd lng="pt">embaixada <klr tip="amb">(deputa&ccedil;&atilde;o)</klr></trd>
  <trd lng="ru">&c_d;&c_i;&c_p;&c_l;&c_o;&c_m;&c_a;&c_t;&c_i;&c_ch;&c_je;&c_s;&c_k;&c_a;&c_ja; &c_m;&c_i;&c_s;&c_s;&c_i;&c_ja;</trd>
  <trdgrp lng="sk">
    <trd>ve&lcaron;vyslanectvo</trd>,
    <trd>vyslanectvo <klr>(person&aacute;l)</klr></trd>
  </trdgrp>
</drv>

<drv mrk="ambasa.0ejo">
  <kap><tld/>ejo</kap>
  <snc>
    <ref tip="dif" cel="ambasa1.0ejo">ambasadorejo</ref>
    <ekz>
      <tld/>ejo de Bosnio kaj Hercegovino ne akceptis la peton peri la
      dokumentojn<fnt><aut>Spomenka &Scirc;timec</aut>: <vrk>Saluton el
      Absurdistano</vrk>, <bib>Monato</bib><lok>jaro 1993a, numero 12a,
      p. 9a</lok></fnt>.
    </ekz>
  </snc>
  <trdgrp lng="be">
    <trd>&c_p;&c_a;&c_s;&c_o;&c_l;&c_mol;&c_s;&c_t;&c_v;&c_a;</trd>,
    <trd>&c_a;&c_m;&c_b;&c_a;&c_s;&c_a;&c_d;&c_a;</trd>
  </trdgrp>
  <trd lng="ca">ambaixada</trd>
  <trd lng="cs">s&iacute;dlo velvyslanectv&iacute;</trd>
  <trd lng="de">Botschaft</trd>
  <trd lng="en">embassy</trd>
  <trd lng="es">embajada</trd>
  <trd lng="fr">ambassade<klr> (lieu)</klr></trd>
  <trd lng="hu">nagyk&ouml;vets&eacute;g (&eacute;p&uuml;lete)</trd>
  <trd lng="nl">ambassade</trd>
  <trd lng="pt">embaixada <klr tip="amb">(sede)</klr></trd>
  <trd lng="ru">&c_p;&c_o;&c_s;&c_o;&c_l;&c_mol;&c_s;&c_t;&c_v;&c_o;</trd>
  <trdgrp lng="sk">
    <trd>s&iacute;dlo ve&lcaron;vyslanectva</trd>,
    <trd>ve&lcaron;vyslanectvo</trd>
  </trdgrp>
</drv>
</art>
<!--
$Log: ambasa.xml,v $
Revision 1.21  2018/08/06 11:10:13  revo
Michel Cantigneaux: aperas en PIV1 (1970), oficiala en 8OA (1974)

Revision 1.20  2015/07/04 08:37:30  revo
aldono de trd cs per skripto de M. von Laer

Revision 1.19  2015/06/28 12:03:35  revo
aldono de trd sk per skripto de M. von Laer

Revision 1.18  2012/03/01 10:10:12  revo
Glavkos Xaon: greka defino de la vorto

Revision 1.17  2011/12/10 21:10:37  revo
Marc Rausell: +trd ca

Revision 1.16  2009/08/08 16:32:01  revo
Russ Williams: +trd en, korekti tajperaron

Revision 1.15  2007/09/28 16:30:40  revo
Tulio Flores: +tr pt

Revision 1.14  2006/09/13 16:30:41  revo
-->
</vortaro>
