<?xml version="1.0"?>
<!DOCTYPE vortaro SYSTEM "../dtd/vokoxml.dtd">

<vortaro>
<art mrk="$Id: ambici.xml,v 1.18 2017/03/13 21:10:16 revo Exp $">
<kap>
  <ofc>1</ofc>
  <rad>ambici</rad>/o <fnt><bib>PV</bib></fnt>
</kap>
<drv mrk="ambici.0o">
  <kap><tld/>o</kap>
  <snc mrk="ambici.0o.PSI">
    <dif>
      Gloramo, honoramo:
      <ekz>
        ekzistas la&ubreve;dindaj <tld/>oj.
      </ekz>
    </dif>
  </snc>
  <snc mrk="ambici.0o.KOMUNE">
    <dif>
      Afero aspirata, dezirata, celata pro <tld/>a sento:
      <ekz>
        politikaj <tld/>oj de subridantaj mistifikistoj
        <fnt>
          <aut>K. Kalocsay</aut>,
          <vrk>Mia penso</vrk>,
          <lok>Norda Prismo, 1957:4, p. 182a-185a</lok>
        </fnt>.
      </ekz>
    </dif>
  </snc>
  <trd lng="be">&c_a;&c_m;&c_b;&c_ib;&c_c;&c_y;&c_ja;</trd>
  <trdgrp lng="cs">
    <trd>ambice</trd>,
    <trd>aspirace</trd>,
    <trd>cti&zcaron;&aacute;dost</trd>
  </trdgrp>
  <trdgrp lng="de">
     <trd>Ehrgeiz</trd>,
     <trd>Streben</trd>,
     <trd>Ambition</trd>
  </trdgrp>
  <trd lng="en">ambition</trd>
  <trd lng="es">ambici&oacute;n</trd>
  <trd lng="fr">ambition</trd>
  <trdgrp lng="nl">
    <trd>ambitie</trd>,
    <trd>eerzucht</trd>
  </trdgrp>
  <trd lng="pl">ambicja</trd>
  <trdgrp lng="ru">
    <trd>&c_a;&c_m;&c_b;&c_i;&c_c;&c_i;&c_ja;</trd>,
    <trd>&c_ch;&c_je;&c_s;&c_t;&c_o;&c_l;&c_ju;&c_b;&c_i;&c_je;</trd>
  </trdgrp>
  <trdgrp lng="sk">
    <trd>amb&iacute;cia</trd>,
    <trd>a&scaron;pir&aacute;cia</trd>
  </trdgrp>
</drv>

<drv mrk="ambici.0a">
  <kap><tld/>a</kap>
  <snc mrk="ambici.0a.PSI">
    <dif>
      Havanta <tld/>on.
    </dif>
  </snc>
  <trd lng="be">&c_a;&c_m;&c_b;&c_ib;&c_c;&c_y;&c_j;&c_n;&c_y;</trd>
  <trd lng="ms">cita-cita</trd>
  <trdgrp lng="cs">
    <trd>ambici&oacute;zn&iacute;</trd>,
    <trd>n&aacute;ro&ccaron;n&yacute;</trd>
  </trdgrp>
  <trdgrp lng="de">
     <trd>ehrgeizig</trd>,
     <trd>strebsam</trd>,
     <trd>ambitioniert</trd>
  </trdgrp>
  <trd lng="en">ambitious</trd>
  <trd lng="es">ambicioso</trd>
  <trd lng="fr">ambitieux</trd>
  <trd lng="nl">eerzuchtig</trd>
  <trd lng="pl">ambitny</trd>
  <trdgrp lng="ru">
    <trd>&c_a;&c_m;&c_b;&c_i;&c_c;&c_i;&c_o;&c_z;&c_n;&c_y;&c_j;</trd>,
    <trd>&c_ch;&c_je;&c_s;&c_t;&c_o;&c_l;&c_ju;&c_b;&c_i;&c_v;&c_y;&c_j;</trd>
  </trdgrp>
  <trdgrp lng="sk">
    <trd>ambici&oacute;zny</trd>,
    <trd>ambici&oacute;zny</trd>
  </trdgrp>
</drv>

<drv mrk="ambici.0i">
  <kap><tld/>i</kap>
  <gra><vspec>x</vspec></gra>
  <snc mrk="ambici.0i.PSI">
    <dif>
      Esti <tld/>a pri:
      <ekz>
        mi ne <tld/>as tian gloron, al tia gloro.
      </ekz>
    </dif>
  </snc>
  <trd lng="be">&c_m;&c_je;&c_c;&c_mol; <ind>&c_a;&c_m;&c_b;&c_ib;&c_c;&c_y;&c_ju;</ind></trd>
  <trdgrp lng="cs">
    <trd>cti&zcaron;&aacute;dostiv&ecaron; usilovat</trd>,
    <trd>dychtit</trd>
  </trdgrp>
  <trdgrp lng="de">
     <trd>Ehrgeiz zeigen</trd>,
     <trd>ehrgeizig sein</trd>,
     <trd>streben</trd>
  </trdgrp>
  <trd lng="en">have the ambition to</trd>
  <trdgrp lng="fr">
    <trd>avoir l'<ind>ambition</ind> (de)</trd>,
    <trd>ambitionner (de)</trd>,
    <trd>aspirer (&agrave;)</trd>
  </trdgrp>
  <trd lng="nl">ambi&euml;ren</trd>
  <trdgrp lng="pl">
  <trd>by&cacute; <ind>ambitnym</ind></trd>,
  <trd>mie&cacute; <ind>ambicj&eogonek;</ind></trd>
  </trdgrp>
  <trdgrp lng="sk">
    <trd>ma&tcaron; <ind>amb&iacute;ciu</ind></trd>,
    <trd>ma&tcaron; amb&iacute;ciu</trd>
  </trdgrp>
</drv>
</art>
<!--
$Log: ambici.xml,v $
Revision 1.18  2017/03/13 21:10:16  revo
Jeromo Vasxe: ~o + snc 2

Revision 1.17  2017/02/05 12:40:02  revo
Adam Eng: trd ms

Revision 1.16  2015/07/04 08:37:30  revo
aldono de trd cs per skripto de M. von Laer

Revision 1.15  2015/06/28 12:03:35  revo
aldono de trd sk per skripto de M. von Laer

Revision 1.14  2013/04/17 05:10:09  revo
Sebastian Cyprych: +trd pl

Revision 1.13  2003/11/01 17:31:48  revo
Dmitri Gabinski: +trd be

Revision 1.12  2003/05/18 18:02:33  revo
Viliam Bur: +trd sk

Revision 1.11  2002/10/01 16:37:15  revo
-->
</vortaro>
