<?xml version="1.0"?>
<!DOCTYPE vortaro SYSTEM "../dtd/vokoxml.dtd">

<vortaro>
<art mrk="$Id: ambl.xml,v 1.14 2015/07/04 08:37:30 revo Exp $">
<kap>
  <rad>ambl</rad>/o <fnt>Z</fnt> <fnt><bib>PV</bib></fnt>
</kap>
<drv mrk="ambl.0i">
  <kap><tld/>i</kap>
  <snc mrk="ambl.0i.RAJ">
    <dif>
      Iri en aparta maniero de kvarpieduloj,
      levante samtempe amba&ubreve; piedojn de sama flanko:
      <ekz>
        ni suden <tld/>is sur sableca voja&ccirc;o
        <fnt><aut>J. Ribillard</aut>, <vrk>Vagado sub palmoj</vrk>, 
        <lok>UEA, 1956</lok></fnt>.
      </ekz>
    </dif>
    <refgrp tip="vid">
      <ref cel="galop.0i.RAJ">galopi <sncref/></ref>,
      <ref cel="pasx.0i">pa&scirc;i</ref>,
      <ref cel="trot.0i.RAJ">troti <sncref/></ref>
    </refgrp>
  </snc>
  <trd lng="cs">jít mimochodně</trd>
  <trd lng="fr">ambler</trd>
  <trd lng="sk">ísť mimochodne</trd>
</drv>

<drv mrk="ambl.0o">
  <kap><tld/>o</kap>
  <snc mrk="ambl.0o.RAJ">
    <dif>
      Irmaniero de kvarpiedulo, kiu <tld/>as.
    </dif>
  </snc>
  <trdgrp lng="cs">
    <trd>jinochod</trd>,
    <trd>mimochod</trd>
  </trdgrp>
  <trd lng="de">Passgang</trd>
  <trd lng="en">amble</trd>
  <trd lng="fr">amble</trd>
  <trd lng="nl">telgang</trd>
  <trd lng="ru">&c_i;&c_n;&c_o;&c_h;&c_o;&c_d;&c_mol;</trd>
  <trd lng="sk">inochod</trd>
</drv>
</art>
<!--
$Log: ambl.xml,v $
Revision 1.14  2015/07/04 08:37:30  revo
aldono de trd cs per skripto de M. von Laer

Revision 1.13  2015/06/28 12:03:35  revo
aldono de trd sk per skripto de M. von Laer

Revision 1.12  2009/11/22 17:30:24  revo
Jeromo Vasxe: + ref

Revision 1.11  2009/11/16 17:30:25  revo
Jeromo Vasxe: renvers. ord ~i/~o

Revision 1.10  2003/05/18 18:02:29  revo
Viliam Bur: +trd sk]

Revision 1.9  2002/10/01 16:37:17  revo
Christopher Zervic: + ang

Revision 1.8  2002/08/03 18:54:36  revo
Ulrich Fellmann: + 1 trd de

Revision 1.7  2002/02/23 19:47:46  revo
Yury Finkel: formatigis

Revision 1.6 2001/08/02 18:12:38 revo
Paul Peeraerts: ald trd nl

Revision 1.5 2000/09/16 16:12:21 revo
-->
</vortaro>
