<?xml version="1.0"?>
<!DOCTYPE vortaro SYSTEM "../dtd/vokoxml.dtd">

<vortaro>
<art mrk="$Id: ambos.xml,v 1.26 2015/09/10 12:10:13 revo Exp $">
<kap>
  <ofc>*</ofc>
  <rad>ambos</rad>/o
</kap>
<drv mrk="ambos.0o">
  <kap><ofc>*</ofc><tld/>o</kap>
  <snc mrk="ambos.0o.KOMUN">
    <dif>
      Fera bloko, sur kiu for&gcirc;isto batas metalojn:
      <ekz>
        esti inter martelo kaj <tld/>o
        <klr>(trovi&gcirc;i inter du malamikoj kaj
        ricevi amba&ubreve;flanke batojn kaj malagrabla&jcirc;ojn)</klr>
        <fnt><bib>PrV</bib></fnt>;
      </ekz>
      <ekz>
        pli feli&ccirc;a estas martelo insultata ol <tld/>o
        kompatata
        <fnt><bib>PrV</bib></fnt>.
      </ekz>
    </dif>
    <trd lng="fr">enclume<klr tip="ind"> (de forgeron)</klr></trd>
    <trd lng="sk">n&aacute;kova</trd>
  </snc>
  <snc mrk="ambos.0o.ANA">
    <uzo tip="fak">ANA</uzo>
    <ref tip="dif" cel="inkud.0o">inkudo</ref>
    <trd lng="fr">enclume<klr tip="ind"> (osselet)</klr></trd>
    <trd lng="pl">kowade&lstroke;ko</trd>
  </snc>
  <trd lng="be">&c_k;&c_a;&c_v;&c_a;&c_d;&c_l;&c_a;</trd>
  <trd lng="br">annev</trd>
  <trd lng="ca">enclusa</trd>
  <trd lng="cs">kovadlina</trd>
  <trd lng="de">Amboss</trd>
  <trd lng="en">anvil</trd>
  <trd lng="es">yunque</trd>
  <trd lng="he">&samekh;&dalet;&fnun;</trd>
  <trd lng="hu">&uuml;ll&odblac;</trd>
  <trd lng="it">incudine</trd>
  <trd lng="nl">aambeeld</trd>
  <trd lng="pl">kowad&lstroke;o</trd>
  <trd lng="pt">bigorna</trd>
  <trd lng="ru">&c_n;&c_a;&c_k;&c_o;&c_v;&c_a;&c_l;&c_mol;&c_n;&c_ja;</trd>
  <trd lng="sv">st&auml;d</trd>
</drv>
</art>
<!--
$Log: ambos.xml,v $
Revision 1.26  2015/09/10 12:10:13  revo
Evandro Avellar: +trd pt

Revision 1.25  2015/07/04 08:37:30  revo
aldono de trd cs per skripto de M. von Laer

Revision 1.24  2010/11/04 17:31:26  revo
Antonio Codazzi: +trd it

Revision 1.23  2005/04/14 16:32:54  revo
Alan ar Gall: +trd br

Revision 1.22  2005/01/19 17:32:36  revo
Vito Redsky: +trd pl

Revision 1.21  2003/11/01 17:31:50  revo
Dmitri Gabinski: +trd be

Revision 1.20  2003/07/18 16:30:33  revo
Marc Bavant: mod trd fr

Revision 1.19  2003/06/17 16:30:57  revo
-->
</vortaro>
