<?xml version="1.0"?>
<!DOCTYPE vortaro SYSTEM "../dtd/vokoxml.dtd">

<vortaro>
<art mrk="$Id: ambon.xml,v 1.8 2015/07/04 08:37:30 revo Exp $">
<kap>
  <rad>ambon</rad>/o <fnt><bib>PIV1</bib></fnt>
</kap>

<drv mrk="ambon.0o">
  <kap><tld/>o</kap>
  <snc mrk="ambon.0o.ARKI">
    <uzo tip="fak">ARKI</uzo>
    <uzo tip="fak">REL</uzo>
    <dif>
      Alta <ref tip="malprt" cel="pregx.0ejo">pre&gcirc;eja</ref> <ref
      tip="super"
      cel="tribun.0o">tribuno</ref>, kelkfoje lo&gcirc;ia, de kiu oni vo&ccirc;legas
      a&ubreve; predikas:
      <ekz>
        sur la <tld/>o estas aran&gcirc;ita estrado
        <fnt><bib>Metrop</bib></fnt>.
      </ekz>
    </dif>
  </snc>
  <trdgrp lng="be">
    <trd>&c_a;&c_m;&c_b;&c_o;&c_n;</trd>,
    <trd>&c_k;&c_a;&c_z;&c_a;&c_l;&c_mol;&c_n;&c_ib;&c_c;&c_a;</trd>
  </trdgrp>
  <trd lng="ca">amb&oacute;</trd>
  <trd lng="cs">ambona</trd>
  <trdgrp lng="de">
    <trd>Ambo</trd>,
    <trd>Ambon</trd>
  </trdgrp>
  <trdgrp lng="en">
    <trd>ambo</trd>,
    <trd>ambon</trd>
  </trdgrp>
  <trdgrp lng="es">
    <trd>amb&oacute;n</trd>,
    <trd>p&uacute;lpito</trd>
  </trdgrp>
  <trdgrp lng="fr">
    <trd>ambon</trd>,
    <trd>chaire<klr> (d'&eacute;glise)</klr></trd>,
    <trd>minbar</trd>
  </trdgrp>
  <trd lng="sk">pódium</trd>
</drv>
</art>

<!--
$Log: ambon.xml,v $
Revision 1.8  2015/07/04 08:37:30  revo
aldono de trd cs per skripto de M. von Laer

Revision 1.7  2015/06/28 12:03:35  revo
aldono de trd sk per skripto de M. von Laer

Revision 1.6  2012/09/21 18:10:07  revo
Agustin Garcia Lopez: +trd(es)

Revision 1.5  2010/10/28 16:30:26  revo
Russ Williams: +trd en

Revision 1.4  2007/06/10 16:32:07  revo
Wieland Pusch: +trd de

Revision 1.3  2005/04/04 16:37:44  revo
Raul Salinas Monteagudo: +trd ca,es

Revision 1.2  2004/07/07 16:31:44  revo
Dmitri Gabinski: +trd be

Revision 1.1  2004/06/13 17:04:46  revo
Jeromo Vasxe: nova artikolo

-->
</vortaro>
