<?xml version="1.0"?>
<!DOCTYPE vortaro SYSTEM "../dtd/vokoxml.dtd">

<vortaro>
<art mrk="$Id: ambrozi.xml,v 1.5 2015/02/26 20:11:17 revo Exp $">
<kap>
  <rad>Ambrozi</rad>/o <fnt><bib>PIV1</bib></fnt>
</kap>
<drv mrk="ambrozi.0o">
  <kap><tld/>o</kap>
  <snc mrk="ambrozi.0o.NOM">
    <uzo tip="fak">NOM</uzo>
    <dif>
      Vira <ref tip="lst" cel="nom.antaux0o"
      lst="voko:personaj_nomoj">anta&ubreve;nomo</ref> grekdevena:
      <ekz>
        &gcirc;uste je la tago de Sankta <tld/>o
        <fnt><bib>SatirRak</bib>, <lok>supersti&ccirc;o</lok></fnt>.
      </ekz>
    </dif>
  </snc>
  <trd lng="ca">Ambrosi</trd>
  <trd lng="fr">Ambroise</trd>
  <trd lng="it">Ambrogio</trd>
  <trd lng="pl">Ambro&zdot;y</trd>
</drv>
</art>

<!--
$Log: ambrozi.xml,v $
Revision 1.5  2015/02/26 20:11:17  revo
Wolfram Diestel: lst antaunomoj

Revision 1.4  2012/01/01 19:10:13  revo
Marc Rausell: +trd ca

Revision 1.3  2009/10/30 17:31:11  revo
Antonio Codazzi: +trd it

Revision 1.2  2008/09/16 16:30:40  revo
Sebastian Cyprych: +trd pl

Revision 1.1  2005/07/25 16:32:38  revo
Jeromo Vasxe: nova artikolo

-->
</vortaro>
