<?xml version="1.0"?>
<!DOCTYPE vortaro SYSTEM "../dtd/vokoxml.dtd">

<vortaro>
<art mrk="$Id: ambroz.xml,v 1.21 2019/01/24 17:10:15 revo Exp $">
<kap>
  <ofc>1</ofc>
  <rad>ambrozi</rad>/o
</kap>
<drv mrk="ambroz.0o">
  <kap><tld/>o</kap>
  <snc>
    <uzo tip="fak">MIT</uzo>
    <dif>
      Ekskluziva <ref tip="lst" lst="voko:man&gcirc;a&jcirc;oj" cel="mangx.0ajxo.homa">man&gcirc;a&jcirc;o</ref>
      de la dioj:
      <ekz>
        la diino Temisa donis nektaron kaj <tld/>on al la infaneto Apolono, kaj la bebo
        rapide fari&gcirc;is plenkreskulo
        <fnt>
          <bib>Viki</bib>
          <lok><url ref="https://eo.wikipedia.org/?curid=122"
              >Apolono</url></lok>
        </fnt>.
      </ekz>
    </dif>
    <trd lng="ca">ambrosia</trd>
    <trd lng="de">Ambrosia</trd>
    <trdgrp lng="hu">
      <trd>ambr&oacute;zia</trd>,
      <trd>istenek eledele</trd>
    </trdgrp>
    <trd lng="pl">ambrozja</trd>
  </snc>
  <snc>
    <uzo tip="stl">FIG</uzo>
    <dif>
      Bongustega man&gcirc;a&jcirc;o:
      <ekz>
        la rivereto, nektaro, la herbo, <tld/>o, tiel, ke e&ccirc; antikva Dio kontenti&gcirc;us
        <fnt>
          <bib>Monato</bib>
          <aut>Angela Tellier</aut>
          <vrk><url ref="https://www.monato.net/2004/008306.html"
              >La&ubreve;proverbaj fabeloj</url></vrk>
        </fnt>.
      </ekz>
    </dif>
    <trd lng="ca">menja</trd>
    <trd lng="de">K&ouml;stlichkeit</trd>
    <trd lng="hu">isteni <ind>&eacute;tel</ind></trd>
    <trdgrp lng="pl">
      <trd>ambrozja</trd>,
      <trd>delicja</trd>,
      <trd>delikates</trd>
    </trdgrp>
  </snc>
  <trd lng="be">&c_a;&c_m;&c_b;&c_r;&c_o;&c_z;&c_ib;&c_ja;</trd>
  <trd lng="bg">&c_a;&c_m;&c_b;&c_r;&c_o;&c_z;&c_i;&c_ja;</trd>
  <trdgrp lng="cs">
    <trd>ambr&oacute;zie</trd>,
    <trd>pokrm boh&uring;</trd>,
    <trd>p&rcaron;en. lahodn&eacute; j&iacute;dlo</trd>
  </trdgrp>
  <trd lng="en">ambrosia</trd>
  <trd lng="es">ambros&iacute;a</trd>
  <trd lng="fr">ambroisie</trd>
  <trd lng="it">ambrosia</trd>
  <trd lng="nl">ambrozijn</trd>
  <trd lng="ru">&c_a;&c_m;&c_b;&c_r;&c_o;&c_z;&c_i;&c_ja;</trd>
  <trdgrp lng="sk">
    <trd>ambr&oacute;zia</trd>,
    <trd>ambr&oacute;zia</trd>,
    <trd>pokrm bohov</trd>
  </trdgrp>
</drv>
</art>
<!--
$Log: ambroz.xml,v $
Revision 1.21  2019/01/24 17:10:15  revo
Wolfram Diestel: +ekz-oj, lst mangxajxoj

Revision 1.20  2015/07/04 08:37:30  revo
aldono de trd cs per skripto de M. von Laer

Revision 1.19  2015/06/28 12:03:35  revo
aldono de trd sk per skripto de M. von Laer

Revision 1.18  2013/07/26 11:10:11  revo
Joop Eggen: +trd bg

Revision 1.17  2012/01/01 19:10:14  revo
Marc Rausell: +trd ca

Revision 1.16  2010/06/07 16:30:25  revo
Antonio Codazzi: +trd it

Revision 1.15  2008/06/12 19:06:31  revo
Sebastian Cyprych: +trd pl

Revision 1.14  2005/08/03 16:31:47  revo
-->
</vortaro>
