<?xml version="1.0"?>
<!DOCTYPE vortaro SYSTEM "../dtd/vokoxml.dtd">

<vortaro>
<art mrk="$Id: ambr.xml,v 1.16 2015/07/04 08:37:30 revo Exp $">
<kap>
  <ofc>1</ofc>
  <rad>ambr</rad>/o
</kap>
<drv mrk="ambr.0o">
  <kap><tld/>o</kap>
  <snc>
    <dif>
      Parfuma substanco eltirita el intestoj de makrocefalo, odoranta
      analoge kiel mosko:
      <ekz>
        de multaj jarcentoj homoj &ccirc;asis ka&ccirc;alotojn, &ccirc;efe
pro la graso, la
        spermaceto, la <tld/>o kaj la dentoj<fnt><aut>Wim M. A. De
        Smet</aut>: <vrk>Gigantoj sur strandoj</vrk>,
        <bib>Monato</bib><lok>jaro 1998a, numero 11a, p.
        22a</lok></fnt>.
      </ekz>
    </dif>
  </snc>
  <trd lng="be">&c_a;&c_m;&c_b;&c_r;&c_a;</trd>
  <trdgrp lng="cs">
    <trd>ambra</trd>,
    <trd>vonná látka</trd>
  </trdgrp>
  <trdgrp lng="de">
    <trd>Ambra</trd>,
    <trd>Amber</trd>
  </trdgrp>
  <trdgrp lng="en">
    <trd>amber</trd>,
    <trd>ambergris</trd>,
    <trd>grey amber</trd>
  </trdgrp>
  <trd lng="fr">ambre</trd>
  <trd lng="nl">amber</trd>
  <trd lng="pl">ambra</trd>
  <trd lng="ru">&c_a;&c_m;&c_b;&c_r;&c_a;</trd>
  <trd lng="sk">ambra</trd>
</drv>
</art>
<!--
$Log: ambr.xml,v $
Revision 1.16  2015/07/04 08:37:30  revo
aldono de trd cs per skripto de M. von Laer

Revision 1.15  2015/06/28 12:03:35  revo
aldono de trd sk per skripto de M. von Laer

Revision 1.14  2009/01/29 17:30:38  revo
Russ Williams: +trd en

Revision 1.13  2006/05/11 16:31:22  revo
Sebastian Cyprych: +trd pl

Revision 1.12  2004/04/12 16:32:31  revo
Dmitri Gabinski: +trd be

Revision 1.11  2002/10/17 16:31:22  revo
Jeromo Vasxe: + ekz

Revision 1.10 2002/10/01 16:37:18 revo
Christopher Zervic: + ang

Revision 1.9 2002/08/03 18:54:38 revo
Ulrich Fellmann: + 2 trd de

Revision 1.8 2002/02/23 19:47:47 revo
Yury Finkel: formatigis

Revision 1.7 2001/08/02 18:12:42 revo
-->
</vortaro>
