<?xml version="1.0"?>
<!DOCTYPE vortaro SYSTEM "../dtd/vokoxml.dtd">

<vortaro>
<art mrk="$Id: ameb.xml,v 1.17 2018/08/19 13:10:14 revo Exp $">
<kap>
  <ofc>9</ofc>
  <rad>ameb</rad>/o
  <fnt>Z</fnt> <fnt><bib>PV</bib></fnt>
</kap>
<drv mrk="ameb.0o">
  <kap><ofc>9</ofc><tld/>o</kap>
  <snc>
    <uzo tip="fak">ZOO</uzo>
    <dif>
      <ref tip="super" cel="protoz.0o">Protozoo</ref>, sin movanta per
      <ref tip="vid" cel="pied.sxajn0o">&scirc;ajnpiedoj</ref>,
      vivanta en akvo, malseka tero a&ubreve; parazite en bestoj a&ubreve; homoj,
      ofte &scirc;an&gcirc;anta sian formon:
      <ekz>
        &ccirc;iuj &ccirc;elhavaj organismoj (bakterioj, <tld/>oj, fungoj, gistoj, 
        plantoj kaj animaloj) uzas DNA-on por konservi la genetikan informon
        <fnt>
          <bib>Monato</bib>
          <vrk><url ref="http://steloj.de/esperanto/monato2/007157.html">Vivo: Riboj</url></vrk>
        </fnt>;
      </ekz>
      <ekz>
        disenterio <klr>[&#8230;]</klr> povas esti ka&ubreve;zata de <tld/>oj a&ubreve; de baciloj
        <fnt>
          <bib>Viki</bib>
          <lok><url ref="https://eo.wikipedia.org/?curid=241093">Disenterio</url></lok>
        </fnt>.
      </ekz>   
    </dif>
  </snc>
  <trd lng="be">&c_a;&c_m;&c_jo;&c_b;&c_a;</trd>
  <trd lng="de">Am&ouml;be</trd>
  <trd lng="en">amoeba</trd>
  <trd lng="es">amiba</trd>
  <trd lng="fr">amibe</trd>
  <trdgrp lng="he">
    <trd>&alef;&mem;&bet;&he;</trd>,
    <trd>&het;&yod;&lamed;&vav;&pe;&yod;&tav;</trd>
  </trdgrp>
  <trd lng="hu">am&odblac;ba</trd>
  <trd lng="nl">amoebe</trd>
  <trd lng="pl">ameba</trd>
  <trd lng="ru">&c_a;&c_m;&c_jo;&c_b;&c_a;</trd>
  <trd lng="sk">am&eacute;ba</trd>
</drv>
</art>
<!--
$Log: ameb.xml,v $
Revision 1.17  2018/08/19 13:10:14  revo
Wolfram Diestel: +ekz-oj

Revision 1.16  2018/08/06 11:10:14  revo
Michel Cantigneaux: aperas unue en PV (1934), oficiala en 9OA (2007)

Revision 1.15  2008/11/16 17:30:33  revo
Marc Bavant: konformigis al 9OA

Revision 1.14  2008/09/16 16:30:41  revo
Sebastian Cyprych: +trd pl
Revision 1.13 2003/11/01 17:31:53 revo
Dmitri Gabinski: +trd be
Revision 1.12 2002/09/07 17:40:14 revo
Viliam Bur: +sk trd
Revision 1.11 2002/08/03 18:54:35 revo
Ulrich Fellmann: + 1 trd de
Revision 1.10 2002/06/26 19:29:51 revo
Allon Rothfarb: +trd he k en
Revision 1.9 2002/06/20 17:31:32 revo
Jozefo Horvath: +trd hu
Revision 1.8 2002/05/09 18:44:06 revo
-->
</vortaro>
