<?xml version="1.0"?>
<!DOCTYPE vortaro SYSTEM "../dtd/vokoxml.dtd">

<vortaro>
<art mrk="$Id: ament.xml,v 1.11 2015/10/01 12:10:35 revo Exp $">
<kap>
  <rad>ament</rad>/o <fnt><bib>PIV1</bib></fnt>
</kap>
<drv mrk="ament.0o">
  <kap><tld/>o</kap>
  <snc mrk="ament.0o.BOT">
    <uzo tip="fak">BOT</uzo>
    <dif>
      <ref tip="super" cel="inflor.0o">Infloresko</ref>, ordinare
      pendanta spiko a&ubreve; grapolo de masklaj neokulfrapaj
      floroj, defalanta entute post el&jcirc;eto de la poleno:
      <ekz>
        <tld/>o de avelo, poplo, alno, juglandujo.
      </ekz>
    </dif>
  </snc>
  <trdgrp lng="be">
    <trd>&c_k;&c_o;&c_c;&c_ib;&c_k; <klr tip="amb">(&c_s;&c_u;&c_k;&c_v;&c_je;&c_c;&c_mol;&c_c;&c_je;)</klr></trd>,
    <trd>&c_k;&c_a;&c_t;&c_a;&c_sh;&c_o;&c_k;</trd>
  </trdgrp>
  <trdgrp lng="cs">
    <trd>jehn&ecaron;da</trd>,
    <trd>ko&ccaron;i&ccaron;ka</trd>
  </trdgrp>
  <trd lng="de">K&auml;tzchen</trd>
  <trdgrp lng="en">
    <trd>amentum</trd>,
    <trd>catkin</trd>
  </trdgrp>
  <trd lng="fr">chaton<klr> (botanique)</klr></trd>
  <trd lng="hu">barka</trd>
  <trd lng="nl">katje</trd>
  <trdgrp lng="pl">
    <trd>kotka <klr>(np. na ga&lstroke;&aogonek;zce wierzby)</klr></trd>,
    <trd>kocianka</trd>,
    <trd>bazia</trd>
  </trdgrp>
  <trd lng="ru">&c_s;&c_je;&c_r;&c_jo;&c_zh;&c_k;&c_a; <klr>(&c_s;&c_o;&c_c;&c_v;&c_je;&c_t;&c_i;&c_je;)</klr></trd>
  <trd lng="sk">jah&ncaron;ada</trd>
  <trd lng="sv">h&auml;nge</trd>
</drv>
</art>
<!--
$Log: ament.xml,v $
Revision 1.11  2015/10/01 12:10:35  revo
Sebastian Cyprych: +trd pl

Revision 1.10  2015/07/04 08:37:30  revo
aldono de trd cs per skripto de M. von Laer

Revision 1.9  2015/06/28 12:03:35  revo
aldono de trd sk per skripto de M. von Laer

Revision 1.8  2011/10/11 23:10:08  revo
Jeromo Vasxe: + trd fr

Revision 1.7  2004/03/09 17:31:59  revo
Dmitri Gabinski: +trd be

Revision 1.6  2002/03/19 17:32:29  revo
Jozefo Horvath: +trd hu

Revision 1.5  2001/11/02 19:11:59  revo
Yury Finkel: +trd ru

Revision 1.4  2001/08/02 18:13:55  revo
-->
</vortaro>
