<?xml version="1.0"?>
<!DOCTYPE vortaro SYSTEM "../dtd/vokoxml.dtd">

<vortaro>
<art mrk="$Id: amen.xml,v 1.20 2015/07/04 08:37:30 revo Exp $">
<kap>
  <rad>amen</rad><fnt>Z</fnt>
</kap>
<drv mrk="amen.0">
  <kap><tld/></kap>
  <uzo tip="fak">REL</uzo>
  <snc>
    <dif>
      Hebrea vorto, signifanta &leftquot;tiel estu!&rightquot; kaj uzata kiel lasta
      vorto de
      pre&gcirc;oj:
      <ekz>
        diri <tld/> al io <klr>(&gcirc;in aprobi)</klr>;
      </ekz>
      <ekz>
        se ne estus &leftquot;se&rightquot; kaj &leftquot;tamen&rightquot;, mi al &ccirc;io dirus
        <tld/><fnt><bib>PrV</bib></fnt>;
      </ekz>
      <ekz>
        <tld/>o diablon ne forpelas<fnt><bib>PrV</bib></fnt>.
      </ekz>
    </dif>
  </snc>
  <trdgrp lng="be">
    <trd>&c_a;&c_m;&c_e;&c_n;</trd>,
    <trd>&c_a;&c_m;&c_ib;&c_n;&c_mol;</trd>
  </trdgrp>
  <trd lng="cs">amen</trd>
  <trd lng="de">Amen</trd>
  <trd lng="en">amen</trd>
  <trd lng="es">am&eacute;n</trd>
  <trd lng="fa">&a_A_madda;&a_m;&f_y;&a_n;</trd>
  <trd lng="fr">amen</trd>
  <trd lng="hu">&aacute;men</trd>
  <trd lng="nl">amen</trd>
  <trd lng="pt">am&eacute;m</trd>
  <trd lng="ru">&c_a;&c_m;&c_i;&c_n;&c_mol;</trd>
  <trdgrp lng="sk">
    <trd>amen</trd>,
    <trd>koniec</trd>
  </trdgrp>
  <trd lng="sv">amen</trd>
</drv>
</art>
<!--
$Log: amen.xml,v $
Revision 1.20  2015/07/04 08:37:30  revo
aldono de trd cs per skripto de M. von Laer

Revision 1.19  2015/06/28 12:03:35  revo
aldono de trd sk per skripto de M. von Laer

Revision 1.18  2009/07/12 16:30:22  revo
Behnam Tabatabai: +trd fa

Revision 1.17  2003/11/09 17:31:05  revo
Dmitri Gabinski: +trd be

Revision 1.16  2002/10/01 16:37:24  revo
Christopher Zervic: + ang

Revision 1.15  2002/09/07 17:40:17  revo
Viliam Bur: +sk trd

Revision 1.14  2002/07/29 18:14:30  revo
Jozefo Horvath: +trd hu

Revision 1.13  2002/05/09 18:44:08  revo
Alejandro Mejia Greene: ald his trd

Revision 1.12  2002/02/23 19:47:56  revo
Yury Finkel: formatigis

Revision 1.11 2002/01/08 20:23:41 revo
-->
</vortaro>
