<?xml version="1.0"?>
<!DOCTYPE vortaro SYSTEM "../dtd/vokoxml.dtd">

<vortaro>
<art mrk="$Id: amend.xml,v 1.21 2018/08/06 11:10:16 revo Exp $">
<kap>
  <ofc>9</ofc><rad>amend</rad>/i <fnt><bib>PV</bib></fnt>
</kap>
<drv mrk="amend.0i">
  <kap><ofc>9</ofc><tld/>i</kap>
  <gra><vspec>tr</vspec></gra>
  <snc mrk="amend.0i.JUR">
    <uzo tip="fak">JUR</uzo>
    <dif>
      <klr>(p.p. parto de le&gcirc;o, rezolucio a&ubreve; simila teksto)</klr>
      &Scirc;an&gcirc;i &gcirc;in per formala proceduro:
      <ekz>
        <tld/>i le&gcirc;oproponon, rezolucion
        <fnt><bib>9OA</bib></fnt>.
      </ekz>
    </dif>
    <refgrp tip="vid">
      <ref cel="korekt.0i">korekti</ref>
    </refgrp>
  </snc>
  <trd lng="en">amend</trd>
  <trd lng="fr">amender<klr tip="ind"> (texte de loi)</klr></trd>
</drv>

<drv mrk="amend.0o">
  <kap><ofc>9</ofc><tld/>o <fnt><bib>PV</bib></fnt></kap>
  <snc mrk="amend.0o.JUR">
    <uzo tip="fak">JUR</uzo>
    <dif>
      Ago <tld/>i kaj ties rezulto, t.e. tekstoparto <tld/>e &scirc;an&gcirc;ita
      a&ubreve; aldonita:
      <ekz>
        proponi, vo&ccirc;doni, for&jcirc;eti <tld/>on
        <fnt><bib>PIV1</bib></fnt>.
      </ekz>
    </dif>
  </snc>
  <trd lng="be">&c_p;&c_a;&c_p;&c_r;&c_a;&c_w;&c_k;&c_a; <klr>(&c_d;&c_a; &c_z;&c_a;&c_k;&c_o;&c_n;&c_a;)</klr></trd>
  <trd lng="ms">memindah</trd>
  <trdgrp lng="de">
    <trd>Ab&auml;nderung</trd>,
    <trd>Anpassung</trd>,
    <trd>Berichtigung</trd>,
    <trd>Besserung</trd>,
    <trd>Korrektur</trd>,
    <trd>Nachtrag</trd>,
    <trd>Novellierung</trd>,
    <trd>Verbesserung</trd>
  </trdgrp>
  <trd lng="en">amendment</trd>
  <trd lng="es">enmienda</trd>
  <trd lng="fr">amendement<klr tip="ind"> (&agrave; un texte de
  loi)</klr></trd>
  <trd lng="ms">pindahan</trd>
  <trdgrp lng="hu">
    <trd>t&ouml;rv&eacute;nym&oacute;dos&iacute;t&aacute;s</trd>,
    <trd>kiigaz&iacute;t&aacute;s</trd>
  </trdgrp>
  <trd lng="nl">amendement</trd>
  <trd lng="ru">&c_p;&c_o;&c_p;&c_r;&c_a;&c_v;&c_k;&c_a;</trd>
  <trd lng="sk">novela <klr>(z&aacute;kona)</klr></trd>
</drv>
</art>
<!--
$Log: amend.xml,v $
Revision 1.21  2018/08/06 11:10:16  revo
Michel Cantigneaux: aperas unue en PV (1934), oficiala en 9OA (2007)

Revision 1.20  2017/01/29 13:10:30  revo
Adam Eng: +trd ms

Revision 1.19  2009/03/01 17:31:30  revo
Russ Williams: +trd en

Revision 1.18  2008/11/14 17:30:53  revo
Marc Bavant: konformigis al 9OA (mod radikkarakteron, +drv); ~o: +klr en
trd fr, +ekz, sxovis refgrp al ~i

Revision 1.17 2005/08/13 16:33:03 revo
Jozefo Horvath: +trd hu
Revision 1.16 2004/03/26 17:31:19 revo
Jeromo Vasxe: rad amend(ament) -> amend, - sin + vid korekto
Revision 1.15 2003/11/09 17:31:06 revo
Dmitri Gabinski: +trd be
Revision 1.14 2003/05/18 18:02:37 revo
Viliam Bur: +trd sk
Revision 1.13 2003/02/16 17:33:10 revo
-->
</vortaro>
