<?xml version="1.0"?>
<!DOCTYPE vortaro SYSTEM "../dtd/vokoxml.dtd">

<vortaro>
 <art mrk="$Id: amerik.xml,v 1.26 2018/08/06 11:10:17 revo Exp $">
 <kap>
   <ofc>8</ofc><rad>Amerik</rad>/o <fnt>Z</fnt>
   <fnt><bib>PIV1</bib></fnt>
 </kap>
 
<drv mrk="amerik.A0o">
  <kap><ofc>8</ofc><tld/>o <fnt><aut>Akademio de Esperanto</aut>, 
<vrk><url
ref="http://www.akademio-de-esperanto.org/aktoj/aktoj2/8oa.html"> 8a
Oficiala Aldono</url></vrk>, <lok>III</lok></fnt>
  <fnt><aut>Akademio de Esperanto</aut>, 
<vrk><url
ref="http://www.akademio-de-esperanto.org/decidoj/landnomoj/listo_de_rekomendataj_landnomoj/index.html">Oficiala
Informo 12</url>, Listo de Rekomendataj Landnomoj</vrk></fnt>
    <fnt><bib>Viki</bib>, <lok><url 
    ref="http://eo.wikipedia.org/wiki/Ameriko">Ameriko</url></lok></fnt>
  </kap>
  <fnt><bib>ZR</bib></fnt>
  <snc mrk="amerik.A0o.GEOG">
    <uzo tip="fak">GEOG</uzo>
    <dif>
      La <ref tip="lst" cel="mond.0oparto"
      lst="voko:mondopartoj">mondoparto</ref>
      inter Atlantiko kaj Pacifiko:
      <ekz>
        mi staras en <tld/>o &ccirc;e unu el la grandaj riveroj
        <fnt><bib>Fab3</bib>, <lok>Dorna vojo de la honoro</lok>
        </fnt>;
      </ekz><ekz>
        eltrovi la jam eltrovitan <tld/>on
        <fnt><bib>EE</bib>, <lok>&ccirc;ap. 7</lok></fnt>;
      </ekz>
    </dif>
  </snc>
  <trd lng="be">&c_A;&c_m;&c_e;&c_r;&c_y;&c_k;&c_a;</trd>
  <trd lng="bg">&c_A;&c_m;&c_je;&c_r;&c_i;&c_k;&c_a;</trd>
  <trd lng="ca">Am&egrave;rica</trd>
  <trd lng="cs">Amerika</trd>
  <trd lng="de">Amerika</trd>
  <trdgrp lng="en">
    <trd>America</trd>,
    <trd>the Americas</trd>
  </trdgrp>
  <trd lng="es">Am&eacute;rica</trd>
  <trd lng="fr">Am&eacute;rique</trd>
  <trd lng="hu">Amerika</trd>
  <trd lng="id">Amerika</trd>
  <trd lng="nl">Amerika</trd>
  <trd lng="pl">Ameryka</trd>
  <trd lng="pt">Am&eacute;rica</trd>
  <trd lng="ro">America</trd>
  <trd lng="ru">&c_A;&c_m;&c_je;&c_r;&c_i;&c_k;&c_a;</trd>
  <trd lng="sk">Amerika</trd>
  <trd lng="vo">Melop</trd>
</drv>
 
<drv mrk="amerik.0a">
  <kap><tld lit="a"/>a</kap>
  <snc>
    <dif>
      Rilatanta al <tld/>o:
      <ekz>
        en la mano li portis bastonegon el mahagona ligno
        elhakitan en la <tld/>aj mahagonaj arbaroj
        <fnt><bib>Fab1</bib>, <lok>&Gcirc;ardeno de la paradizo
        </lok></fnt>;
      </ekz><ekz>
        la malkovrinton de mondo, lin, kiu levis super la maron
        kaj donacis al sia re&gcirc;o la <tld/>an orlandon,
        oni rekompencas per feraj &ccirc;enoj
        <fnt><bib>Fab3</bib>, <lok>Dorna vojo de la honoro</lok>
        </fnt>;
      </ekz><ekz>
        la Volapukistoj havis por sia agitado grandajn rimedojn
        kaj agadis per la plej vasta pure <tld/>a reklamo
        <fnt><bib>EE</bib>, <lok>&ccirc;ap. 6</lok></fnt>;
      </ekz><ekz>
        anta&ubreve; dudek jaroj la <tld/>a Filozofia Societo
        volis preni la aferon de lingvo internacia en siajn manojn
        <fnt><bib>Paroloj</bib>, <lok>anta&ubreve; la Kvara
        Kongreso Esperantista en Dresden, 1908</lok></fnt>.
      </ekz>
    </dif>
  </snc>
  <trd lng="be">
  &c_a;&c_m;&c_e;&c_r;&c_y;&c_k;&c_a;&c_n;&c_s;&c_k;&c_ib;</trd>
  <trd lng="bg">
  &c_a;&c_m;&c_je;&c_r;&c_i;&c_k;&c_a;&c_n;&c_s;&c_k;&c_i;</trd>
  <trd lng="ca">americ&agrave; <klr>(adj.)</klr></trd>
  <trd lng="de">amerikanisch</trd>
  <trd lng="en">american</trd>
  <trd lng="fr">am&eacute;ricain</trd>
  <trd lng="es">americano</trd>
  <trd lng="hu">amerikai</trd>
  <trd lng="nl">Amerikaans</trd>
  <trd lng="pl">ameryka&nacute;ski</trd>
  <trd lng="ru">
  &c_a;&c_m;&c_je;&c_r;&c_i;&c_k;&c_a;&c_n;&c_s;&c_k;&c_i;&c_j;
  </trd>
  <trd lng="sk">americk&yacute;</trd>
  <trd lng="pt">americano</trd>
</drv>

<drv mrk="amerik.0ano">
  <kap><tld lit="a"/>ano</kap>
  <snc>
    <dif>
      Lo&gcirc;anto de <ref tip="malprt" cel="amerik.A0o">
      <tld/>o</ref>:
      <ekz>
        &leftquot;en E&ubreve;ropo ekzistas multe da
        vidinda&jcirc;oj!&rightquot; diras la juna <tld/>ano
        <fnt><bib>Fab3</bib>, <lok>Post jarmiloj</lok></fnt>;
      </ekz><ekz>
        se &ccirc;iuj almena&ubreve; la E&ubreve;ropanoj kaj
        <tld/>anoj aligos al si tiun &ccirc;i lingvon
        <klr>...</klr>
        <fnt><bib>EE</bib>, <lok>&ccirc;ap. 5</lok></fnt>;
      </ekz><ekz>
        en tia okazo cent milionoj da kulturaj <tld lit="a"/>anoj
        estas fremduloj en sia hejmo
        <fnt><bib>Homaranismo</bib></fnt>.
      </ekz>
    </dif>
    <rim>
      Oni ne konfuzu la vortojn <tld lit="a"/>ano kaj
      <ref tip="sub" cel="uson.0ano">usonano</ref>.
    </rim>
  </snc>
  <trd lng="be">
  &c_a;&c_m;&c_e;&c_r;&c_y;&c_k;&c_a;&c_n;&c_je;&c_c; 
  <klr>(&c_zh;&c_y;&c_h;&c_a;&c_r;
  &c_k;&c_a;&c_n;&c_t;&c_y;&c_n;&c_e;&c_n;&c_t;&c_a;)</klr></trd>
  <trd lng="bg">
  &c_a;&c_m;&c_je;&c_r;&c_i;&c_k;&c_a;&c_n;&c_je;&c_c;</trd>
  <trd lng="ca">americ&agrave; <klr>(subst.)</klr></trd>
  <trd lng="de">Amerikaner</trd>
  <trd lng="en">American</trd>
  <trd lng="fr">Am&eacute;ricain</trd>
  <trd lng="es">americano</trd>
  <trd lng="hu">amerikai <klr>(lakos)</klr></trd>
  <trd lng="nl">Amerikaan</trd>
  <trd lng="pl">amerykanin</trd>
  <trd lng="ru">
  &c_a;&c_m;&c_je;&c_r;&c_i;&c_k;&c_a;&c_n;&c_je;&c_c;
  <klr>(&c_zh;&c_i;&c_t;&c_je;&c_l;&c_mol;
  &c_k;&c_o;&c_n;&c_t;&c_i;&c_n;&c_je;&c_n;&c_t;&c_a;)</klr></trd>
  <trd lng="sk">Ameri&ccaron;an</trd>
  <trd lng="pt">americano</trd>
</drv>

<drv mrk="amerik.latin0o">
  <kap>Latin<tld lit="a"/>o</kap>
  <snc mrk="amerik.latin0o.GEOG">
    <uzo tip="fak">GEOG</uzo>
    <dif>
      Sud- kaj Mez-<tld lit="a"/>o, &ccirc;ar ili estas precipe
      latinidlingvaj (hispan- kaj portugal-lingvaj):
      <ekz>
        Latin<tld lit="a"/>o fari&gcirc;is mia hejmo
        <fnt>
          <aut>R. Dobrzy&nacute;ski</aut>,
          <vrk>[Intervjuo]</vrk>,
          <lok><url
          ref="http://www.podkasto.net/2012/11/03/la-83a-elsendo/">
          Varsovia Vento, 2012-11-03</url></lok>
        </fnt>.
      </ekz>
    </dif>
  </snc>
  <trd lng="bg">&c_L;&c_a;&c_t;&c_i;&c_n;&c_s;&c_k;&c_a; &c_A;&c_m;&c_je;&c_r;&c_i;&c_k;&c_a;</trd>
  <trd lng="de">Lateinamerika</trd>
  <trd lng="fr">Am&eacute;rique latine</trd>
  <trd lng="id"><ind></ind> Latin</trd>
  <trd lng="pl">Ameryka &Lstroke;aci&nacute;ska</trd>
</drv>

<drv mrk="amerik.Nord0o">
  <kap>Nord<tld lit="a"/>o</kap>
  <snc mrk="amerik.Nord0o.GEOG">
    <uzo tip="fak">GEOG</uzo>
    <dif>
      La norda <ref tip="lst" cel="kontin.0o.terkuno"
      lst="voko:kontinentoj">
      kontinento</ref> de <ref tip="malprt" cel="amerik.A0o">
      <tld/>o</ref>.
    </dif>
  </snc>
  <rim>
    Fakte, &ccirc;ar la Panamkanalo estas arte farita, kelkaj
    konsideras tutan <tld/>on kontinento. Aliflanke anka&ubreve;
    Suezkanalo estas arte farita.
  </rim>
  <trd lng="be">&c_P;&c_a;&c_w;&c_n;&c_o;&c_ch;&c_n;&c_a;&c_ja;
  &c_A;&c_m;&c_e;&c_r;&c_y;&c_k;&c_a;</trd>
  <trd lng="bg">
  &c_S;&c_je;&c_v;&c_je;&c_r;&c_n;&c_a;
  &c_A;&c_m;&c_je;&c_r;&c_i;&c_k;&c_a;</trd>
  <trdgrp lng="ca">
    <trd>Nord-am&egrave;rica</trd>,
    <trd>l'Am&egrave;rica del Nord</trd>
  </trdgrp>
  <trd lng="de">Nordamerika</trd>
  <trd lng="en">North America</trd>
  <trd lng="hu">&Eacute;szak-Amerika</trd>
  <trd lng="fr"><ind>Am&eacute;rique</ind> du Nord</trd>
  <trd lng="id"><ind>Amerika</ind> Utara</trd>
  <trd lng="nl">Noord-Amerika</trd>
  <trd lng="pl">Ameryka P&oacute;&lstroke;nocna</trd>
  <trd lng="ru">&c_S;&c_je;&c_v;&c_je;&c_r;&c_n;&c_a;&c_ja;  &c_A;&c_m;&c_je;&c_r;&c_i;&c_k;&c_a;</trd>
  <trd lng="sk">Severn&aacute; Amerika</trd>
  <trd lng="pt">Am&eacute;rica do Norte</trd>
</drv>
 
<drv mrk="amerik.Sud0o">
  <kap>Sud<tld lit="a"/>o</kap>
  <snc mrk="amerik.Sud0o.GEOG">
    <uzo tip="fak">GEOG</uzo>
    <dif>
      La suda <ref tip="lst" cel="kontin.0o.terkuno"
      lst="voko:kontinentoj">kontinento
      </ref>
      de <ref tip="malprt" cel="amerik.A0o"><tld/>o</ref>:
      <ekz>
        kial Sud-<tld/>o ne rolas pli aktive en Unui&gcirc;intaj
        Nacioj
        <fnt><bib>Monato</bib>, <lok>n-ro 12/1993, Sud-Ameriko
        &#8208; A&ubreve;di&gcirc;as komuna vo&ccirc;o</lok></fnt>
      </ekz>
    </dif>
  </snc>
  <trd lng="be">&c_P;&c_a;&c_w;&c_d;&c_n;&c_jo;&c_v;&c_a;&c_ja;
  &c_A;&c_m;&c_e;&c_r;&c_y;&c_k;&c_a;</trd>
  <trd lng="bg">
  &c_Ju;&c_zh;&c_n;&c_a; &c_A;&c_m;&c_je;&c_r;&c_i;&c_k;&c_a;</trd>
  <trdgrp lng="ca">
    <trd>Sud-am&egrave;rica</trd>,
    <trd>l'Am&egrave;rica del Sud</trd>
  </trdgrp>
  <trd lng="de">S&uuml;damerika</trd>
  <trd lng="en">South America</trd>
  <trd lng="fr"><ind>Am&eacute;rique</ind> du Sud</trd>
  <trd lng="es">Sudam&eacute;rica</trd>
  <trd lng="hu">D&eacute;l-Amerika</trd>
  <trd lng="id"><ind>Amerika</ind> Selatan</trd>
  <trd lng="nl">Zuid-Amerika</trd>
  <trd lng="pl">Ameryka Po&lstroke;udniowa</trd>
  <trd lng="ru">&c_Ju;&c_zh;&c_n;&c_a;&c_ja;
  &c_A;&c_m;&c_je;&c_r;&c_i;&c_k;&c_a;</trd>
  <trd lng="sk">Ju&zcaron;n&aacute; Amerika</trd>
  <trd lng="pt">Am&eacute;rica do Sul</trd>
</drv>
 </art>
 <!--
 $Log: amerik.xml,v $
 Revision 1.26  2018/08/06 11:10:17  revo
 Michel Cantigneaux: aperas unue en PIV1 (1970), ne PV (1934), oficiala en 8OA (1974)

 Revision 1.25  2017/12/29 23:10:16  revo
 Michel Cantigneaux: aldonita per 8a OA

 Revision 1.24  2017/11/30 23:10:27  revo
 Vito Redsky: +trd ro +trd pl

 Revision 1.23  2015/07/04 08:37:30  revo
 aldono de trd cs per skripto de M. von Laer

 Revision 1.22  2014/06/04 03:10:26  revo
 Eko Nur Syah Hidayat: +id

 Revision 1.21  2013/08/23 08:10:17  revo
 Wolfram Diestel: referencoj al listo kontinentoj, mondopartoj

 Revision 1.20  2012/11/18 01:10:08  revo
 Wieland Pusch: +trd bg+de

 Revision 1.19  2012/11/16 14:10:09  revo
 Jeromo Vasxe: kor. misklavajxojn

 Revision 1.18  2012/11/15 14:10:10  revo
 Jeromo Vasxe: + latin~o

 Revision 1.17  2011/12/12 19:10:18  revo
 Marc Rausell: +trd ca

 Revision 1.16  2008/09/16 16:30:42  revo
 Sebastian Cyprych: +trd pl

 Revision 1.15  2008/01/16 17:30:48  revo
 Wieland Pusch: +trd bg

 Revision 1.14  2004/02/04 20:09:27  revo
 Emmanuel Debanne: + trd fr

 Revision 1.13  2004/01/23 17:30:54  revo
 Luis Oliveira: +trd pt

 Revision 1.12  2003/11/01 17:31:58  revo
 Dmitri Gabinski: +trd be

 Revision 1.11  2003/04/07 16:37:16  revo
 Jozefo Horvath: ind > klr trd hu

 Revision 1.10  2003/01/13 17:36:53  revo
 Ulrich Fellmann: aldono de fontindiko ZR

 Revision 1.9  2002/12/16 17:31:40  revo
 Ulrich Fellmann: + indiko de Z-eco

 Revision 1.8  2002/10/01 16:37:30  revo
 Christopher Zervic: + ang

 Revision 1.7  2002/09/07 17:40:22  revo
 Viliam Bur: +sk trd

 Revision 1.6  2002/05/09 18:44:12  revo
 Alejandro Mejia Greene: ald3 his trd

 Revision 1.5  2001/09/16 18:49:57  revo
 Sergio Pokrovskij: TEZ, trd=ru

 Revision 1.4  2001/09/05 19:03:07  revo
 Jozefo Horvath: +trd hu

 Revision 1.3  2001/04/22 17:44:38  revo
 Paul Peeraerts: ald trd nl + kor en de

 Revision 1.2  2001/04/19 16:10:31  revo
 Wolfram Diestel: mondoparto, +Sudameriko, +Nordameriko

 Revision 1.1  2001/04/14 19:58:16  revo
 Wolfram Diestel: nova artikolo

 -->
</vortaro>
