<?xml version="1.0"?>
<!DOCTYPE vortaro SYSTEM "../dtd/vokoxml.dtd">

<vortaro>
<art mrk="$Id: ametis.xml,v 1.18 2019/01/24 18:10:22 revo Exp $">
<kap>
  <ofc>2</ofc>
  <rad>ametist</rad>/o
</kap>
<drv mrk="ametis.0o">
  <kap><tld/>o</kap>
  <snc mrk="ametis.0o.MIN">
    <uzo tip="fak">MIN</uzo>
    <dif>
      Violkolora <ref tip="super"
      cel="sxton.juvel0o.MIN">juvel&scirc;tono</ref>:
      <ekz>
        &ccirc;iaspecaj multekostaj &scirc;tonoj vin kovris: rubeno, topazo, diamanto, sukceno,
        <klr>[&#8230;]</klr>, smeraldo, <tld/>o
        <fnt>
          <bib>MT</bib>
          <lok>Je&hcirc;ezkel 28:13</lok>
        </fnt>;
      </ekz>
      <ekz>
        en Brazilo oni trovas grandegajn druzojn plenaj <klr>[de]</klr> <tld/>oj
        <fnt>
          <bib>Viki</bib>
          <lok><url ref="https://eo.wikipedia.org/?curid=157331"
              >Druzo (geologio)</url></lok>
        </fnt>.
      </ekz>
    </dif>
  </snc>
  <trd lng="be">&c_a;&c_m;&c_e;&c_t;&c_y;&c_s;&c_t;</trd>
  <trd lng="bg">&c_a;&c_m;&c_je;&c_t;&c_i;&c_s;&c_t;</trd>
  <trd lng="ca">ametista</trd>
  <trd lng="cs">ametyst</trd>
  <trd lng="da">ametyst</trd>
  <trd lng="de">Amethyst</trd>
  <trd lng="en">amethyst</trd>
  <trd lng="es">amatista</trd>
  <trd lng="fr">am&eacute;thyste</trd>
  <trd lng="it">ametista</trd>
  <trd lng="nl">amethist</trd>
  <trd lng="pl">ametyst</trd>
  <trd lng="ro">ametist</trd>
  <trd lng="ru">&c_a;&c_m;&c_je;&c_t;&c_i;&c_s;&c_t;</trd>
  <trd lng="sk">ametyst</trd>
  <trd lng="sv">ametist</trd>
</drv>
</art>
<!--
$Log: ametis.xml,v $
Revision 1.18  2019/01/24 18:10:22  revo
Wolfram Diestel: +ekz-oj

Revision 1.17  2015/07/04 08:37:30  revo
aldono de trd cs per skripto de M. von Laer

Revision 1.16  2015/06/28 12:03:35  revo
aldono de trd sk per skripto de M. von Laer

Revision 1.15  2014/02/06 08:10:14  revo
Joop Eggen: +trd bg da it sv

Revision 1.14  2013/09/24 20:10:15  revo
Vito Redsky: +trd pl trd ro

Revision 1.13  2006/06/18 16:31:44  revo
Jeromo Vasxe: + fak min

Revision 1.12  2005/04/05 16:33:31  revo
Raul Salinas Monteagudo: +trd ca,es

Revision 1.11  2003/11/01 17:32:01  revo
-->
</vortaro>
