<?xml version="1.0"?>
<!DOCTYPE vortaro SYSTEM "../dtd/vokoxml.dtd">

<vortaro>
<art mrk="$Id: amfikrin.xml,v 1.4 2015/01/09 13:10:18 revo Exp $">
<kap>
    <rad>amfikrin</rad>/a
    <fnt>
      <aut>Vikipedio</aut>,
      <vrk><url
      ref="http://eo.wikipedia.org/wiki/Glando">Glando</url></vrk>
    </fnt>
</kap>
<drv mrk="amfikrin.0">
  <kap><tld/>a</kap>
  <uzo tip="fak">FIZL</uzo>
  <snc mrk="amfikrin.0o.KOMUNE">
  <uzo tip="stl">KOMUNE</uzo>
    <dif>
      Rilata al la <tld/>aj <ref tip="malprt"
      cel="gland.0o">glandoj</ref>.
    </dif>
  </snc>
  <snc mrk="amfikrin.0o.FIZL">
  <uzo tip="klr">(p.p. glando)</uzo>
    <dif>
      Kiu estas samtempe <ref tip="vid"
      cel="endokrin.0a.FIZL">endokrina</ref> kaj <ref tip="vid"
      cel="ekzokrin.0a.FIZL">ekzokrina</ref>, jen &ccirc;ar &gcirc;i enhavas amba&ubreve;
      tipojn da &ccirc;eloj (ekz. pankreato, gonadoj), jen &ccirc;ar &gcirc;iaj &ccirc;eloj
      havas
      amba&ubreve; funkciojn (ekz. hepato).
    </dif>
  </snc>
  <trd lng="en">amphicrine</trd>
  <trd lng="fr">amphicrine</trd>
</drv>
</art>

<!--
$Log: amfikrin.xml,v $
Revision 1.4  2015/01/09 13:10:18  revo
Alain Gerard: +fnt

Revision 1.3  2015/01/01 13:10:14  revo
Alain Gerard: +ref

Revision 1.2  2015/01/01 10:10:22  revo
Alain Gerard: +ref

Revision 1.1  2015/01/01 06:10:13  revo
Alain Gerard: nova artikolo

-->
</vortaro>
