<?xml version="1.0"?>
<!DOCTYPE vortaro SYSTEM "../dtd/vokoxml.dtd">

<vortaro>
<art mrk="$Id: amfibi.xml,v 1.26 2018/09/06 17:10:14 revo Exp $">
<kap>
  <ofc>*</ofc><rad>amfibi</rad>/oj
</kap>
<drv mrk="amfibi.0o">
  <kap><tld/>o</kap>
  <snc mrk="amfibi.0o.ZOO">
    <dif>
      Iu el <tld/>oj:
      <ekz>
        <ref tip="sub" cel="salama.0o">salamandro</ref> estas longkorpa, vostohava, senhara <tld/>o
        <fnt>
          <bib>Viki</bib>
          <lok><url ref="https://eo.wikipedia.org/?curid=33078">Salamandro</url></lok>
        </fnt>.
      </ekz>
    </dif>
    <refgrp tip="sub">
       <ref cel="ran.0o">rano</ref>,
       <ref cel="buf.0o">bufo</ref>
    </refgrp>
    <trd lng="de">Lurch</trd>
  </snc>
  <trd lng="cs">oboj&zcaron;iveln&iacute;k</trd>
  <trd lng="fr">amphibien</trd>
  <trd lng="pl">p&lstroke;az</trd>
  <trdgrp lng="sk">
    <trd>amf&iacute;bia</trd>,
    <trd>oboj&zcaron;iveln&iacute;k</trd>
  </trdgrp>
</drv>

<drv mrk="amfibi.0oj">
  <kap><tld/>oj</kap>
  <snc mrk="amfibi.0oj.ZOO">
    <uzo tip="fak">ZOO</uzo>
    <dif>
      <ref tip="lst" cel="klas.0o.BIO" lst="voko:zoologiaj_klasoj">Klaso</ref> de <ref tip="malprt" cel="verteb.0uloj">vertebruloj</ref>
      (<trd lng="la">Amphibia</trd>), nudha&ubreve;taj, kies larvoj
      vivas en sensala akvo spirante per brankoj kaj kies
      plenkreskuloj vivas surtere spirante per pulmoj:
      <ekz>
        en Kanado sciencistoj trovis la transiran &ccirc;eneron inter fi&scirc;oj
        kaj la unuaj surteraj esta&jcirc;oj &ndash; la tiel nomatan <nom>Tiktaalik roseae</nom>,
        kvankam <nom>Tiktaalik</nom> precipe lo&gcirc;is en akvo kaj havis na&gcirc;ilojn, tamen 
        &ccirc;i tiuj lastaj pli multe memorigis pri membroj de <tld/>oj
        <fnt>
          <bib>Monato</bib>
          <aut>Vladimir Lemelev</aut>
          <vrk><url ref="http://www.monato.net/2009/009787.php">Supervivo 
          de plej ta&ubreve;ga teorio</url></vrk>
        </fnt>.
      </ekz>
    </dif>
    <refgrp tip="prt">
      <ref cel="vost.sen0uloj">senvostuloj</ref>,
      <ref cel="urodel.0oj">urodeloj</ref>
    </refgrp>
  </snc>
  <trdgrp lng="be">
    <trd>&c_a;&c_m;&c_f;&c_ib;&c_b;&c_ib;&c_ib;</trd>,
    <trd>&c_z;&c_je;&c_m;&c_n;&c_a;&c_v;&c_o;&c_d;&c_n;&c_y;&c_ja; <klr tip="amb">(&c_k;&c_l;&c_ja;&c_s;)</klr></trd>
  </trdgrp>
  <trd lng="br">amfibienned</trd>
  <trd lng="de">Lurche</trd>
  <trd lng="en">amphibians</trd>
  <trd lng="fr">amphibiens<klr> (classe des)</klr></trd>
  <trd lng="he">&dalet;&vav;-&het;&yod;&yod;&fmem;</trd>
  <trd lng="hu">k&eacute;t&eacute;lt&udblac;ek</trd>
  <trd lng="nl">amfibie&euml;n</trd>
  <trd lng="pl">p&lstroke;azy</trd>
  <trd lng="pt">anf&iacute;bio</trd>
  <trdgrp lng="ru">
    <trd>&c_z;&c_je;&c_m;&c_n;&c_o;&c_v;&c_o;&c_d;&c_n;&c_y;&c_je;<klr tip="ind"> (&c_k;&c_l;&c_a;&c_s;&c_s;)</klr></trd>,
    <trd>&c_a;&c_m;&c_f;&c_i;&c_b;&c_i;&c_i; <klr tip="amb">(&c_k;&c_l;&c_a;&c_s;&c_s;)</klr></trd>
  </trdgrp>
  <trd lng="sk">oboj&zcaron;iveln&iacute;ky</trd>
  <trd lng="tp">akesi</trd>
</drv>
</art>
<!--
$Log: amfibi.xml,v $
Revision 1.26  2018/09/06 17:10:14  revo
Wolfram Diestel: +ekz-oj

Revision 1.25  2017/03/07 18:10:20  revo
Jeromo Vasxe: dolcxakvo -> sensala akvo

Revision 1.24  2015/10/27 11:10:25  revo
Sebastian Cyprych: +trd pl

Revision 1.23  2015/09/10 11:10:24  revo
Evandro Avellar: +trd pt

Revision 1.22  2015/07/04 08:37:30  revo
aldono de trd cs per skripto de M. von Laer

Revision 1.21  2015/06/28 12:03:35  revo
aldono de trd sk per skripto de M. von Laer

Revision 1.20  2013/12/02 11:10:29  revo
Damien Brucker: +trd fr

Revision 1.19  2013/10/21 19:10:28  revo
-->
</vortaro>
