<?xml version="1.0"?>
<!DOCTYPE vortaro SYSTEM "../dtd/vokoxml.dtd">

<vortaro>
  <art mrk="$Id: amfibr.xml,v 1.18 2013/12/04 08:10:16 revo Exp $">
    <kap>
      <rad>amfibra&hcirc;</rad>/o
    </kap>

    <drv mrk="amfibr.0o">
      <kap><tld/>o</kap>
      <snc mrk="amfibr.0o.POE">
        <uzo tip="fak">POE</uzo>
        <dif>
          <ref tip="super" cel="pied.vers0o">Verspiedo</ref>,
          konsistanta
          el unu longa a&ubreve; akcenta silabo inter du mallongaj a&ubreve;
          respektive senakcentaj; simbole &ypsilon;&#8208;&ypsilon;:
          <ekz>
            <tld/>a verso;
          </ekz><ekz>
            la vorto <ctl>doloro</ctl> konsistigas <tld/>on;
          </ekz><ekz>
            s-ro Brendon Clark <klr>(...)</klr> rekomendis la tro&hcirc;eon,
            kaj d-ro Cecil Bean <klr>(...)</klr> la <tld/>on, kiel
            la plej <ctl>naturan</ctl> kaj sekve plej vaste uzindan
            metrikon en Esperanto
            <fnt>
              <aut>William AULD</aut>:
              <vrk><url
ref="http://donh.best.vwh.net/Esperanto/Literaturo/Revuoj/nlr/nlr24/ritmou.html"
                  >Unu ritmo en &#171;La infana raso&#187;</url></vrk>.
              <lok>La nica literatura revuo, 2:4</lok>
            </fnt>;
          </ekz><ekz>
            kurioze estas, kiel niaj <tld/>oj aliformi&gcirc;as angle en
            anapestojn, donante tiel al la poemo multe pli viglan
            movon
            <fnt>
              <aut>G. Waringhien</aut>:
              <vrk><url
ref="http://donh.best.vwh.net/Esperanto/Literaturo/Revuoj/nlr/nlr61/zamenhof.html"
                  >Recenzo: &#171;Zamenhof Creator of Esperanto&#187; de Marjorie
                  Boulton</url></vrk>.
              <lok>La nica literatura revuo, 6:1</lok>
            </fnt>.
          </ekz>
        </dif>
      </snc>
      <trd lng="ca">amf&iacute;brac</trd>
      <trd lng="be">&c_a;&c_m;&c_f;&c_ib;&c_b;&c_r;&c_a;&c_h;&c_ib;&c_j;</trd>
      <trd lng="de">Amphibrachys</trd>
      <trd lng="en">amphibrach</trd>
      <trd lng="fr">amphibraque</trd>
      <trd lng="hu">amphibrachisz</trd>
      <trd lng="nl">amfibrachys</trd>
      <trd lng="ru">&c_a;&c_m;&c_f;&c_i;&c_b;&c_r;&c_a;&c_h;&c_i;&c_j;</trd>
    </drv>

    <drv mrk="amfibr.n0o">
      <kap>n-<tld/>o</kap>
      <snc mrk="amfibr.n0o.POE">
        <uzo tip="fak">POE</uzo>
        <dif>
          <ref tip="super" cel="metr.0o.POE">Metro</ref>, &ccirc;efe
          konsistanta
          el <frm>n</frm> <tld/>oj; simbole /&ypsilon;&#8208;&ypsilon;/<sup>n</sup>:
          <ekz>
            <ind>tri<tld/>o</ind>.
            <trd lng="fr">trim&egrave;tre amphibrachique</trd>
          </ekz>
        </dif>
      </snc>
      <trd lng="ru"><klr tip="amb">n-</klr>&c_s;&c_t;&c_o;&c_p;&c_n;&c_y;&c_j;
      <ind>&c_a;&c_m;&c_f;&c_i;&c_b;&c_r;&c_a;&c_h;&c_i;&c_j;</ind></trd>
    </drv>
  </art>
  <!--
  $Log: amfibr.xml,v $
  Revision 1.18  2013/12/04 08:10:16  revo
  Sergio Pokrovskij: +ekz

  Revision 1.17  2011/12/10 15:10:28  revo
  Marc Rausell: +trd ca

  Revision 1.16  2007/06/10 16:31:45  revo
  Wieland Pusch: +trd de

  Revision 1.15  2005/04/27 16:32:01  revo
  Yury Finkel: +trd ru

  Revision 1.14  2004/03/27 17:30:31  revo
  Jeromo Vasxe: - amfibrak/o apud rad

  Revision 1.13 2003/11/01 17:32:04 revo
  Dmitri Gabinski: +trd be

  Revision 1.12 2002/10/01 16:37:31 revo
  Christopher Zervic: + ang

  Revision 1.11 2002/09/23 16:33:34 revo
  Jozefo Horvath: +trd hu

  Revision 1.10 2002/02/23 19:48:05 revo
  -->
</vortaro>
