<?xml version="1.0"?>
<!DOCTYPE vortaro SYSTEM "../dtd/vokoxml.dtd">

<vortaro>
<art mrk="$Id: amfite.xml,v 1.21 2018/05/14 20:10:15 revo Exp $">
<kap>
  <ofc>2</ofc>
  <rad>amfiteatr</rad>/o <fnt><bib>PV</bib></fnt>
</kap>
<drv mrk="amfite.0o">
  <kap><tld/>o</kap>
  <snc mrk="amfite.0o.ARKI">
    <uzo tip="fak">ARKI</uzo>
    <uzo tip="fak">TEA</uzo>
    <dif>
      Ronda a&ubreve; duonronda <ref tip="super"
      cel="konstr.0ajxo.domo">konstrua&jcirc;o</ref>, kun multeta&gcirc;aj benkoj,
      por spektantoj, a&ubreve;skultantoj...:
      <ekz>
        sur la deklivoj <tld/>e ku&scirc;as urbeto
        <fnt><bib>Far2</bib>, <lok>&ccirc;apitro 17</lok></fnt>.
      </ekz>
    </dif>
  </snc>
  <trd lng="be">&c_a;&c_m;&c_f;&c_ib;&c_t;&c_e;&c_a;&c_t;&c_a;&c_r;</trd>
  <trd lng="ca">amfiteatre</trd>
  <trd lng="cs">amfite&aacute;tr</trd>
  <trd lng="de">Amphitheater</trd>
  <trd lng="en">amphitheater</trd>
  <trd lng="es">anfiteatro</trd>
  <trd lng="fa">&a_A_madda;&a_m;&a_f;&f_y;&zwnj;&a_t;&a_A_madda;&a_t;&a_r;</trd>
  <trd lng="fr">amphith&eacute;&acirc;tre</trd>
  <trd lng="he">&alef;&mem;&pe;&yod;&tav;&alef;&tet;&resh;&vav;&fnun;</trd>
  <trd lng="id">amfiteater</trd>
  <trd lng="nl">amfitheater</trd>
  <trd lng="ru">&c_a;&c_m;&c_f;&c_i;&c_t;&c_je;&c_a;&c_t;&c_r;</trd>
  <trd lng="sk">amfite&aacute;ter</trd>
</drv>
</art>
<!--
$Log: amfite.xml,v $
Revision 1.21  2018/05/14 20:10:15  revo
Benoit Soubeyran: +he

Revision 1.20  2015/07/04 08:37:30  revo
aldono de trd cs per skripto de M. von Laer

Revision 1.19  2014/06/30 16:10:28  revo
Eko Nur Syah Hidayat: +id

Revision 1.18  2012/08/02 09:10:33  revo
Marc Rausell: + trd ca

Revision 1.17  2009/09/14 16:30:38  revo
Behnam Tabatabai: +trd fa

Revision 1.16  2006/07/21 18:03:52  revo
Jeromo Vasxe: kunfand. 2 snc + fak arki + tez

Revision 1.15 2003/11/01 17:32:07 revo
Dmitri Gabinski: +trd be

Revision 1.14 2002/10/23 20:37:36 revo
-->
</vortaro>
