<?xml version="1.0"?>
<!DOCTYPE vortaro SYSTEM "../dtd/vokoxml.dtd">

<vortaro>
<art mrk="$Id: amfibrak.xml,v 1.7 2017/03/07 18:10:21 revo Exp $">
<kap>
  <rad>amfibrak</rad>/o <fnt>Z</fnt> <fnt><bib>PIV1</bib></fnt>
</kap>

<drv mrk="amfibrak.0o">
  <kap><tld/>o</kap>
  <snc mrk="amfibrak.0o.POE">
    <uzo tip="fak">POE</uzo>
    <ref tip="dif" cel="amfibr.0o.POE">amfibra&hcirc;o</ref>
    <ekz>
      &ccirc;iu verso estas dekunu-silaba <klr>...</klr> kvar jamboj
      <klr>plus</klr> unu <tld/>o
      <fnt>
      <aut>M. M. Campagna</aut>,
      <vrk>Esperantigo mia...</vrk>,
      <lok><url
      ref="http://groups.google.be/group/soc.culture.esperanto?hl=eo">soc.culture.esperanto</url>,
      1996-08-04</lok>
      </fnt>.
    </ekz>
  </snc>
  <trd lng="be">&c_a;&c_m;&c_f;&c_ib;&c_b;&c_r;&c_a;&c_h;&c_ib;&c_j;</trd>
  <trd lng="cs">amfibrach</trd>
  <trd lng="de">Amphibrachys</trd>
  <trd lng="en">amphibrach</trd>
  <trd lng="es">anf&iacute;braco</trd>
  <trd lng="fr">amphibraque</trd>
  <trd lng="hu">amphibrachisz</trd>
  <trd lng="nl">amfibrachys</trd>
  <trd lng="ru">&c_a;&c_m;&c_f;&c_i;&c_b;&c_r;&c_a;&c_h;&c_i;&c_j;</trd>
  <trd lng="sk">amfibrach</trd>
</drv>
</art>
<!--
$Log: amfibrak.xml,v $
Revision 1.7  2017/03/07 18:10:21  revo
Jeromo Vasxe: kvaj -> kvar

Revision 1.6  2015/07/04 08:37:30  revo
aldono de trd cs per skripto de M. von Laer

Revision 1.5  2015/06/28 12:03:35  revo
aldono de trd sk per skripto de M. von Laer

Revision 1.4  2007/06/10 16:31:46  revo
Wieland Pusch: +trd de

Revision 1.3  2006/03/10 17:31:32  revo
Jeromo Vasxe: + ekz

Revision 1.2 2005/03/31 16:33:04 revo
Raul Salinas Monteagudo: +trd es

Revision 1.1 2004/03/27 17:30:33 revo
jxeromo vasxe: nova artikolo

-->
</vortaro>
