<?xml version="1.0"?>
<!DOCTYPE vortaro SYSTEM "../dtd/vokoxml.dtd">

<vortaro>
<art mrk="$Id: amfor.xml,v 1.19 2015/07/04 08:37:30 revo Exp $">
<kap>
  <ofc>1</ofc>
  <rad>amfor</rad>/o
</kap>
<drv mrk="amfor.0o">
  <kap><tld/>o</kap>
  <uzo tip="fak">ARKE</uzo>
  <snc>
    <dif>
      Alta botelego el argilo kun pinta bazo kaj kun du teniloj,
      antikve uzata &ccirc;irka&ubreve; Mediteraneo por konservi vinon, oleon:
      <ekz>
        ku&scirc;as je profundo de 35 m en la sablo kelkaj difektitaj gigantaj
        <tld/>oj: ilia alteco estas 2
m<fnt><bib>IntArkeol</bib>, <lok>p. 54a</lok></fnt>.
      </ekz>
    </dif>
  </snc>
  <trd lng="be">&c_a;&c_m;&c_f;&c_a;&c_r;&c_a;</trd>
  <trd lng="bg">&c_a;&c_m;&c_f;&c_o;&c_r;&c_a;</trd>
  <trd lng="cs">amfora</trd>
  <trd lng="de">Amphore</trd>
  <trd lng="el">&alfa;&my;&phi;&omikron;&rho;&epsilon_ton;&alfa;&sigma_fina;</trd>
  <trd lng="en">amphora</trd>
  <trd lng="es">&aacute;nfora</trd>
  <trd lng="fr">amphore</trd>
  <trd lng="hu">amfora</trd>
  <trd lng="nl">amfoor</trd>
  <trd lng="ru">&c_a;&c_m;&c_f;&c_o;&c_r;&c_a;</trd>
  <trd lng="sk">amfora</trd>
</drv>
</art>
<!--
$Log: amfor.xml,v $
Revision 1.19  2015/07/04 08:37:30  revo
aldono de trd cs per skripto de M. von Laer

Revision 1.18  2011/02/12 15:10:08  revo
Wieland Pusch: +trd bg

Revision 1.17  2011/02/10 16:10:15  revo
Glavkos Xaon: traduko al la Greka

Revision 1.16  2005/04/27 16:33:09  revo
Raul Salinas Monteagudo: korekto trd es

Revision 1.15  2003/11/01 17:32:09  revo
Dmitri Gabinski: +trd be

Revision 1.14  2003/06/15 16:31:26  revo
Jeromo Vasxe: + fak arke, kompletigis dif, + ekz

Revision 1.13 2003/02/15 17:34:03 revo
Ulrich Fellmann: + 1 trd = de

Revision 1.12 2002/09/07 17:40:25 revo
Viliam Bur: +sk trd

Revision 1.11 2002/05/09 18:44:15 revo
-->
</vortaro>
