<?xml version="1.0"?>
<!DOCTYPE vortaro SYSTEM "../dtd/vokoxml.dtd">

<vortaro>
<art mrk="$Id: amiant.xml,v 1.10 2013/08/27 10:10:30 revo Exp $">
<kap>
<rad>amianti</rad>/o
</kap>
<drv mrk="amiant.0o">
  <kap><tld/>o</kap>
  <uzo tip="fak">BOT</uzo>
  <snc>
    <dif>
      <ref tip="lst" cel="genr.0o.BIO"
      lst="voko:botanikaj_genroj">Genro</ref> el familio
      <ref tip="malprt" cel="liliac.0oj">liliacoj</ref>
      (<trd lng="la">Amianthium</trd>).
   </dif>
  </snc>
  <trd lng="ca">g&egrave;nere Amianthium</trd>
  <trd lng="de">Amianthium</trd>
  <trd lng="en">flypoison</trd>
  <trd lng="hu">amianthium</trd>
  <trd lng="nl">amianthium</trd>
</drv>
</art>
<!--
$Log: amiant.xml,v $
Revision 1.10  2013/08/27 10:10:30  revo
Wolfram Diestel: referenco al listo bot genroj

Revision 1.9  2011/12/06 17:10:22  revo
Marc Rausell: kataluna traduko

Revision 1.8  2009/09/29 16:30:29  revo
Paul Peeraerts: +nl kor vid->sin

Revision 1.7  2009/03/20 17:30:32  revo
Wieland Pusch: +trd de

Revision 1.6  2009/03/19 18:17:05  revo
Jozefo Horvath: +trd hu

Revision 1.5  2001/04/18 17:32:02  revo
lili.0acoj -> liliac.0oj

Revision 1.4  2000/02/20 21:10:17  revo
Wolfram Diestel: prilaboris dif, angl trd

-->
</vortaro>
