<?xml version="1.0"?>
<!DOCTYPE vortaro SYSTEM "../dtd/vokoxml.dtd">

<vortaro>
<art mrk="$Id: amid.xml,v 1.6 2015/07/04 08:37:30 revo Exp $">
<kap>
    <rad>amid</rad>/o <fnt><bib>PIV1</bib></fnt>
</kap>
<drv mrk="amid.0o">
  <kap><tld/>o</kap>
  <snc mrk="amid.0o.KEM">
    <uzo tip="fak">KEM</uzo>
    <dif>
      Organika kombina&jcirc;o derivita el karbonacido, kun
      azota atomo ligita kun karbonila grupo:
      <ekz>
        niacino estas alia internacia nomo por nikotin-<tld/>o
        <fnt>
          <aut>D. Portmann, D. Pogers</aut>,
          <vrk><url
          ref="http://www.eventoj.hu/steb/kemio/doug-portmann/kemio-glosaro.htm">
          Glosaro</url></vrk>,
          <lok>en: Kemia kaj sciencteknika vortaro, 1993</lok>
        </fnt>.
      </ekz>
    </dif>
  </snc>
  <trd lng="ca">amida</trd>
  <trd lng="cs">amid</trd>
  <trd lng="en">amide</trd>
  <trd lng="fr">amide</trd>
  <trd lng="sk">amid</trd>
</drv>
</art>

<!--
$Log: amid.xml,v $
Revision 1.6  2015/07/04 08:37:30  revo
aldono de trd cs per skripto de M. von Laer

Revision 1.5  2015/06/28 12:03:35  revo
aldono de trd sk per skripto de M. von Laer

Revision 1.4  2013/11/23 10:10:21  revo
Jeromo Vasxe: kor fnt

Revision 1.3  2012/01/02 18:10:21  revo
Marc Rausell: +trd ca

Revision 1.2  2011/05/22 10:10:09  revo
Russ Williams: +trd en

Revision 1.1  2010/12/20 17:30:18  revo
Jeromo Vasxe: nova artikolo

-->
</vortaro>
