<?xml version="1.0"?>
<!DOCTYPE vortaro SYSTEM "../dtd/vokoxml.dtd">

<vortaro>
<art mrk="$Id: amikicx.xml,v 1.2 2017/11/16 00:10:33 revo Exp $">
<kap>
    <rad>amiki&ccirc;</rad>/o
</kap>
<drv mrk="amikicx.0o">
  <kap><tld/>o</kap>
  <uzo tip="stl">RAR</uzo>
  <snc>
    <dif>
      Virseksa <ref tip="super" cel="amik.0o">amiko</ref>:
      <ekz>
        amikinoj kaj <tld/>oj
        <fnt>
          <aut>Bal&aacute;zs Wacha</aut>
          <vrk>tro pacema simpla&jcirc;o pri esperantistoj ri&ccirc;aj kaj
          malri&ccirc;aj</vrk>
          <lok>
            22-a de julio 2009
            <url
            ref="http://www.ipernity.com/blog/es_blaziovaha_ns_balazswacha1948/168695">ipernity:
            tro pacema simpla&jcirc;o pri esperantistoj ri&ccirc;aj kaj malri&ccirc;aj de
            Blazio VAHA (n.s. WACHA, Bal&aacute;zs)</url>
          </lok>
        </fnt>;
      </ekz>
      <ekz>
        sal amikino... <tld/>o
        <fnt>
          <aut>Evildea</aut>
          <vrk>The "Sacred" Day of Zamenhof | La "Sankta" Tago de
          Zamenhof</vrk>
          <lok><url
          ref="http://www.youtube.com/watch?v=F_HWKzLVs8s">YouTube</url>,
          2016-12-17</lok>
        </fnt>;
      </ekz>
      <ekz>
        <tld/>oj komentis, demandante kiel praktike interveni, se oni
        &ccirc;eestas situacion de &ccirc;estrata molestado
        <fnt>
          <vrk>Kelkaj pensoj pri strata molestado</vrk>,
          <lok><url
          ref="http://egalecen.org/2017/01/27/kelkaj-pensoj-pri-strata-molestado/">Egalecen</url>,
          2017-01-27</lok>
        </fnt>.
      </ekz>
    </dif>
  </snc>
  <ref tip="vid" cel="icx.0">-i&ccirc;</ref>
  <trd lng="en">male <ind>friend</ind></trd>
  <trd lng="io">amikulo</trd>
  <trd lng="tp">mije pona</trd>
  <trd lng="vo">hiflen</trd>
</drv>
</art>

<!--
$Log: amikicx.xml,v $
Revision 1.2  2017/11/16 00:10:33  revo
Sam Penter: +ref al icx.0

Revision 1.1  2017/08/17 19:10:15  revo
Robin van der Vliet: nova artikolo

-->
</vortaro>
