<?xml version="1.0"?>
<!DOCTYPE vortaro SYSTEM "../dtd/vokoxml.dtd">

<vortaro>
<art mrk="$Id: amin.xml,v 1.6 2015/12/01 06:10:16 revo Exp $">
<kap>
  <rad>amin</rad>/o <fnt><bib>PIV1</bib></fnt>
</kap>
<drv mrk="amin.0o">
  <kap><tld/>o</kap>
  <snc mrk="amin.0o.KEM">
    <uzo tip="fak">KEM</uzo>
    <dif>
      Organika substanco derivita el amoniako, en kiu
      hidrogrenon anstata&ubreve;as karbaj kompona&jcirc;oj:
      <ekz>
        aranea veneno konsistas el miksa&jcirc;o de proteinoj, aminoj kaj 
        polipeptidoj
        <fnt>
          <aut>E. Nieuwenhuys, trad. L. De Cooman</aut>,
          <vrk><url
          ref="http://www.xs4all.nl/~ednieuw/Spiders/InfoNed/Veneniloj_kaj_veneno.html">
          Araneo</url></vrk>,
          <lok>[1999?]</lok>
        </fnt>.
      </ekz>
    </dif>
  </snc>
  <trd lng="cs">amin</trd>
  <trd lng="en">amine</trd>
  <trd lng="fr">amine</trd>
  <trd lng="pl">amin</trd>
  <trd lng="sk">am&iacute;n</trd>
</drv>
</art>

<!--
$Log: amin.xml,v $
Revision 1.6  2015/12/01 06:10:16  revo
Sebastian Cyprych: +trd pl

Revision 1.5  2015/10/19 12:10:19  revo
Cindy Moon McKee: +trd en

Revision 1.4  2015/07/04 08:37:30  revo
aldono de trd cs per skripto de M. von Laer

Revision 1.3  2015/06/28 12:03:35  revo
aldono de trd sk per skripto de M. von Laer

Revision 1.2  2015/01/22 20:10:19  revo
Wolfram Diestel: -tajperaro

Revision 1.1  2010/12/09 17:30:32  revo
Jeromo Vasxe: nova artikolo

-->
</vortaro>
