<?xml version="1.0"?>
<!DOCTYPE vortaro SYSTEM "../dtd/vokoxml.dtd">

<vortaro>
<art mrk="$Id: amir.xml,v 1.1 2016/12/18 11:10:14 revo Exp $">
<kap>
  <rad>Amir</rad>/o
</kap>
<drv mrk="amir.0o">
  <kap><tld/>o</kap>
  <snc mrk="amir.0o.NOM">
    <uzo tip="fak">NOM</uzo>
    <dif>
      Vira anta&ubreve;nomo arab- kaj hebre-devena:
      <ekz>
        <tld/>o estas in&gcirc;eniero
        <fnt>
          <bib>Viki</bib>,
          <lok><url
          ref="https://eo.wikipedia.org/wiki/Amir_Had%C5%BEiahmetovi%C4%87">
          Amir Had&zcaron;iahmetovi&cacute;</url>, 
          2016-10-31</lok></fnt>
      </ekz>
    </dif>
  </snc>
  <trd lng="fa">&a_A;&a_m;&a_y;&a_r;</trd>
  <trd lng="en">Amir</trd>
  <trd lng="fr">Amir</trd>
  <trd lng="it">Amir</trd>
</drv>
</art>

<!--
$Log: amir.xml,v $
Revision 1.1  2016/12/18 11:10:14  revo
Jeromo Vasxe: nova artikolo

-->
</vortaro>