<?xml version="1.0"?>
<!DOCTYPE vortaro SYSTEM "../dtd/vokoxml.dtd">

<vortaro>
<art mrk="$Id: amnest.xml,v 1.20 2018/08/09 20:10:16 revo Exp $">
<kap>
  <ofc>1</ofc>
  <rad>amnesti</rad>/o <fnt><bib>PV</bib></fnt>
</kap>
<drv mrk="amnest.0o">
  <kap><tld/>o</kap>
  <snc mrk="amnest.0o.JUR">
    <uzo tip="fak">JUR</uzo>
    <dif>
      Le&gcirc;a &gcirc;enerala punliberigo:
      <ekz>
        la prezidanto de Ruando komunikis iun <tld/>on rilate al la
        jubileo
        <fnt>
          <aut>Wim M. A. De Smet</aut>
          <vrk>Kiu murdis Dian Fossey?</vrk>
          <bib>Monato</bib>
          <lok>1995:12, p. 23a</lok>
         </fnt>.
      </ekz>
    </dif>
  </snc>
  <trd lng="be">&c_a;&c_m;&c_n;&c_ib;&c_s;&c_t;&c_y;&c_ja;</trd>
  <trd lng="bg">&c_a;&c_m;&c_n;&c_i;&c_s;&c_t;&c_i;&c_ja;</trd>
  <trd lng="ca">amnistia</trd>
  <trdgrp lng="cs">
    <trd>amnestie</trd>,
    <trd>milost <klr>(hromadn&aacute;)</klr></trd>,
    <trd>milost z trestu</trd>,
    <trd>omilostn&ecaron;n&iacute;</trd>
  </trdgrp>
  <trdgrp lng="de">
      <trd>Strafbefreiung</trd>,
      <trd>Amnestie</trd>
  </trdgrp>
  <trd lng="en">amnesty</trd>
  <trd lng="es">amnist&iacute;a</trd>
  <trd lng="fa">&a_ayn;&a_f;&a_w; &a_ayn;&a_m;&a_w;&a_m;&f_y;</trd>
  <trd lng="fr">amnistie</trd>
  <trd lng="nl">amnestie</trd>
  <trd lng="ru">&c_a;&c_m;&c_n;&c_i;&c_s;&c_t;&c_i;&c_ja;</trd>
  <trd lng="sk">amnestia</trd>
  <trd lng="ms">pengampunan</trd>
</drv>

<drv mrk="amnest.0i">
  <kap><tld/>i</kap>
  <gra><vspec>tr</vspec></gra>
  <snc mrk="amnest.0i.JUR">
    <dif>
       Doni <tld/>on, liberigi de nuna kaj estonta puno:
       <ekz>
        Luka estis <tld/>ita kaj tio sufi&ccirc;as al li
        <fnt>
          <aut>I. Silone, trad. D. Mistretta</aut>
          <vrk><url ref="http://ekladata.com/XiKWRW1ETT4zBOHrQZm16PxBQmc/silone-la-sekreto-de-luka.pdf">
          La sekreto de Luka</url></vrk>
          <lok>[vidita en 2018]</lok>
        </fnt>.
      </ekz>
    </dif>
  </snc>
  <trdgrp lng="fr">
    <trd>amnestier</trd>,
    <trd>gr&acirc;cier</trd>
  </trdgrp>
</drv>
</art>
<!--
$Log: amnest.xml,v $
Revision 1.20  2018/08/09 20:10:16  revo
Jeromo Vasxe: + ~i

Revision 1.19  2017/01/29 13:10:31  revo
Adam Eng: +trd ms

Revision 1.18  2015/07/04 08:37:30  revo
aldono de trd cs per skripto de M. von Laer

Revision 1.17  2013/08/06 10:10:15  revo
Joop Eggen: +trd bg

Revision 1.16  2011/12/11 13:10:16  revo
Marc Rausell: +trd ca

Revision 1.15  2009/08/21 16:31:33  revo
Behnam Tabatabai: +trd fa

Revision 1.14  2003/11/01 17:32:11  revo
Dmitri Gabinski: +trd be

Revision 1.13  2003/02/15 17:33:52  revo
-->
</vortaro>
