<?xml version="1.0"?>
<!DOCTYPE vortaro SYSTEM "../dtd/vokoxml.dtd">

<vortaro>
<art mrk="$Id: amonit.xml,v 1.16 2019/02/02 17:10:14 revo Exp $">
<kap>
  <rad>amonit</rad>/o
</kap>
<drv mrk="amonit.0o">
  <kap><tld/>o</kap>
  <uzo tip="fak">MIN</uzo>
  <snc>
    <dif>
      Iu el grupo de fosiliaj <ref tip="malprt" cel="cefalo.0oj">cefalopodoj</ref>
      resp. ties <ref cel="konk.0o.tego">konko</ref>:
      <ekz>
        inter la trovitaj senvertebruloj estas precipe <tld/>oj kaj &jcirc;urasiaj spongoj
        <fnt>
          <bib>Monato</bib>
          <aut>Jomo Ipfelkofer</aut>
          <vrk><url ref="https://www.monato.net/2008/009438.php"
              >Fosilioj en suda Germanio</url></vrk>
        </fnt>.
      </ekz>
    </dif>
    <bld
      lok="&WCU;/thumb/1/1c/Ammonit_-_W&uuml;stenhaus.jpg/640px-Ammonit_-_W&uuml;stenhaus.jpg"
      prm="CC BY-SA 3.0"
      >elfosita <tld/>o
        <fnt>
          <aut>spacebirdy, propra verko</aut>
          <lok><url ref="&WCW;/File:Ammonit_-_W%C3%BCstenhaus.jpg"
              >https://commons.wikimedia.org/wiki/File:Ammonit_-_W&uuml;stenhaus.jpg</url></lok>
        </fnt>
    </bld>
  </snc>
  <trd lng="be">&c_a;&c_m;&c_a;&c_n;&c_ib;&c_t;</trd>
  <trd lng="ca">ammonit</trd>
  <trd lng="cs">amonit</trd>
  <trd lng="de">Ammonit</trd>
  <trd lng="en">ammonite</trd>
  <trd lng="es">amonites</trd>
  <trd lng="fr">ammonite</trd>
  <trd lng="hu">ammonit</trd>
  <trd lng="nl">ammoniet</trd>
  <trd lng="ru">&c_a;&c_m;&c_m;&c_o;&c_n;&c_i;&c_t;</trd>
  <trd lng="sk">druh skamenenej mu&scaron;le</trd>
</drv>
</art>
<!--
$Log: amonit.xml,v $
Revision 1.16  2019/02/02 17:10:14  revo
Wolfram Diestel: +ekz, +bld

Revision 1.15  2015/07/04 08:37:30  revo
aldono de trd cs per skripto de M. von Laer

Revision 1.14  2015/06/28 12:03:35  revo
aldono de trd sk per skripto de M. von Laer

Revision 1.13  2012/01/01 19:10:09  revo
Marc Rausell: +trd ca

Revision 1.12  2005/05/16 17:48:11  revo
Jozefo Horvath: +trd hu

Revision 1.11  2005/04/05 16:36:32  revo
Raul Salinas Monteagudo: +trd es

Revision 1.10  2003/11/01 17:32:18  revo
Dmitri Gabinski: +trd be

Revision 1.9  2003/02/15 17:33:57  revo
-->
</vortaro>
