<?xml version="1.0"?>
<!DOCTYPE vortaro SYSTEM "../dtd/vokoxml.dtd">

<vortaro>
<art mrk="$Id: amor.xml,v 1.34 2018/08/23 16:10:19 revo Exp $">
<kap>
  <ofc>4</ofc>
  <rad>amor</rad>/o <fnt><bib>PV</bib></fnt>
</kap>
<drv mrk="amor.0o">
  <kap><tld/>o</kap>
  <snc mrk="amor.0o.seksa">
    <ref tip="dif" cel="kun.seks0igxo">sekskuni&gcirc;o</ref>
    <ekz>
      la noveloj <klr>[...]</klr> prezentas diversajn implikojn,
      embarasojn, ruzojn, sekvojn kaj entute cirkonstancojn de <tld/>o
      inter virino kaj viro
      <fnt>
        <aut>S. Johansson</aut>,
        <vrk>Tri tagoj da &gcirc;uo</vrk>,
        <bib>Monato</bib>,
        <lok>jaro 1996a, numero 12a, p. 18a</lok>
      </fnt>.
    </ekz>
    <refgrp tip="sin">
      <ref cel="fik.0o">fiko</ref>,
      <ref cel="koit.0o">koito</ref>,
      <ref cel="kopula.0o">kopulacio</ref>
    </refgrp>
    <trdgrp lng="de">
      <trd>k&ouml;rperliche <ind>Liebe</ind></trd>,
      <trd>Geilheit</trd>,
      <trd>erotische <ind>Zuneigung</ind></trd>
    </trdgrp>
    <trd lng="en">sexual love</trd>
    <trdgrp lng="es">
      <trd>amor<klr> (f&iacute;sico)</klr></trd>,
      <trd>relaci&oacute;n sexual</trd>
    </trdgrp>
    <trdgrp lng="fr">
      <trd>accouplement</trd>,
      <trd>amour<klr tip="ind"> (charnel)</klr></trd>,
      <trd>baise<klr tip="ind"> (faire l'amour)</klr></trd>,
      <trd>co&iuml;t</trd>,
      <trd>copulation</trd>,
      <trd>relation sexuelle</trd>
    </trdgrp>
    <trdgrp lng="hu">
      <trd>testi szerelem</trd>,
      <trd>szex</trd>
    </trdgrp>
    <trd lng="it">amore<klr> (sesso)</klr></trd>
    <trdgrp lng="nl">
      <trd>het <ind>vrijen</ind></trd>,
      <trd>sexuele relatie</trd>,
      <trd>lichamelijke <ind>liefde</ind></trd>
    </trdgrp>
    <trd lng="pl">amory</trd>
    <trd lng="pt">amor sexual</trd>
    <trdgrp lng="ru">
      <trd>&c_l;&c_ju;&c_b;&c_o;&c_v;&c_n;&c_a;&c_ja;
      &c_s;&c_t;&c_r;&c_a;&c_s;&c_t;&c_mol;</trd>,
      <trd>&c_l;&c_ju;&c_b;&c_o;&c_v;&c_mol;
      <klr>(&c_f;&c_i;&c_z;&c_i;&c_ch;&c_je;&c_s;&c_k;&c_a;&c_ja;)</klr>
      </trd>,
      <trd>&c_s;&c_je;&c_k;&c_s;</trd>
    </trdgrp>
    <trd lng="tp">unpa</trd>
  </snc>
  <snc mrk="amor.0o.BELA">
    <uzo tip="fak">BELA</uzo>
    <dif>
      Figuro de nuda, flugilhava bubeto
      uzata orname en E&ubreve;ropa klasika
      arkitekturo kaj pentrarto.
    </dif>
    <trdgrp lng="en">
      <trd>Kupido</trd>
    </trdgrp>
    <trdgrp lng="fr">
      <trd>amour<klr tip="ind"> (beaux-arts)</klr></trd>,
      <trd>putto</trd>
    </trdgrp>
    <trdgrp lng="hu">
      <trd>amorett</trd>,
      <trd>putt&oacute;</trd>
    </trdgrp>
    <trdgrp lng="it">
      <trd>amorino</trd>,
      <trd>putto</trd>
    </trdgrp>
    <trd lng="nl">cupido</trd>
    <trdgrp lng="pl">
      <trd>amor</trd>,
      <trd>kupidyn</trd>,
      <trd>eros</trd>
    </trdgrp>
    <trd lng="pt">cupido</trd>
    <trdgrp lng="ru">
      <trd>&c_a;&c_m;&c_u;&c_r;</trd>,
      <trd>&c_k;&c_u;&c_p;&c_i;&c_d;&c_o;&c_n;</trd>
    </trdgrp>
    <trd lng="th">&#3588;&#3636;&#3623;&#3611;&#3636;&#3604;</trd>
  </snc>
  <trd lng="cs">l&aacute;ska t&ecaron;lesn&aacute;</trd>
  <trd lng="sk">telesn&aacute; l&aacute;ska</trd>
  <trd lng="th">&#3585;&#3634;&#3619;&#3619;&#3656;&#3623;&#3617;&#3648;&#3614;&#3624;</trd>
</drv>

<drv mrk="amor.A0o">
  <kap><tld lit="A"/>o</kap>
  <snc mrk="amor.A0o.MIT">
    <uzo tip="fak">MIT</uzo>
    <dif>
      Dio de amo en antikvaj Grekujo, Romio kaj Hindujo
      prezentata per figuro de nuda, flugilhava knabo
      ark-pafanta al enami&gcirc;ontoj.
    </dif>
    <trdgrp lng="de">
      <trd>Amor</trd>,
      <trd>Eros</trd>,
      <trd>Gott der <ind>Liebe</ind></trd>
    </trdgrp>
    <trdgrp lng="en">
      <trd>Amour</trd>,
      <trd>Cupid</trd>,
      <trd>Eros</trd>
    </trdgrp>
    <trdgrp lng="es">
      <trd>Amor</trd>,
      <trd>Cupido</trd>,
      <trd>Eros</trd>
    </trdgrp>
    <trdgrp lng="fr">
      <trd>Amour<klr tip="ind"> (mythologie)</klr></trd>,
      <trd>Cupidon</trd>,
      <trd>&Eacute;ros</trd>
    </trdgrp>
    <trdgrp lng="hu">
      <trd>&Aacute;mor</trd>,
      <trd>Cupido</trd>,
      <trd>Er&oacute;sz</trd>
    </trdgrp>
    <trdgrp lng="it">
      <trd>Amore</trd>,
      <trd>Cupido</trd>,
      <trd>Eros</trd>
    </trdgrp>
    <trdgrp lng="nl">
      <trd>Amor</trd>,
      <trd>Cupido</trd>,
      <trd>Eros</trd>
    </trdgrp>
    <trdgrp lng="pl">
      <trd>Amor</trd>,
      <trd>Kupidyn</trd>,
      <trd>Eros</trd>
    </trdgrp>
    <trd lng="pt">Amor</trd>
    <trdgrp lng="ru">
      <trd>&c_A;&c_m;&c_u;&c_r;</trd>,
      <trd>&c_K;&c_u;&c_p;&c_i;&c_d;&c_o;&c_n;</trd>
    </trdgrp>
    <trd lng="sk">Amor</trd>
  </snc>
  <trd lng="cs">l&aacute;ska t&ecaron;lesn&aacute;</trd>
  <trd lng="sk">telesn&aacute; l&aacute;ska</trd>
</drv>

<drv mrk="amor.0i">
  <kap><tld/>i</kap>
  <snc>
    <ref tip="dif" cel="kun.seks0igxi">sekskuni&gcirc;i</ref>
    <ekz>
      mi vere ne scias, &ccirc;u ili <tld/>is dum la tuta
      nokto
      <fnt>
      <aut>A. Garc&iacute;a Fumero</aut>,
      <vrk>Kura&gcirc;o</vrk>,
      <bib>Monato</bib>,
      <lok>jaro 2002a, numero 2a, p. 23-25a</lok>
      </fnt>.
    </ekz>
    <refgrp tip="sin">
      <ref cel="fik.0i">fiki</ref>,
      <ref cel="koit.0i">koiti</ref>,
      <ref cel="kopula.0i">kopulacii</ref>
    </refgrp>
  </snc>
  <trdgrp lng="cs">
    <trd>ho&rcaron;et l&aacute;skou</trd>,
    <trd>milovat <klr>(t&ecaron;lesn&ecaron;)</klr></trd>
  </trdgrp>
  <trdgrp lng="de">
    <trd><klr>(</klr>sexuell) <ind>lieben</ind></trd>,
    <trd>erotisch <ind>lieben</ind></trd>,
    <trd>Liebe <ind>machen</ind></trd>,
    <trd>Sex machen</trd>,
    <trd>Sex haben</trd>
  </trdgrp>
  <trd lng="en">make love</trd>
  <trd lng="es">hacer el amor</trd>
  <trdgrp lng="fr">
    <trd>s'<ind>accoupler</ind></trd>,
    <trd>faire l'<ind>amour</ind></trd>,
    <trd>baiser<klr tip="ind"> (faire l'amour)</klr></trd>,
    <trd>co&iuml;ter</trd>,
    <trd>copuler</trd>,
    <trd>coucher (avec)</trd>
  </trdgrp>
  <trd lng="hu">szexel</trd>
  <trd lng="it">fare l'<ind>amore</ind></trd>
  <trdgrp lng="nl">
    <trd>vrijen</trd>,
    <trd>neuken</trd>,
    <trd>liefde bedrijven</trd>
  </trdgrp>
  <trdgrp lng="pl">
    <trd>po&zdot;&aogonek;da&cacute;<klr> seksualnie</klr></trd>,
    <trd>kocha&cacute; <klr>zmys&lstroke;owo</klr></trd>
  </trdgrp>
  <trdgrp lng="pt">
    <trd>fazer <ind>amor</ind></trd>,
    <trd>transar</trd>,
    <trd>trepar</trd>,
    <trd>namorar <klr tip="amb">(sexualmente)</klr></trd>
  </trdgrp>
  <trd lng="ru">&c_z;&c_a;&c_n;&c_i;&c_m;&c_a;&c_t;&c_mol;&c_s;&c_ja;
&c_l;&c_ju;&c_b;&c_o;&c_v;&c_mol;&c_ju;</trd>
  <trdgrp lng="sk">
    <trd>milova&tcaron;</trd>,
    <trd>milova&tcaron; <klr>(pohlavne)</klr></trd>
  </trdgrp>
  <trd lng="th">&#3617;&#3637;&#3648;&#3614;&#3624;&#3626;&#3633;&#3617;&#3614;&#3633;&#3609;&#3608;&#3660;</trd>
  <trd lng="tp">unpa</trd>
</drv>

<drv mrk="amor.0anto">
  <kap><tld/>anto, <var><kap><tld/>antino</kap></var></kap>
  <snc>
    <dif>
      Homo, kiu sekse amas.
    </dif>
    <ref tip="sin" cel="am.0anto.sekse">amanto, amantino</ref>
    <ref tip="sin" cel="am.0ajxisto">ama&jcirc;isto,
    ama&jcirc;istino</ref>
  </snc>
  <trd lng="cs">milovnice</trd>
  <trdgrp lng="de">
    <trd>Liebhaber</trd>,
    <trd>Gespiele</trd>,
    <trd>Gespielin</trd>
  </trdgrp>
  <trd lng="en">lover</trd>
  <trd lng="es">amante</trd>
  <trdgrp lng="fr">
    <trd>amant</trd>,
    <trd>amante</trd>,
    <trd>ma&icirc;tresse</trd>,
    <trd>petit ami</trd>,
    <trd>petite amie</trd>
  </trdgrp>
  <trd lng="hu">szeret&odblac;<klr tip="amb"> (testi)</klr></trd>
  <trd lng="it">amante</trd>
  <trdgrp lng="nl">
    <trd>lief</trd>,
    <trd>bijslaap</trd>
  </trdgrp>
  <trdgrp lng="pl">
    <trd>amant</trd>,
    <trd>kochanek</trd>,
    <trd>kochanka</trd>,
    <trd>kobieciarz</trd>,
    <trd>&zdot;igolak</trd>,
    <trd>flirciarz</trd>,
    <trd>kocha&sacute;</trd>,
    <trd>lowelas</trd>,
    <trd>&lstroke;atwa kobieta</trd>,
    <trd>kobieta lekkich obyczaj&oacute;w</trd>
  </trdgrp>
  <trd lng="pt">amante <klr tip="amb">(sexual)</klr></trd>
  <trdgrp lng="ru">
    <trd>&c_l;&c_ju;&c_b;&c_o;&c_v;&c_n;&c_i;&c_k;</trd>,
    <trd>&c_l;&c_ju;&c_b;&c_o;&c_v;&c_n;&c_i;&c_c;&c_a;</trd>
  </trdgrp>
  <trd lng="sk">milovn&iacute;&ccaron;ka</trd>
  <trd lng="th">&#3588;&#3609;&#3619;&#3633;&#3585;</trd>
</drv>

<drv mrk="amor.0isto">
  <kap><tld/>isto</kap>
  <snc>
    <dif>
      Viro, kiu profesie sekse agas.
    </dif>
    <ref tip="sin" cel="am.0ovendisto">amovendisto</ref>
  </snc>
  <trdgrp lng="de">
    <trd>Prostituierter</trd>,
    <trd>Callboy</trd>,
  </trdgrp>
  <trdgrp lng="en">
    <trd>gigolo</trd>,
    <trd>prostitute</trd>,
    <trd>whore</trd>,
    <trd>hooker</trd>
  </trdgrp>
  <trdgrp lng="fr">
    <trd>prostitu&eacute;</trd>,
    <trd>gigolo</trd>,
    <trd>tapin<klr tip="ind"> (prostitu&eacute;)</klr></trd>
  </trdgrp>
  <trdgrp lng="hu">
    <trd>selyemfi&uacute;</trd>,
    <trd>zsigol&oacute;</trd>,
    <trd>kitartott</trd>
  </trdgrp>
  <trdgrp lng="it">
    <trd>gigol&ograve;</trd>,
    <trd>accompagnatore<klr> (gigol&ograve;)</klr></trd>
  </trdgrp>
  <trdgrp lng="nl">
    <trd>gigolo</trd>,
    <trd>prostituee</trd>,
    <trd>hoer</trd>
  </trdgrp>
  <trdgrp lng="pl">
    <trd><klr>m&eogonek;ska </klr>prostytutka</trd>,
    <trd>&zdot;igolak</trd>
  </trdgrp>
  <trdgrp lng="pt">
    <trd>prostituto</trd>,
    <trd>garoto de programa</trd>
  </trdgrp>
  <trdgrp lng="ru">
    <trd>&c_zh;&c_i;&c_g;&c_o;&c_l;&c_o;</trd>
  </trdgrp>
  <trd lng="th">&#3594;&#3634;&#3618;&#3586;&#3634;&#3618;&#3610;&#3619;&#3636;&#3585;&#3634;&#3619;</trd>
</drv>

<drv mrk="amor.0istino">
  <kap><tld/>istino</kap>
  <snc>
    <dif>
      Virino, kiu profesie sekse agas.
    </dif>
    <ref tip="sin" cel="am.0ovendistino">amovendistino</ref>
  </snc>
  <trd lng="cs">nev&ecaron;stka</trd>
  <trdgrp lng="de">
    <trd>Prostituierte</trd>,
    <trd>Hure</trd>,
    <trd>Nutte</trd>,
    <trd>Callgirl</trd>,
    <trd>Kurtisane<klr> [ark]</klr></trd>
  </trdgrp>
  <trdgrp lng="en">
    <trd>prostitute</trd>,
    <trd>whore</trd>,
    <trd>hooker</trd>
  </trdgrp>
  <trdgrp lng="fr">
    <trd><ind>prostitu&eacute;</ind>e</trd>,
    <trd>fille publique</trd>,
    <trd>fille de <ind>joie</ind></trd>,
    <trd>grue</trd>,
    <trd>p&eacute;ripat&eacute;ticienne</trd>,
    <trd>putain</trd>,
    <trd>tapineuse</trd>,
  </trdgrp>
  <trdgrp lng="hu">
    <trd>selyemfi&uacute;</trd>,
    <trd>zsigol&oacute;</trd>,
    <trd>kitartott</trd>
  </trdgrp>
  <trdgrp lng="it">
    <trd>prostituta</trd>,
    <trd>meretrice</trd>,
    <trd>accompagnatrice<klr> (prostituta)</klr></trd>,
    <trd>etera</trd>,
    <trd>peripatetica</trd>,
    <trd>puttana</trd>,
    <trd>marchettara</trd>
  </trdgrp>
  <trdgrp lng="nl">
    <trd>prostituee</trd>,
    <trd>hoer</trd>
  </trdgrp>
  <trdgrp lng="pl">
    <trd>prostytutka</trd>,
    <trd>dziwka</trd>  
  </trdgrp>
  <trdgrp lng="pt">
    <trd>prostituta</trd>,
    <trd>puta</trd>,
    <trd>garota de programa</trd>
  </trdgrp>
  <trdgrp lng="ru">
    <trd>&c_p;&c_r;&c_o;&c_s;&c_t;&c_i;&c_t;&c_u;&c_t;&c_k;&c_a;</trd>,
    <trd>&c_zh;&c_i;&c_g;&c_o;&c_l;&c_o;</trd>
  </trdgrp>
  <trd lng="sk">neviestka</trd>
  <trdgrp lng="th">
    <trd>&#3627;&#3597;&#3636;&#3591;&#3586;&#3634;&#3618;&#3610;&#3619;&#3636;&#3585;&#3634;&#3619;</trd>,
    <trd>&#3650;&#3626;&#3648;&#3616;&#3603;&#3637;</trd>
  </trdgrp>
</drv>
</art>
<!--
$Log: amor.xml,v $
Revision 1.34  2018/08/23 16:10:19  revo
Warut Bunprasert: +trd th

Revision 1.33  2016/05/02 22:10:17  revo
Alain Gerard: +trd (fr)

Revision 1.32  2015/07/04 08:37:30  revo
aldono de trd cs per skripto de M. von Laer

Revision 1.31  2015/06/28 12:03:35  revo
aldono de trd sk per skripto de M. von Laer

Revision 1.30  2011/06/14 19:10:08  revo
Bart Demeyere: -erara trd nl

Revision 1.29  2010/08/29 16:30:22  revo
Jeromo Vasxe: - kramp

Revision 1.28  2010/05/24 16:30:36  revo
Antonio Codazzi: ++trd it

Revision 1.27  2009/07/05 16:39:39  revo
-->
</vortaro>
