<?xml version="1.0"?>
<!DOCTYPE vortaro SYSTEM "../dtd/vokoxml.dtd">

<vortaro>
<art mrk="$Id: amorf.xml,v 1.17 2019/01/26 10:10:15 revo Exp $">
<kap>
  <rad>amorf</rad>/a
</kap>
<drv mrk="amorf.0a">
  <kap><tld/>a</kap>
  <uzo tip="fak">KEM</uzo>
  <snc>
    <dif>
      Sen regula kaj difinita <ref tip="ant" cel="strukt.0o">strukturo</ref>:
      <ekz>
        <nom>Zoe</nom> nomas sin artisto, sed &ccirc;u &scirc;i iam sukcesas vendi <klr>[&#8230;]</klr> siajn
        arta&jcirc;ojn, ne estas klare <klr>[ili estas]</klr> abstraktaj pentra&jcirc;oj, sed
        precipe <klr>[&#8230;]</klr> glubildoj, faritaj el <tld/>aj kunmeta&jcirc;oj de ruba&jcirc;o
        <klr>[&#8230;]</klr> nek puraj nek allogaj
        <fnt>
          <bib>Monato</bib>
          <aut>Albisturo Kvinke</aut>
          <vrk><url ref="https://www.monato.net/2009/009680.php"
              >Proksimaj kaj malproksimaj najbaroj</url></vrk>
        </fnt>.
      </ekz>
    </dif>
  </snc>
  <trdgrp lng="be">
    <trd>&c_a;&c_m;&c_o;&c_r;&c_f;&c_n;&c_y;</trd>,
    <trd>&c_b;&c_ja;&c_s;&c_f;&c_o;&c_r;&c_m;&c_je;&c_n;&c_n;&c_y;</trd>
  </trdgrp>
  <trd lng="ca">amorf</trd>
  <trdgrp lng="cs">
    <trd>amorfn&iacute;</trd>,
    <trd>beztvar&yacute;</trd>,
    <trd>nekrystalick&yacute;</trd>
  </trdgrp>
  <trdgrp lng="de">
    <trd>amorph</trd>,
    <trd>formlos</trd>
  </trdgrp>
  <trd lng="en">amorphous</trd>
  <trd lng="es">amorfo</trd>
  <trd lng="fr">amorphe</trd>
  <trd lng="nl">amorf</trd>
  <trd lng="pl">amorficzny</trd>
  <trdgrp lng="ru">
    <trd>&c_a;&c_m;&c_o;&c_r;&c_f;&c_n;&c_y;&c_j;</trd>,
    <trd>&c_b;&c_je;&c_s;&c_f;&c_o;&c_r;&c_m;&c_je;&c_n;&c_n;&c_y;&c_j;</trd>
  </trdgrp>
  <trdgrp lng="sk">
    <trd>beztvar&yacute;</trd>,
    <trd>amorfn&yacute;</trd>
  </trdgrp>
</drv>
</art>
<!--
$Log: amorf.xml,v $
Revision 1.17  2019/01/26 10:10:15  revo
Wolfram Diestel: +ekz

Revision 1.16  2015/07/04 08:37:30  revo
aldono de trd cs per skripto de M. von Laer

Revision 1.15  2012/01/01 23:10:45  revo
Marc Rausell: +trd ca

Revision 1.14  2011/07/20 10:10:08  revo
Sebastian Cyprych: +trd pl

Revision 1.13  2003/01/22 17:33:33  revo
Ulrich Fellmann: + 1 plia trd = de

Revision 1.12  2003/01/16 17:32:28  revo
Dmitri Gabinski: +trd be

Revision 1.11  2002/10/01 16:37:44  revo
Christopher Zervic: + ang

Revision 1.10  2002/09/07 17:40:33  revo
-->
</vortaro>
