<?xml version="1.0"?>
<!DOCTYPE vortaro SYSTEM "../dtd/vokoxml.dtd">

<vortaro>
<art mrk="$Id: ampelo.xml,v 1.17 2018/10/28 17:10:17 revo Exp $">
<kap>
<rad>ampelops</rad>/o
</kap>
<drv mrk="ampelo.0o">
   <kap><tld/>o</kap>
   <uzo tip="fak">BOT</uzo>
   <snc>
     <dif>
      <ref tip="lst" cel="genr.0o.BIO"
      lst="voko:botanikaj_genroj">Genro</ref> el familio 
      <ref tip="malprt" cel="vitac.0oj">vitacoj</ref>
      (<trd lng="la">Ampelopsis</trd>), ornama grimpa 
      <ref tip="lst" cel="arbust.0o" lst="voko:vitoparencoj">arbusto</ref>,
      kies folioj similas tiujn de vinberujo:
      <ekz>
        <tld/>o estas volvogrimpanta arbedo kun volvofadenoj sen
        disketoj por alfiksi&gcirc;o, ili havas kvinpintajn foliojn similajn al tiuj de la vinberujo
        <fnt>
          <bib>Viki</bib>
          <lok><url ref="https://eo.wikipedia.org/?curid=29635">Vitacoj</url></lok>
        </fnt>;
      </ekz>
      <ekz>
        nestoj de Ru&gcirc;okulaj pipiloj trovi&gcirc;is en vitoj, 17&#8239;% en rubusoj,
        <klr>[&#8230;]</klr> 12&#8239;% en montola&ubreve;ro, nestoj estis anka&ubreve; en <tld/>o, lindero kaj azaleo 
        <fnt>
          <bib>Viki</bib>
          <lok><url ref="https://eo.wikipedia.org/?curid=343285">Ru&gcirc;okula pipilo</url></lok>
        </fnt>.
      </ekz>
    </dif>
    <bld
      lok="&WCU;/thumb/5/5d/Ampelopsis_glandulosa_var._heterophylla_0810.jpg/640px-Ampelopsis_glandulosa_var._heterophylla_0810.jpg"
      prm="CC-BY-SA-3.0"
      >fruktoj kaj folioj de <tld/>o (Ampelopsis glandulosa var. heterophylla)
        <fnt>
          <aut>Qwert1234 &ccirc;e ja.wikipedia</aut>
          <lok><url ref="&WCW;/File:Ampelopsis_glandulosa_var._heterophylla_0810.jpg"
              >&WCW;/File:Ampelopsis_glandulosa_var._heterophylla_0810.jpg</url></lok>
        </fnt>
    </bld>
  </snc>
  <trdgrp lng="cs">
    <trd>divok&eacute; v&iacute;no</trd>,
    <trd>loubinec</trd>
  </trdgrp>
  <trd lng="de">Doldenrebe</trd>
  <trd lng="en">ampelopsis creeper</trd>
  <trdgrp lng="fr">
     <trd>amp&eacute;lopsis</trd>,
     <trd>vigne vierge</trd></trdgrp>
  <trd lng="hu">borosty&aacute;nsz&odblac;l&odblac;</trd>
  <trd lng="nl">wilde <ind>wingerd</ind></trd>
  <trdgrp lng="pl">
    <trd>winobluszcz</trd>,
    <trd>wino dzikie</trd>
  </trdgrp>
  <trdgrp lng="ru">
 
<trd>&c_v;&c_i;&c_n;&c_o;&c_g;&c_r;&c_a;&c_d;&c_o;&c_v;&c_n;&c_i;&c_k;</trd>
,
     <trd>&c_a;&c_m;&c_p;&c_je;&c_l;&c_o;&c_p;&c_s;&c_i;&c_s;</trd>
   </trdgrp>
  <trd lng="sk">divok&eacute; v&iacute;no</trd>
  <trd lng="sv">vildvin</trd>
</drv>
</art>
<!--
$Log: ampelo.xml,v $
Revision 1.17  2018/10/28 17:10:17  revo
Wolfram Diestel: +ekz, +bld

Revision 1.16  2017/05/27 20:10:15  revo
Vito Redsky: trd pl

Revision 1.15  2015/07/04 08:37:30  revo
aldono de trd cs per skripto de M. von Laer

Revision 1.14  2015/06/28 12:03:35  revo
aldono de trd sk per skripto de M. von Laer

Revision 1.13  2013/11/01 16:10:12  revo
Wolfram Diestel: ref al vitoparencoj

Revision 1.12  2013/08/29 15:10:36  revo
Wolfram Diestel: referenco al listo bot genroj

Revision 1.11  2002/03/21 18:34:04  revo
Jozefo Horvath: +trd hu

Revision 1.10  2002/02/23 19:48:29  revo
-->
</vortaro>
