<?xml version="1.0"?>
<!DOCTYPE vortaro SYSTEM "../dtd/vokoxml.dtd">

<vortaro>
<art mrk="$Id: amperm.xml,v 1.20 2018/10/12 20:10:22 revo Exp $">
<kap>
  <rad>ampermetr</rad>/o
</kap>
<drv mrk="amperm.0o">
  <kap><tld/>o</kap>
  <uzo tip="fak">ELE</uzo>
  <uzo tip="fak">FIZ</uzo>
  <snc>
    <dif>
      <ref tip="super" cel="aparat.0o.TEK">Aparato</ref>
      por mezuri la intensecon de <ref cel="kurent.0o">kurento</ref>:
      <ekz>
        <tld/>o estas <klr>[&#8230;]</klr> &ccirc;iam serie konektita je la
        mezurpunkto, sian 
        nomon &gcirc;i ricevis pro la franca matematikisto kaj fizikisto
        <nom>Andr&eacute; Marie Amp&egrave;re</nom>
        <fnt>
          <bib>Viki</bib>
          <lok><url
          ref="https://eo.wikipedia.org/?curid=387">Ampermetro</url></lok>
        </fnt>.
      </ekz>
    </dif>
  </snc>
  <trd lng="be">&c_a;&c_m;&c_p;&c_e;&c_r;&c_m;&c_e;&c_t;&c_a;&c_r;</trd>
  <trd lng="bg">&c_a;&c_m;&c_p;&c_je;&c_r;&c_m;&c_je;&c_t;&c_malmol;&c_r;</trd>
  <trd lng="ca">amper&iacute;metre</trd>
  <trd lng="cs">amp&eacute;rmetr</trd>
  <trdgrp lng="de">
    <trd>Strommessger&auml;t</trd>,
    <trd>Amperemeter</trd>
  </trdgrp>
  <trd lng="en">ampmeter</trd>
  <trd lng="es">amper&iacute;metro</trd>
  <trdgrp lng="fa">
    <trd>&a_A_madda;&a_m;&f_p;&a_r;&a_s;&a_n;&a_j;</trd>,
    <trd>&a_A_madda;&a_m;&f_p;&a_r;&a_m;&a_t;&a_r;</trd>
  </trdgrp>
  <trd lng="fr">amp&egrave;rem&egrave;tre</trd>
  <trd lng="hu">amperm&eacute;r&odblac;</trd>
  <trd lng="nl">amp&egrave;remeter</trd>
  <trdgrp lng="pl">
    <trd>amperomierz</trd>
    <trd>amperometr<klr> (rzadko)</klr></trd>
  </trdgrp>
  <trd lng="ru">&c_a;&c_m;&c_p;&c_je;&c_r;&c_m;&c_je;&c_t;&c_r;</trd>
  <trd lng="sk">amp&eacute;rmeter</trd>
</drv>
</art>
<!--
$Log: amperm.xml,v $
Revision 1.20  2018/10/12 20:10:22  revo
Behnam Tabatabai: +trd fa

Revision 1.19  2018/09/20 15:10:15  revo
Wolfram Diestel: +ekz, +ref

Revision 1.18  2018/09/19 13:10:13  revo
Joop Eggen: +trd bg

Revision 1.17  2015/07/04 08:37:30  revo
aldono de trd cs per skripto de M. von Laer

Revision 1.16  2008/05/27 16:30:29  revo
Sebastian Cyprych: +trd pl

Revision 1.15  2005/04/07 16:32:39  revo
Raul Salinas Monteagudo: +trd ca,es

Revision 1.14  2003/11/01 17:32:27  revo
Dmitri Gabinski: +trd be

Revision 1.13  2002/09/09 19:46:37  revo
-->
</vortaro>
