<?xml version="1.0"?>
<!DOCTYPE vortaro SYSTEM "../dtd/vokoxml.dtd">

<vortaro>
<art mrk="$Id: amplif.xml,v 1.15 2018/10/01 10:10:13 revo Exp $">
<kap>
  <rad>amplifikator</rad>/o
</kap>
<drv mrk="amplif.0o">
  <kap><tld/>o</kap>
  <snc>
    <uzo tip="fak">ELE</uzo>
    <dif>
      <ref tip="dif" cel="amplif2.0ilo">Amplifilo</ref>:
      <ekz>
        elektrome&hcirc;anikaj premsensiloj uzas elastan elementon <klr>[al kiu]</klr> estas 
        aplikita elektronika mezurtransformado, la elektronikaj sen<klr>[s]</klr>iloj 
        konsistas el elektra detektsistemo, elektronika <tld/>o, elektraj dratoj por transportado de signalo
        <fnt>
          <bib>Viki</bib>
          <lok><url ref="https://eo.wikipedia.org/?curid=17068">Premsentilo</url></lok>
        </fnt>;
      </ekz>
      <ekz>
        nivelmezurilo: <klr>[&#8230;]</klr> la rezist<klr>[anco]</klr>diferenco 
        estas sensita per konduktebleca amplifikatoro
        <fnt>
          <bib>Viki</bib>
          <lok><url ref="https://eo.wikipedia.org/?curid=17446">Nivelmezurilo</url></lok>
        </fnt>.
      </ekz>
    </dif>
  </snc>
  <trd lng="be">&c_u;&c_z;&c_m;&c_a;&c_c;&c_n;&c_ja;&c_l;&c_mol;&c_n;&c_ib;&c_k;</trd>
  <trd lng="ca">amplificador</trd>
  <trdgrp lng="cs">
    <trd>amplifik&aacute;tor</trd>,
    <trd>zesilova&ccaron;</trd>
  </trdgrp>
  <trd lng="de">Verst&auml;rker</trd>
  <trd lng="en">amplifier</trd>
  <trd lng="es">amplificador</trd>
  <trd lng="fr">amplificateur</trd>
  <trdgrp lng="pl">
    <trd>wzmacniacz</trd>,
    <trd>amplifikator</trd>
  </trdgrp>
  <trd lng="ro">amplificator</trd>
  <trd lng="ru">&c_u;&c_s;&c_i;&c_l;&c_i;&c_t;&c_je;&c_l;&c_mol;</trd>
  <trd lng="sk">zosil&ncaron;ova&ccaron;</trd>
</drv>
</art>
<!--
$Log: amplif.xml,v $
Revision 1.15  2018/10/01 10:10:13  revo
Wolfram Diestel: +ekz-oj

Revision 1.14  2017/05/23 17:10:14  revo
Vito Redsky: trd pl+trd ro

Revision 1.13  2015/07/04 08:37:30  revo
aldono de trd cs per skripto de M. von Laer

Revision 1.12  2015/06/28 12:03:35  revo
aldono de trd sk per skripto de M. von Laer

Revision 1.11  2014/05/08 18:10:46  revo
Damien Brucker: +trd fr

Revision 1.10  2005/04/06 16:35:55  revo
Raul Salinas Monteagudo: +trd ca,es

Revision 1.9  2003/11/01 17:32:31  revo
Dmitri Gabinski: +trd be

Revision 1.8  2003/09/10 16:31:17  revo
-->
</vortaro>
