<?xml version="1.0"?>
<!DOCTYPE vortaro SYSTEM "../dtd/vokoxml.dtd">

<vortaro>
<art mrk="$Id: amplif2.xml,v 1.13 2017/05/22 18:10:15 revo Exp $">
<kap>
  <rad>amplif</rad>/i
</kap>
<uzo tip="fak">ELE</uzo>
<drv mrk="amplif2.0i">
  <kap><tld/>i</kap>
  <gra><vspec>tr</vspec></gra>
  <snc>
    <dif>
      Plifortigi elektrajn oscilojn.
    </dif>
  </snc>
  <trd lng="be">&c_u;&c_z;&c_m;&c_a;&c_c;&c_n;&c_ja;&c_c;&c_mol;</trd>
  <trdgrp lng="cs">
    <trd>zesilovat</trd>,
    <trd>zes&iacute;lit hlas</trd>,
    <trd>zvuk</trd>
  </trdgrp>
  <trd lng="de">verst&auml;rken</trd>
  <trd lng="en">amplify</trd>
  <trd lng="es">amplificar</trd>
  <trd lng="fr">amplifier</trd>
  <trd lng="hu">er&odblac;s&iacute;t<klr tip="ind"> (rezg&eacute;st)</klr></trd>
  <trd lng="nl">versterken</trd>
  <trd lng="pl">wzmacnia&cacute;</trd>
  <trd lng="ru">&c_u;&c_s;&c_i;&c_l;&c_i;&c_v;&c_a;&c_t;&c_mol;</trd>
  <trdgrp lng="sk">
    <trd>amplifikova&tcaron;</trd>,
    <trd>zosi&lcaron;ova&tcaron;</trd>
  </trdgrp>
</drv>

<drv mrk="amplif2.0ilo">
  <kap><tld/>ilo</kap>
  <snc>
    <dif>
      Aparato por pligrandigi elektrajn oscilojn, kiujn oni &gcirc;enerale
      ricevas kun tre malforta intenseco:
      <ekz>
        ekzistas altfrekvencaj,
        malaltfrekvencaj, magnetaj, rezistancaj kaj transformatoraj
        <tld/>iloj.
      </ekz>
    </dif>
  </snc>
  <trd lng="be">&c_u;&c_z;&c_m;&c_a;&c_c;&c_n;&c_ja;&c_l;&c_mol;&c_n;&c_ib;&c_k;</trd>
  <trdgrp lng="cs">
    <trd>amplifik&aacute;tor</trd>,
    <trd>zesilova&ccaron;</trd>
  </trdgrp>
  <trd lng="de">Verst&auml;rker</trd>
  <trd lng="en">amplifier</trd>
  <trd lng="es">amplificador</trd>
  <trd lng="fr">amplificateur</trd>
  <trd lng="hu">er&odblac;s&iacute;t&odblac;<klr tip="ind"> (rezg&eacute;s-)</klr></trd>
  <trd lng="nl">versterker</trd>
  <trdgrp lng="pl">
    <trd>wzmacniacz</trd>,
    <trd>amplifikator</trd>
  </trdgrp>
  <trd lng="ro">amplificator</trd>
  <trd lng="ru">&c_u;&c_s;&c_i;&c_l;&c_i;&c_t;&c_je;&c_l;&c_mol;</trd>
  <trd lng="sk">zosil&ncaron;ova&ccaron;</trd>
</drv>
</art>
<!--
$Log: amplif2.xml,v $
Revision 1.13  2017/05/22 18:10:15  revo
Vito Redsky: trd pl+trd ro

Revision 1.12  2015/07/04 08:37:30  revo
aldono de trd cs per skripto de M. von Laer

Revision 1.11  2015/06/28 12:03:35  revo
aldono de trd sk per skripto de M. von Laer

Revision 1.10  2004/08/21 19:44:36  revo
Elmer D. Escoto: +trd es

Revision 1.9  2003/11/01 17:32:41  revo
Dmitri Gabinski: +trd be

Revision 1.8  2003/05/18 18:02:46  revo
Viliam Bur: +trd sk

Revision 1.7  2003/02/15 17:33:45  revo
Ulrich Fellmann: + 2 trd = de

Revision 1.6  2002/10/01 16:37:50  revo
-->
</vortaro>
