<?xml version="1.0"?>
<!DOCTYPE vortaro SYSTEM "../dtd/vokoxml.dtd">

<vortaro>
<art mrk="$Id: amput.xml,v 1.20 2017/11/30 23:10:29 revo Exp $">
<kap>
  <ofc>1</ofc>
  <rad>amput</rad>/i
</kap>
<drv mrk="amput.0i">
  <kap><tld/>i</kap>
  <gra><vspec>tr</vspec></gra>
  <snc mrk="amput.0i.KIR">
    <uzo tip="fak">KIR</uzo>
    <dif>
      Detran&ccirc;i membron, organon de vivanta esta&jcirc;o:
      <ekz>
        kruelaj punoj samkiel <tld/>i, vipi, &scirc;tonumi<fnt><aut>Morteza
        Mirbaghian</aut>: <vrk>Islamo, &ccirc;u religio de paco?</vrk>,
        <bib>Monato</bib><lok>jaro 2002a, numero 1a, p. 6a</lok></fnt>.
      </ekz>
    </dif>
  </snc>
  <trd lng="be">&c_a;&c_m;&c_p;&c_u;&c_t;&c_a;&c_v;&c_a;&c_c;&c_mol;</trd>
  <trd lng="ca">amputar</trd>
  <trdgrp lng="cs">
    <trd>amputovat</trd>,
    <trd>odejmout</trd>
  </trdgrp>
  <trdgrp lng="de">
    <trd>amputieren</trd>,
    <trd>abschneiden</trd>,
    <trd>abnehmen</trd>
  </trdgrp>
  <trd lng="en">amputate</trd>
  <trd lng="es">amputar</trd>
  <trd lng="fr">amputer</trd>
  <trd lng="nl">amputeren</trd>
  <trd lng="pl">amputowa&cacute;</trd>
  <trd lng="pt">amputar</trd>
  <trd lng="ro">amputa</trd>
  <trd lng="ru">&c_a;&c_m;&c_p;&c_u;&c_t;&c_i;&c_r;&c_o;&c_v;&c_a;&c_t;&c_mol;</trd>
  <trd lng="sk">amputova&tcaron;</trd>
</drv>
</art>
<!--
$Log: amput.xml,v $
Revision 1.20  2017/11/30 23:10:29  revo
Vito Redsky: +trd ro +trd pl

Revision 1.19  2015/07/04 08:37:30  revo
aldono de trd cs per skripto de M. von Laer

Revision 1.18  2012/08/04 17:10:11  revo
Marc Rausell: + trd ca

Revision 1.17  2006/04/30 16:31:29  revo
Tulio Flores: +tr pt

Revision 1.16  2006/04/22 18:10:24  revo
Jeromo Vasxe: - fak med + fak kir

Revision 1.15  2003/11/05 17:30:26  revo
Dmitri Gabinski: +trd be

Revision 1.14  2003/02/15 17:33:39  revo
Ulrich Fellmann: + 3 trd = de

Revision 1.13  2002/10/16 16:31:42  revo
-->
</vortaro>
