<?xml version="1.0"?>
<!DOCTYPE vortaro SYSTEM "../dtd/vokoxml.dtd">

<vortaro>
<art mrk="$Id: amsterdam.xml,v 1.18 2017/01/29 13:10:33 revo Exp $">
<kap>
<rad>Amsterdam</rad>/o
</kap>
<drv mrk="amsterdam.A0o">
   <kap><tld/>o</kap>
   <uzo tip="fak">GEOG</uzo>
   <fnt><bib>PIV1</bib></fnt>
   <snc>
     <dif>
       <ref tip="super" cel="urb.0o">Urbo</ref> en la nederlanda
       provinco <ref tip="malprt"
       cel="holand.NordH0o">Nord-Holando</ref>
       (4&#730;54&minute;E, 52&#730;22&minute;N): <ekz>la nova ministro pri
       eksterlandaj aferoj, Robin Cook [Robn Kuk], promesis, ke Britio
       senrezerve subskribos en <tld/>o la t.n. socian &ccirc;arton,
       kiu garantias i.a. minimumajn dungito-rajtojn.
       <fnt><aut>Paul GUBBINS</aut>:
       <vrk><url ref="&Monato;/005583.html">Velura revolucio</url>
       </vrk>, <bib>Monato</bib>, <lok>n-ro 06/1997</lok>
       </fnt>.
       </ekz>
     </dif>
   </snc>
  <trd lng="lat">Amstelodamum</trd>
  <trd lng="be">&c_A;&c_m;&c_s;&c_t;&c_e;&c_r;&c_d;&c_a;&c_m;</trd>
  <trd lng="ca">Amsterdam</trd>
  <trd lng="cs">Amsterodam</trd>
  <trd lng="de">Amsterdam</trd>
  <trd lng="el">
   &Alfa_acute;&my;&sigma;&tau;&epsilon;&rho;&ny;&tau;&alfa;&my;</trd>
  <trd lng="en">Amsterdam</trd>
  <trd lng="es">Amsterdam</trd>
  <trd lng="fa">&a_A_madda;&a_m;&a_s;&a_t;&a_r;&a_d;&a_A;&a_m;</trd>
  <trd lng="fr">Amsterdam</trd>
  <trd lng="gd">Amstardam</trd>
  <trd lng="hu">Amszterdam</trd>
  <trd lng="nl">Amsterdam</trd>
  <trd lng="pl">Amsterdam</trd>
  <trd lng="ms">Amsterdam</trd>
  <trdgrp lng="pt">
     <trd>Amesterd&atilde;o</trd>,
     <trd>Amsterd&atilde;o</trd>,
     <trd>Amsterd&atilde;</trd>
   </trdgrp>
  <trd lng="ru">&c_A;&c_m;&c_s;&c_t;&c_je;&c_r;&c_d;&c_a;&c_m;</trd>
  <trd lng="sk">Amsterdam</trd>
  <trd lng="sv">Amsterdam</trd>
</drv>
</art>

<!--
$Log: amsterdam.xml,v $
Revision 1.18  2017/01/29 13:10:33  revo
Adam Eng: +trd ms

Revision 1.17  2016/04/21 20:10:14  revo
Wolfram Diestel: signonomojn deg, minute

Revision 1.16  2015/07/04 08:37:30  revo
aldono de trd cs per skripto de M. von Laer

Revision 1.15  2011/02/18 12:10:11  revo
Luiz Portella: kor. ref k mrk

Revision 1.14  2011/02/13 03:10:30  revo
Luiz Portella: kor. ref k mrk

Revision 1.13  2009/06/21 16:31:12  revo
Behnam Tabatabai: +trd fa

Revision 1.12  2009/03/04 17:30:46  revo
Jerano Zachrisson: +trd sv

Revision 1.11  2008/09/16 16:30:45  revo
-->
</vortaro>
