<?xml version="1.0"?>
<!DOCTYPE vortaro SYSTEM "../dtd/vokoxml.dtd">

<vortaro>
<art mrk="$Id: amudarj.xml,v 1.16 2018/10/13 15:10:15 revo Exp $">
  <kap>
    <rad>Amudarj</rad>/o <fnt><bib>BoER</bib></fnt>
  </kap>

<drv mrk="amudarj.A0o">
  <kap><tld/>o</kap>
  <snc>
  <uzo tip="fak">GEOG</uzo>
    <dif>
      La plej granda <ref tip="lst" cel="river.0o"
      lst="voko:riveroj">rivero</ref> de la
      <ref tip="malprt" cel="azi.InternaA0o">Interna Azio</ref>,
      2540&nbsp;km longa, naski&gcirc;anta el kunfluo de
      <ref cel="pjangx.P0o">Pjan&gcirc;o</ref> kaj Va&hcirc;&scirc;o,
      kaj enfluanta en (la Grandan) <ref cel="aral.A0o">Aralon</ref>.
      <ekz>
        Turkmenio <klr>[&#8230;]</klr> estas regata de la Karakuma dezerto, 
        en &gcirc;ia teritorio trairas la riveroj <tld/>o, Atrak kaj Murgab
        <fnt>
          <bib>Viki</bib>
          <lok><url ref="https://eo.wikipedia.org/?curid=4190">Turkmenio</url></lok>
        </fnt>.
      </ekz>
    </dif>
  </snc>
  <trd lng="be">&c_A;&c_m;&c_u;&c_d;&c_a;&c_r;'&c_ja;</trd>
  <trd lng="bg">&c_A;&c_m;&c_u;&c_d;&c_a;&c_r;&c_ja;</trd>
  <trd lng="cs">Amudarja</trd>
  <trd lng="de">Amudarja</trd>
  <trdgrp lng="en">
    <trd>Amu Darya</trd>,
    <trd>Oxus</trd>
  </trdgrp>
  <trdgrp lng="fa">
    <trd>&a_A_madda;&a_m;&a_w;&a_d;&a_r;&f_y;&a_A;</trd>,
    <trd>&a_j;&f_y;&a_H;&a_w;&a_n;</trd>,
    <trd>&a_w;&a_kh;&a_sh;&a_w;</trd>
  </trdgrp>
  <trdgrp lng="fr">
    <trd>Amou-Daria</trd>,
    <trd>Oxus</trd>,
    <trd>Jihoun</trd>
  </trdgrp>
  <trd lng="hu">Amu-darja</trd>
  <trd lng="pl">Amu-daria</trd>
  <trdgrp lng="ru">
    <trd>&c_A;&c_m;&c_u;</trd>,
    <trd>&c_A;&c_m;&c_u;&c_d;&c_a;&c_r;&c_mol;&c_ja;</trd>,
    <trd>&c_B;&c_a;&c_l;&c_h;</trd>,
    <trd>&c_O;&c_k;&c_s;</trd>
  </trdgrp>
  <trd lng="sk">Amudarja</trd>
  <trd lng="tr">Amuderya</trd>
</drv>

</art>

  <!--
  $Log: amudarj.xml,v $
  Revision 1.16  2018/10/13 15:10:15  revo
  Wolfram Diestel: +ekz

  Revision 1.15  2017/06/03 12:10:16  revo
  Vito Redsky: +trd pl

  Revision 1.14  2015/07/04 08:37:30  revo
  aldono de trd cs per skripto de M. von Laer

  Revision 1.13  2015/06/28 12:03:35  revo
  aldono de trd sk per skripto de M. von Laer

  Revision 1.12  2014/04/04 09:10:12  revo
  Damien Brucker: +trd fr

  Revision 1.11  2013/09/06 19:10:34  revo
  Wolfram Diestel: ref al lst riveroj

  Revision 1.10  2011/02/15 13:10:10  revo
  Luiz Portella: kor. ref k mrk

  Revision 1.9  2011/02/13 03:10:31  revo
  Luiz Portella: kor. ref k mrk

  Revision 1.8  2009/06/29 18:05:31  revo
  Behnam Tabatabai: +trd fa

  Revision 1.7  2008/01/29 17:30:50  revo
  Wieland Pusch: +trd bg

  Revision 1.6  2007/06/13 16:31:18  revo
  Wieland Pusch: +trd de

  Revision 1.5  2003/11/05 17:30:30  revo
  Dmitri Gabinski: +trd be

  Revision 1.4  2003/02/27 17:31:36  revo
  Sergio Pokrovskij: +fnt

  Revision 1.3  2002/11/04 17:31:00  revo
  Sergio Pokrovskij: TEZ, trd=tr

  Revision 1.2  2002/09/01 19:06:54  revo
  Jozefo Horvath: +trd hu

  Revision 1.1  2001/12/18 17:31:06  revo
  Sergio Pokrovskij: nova artikolo

  -->
</vortaro>
