<?xml version="1.0"?>
<!DOCTYPE vortaro SYSTEM "../dtd/vokoxml.dtd">

<vortaro>
  <art mrk="$Id: an.xml,v 1.36 2017/12/19 13:10:16 revo Exp $">
    <kap><ofc>*</ofc>-<rad>an</rad>/</kap>

<subart>


  <drv mrk="an.0">
    <kap>-<tld/></kap>
  
    <dif>
      Sufikso signifanta membron de:  
    </dif>

    <snc mrk="an.0.grupo">
      <dif>
       grupo, kiun la anta&ubreve;metita
       radikalo indikas rekte (la radikalo indikas grupon):
        <ekz>
          akademi<tld/>o, komitat<tld/>o, &scirc;tat<tld/>o, famili<tld/>o,
          parti<tld/>o, polic<tld/>o, samklas<tld/>o, estrar<tld/>o;
        </ekz>
        a&ubreve; nerekte (la radikalo indikas arigan principon):
        <ekz>
          amerik<tld/>o, pariz<tld/>ino, ka&ubreve;kaz<tld/>o,
          step<tld/>o, montar<tld/>o, urb<tld/>o
          <klr>(iu el la lo&gcirc;antaro de loko)</klr>;
        </ekz>
        <ekz>
          krist<tld/>ino, luter<tld/>o, kalvin<tld/>o
          <klr>(membro de konfesio iniciatita de la koncerna
          a&ubreve;toro)</klr>;
        </ekz>
        <ekz>
          movad<tld/>o, samide<tld/>ino
          <klr>(iu el la grupo difinita per komuna celo,
          konvinko)</klr>;   
            
        </ekz>
        <ekz>
          samtemp<tld/>o, samsort<tld/>o,
        </ekz>
        <ekz>
          samgent<tld/>oj
          <fnt>
            <bib>Monato</bib>
            <vrk><url
            ref='http://www.esperanto.be/fel/mon/006947.html'>REAGO:
            Eks-Jugoslavio: kiu kiun mistifikas?</url></vrk>
          </fnt>
          <klr>(iu el la grupo difinita per komuna cirkonstanco)</klr>; 
             

        </ekz>
        <ekz>
          <ref cel="sxip.0ano">&scirc;ip<tld/>o</ref>
          <klr>(kp <ref cel="sxip.0estro">&scirc;ipestro</ref>)</klr>,
          lernej<tld/>o, kurs<tld/>o,
          <ref cel="bapt.0anino">bapt<tld/>ino</ref>
          <klr>(iu el la grupo difinita per kuna agado en tio a&ubreve; per tio
            kion indikas la radikalo)</klr>.
        </ekz>
      </dif>
      <rim num="1">
        Ofte, sed ne &ccirc;iam kaj ne tute, la sufiksoj -<tld/> kaj
        -<ref tip="sin" cel="ist.0.adepto">ist</ref> sinonimas
        (vd <ref cel="ist.0.rim2">rim.2 sub -ist</ref>).
      </rim>
      <rim num="2">
        Kelkajn vortojn, pruntitajn kun neesperanta radikfino -an la
        vortaroj tradicie listigas kiel esperantajn deriva&jcirc;ojn:
        <ekz>
          kapel<tld/>o, <ref cel="sakris.0ano">sakristi<tld/>o</ref>
        </ekz>
        ktp.  Tio estas pia memtrompo.
        <aut>Sergio Pokrovskij</aut>
      </rim>
      <trdgrp lng="de">
      <trd><klr>-</klr>aner</trd>,
      <trd><klr>-</klr>er</trd>
      </trdgrp>
    </snc>
      
    <snc mrk="an.0.lando">
      <dif>
        lando, kies radikalo havas landan signifon. La aldonita sufikso
        -<tld/> formas nomon de la land<tld/>oj, la&ubreve; la sistemo
        <ctl>Lando-land<tld/>o</ctl>:</dif>
        <ekz> en la
        novaj landoj [...], &ccirc;iuj &gcirc;iaj lo&gcirc;antoj uzas por si (per -<tld/>)
        la
        nomon de la lando<fnt><bib>LR</bib>, <lok>Respondo 47, Oficiala
        Gazeto, III, 1911, p. 291</lok></fnt>; Kanado-kanad<tld/>o;
        A&ubreve;stralio-a&ubreve;strali<tld/>o; Al&gcirc;erio-al&gcirc;eri<tld/>o;
        Irlando-irland<tld/>o;
        Sud-Afriko - sud-afrik<tld/>o; Pakistano-pakistan<tld/>o.
        </ekz>
        <ref tip="vid" cel="land.0nomo">landnomo</ref>
    </snc>
    <trdgrp lng="fr">
      <trd>-ien</trd>,
      <trd>-and</trd>,
      <trd>-ais</trd>,
      <trd>-ol</trd>,
      <trd>-ois</trd>,
      <trd>-in</trd>,
      <trd>-ain</trd>,
      <trd>-ard</trd>,
      <trd>-en</trd>,
      <trd>-an</trd>,
      <trd>-ant</trd>,
      <trd>-ier</trd>,
      <trd>-iste</trd>,
    </trdgrp>
    <trd lng="io">-an</trd>
    <trd lng="vo">-an</trd>
  </drv>
</subart>
   
<subart>
  <dif>
    Samsignifa radiko:
  </dif>
      
  <drv mrk="an.0o">
    <kap><tld/>o</kap>
    <snc>
      <dif>
        <ref tip="sin" cel="membr.0o.ano">Membro</ref>:
        <ekz>
          <tld/>o de la Berlina Grupo;
        </ekz>
        <ekz>
          <tld/>oj de la katolika Eklezio
          <fnt>
            <bib>Monato</bib>
            <aut>Antonjo Gambuti</aut>
            <vrk><url
            ref='http://www.esperanto.be/fel/mon/007305.html'>Vatikano
            rebatas (1)</url></vrk>
          </fnt>;
        </ekz>
        <ekz>
          granda diferenco disde la aliaj ekspedicioj, kiuj traktis la
          &scirc;erpojn nur kiel <tld/>ojn de servista klaso
          <fnt>
            <bib>Monato</bib>
            <vrk><url
            ref='http://www.esperanto.be/fel/mon/007116.html'>Sir Edmund
            Hillary: Vivo dedi&ccirc;e al la &scirc;erpoj</url></vrk>
          </fnt>.
        </ekz>
      </dif>
    </snc>
    <trdgrp lng="be">
        <trd>&c_ch;&c_l;&c_je;&c_n;</trd>,
        <trd>&c_ch;&c_a;&c_l;&c_je;&c_c;</trd>,
        <trd>&c_u;&c_d;&c_z;&c_je;&c_l;&c_mol;&c_n;&c_ib;&c_k;</trd>
      </trdgrp>
    <trdgrp lng="ca">
            <trd>membre</trd>,
            <trd>soci</trd>
          </trdgrp>
    <trdgrp lng="cs">
      <trd>&ccaron;len</trd>,
      <trd>p&rcaron;&iacute;slu&scaron;n&iacute;k</trd>
    </trdgrp>
    <trdgrp lng="de">
        <trd>Mitglied</trd>,
        <trd>Anh&auml;nger</trd>
      </trdgrp>
    <trdgrp lng="el">
        <trd>&my;&epsilon_ton;&lambda;&omikron;&sigma_fina;</trd>
          </trdgrp>
    <trd lng="en">member</trd>
    <trdgrp lng="es">
             <trd>partidario</trd>,
             <trd>miembro<klr tip="amb"> (de un grupo)</klr></trd> 
          </trdgrp>
    <trd lng="fr">membre</trd>
    <trd lng="io">membro</trd>
    <trdgrp lng="pl">
      <trd>cz&lstroke;onek</trd>,
      <trd>adept</trd>,
    </trdgrp>
    <trd lng="ru">&c_ch;&c_l;&c_je;&c_n;</trd>
    <trdgrp lng="sk">
      <trd>&ccaron;len</trd>,
      <trd>pr&iacute;slu&scaron;n&iacute;k</trd>,
      <trd>st&uacute;penec</trd>
    </trdgrp>
  </drv>

  <drv mrk="an.0aro">
    <kap><ofc>*</ofc><tld/>aro
    
<fnt><bib>F</bib>, <lok>Universala Vortaro, <url
    
ref="http://www.akademio-de-esperanto.org/fundamento/universala_vortaro.html#av-4969">an'ar'</url></lok></fnt></kap>
    <snc>
      <dif>
        Grupo, societo:
        <ekz>
          ne mortos jam nia bravega <tld/>aro, &gcirc;in jam ne timigos la
          vento
          <fnt>
            <aut>L. L. Zamenhof</aut>
            <vrk>La Vojo</vrk>
          </fnt>;
        </ekz>
        <ekz>
          la mondo vidas en mi &ccirc;iam la naturan reprezentanton de la
          <tld/>aro esperantista
          <fnt>
            <bib>Paroloj</bib>
            <vrk>Parolado anta&ubreve; la Kvina Kongreso Esperantista en
            Barcelona en la 6a de septembro 1909</vrk>
          </fnt>;
        </ekz>
        <ekz>
          &ccirc;iu vera religiulo, humanisto a&ubreve; framasono, 
          kiu el la <tld/>aro de la parolantoj kaj revantoj transiras 
          al la <tld/>aro de la efektivigantoj, fari&gcirc;as per tio
          <ctl>homar<tld/>o</ctl>
          <fnt>
            <bib>Homaranismo</bib>
            <vrk>Pri la homaranismo</vrk>
          </fnt>.
        </ekz>
      </dif>
    </snc>
    <trdgrp lng="be">
        <trd>&c_g;&c_r;&c_u;&c_p;&c_a;</trd>,
        <trd>&c_g;&c_r;&c_a;&c_m;&c_a;&c_d;&c_a;</trd>,
        <trd>&c_z;&c_mol;&c_v;&c_ja;&c_z;</trd>
      </trdgrp>
    <trdgrp lng="ca">
            <trd>grup</trd>,
            <trd>col&middot;lectiu</trd>,
            <trd>associaci&oacute;</trd>
          </trdgrp>
    <trdgrp lng="cs">
      <trd>pos&aacute;dka</trd>,
      <trd>st&aacute;do</trd>,
      <trd>&ccaron;lenstvo</trd>
    </trdgrp>
    <trdgrp lng="de">
        <trd>Gruppe</trd>,
        <trd>Verein</trd>
      </trdgrp>
    <trd lng="en">membership</trd>
    <trdgrp lng="es">
             <trd>grupo</trd>,
             <trd>sociedad</trd>
          </trdgrp>
    <trdgrp lng="fr">
        <trd>groupe</trd>,
        <trd>collectif</trd></trdgrp>
    <trdgrp lng="io">
      <trd>grupo</trd>,
      <trd>societo</trd>
    </trdgrp>
    <trdgrp lng="pl">
      <trd>ekipa</trd>,
      <trd>zesp&oacute;&lstroke;</trd>,
    </trdgrp>
    <trdgrp lng="ro">
      <trd>echipament</trd>,
      <trd>ansamblu</trd>,
    </trdgrp>
    <trd lng="sk">&ccaron;lenstvo</trd>
  </drv>

  <drv mrk="an.0igxi">
    <kap><tld/>i&gcirc;i</kap>
    <snc>
      <dif>
        Eniri en grupon:
        <ekz>
          <tld/>i&gcirc;i al la kongreso;
        </ekz>
        <ekz>
          Hari <tld/>i&gcirc;as en la teamo de Kvidit&ccirc;o.
          <fnt>
            <bib>Viki</bib>
            <vrk><url
            ref='https://eo.wikipedia.org/wiki/Harry_Potter_and_the_Philosopher%27s_Stone'>Hari
            
            Poter kaj la &Scirc;tono de la Sa&gcirc;uloj</url></vrk>
          </fnt>;
        </ekz>
        <ekz>
          Petro Baka <tld/>i&gcirc;as al loka grupo kiu apartenas al la landa
          Esperanto-asocio
          <fnt>
            <vrk><url
            ref='http://autodidactproject.org/my/mariaemba.html'>Maria
            kaj la grupo - autodidactproject.org</url></vrk>
          </fnt>.
        </ekz>
      </dif>
      <ref tip="super" cel="al.0igxi">ali&gcirc;i</ref>
    </snc>
    <trd lng="be">&c_u;&c_s;&c_t;&c_u;&c_p;&c_ib;&c_c;&c_mol; <klr>(&c_u; &c_g;&c_r;&c_a;&c_m;&c_a;&c_d;&c_u;, &c_p;&c_a;&c_r;&c_t;&c_y;&c_ju; &c_ib; &c_d;&c_a;
    &c_g;.&c_p;.)</klr></trd>
        <trdgrp lng="ca">
          <trd>adherir-se</trd>,
          <trd>afiliar-se</trd>
        </trdgrp>
    <trdgrp lng="de">
      <trd>Mitglied werden</trd>,
      <trd>eintreten</trd>
    </trdgrp>
    <trd lng="en">join</trd>
    <trdgrp lng="es">
           <trd>adherirse</trd>,
           <trd>ir en grupo</trd>
        </trdgrp>
        <trd lng="fr">adh&eacute;rer</trd>
    <trdgrp lng="pl">
      <trd>zrzesza&cacute; si&eogonek;</trd>,
      <trd>zg&lstroke;asza&cacute; si&eogonek;</trd>,
    </trdgrp>
    <trdgrp lng="ru">
      <trd>&c_v;&c_s;&c_t;&c_u;&c_p;&c_i;&c_t;&c_mol; <klr>(&c_v; &c_o;&c_b;&c_shch;&c_je;&c_s;&c_t;&c_v;&c_o;, &c_p;&c_a;&c_r;&c_t;&c_i;&c_ju;)</klr></trd>,
      <trd>&c_v;&c_l;&c_i;&c_t;&c_mol;&c_s;&c_ja; <klr>(&c_v; &c_k;&c_o;&c_l;&c_l;&c_je;&c_k;&c_t;&c_i;&c_v;)</klr></trd></trdgrp>
      </drv>
    </subart>
  </art>
  <!--
  $Log: an.xml,v $
  Revision 1.36  2017/12/19 13:10:16  revo
  Michel Cantigneaux: "anaro" fundamenta kunmetajxo el la U.V.

  Revision 1.35  2017/06/13 18:10:18  revo
  Vito Redsky: +trd pl +trd ro

  Revision 1.34  2016/12/20 11:10:13  revo
  Wolfram Diestel: ekz-oj

  Revision 1.33  2016/11/23 18:10:14  revo
  Robin van der Vliet: +trd

  Revision 1.32  2015/07/04 08:37:30  revo
  aldono de trd cs per skripto de M. von Laer

  Revision 1.31  2015/06/28 12:03:35  revo
  aldono de trd sk per skripto de M. von Laer

  Revision 1.30  2015/04/22 07:10:15  revo
  Damien Brucker: +ref

  Revision 1.29  2015/01/06 09:10:13  revo
  Damien Brucker: +ekz

  Revision 1.28  2014/02/05 10:10:15  revo
  Damien Brucker: +kap

  Revision 1.27  2014/02/04 11:10:15  revo
  Damien Brucker: +ref

  Revision 1.26  2013/12/16 15:10:12  revo
  Damien Brucker: +trd fr

  Revision 1.25  2013/11/10 20:10:11  revo
  Damien Brucker: Aldono de -an/ por landnomoj

  Revision 1.24  2013/10/31 16:10:12  revo
  Wolfram Diestel: forigis / por subteni sercxilon, iom (re)plibonigis
  la strukturon

  Revision 1.23  2013/10/28 09:10:10  revo
  Damien Brucker: dauxrigo: sxangxo por la sercxilo

  Revision 1.22  2013/10/24 13:10:10  revo
  Damien Brucker: sxangxo por la sercxilo

  Revision 1.21  2013/07/16 08:10:16  revo
  Marc Rausell: + trd ca

  Revision 1.20  2012/03/01 10:10:09  revo
  Glavkos Xaon: greka defino de la vorto

  Revision 1.19  2010/08/22 16:30:23  revo
  Agustin Garcia Lopez: +trd es

  Revision 1.18  2004/03/09 17:32:04  revo
  Dmitri Gabinski: +trd be

  Revision 1.17  2003/04/12 16:32:01  revo
  Sergio Pokrovskij: pluaj ekz

  Revision 1.16  2003/04/09 16:30:59  revo
  Sergio Pokrovskij: pli da ekz

  Revision 1.15  2003/04/08 16:32:56  revo
  Sergio Pokrovskij: +rim2, ref

  Revision 1.14  2003/03/05 17:37:17  revo
  Ulrich Fellmann: + 1 trd = vo

  Revision 1.13  2003/02/15 17:33:34  revo
  Ulrich Fellmann: + 8 trd = de

  Revision 1.12  2002/10/08 17:56:35  revo
  Christopher Zervic: + ang

  Revision 1.11  2002/09/07 17:40:42  revo
  Viliam Bur: +sk trd

  Revision 1.10  2001/10/26 18:14:37  revo
  Sergio Pokrovskij: PIV-igis rim

  Revision 1.9  2000/12/06 17:10:42  revo
  Sergio Pokrovskij: tajperaro

  Revision 1.8  2000/12/05 17:10:42  revo
  Sergio Pokrovskij: reverkis dif, ekz; mrk, trd=ru

  Revision 1.7  2000/09/17 16:15:05  revo
  -->
</vortaro>
