<?xml version="1.0"?>
<!DOCTYPE vortaro SYSTEM "../dtd/vokoxml.dtd">

<vortaro>
<art mrk="$Id: anabaptist.xml,v 1.5 2017/05/27 20:10:18 revo Exp $">
<kap>
  <rad>anabaptist</rad>/o <fnt><bib>PIV1</bib></fnt>
</kap>
<drv mrk="anabaptist.0o">
  <kap><tld/>o</kap>
  <snc mrk="anabaptist.0o.KRI">
    <uzo tip="fak">KRI</uzo>
    <dif>
      Subtenanto de <ref tip="vid" 
      cel="anabaptism.0o.KRI">anabaptismo</ref>;
      ano de anabaptisma komunumo:
      <ekz>
        <ind><tld/>a</ind>j eklezioj neniam decidis, kiu el la du
        kanonoj 
        (longa a&ubreve; mallonga) estas la plej bona
        <fnt>
          <aut>A. Gonz&aacute;lez</aut>,
          <vrk><url ref="http://www.ipernity.com/blog/filozofio/137876">
          La nova Biblio de 2006...</url></vrk>,
          <lok>2009-03-22</lok>
        </fnt>.
        <trd lng="ca">anabaptista <klr>(adj.)</klr></trd>
      </ekz>
    </dif>
  </snc>
  <trd lng="ca">anabaptista <klr>(subst.)</klr></trd>
  <trdgrp lng="cs">
    <trd>anabaptista</trd>,
    <trd>novok&rcaron;t&ecaron;nec</trd>
  </trdgrp>
  <trd lng="fr">anabaptiste<klr> (subst.)</klr></trd>
  <trd lng="pl">anabaptysta</trd>
  <trd lng="ro">anabaptist</trd>
  <trd lng="sk">anabaptista</trd>
</drv>
</art>

<!--
$Log: anabaptist.xml,v $
Revision 1.5  2017/05/27 20:10:18  revo
Vito Redsky: trd pl+trd ro

Revision 1.4  2015/07/04 08:37:30  revo
aldono de trd cs per skripto de M. von Laer

Revision 1.3  2015/06/28 12:03:35  revo
aldono de trd sk per skripto de M. von Laer

Revision 1.2  2011/12/04 20:10:17  revo
Marc Rausell: kataluna traduko

Revision 1.1  2010/11/11 17:30:33  revo
Jeromo Vasxe: nova artikolo

-->
</vortaro>
