<?xml version="1.0"?>
<!DOCTYPE vortaro SYSTEM "../dtd/vokoxml.dtd">

<vortaro>
<art mrk="$Id: anabaptism.xml,v 1.5 2017/05/27 20:10:17 revo Exp $">
<kap>
  <rad>anabaptism</rad>/o
</kap>
<drv mrk="anabaptism.0o">
  <kap><tld/>o</kap>
  <snc mrk="anabaptism.0o.KRI">
    <uzo tip="fak">KRI</uzo>
    <dif>
      Doktrino ordinare
      <ref tip="malprt" cel="protes1.0ismo.KRI">protestanta</ref>,
      kiu rigardas valida <ref tip="vid" cel="bapt.0o">bapton</ref> nur
      de plenkreskuloj:
      <ekz>
        en 1525 <klr>...</klr> <tld/>o unue aperis en Zuriko, 
        Svislando, kaj poste disvasti&gcirc;is &gcirc;is Nederlando
        <fnt>
          <bib>Viki</bib>,
          <lok><url ref="http://eo.wikipedia.org/wiki/Anabaptismo">
          Anabaptismo</url>, 2010-03-03</lok>
        </fnt>.
      </ekz>
    </dif>
  </snc>
  <trd lng="af">anabaptisme</trd>
  <trd lng="be">&c_a;&c_n;&c_a;&c_b;&c_a;&c_p;&c_t;&c_y;&c_z;&c_m;</trd>
  <trd lng="bg">&c_a;&c_n;&c_a;&c_b;&c_a;&c_p;&c_t;&c_i;&c_z;&c_malmol;&c_m;</trd>
  <trd lng="cs">anabaptizmus</trd>
  <trd lng="de">T&auml;ufer</trd>
  <trd lng="en">anabaptism</trd>
  <trd lng="fr">anabaptisme</trd>
  <trd lng="hr">anabaptizam</trd>
  <trd lng="nl">anabaptisme</trd>
  <trd lng="pl">anabaptyzm</trd>
  <trd lng="ro">anabaptism</trd>
  <trd lng="sk">anabaptizmus</trd>
</drv>
</art>

<!--
$Log: anabaptism.xml,v $
Revision 1.5  2017/05/27 20:10:17  revo
Vito Redsky: trd pl+trd ro

Revision 1.4  2015/07/04 08:37:30  revo
aldono de trd cs per skripto de M. von Laer

Revision 1.3  2015/06/28 12:03:35  revo
aldono de trd sk per skripto de M. von Laer

Revision 1.2  2013/08/16 11:10:14  revo
Joop Eggen: +trd bg af be de en hr nl

Revision 1.1  2010/11/11 17:30:32  revo
Jeromo Vasxe: nova artikolo

-->
</vortaro>
