<?xml version="1.0"?>
<!DOCTYPE vortaro SYSTEM "../dtd/vokoxml.dtd">

<vortaro>
<art mrk="$Id: anabaz.xml,v 1.4 2012/08/26 00:10:13 revo Exp $">
<kap>
  <rad>Anabaz</rad>/o <fnt><bib>NePiv</bib></fnt>
</kap>
<drv mrk="anabaz.0o">
  <kap><tld/>o</kap>
  <snc mrk="anabaz.0o.BELE">
    <uzo tip="fak">BELE</uzo>
    <dif>
    Antikva greka rakonto de
    <ref tip="vid" cel="ksenofont.0o">Ksenofonto</ref> pri la malfacila
    hejmenrevena vojo de helenaj dungosoldatoj tra Anatolio dum
    la jaro 401a a.K.:
    <ekz>
      &ccirc;u vi parolas pri la <ctl>Anabazo</ctl> de Ksenofonto?
      Tiam la helenaj dungosoldatoj retiri&gcirc;is, ne estante
      &ccirc;irka&ubreve;itaj de malamikoj
      <fnt>
        <aut>I. Efremov, trad. J. Finkel</aut>,
        <vrk><url ref="http://www.esperanto.mv.ru/Efremov/tais_10.html">
        Tais el Ateno</url></vrk>,
        <lok>2008</lok>
      </fnt>.
    </ekz>
    </dif>
  </snc>
  <trd lng="ca">An&agrave;basi</trd>
  <trd lng="el">&Alfa_psili;&ny;&alfa_ton;&beta;&alfa;&sigma;&jota;&sigma_fina;</trd>
  <trd lng="it">Anabasi</trd>
  <trd lng="fr">Anabase</trd>
  <trdgrp lng="pl">
    <trd>Anabaza</trd>,
    <trd>Wyprawa Cyrusa</trd>
  </trdgrp>
</drv>
</art>

<!--
$Log: anabaz.xml,v $
Revision 1.4  2012/08/26 00:10:13  revo
Jeromo Vasxe: + fak bele + ekz + trd fr

Revision 1.3  2011/12/07 11:10:12  revo
Marc Rausell: kataluna traduko

Revision 1.2  2008/09/15 19:10:01  revo
Sebastian Cyprych: +trd pl

Revision 1.1  2008/09/11 16:30:51  revo
Antonio Codazzi: nova artikolo

-->
</vortaro>
