<?xml version="1.0"?>
<!DOCTYPE vortaro SYSTEM "../dtd/vokoxml.dtd">

<vortaro>
<art mrk="$Id: anaerobi.xml,v 1.1 2010/09/19 16:30:34 revo Exp $">
<kap>
  <rad>anaerobi</rad>/a <fnt><bib>PIV1</bib></fnt>
</kap>
<drv mrk="anaerobi.0a">
  <kap><tld/>a</kap>
  <snc mrk="anaerobi.0a.KOMUNE">
    <ref tip="dif" cel="aerobi.ne0a.KOMUNE">neaerobia</ref>
    <ekz>
      aerobiaj kaj <tld/>aj bakterioj
      <fnt>
        <aut>-</aut>,
        <vrk><url ref="http://gxardeneto.chez-alice.fr/ex/kulturilo-1.html">
        Terfaliga kulturilo</url></vrk>,
        <lok>[2007]</lok>
      </fnt>.
    </ekz>
  </snc>
</drv>
</art>

<!--
$Log: anaerobi.xml,v $
Revision 1.1  2010/09/19 16:30:34  revo
Jeromo Vasxe: nova artikolo

-->
</vortaro>