<?xml version="1.0"?>
<!DOCTYPE vortaro SYSTEM "../dtd/vokoxml.dtd">

<vortaro>
<art mrk="$Id: anafor.xml,v 1.3 2017/06/14 19:10:16 revo Exp $">
<kap>
  <rad>anafor</rad>/o <fnt><bib>PIV1</bib></fnt>
</kap>
<drv mrk="anafor.0o">
  <kap><tld/>o</kap>
  <snc mrk="anafor.0o.LIN">
    <uzo tip="fak">LIN</uzo>
    <dif>
      Esprimo, vorto, kiu ricevas sencon nur
      per sia rilatado al alia esprimo en la parolado:
      <ekz>
        solvo de pronoma <tld/>o en la itala lingvo
        <fnt>
          <aut>L. G. Paccagnella</aut>,
          <vrk>Influo de konjunkcioj sur la solvo
          de pronoma anaforo en la itala lingvo</vrk>,
          <lok>Grundlagenstudien aus Kybernetik und 
          Geisteswissenschaft, 2000-12 (41:3)</lok>
        </fnt>.
      </ekz>
    </dif>
    <refgrp tip="vid">
      <ref cel="deikt.0o.LIN">deikto</ref>
    </refgrp>
  </snc>
  <trd lng="de">Anapher</trd>
  <trd lng="fr">anaphore</trd>
  <trd lng="pl">anafora</trd>
</drv>
</art>

<!--
$Log: anafor.xml,v $
Revision 1.3  2017/06/14 19:10:16  revo
Vito Redsky: +trd pl

Revision 1.2  2012/03/29 17:10:08  revo
Wieland Pusch: +trd de

Revision 1.1  2012/03/12 10:10:14  revo
Jeromo Vasxe: nova artikolo

-->
</vortaro>
