<?xml version="1.0"?>
<!DOCTYPE vortaro SYSTEM "../dtd/vokoxml.dtd">

<vortaro>
<art mrk="$Id: anagra.xml,v 1.16 2017/05/29 18:10:15 revo Exp $">
<kap>
  <ofc>2</ofc>
  <rad>anagram</rad>/o
</kap>
<drv mrk="anagra.0o">
  <kap><tld/>o</kap>
  <snc>
    <dif>
      &Scirc;an&gcirc;aran&gcirc;o de la literoj de vorto, por fari
      alian vorton:
      <ekz>
        nomo - mono, resano - ansero.
      </ekz>
    </dif>
  </snc>
  <trd lng="be">&c_a;&c_n;&c_a;&c_g;&c_r;&c_a;&c_m;&c_a;</trd>
  <trd lng="cs">anagram</trd>
  <trd lng="de">Anagramm</trd>
  <trd lng="en">anagram</trd>
  <trd lng="es">anagrama</trd>
  <trd lng="fr">anagramme</trd>
  <trd lng="hu">anagramma</trd>
  <trd lng="nl">anagram</trd>
  <trd lng="pl">anagram</trd>
  <trd lng="ru">&c_a;&c_n;&c_a;&c_g;&c_r;&c_a;&c_m;&c_m;&c_a;</trd>
  <trd lng="sk">anagram</trd>
</drv>
</art>
<!--
$Log: anagra.xml,v $
Revision 1.16  2017/05/29 18:10:15  revo
Vito Redsky: trd pl

Revision 1.15  2015/07/04 08:37:30  revo
aldono de trd cs per skripto de M. von Laer

Revision 1.14  2005/02/25 17:33:25  revo
Jozefo Horvath: +trd hu

Revision 1.13  2003/08/08 16:31:24  revo
Zmicier Lapcionak: + trd be

Revision 1.12  2003/02/15 17:33:33  revo
Ulrich Fellmann: + 1 trd = de

Revision 1.11  2002/10/08 17:56:51  revo
Christopher Zervic: + ang

Revision 1.10  2002/09/07 17:40:44  revo
Viliam Bur: +sk trd

Revision 1..9  2002/05/09 18:44:33  revo
-->
</vortaro>
