<?xml version="1.0"?>
<!DOCTYPE vortaro SYSTEM "../dtd/vokoxml.dtd">

<vortaro>
<art mrk="$Id: anahxronism.xml,v 1.1 2018/08/24 12:10:14 revo Exp $">
<kap>
  <rad>ana&hcirc;ronism</rad>/o
</kap>
<drv mrk="anahxronism.0o">
  <kap><tld/>o</kap>
  <uzo tip="stl">RAR</uzo>
  <snc>
    <ref tip="dif" cel="anakro.0o">anakronismo</ref>
    <dif>
      <ekz>
        li asertis, ke la malnova Le&gcirc;o de la judoj i&gcirc;is <tld/>o post la
        morto kaj relevi&gcirc;o de Je&scirc;u
        <fnt>
          <aut>Trevor Steele</aut>,
          <vrk>&Scirc;imeon, frato de Je&scirc;u</vrk>,
          <lok>Beletra Almanako, 2013-10 (18)</lok>
        </fnt>.
      </ekz>
    </dif>
  </snc>
  <trd lng="be">&c_a;&c_n;&c_a;&c_h;&c_r;&c_a;&c_n;&c_ib;&c_z;&c_m;</trd>
  <trd lng="cs">anachronizmus</trd>
  <trd lng="en">anachronism</trd>
  <trd lng="es">anacronismo</trd>
  <trd lng="fr">anachronisme</trd>
  <trd lng="hu">anakronizmus</trd>
  <trd lng="nl">anachronisme</trd>
  <trd lng="pl">anachronizm</trd>
  <trd lng="ru">&c_a;&c_n;&c_a;&c_h;&c_r;&c_o;&c_n;&c_i;&c_z;&c_m;</trd>
  <trd lng="sk">anachronizmus</trd>
</drv>
</art>

<!--
$Log: anahxronism.xml,v $
Revision 1.1  2018/08/24 12:10:14  revo
Robin van der Vliet: nova artikolo

-->
</vortaro>