<?xml version="1.0"?>
<!DOCTYPE vortaro SYSTEM "../dtd/vokoxml.dtd">

<vortaro>
<art mrk="$Id: anahxoret.xml,v 1.2 2017/05/29 18:10:18 revo Exp $">
<kap>
  <rad>ana&hcirc;oret</rad>/o
</kap>
<drv mrk="anahxoret.0o">
  <kap><tld/>o</kap>
  <uzo tip="stl">RAR</uzo>
  <snc mrk="anahxoret.0o.REL">
    <uzo tip="fak">REL</uzo>
    <ref tip="dif" cel="ermit.0o.REL">ermito</ref>
    <ekz>
      miloj levi&gcirc;as de kanapoj molaj
      por popolumi per <tld/>oj
      sova&gcirc;aj la dezertan Thebais
      <fnt>
        <aut>I. Mad&aacute;ch, trad. K. Kalocsay</aut>, 
        <vrk>La Tragedio de l' Homo</vrk>, 
        <lok>1965</lok>
      </fnt>.
    </ekz>
  </snc>
  <trd lng="fr">anachor&egrave;te</trd>
  <trdgrp lng="pl">
    <trd>anachoreta</trd>,
    <trd>pustelnik</trd>
  </trdgrp>
</drv>
</art>

<!--
$Log: anahxoret.xml,v $
Revision 1.2  2017/05/29 18:10:18  revo
Vito Redsky: trd pl

Revision 1.1  2014/03/09 02:10:20  revo
Jeromo Vasxe: nova artikolo

-->
</vortaro>
