<?xml version="1.0"?>
<!DOCTYPE vortaro SYSTEM "../dtd/vokoxml.dtd">

<vortaro>
<art mrk="$Id: anakro.xml,v 1.17 2015/10/14 13:10:28 revo Exp $">
<kap>
  <ofc>2</ofc>
  <rad>anakronism</rad>/o
</kap>
<drv mrk="anakro.0o">
  <kap><tld/>o</kap>
  <snc>
    <dif>
      Eraro pri dato de historia&jcirc;o.
    </dif>
    <trd lng="de">Datierungsfehler</trd>
  </snc>
  <snc>
    <dif>
      Afero ne konforma kun kutimoj de difinita epoko:
      <ekz>
        Shakespeare
        <tld/>e paroligas grekojn pri horlo&gcirc;oj.
      </ekz>
    </dif>
    <trd lng="de">Anachronismus</trd>
  </snc>
  <trd lng="be">&c_a;&c_n;&c_a;&c_h;&c_r;&c_a;&c_n;&c_ib;&c_z;&c_m;</trd>
  <trd lng="cs">anachronizmus</trd>
  <trd lng="en">anachronism</trd>
  <trd lng="es">anacronismo</trd>
  <trd lng="fr">anachronisme</trd>
  <trd lng="hu">anakronizmus</trd>
  <trd lng="nl">anachronisme</trd>
  <trd lng="pl">anachronizm</trd>
  <trd lng="ru">&c_a;&c_n;&c_a;&c_h;&c_r;&c_o;&c_n;&c_i;&c_z;&c_m;</trd>
  <trd lng="sk">anachronizmus</trd>
</drv>
</art>
<!--
$Log: anakro.xml,v $
Revision 1.17  2015/10/14 13:10:28  revo
Sebastian Cyprych: +trd pl

Revision 1.16  2015/07/04 08:37:30  revo
aldono de trd cs per skripto de M. von Laer

Revision 1.15  2003/11/05 17:30:33  revo
Dmitri Gabinski: +trd be

Revision 1.14  2003/02/16 17:33:08  revo
Ulrich Fellmann: kor de 1 trd=de

Revision 1.13  2003/02/15 17:33:32  revo
Ulrich Fellmann: + 2 trd = de

Revision 1.12  2002/10/08 17:56:52  revo
Christopher Zervic: + ang

Revision 1.11  2002/09/07 17:40:46  revo
Viliam Bur: +sk trd

Revision 1.10  2002/05/09 18:44:34  revo
-->
</vortaro>
