<?xml version="1.0"?>
<!DOCTYPE vortaro SYSTEM "../dtd/vokoxml.dtd">

<vortaro>
<art mrk="$Id: anakar.xml,v 1.9 2018/10/28 18:10:11 revo Exp $">
<kap>
  <rad>anakardi</rad>/o
</kap>
<drv mrk="anakar.0o">
  <kap>
    <tld/>o
  </kap>
  <uzo tip="fak">BOT</uzo>
  <snc>
    <dif>
      <ref tip="lst" cel="genr.0o.BIO"
      lst="voko:botanikaj_genroj">Genro</ref> el familio <ref
      tip="malprt" cel="anakar1.0oj"><tld/>acoj</ref>
      (<trd lng="la">Anacardium</trd>), kies unu specio estas
      la <ref tip="sub" cel="akajxu.0ujo">aka&jcirc;uujo</ref>:
      <ekz>
        <tld/>o <klr>[&#8230;]</klr> originas en tropikaj regionoj de Ameriko,
        unu tre konata ekzemplo estas la aka&jcirc;uarbo a&ubreve; okcidenta <tld/>o 
        (<nom>Anacardium occidentale</nom>) de nordorienta Brazilo
        <fnt>
          <bib>Viki</bib>
          <lok><url ref="https://eo.wikipedia.org/?curid=128362">Anakardio</url></lok>
        </fnt>.
      </ekz>
    </dif>
    <bld
      lok="&WCU;/thumb/c/c7/Ripe_Cashew_apple_with_Nuts_Anacardium_occidentale_Goa_IMG_7907_%281%29.JPG/640px-Ripe_Cashew_apple_with_Nuts_Anacardium_occidentale_Goa_IMG_7907_%281%29.JPG"
      prm="CC BY-SA 3.0"
      >frukto kaj folioj de aka&jcirc;uujo (Anacardium occidentale)
        <fnt>
          <aut>Dr. Raju Kasambe, propra verko</aut>
          <lok><url ref="https://commons.wikimedia.org/wiki/File:Ripe_Cashew_apple_with_Nuts_Anacardium_occidentale_Goa_IMG_7907_(1).JPG"
              >https://commons.wikimedia.org/wiki/File:Ripe_Cashew_apple_with_Nuts_Anacardium_occidentale_Goa_IMG_7907_(1).JPG</url></lok>
        </fnt>
    </bld>
  </snc>
  <trdgrp lng="hu">
    <trd>kesu</trd>,
    <trd>kasu</trd>,
    <trd>akazsu</trd>
  </trdgrp>
  <trdgrp lng="pl">
    <trd>orzech nerkowca</trd>,
    <trd>nanercz</trd>
  </trdgrp>
  <trdgrp lng="ru">
    <trd>&c_a;&c_n;&c_a;&c_k;&c_a;&c_r;&c_d;</trd>,
    <trd>&c_k;&c_je;&c_sh;&c_mol;&c_ju;</trd>
  </trdgrp>
</drv>
</art>
<!--
$Log: anakar.xml,v $
Revision 1.9  2018/10/28 18:10:11  revo
Wolfram Diestel: +ekz, +bld

Revision 1.8  2017/05/29 18:10:16  revo
Vito Redsky: trd pl

Revision 1.7  2013/08/26 08:10:24  revo
Wolfram Diestel: referenco al listo bot genroj

Revision 1.6  2002/03/19 17:33:35  revo
Jozefo Horvath: +trd hu

Revision 1.5  2001/11/15 19:13:17  revo
Yury Finkel: +trd ru

Revision 1.4  2001/04/18 18:43:28  revo
anakar.0acoj -> anakar1.0oj

Revision 1.3  2001/04/18 18:43:24  revo
shovis anakar.0acoj al anakar1.0oj

Revision 1.2  2001/01/31 08:47:02  revo
-->
</vortaro>
