<?xml version="1.0"?>
<!DOCTYPE vortaro SYSTEM "../dtd/vokoxml.dtd">

<vortaro>
<art mrk="$Id: anakoret.xml,v 1.6 2017/05/29 18:10:17 revo Exp $">
<kap>
  <rad>anakoret</rad>/o <fnt><bib>PIV1</bib></fnt>
</kap>
<drv mrk="anakoret.0o">
  <kap><tld/>o</kap>
  <uzo tip="stl">RAR</uzo>
  <snc>
  <ref tip="dif" cel="anahxoret.0o">ana&hcirc;oreto</ref>
  <ekz>
    Antono estas egipta <tld/>o, kiu vivis en la 3-a kaj 4-a jarcentoj
    <fnt>
      <aut>C. Millour, trad. C. Bros</aut>,
      <vrk><url
      ref="http://www.bertin.biz/index.php?titre=sanktuloj_Bros.htm">
      Bestkuracaj sanktuloj en Bretonio</url></vrk>,
      <lok>2004</lok>
    </fnt>.
  </ekz>
  </snc>
  <trd lng="cs">poustevn&iacute;k</trd>
  <trd lng="fr">anachor&egrave;te</trd>
  <trdgrp lng="pl">
    <trd>pustelnik</trd>,
    <trd>anachoreta</trd>
  </trdgrp>
  <trdgrp lng="sk">
    <trd>pustovn&iacute;k</trd>,
    <trd>samot&aacute;r</trd>
  </trdgrp>
</drv>
</art>

<!--
$Log: anakoret.xml,v $
Revision 1.6  2017/05/29 18:10:17  revo
Vito Redsky: trd pl

Revision 1.5  2016/01/03 10:10:15  revo
Damien Brucker: +trd fr

Revision 1.4  2015/07/04 08:37:30  revo
aldono de trd cs per skripto de M. von Laer

Revision 1.3  2015/06/28 12:03:35  revo
aldono de trd sk per skripto de M. von Laer

Revision 1.2  2014/03/13 08:10:22  revo
Damien Brucker: +snc

Revision 1.1  2014/03/12 21:10:23  revo
Jeromo Vasxe: nova artikolo

-->
</vortaro>
