<?xml version="1.0"?>
<!DOCTYPE vortaro SYSTEM "../dtd/vokoxml.dtd">

<vortaro>
<art mrk="$Id: anakolut.xml,v 1.6 2017/06/14 19:10:17 revo Exp $">
<kap>
  <rad>anakolut</rad>/o <fnt><bib>PIV1</bib></fnt>
</kap>
<drv mrk="anakolut.0o">
  <kap><tld/>o</kap>
  <snc mrk="anakolut.0o.BELE">
    <uzo tip="fak">BELE</uzo>
    <uzo tip="fak">LIN</uzo>
    <dif>
      Frazrompo; da&ubreve;rigo de frazo per parto,
      kiu gramatike ne konvenas kun la anta&ubreve;a:
      <ekz>
        estos lia vico peni por mallerni, reakiri la manierojn de la 
        signifoplena <tld/>o, de la kontra&ubreve;sintakso, transiri de
        Manzoni al Verga, de Verga al Gadda, de Gadda al Kerouac
        <fnt>
          <aut>L. Bianciardi, trad. C. Minnaja</aut>,
          <vrk><url
          ref="http://www.riaprireilfuoco.org/Bianciardini/Intelektulo.pdf">
          Kiel oni i&gcirc;as Intelektulo</url></vrk>,
          <lok>[2008]</lok>
        </fnt>.
      </ekz>
    </dif>
  </snc>
  <trd lng="ca">anacolut</trd>
  <trdgrp lng="cs">
    <trd>anakolut</trd>,
    <trd>vybo&ccaron;en&iacute;</trd>
  </trdgrp>
  <trdgrp lng="es">
    <trd>anacoluto</trd>,
    <trd>solecismo</trd>
  </trdgrp>
  <trd lng="fr">anacoluthe</trd>
  <trd lng="pl">anakolut</trd>
  <trd lng="sk">vybo&ccaron;enie</trd>
</drv>
</art>

<!--
$Log: anakolut.xml,v $
Revision 1.6  2017/06/14 19:10:17  revo
Vito Redsky: +trd pl

Revision 1.5  2015/07/04 08:37:30  revo
aldono de trd cs per skripto de M. von Laer

Revision 1.4  2015/06/28 12:03:35  revo
aldono de trd sk per skripto de M. von Laer

Revision 1.3  2015/04/02 17:10:17  revo
Carlos Garcia: +trd es -o

Revision 1.2  2015/03/31 23:10:18  revo
Josep-Enric Peres-i-Blesa: Aldono de nova traduko (kataluna)

Revision 1.1  2012/05/24 11:10:23  revo
Jeromo Vasxe: nova artikolo

-->
</vortaro>
