<?xml version="1.0"?>
<!DOCTYPE vortaro SYSTEM "../dtd/vokoxml.dtd">

<vortaro>
<art mrk="$Id: analgezik.xml,v 1.6 2017/06/14 20:10:13 revo Exp $">
<kap>
  <rad>analgezik</rad>/o <fnt><bib>PIV1</bib></fnt>
</kap>
<drv mrk="analgezik.0o">
  <kap><tld/>o</kap>
  <snc mrk="analgezik.0o.MED">
    <uzo tip="fak">MED</uzo>
    <ref tip="dif" cel="dolor.kontraux0ilo.MED">kontra&ubreve;dolorilo</ref>
    <ekz>
      La konstanta prenado de <tld/>o foje ka&ubreve;zis al &scirc;i drogan 
      toksi&gcirc;on
      <fnt>
        <aut>Zhang Qingzhen</aut>,
        <vrk><url
        ref="http://www.espero.com.cn/06s/06s-2/socio3-10a.htm">
        &Scirc;i kortu&scirc;as gejunulojn</url></vrk>,
        <lok>[2004]</lok>
      </fnt>.
    </ekz>
  </snc>
  <trd lng="cs">analgetikum</trd>
  <trd lng="de">Analgetikum</trd>
  <trd lng="fr">analg&eacute;sique<klr> (subst.)</klr></trd>
  <trdgrp lng="nl">
    <trd>analgeticum</trd>,
    <trd>pijnstiller</trd>
  </trdgrp>
  <trd lng="pl">&sacute;rodek przeciwb&oacute;lowy</trd>
  <trd lng="sk">analgezikum</trd>
</drv>
</art>

<!--
$Log: analgezik.xml,v $
Revision 1.6  2017/06/14 20:10:13  revo
Vito Redsky: +trd pl

Revision 1.5  2015/07/04 08:37:30  revo
aldono de trd cs per skripto de M. von Laer

Revision 1.4  2015/06/28 12:03:35  revo
aldono de trd sk per skripto de M. von Laer

Revision 1.3  2009/07/09 16:31:18  revo
Paul Peeraerts: +trd nl

Revision 1.2  2009/07/05 16:40:17  revo
Wieland Pusch: +trd de

Revision 1.1  2009/07/03 16:30:48  revo
Jeromo Vasxe: nova artikolo

-->
</vortaro>
