<?xml version="1.0"?>
<!DOCTYPE vortaro SYSTEM "../dtd/vokoxml.dtd">

<vortaro>
<art mrk="$Id: analfa.xml,v 1.25 2017/06/03 12:10:17 revo Exp $">
<kap>
  <rad>analfabet</rad>/o
  <fnt>Z</fnt>
</kap>

<drv mrk="analfa.0a">
  <kap><tld/>a</kap>
  <snc>
    <dif>
      Kiu scipovas nek legi nek skribi.
    </dif>
  </snc>
  <trdgrp lng="cs">
    <trd>analfabetsk&yacute;</trd>,
    <trd>negramotn&yacute;</trd>
  </trdgrp>
  <trd lng="fr">analphab&egrave;te<klr> (adj.)</klr></trd>
  <trd lng="pl">analfabetyczny</trd>
  <trd lng="sk">negramotn&yacute;</trd>
</drv>

<drv mrk="analfa.0o">
  <kap><tld/>o</kap>
  <snc>
    <dif>
      Homo, kiu scipovas nek legi nek skribi:
      <ekz>
        televidaj prezentistoj, kiuj estas, a&ubreve; &scirc;ajnas esti,
  <tld/>oj kaj malkleruloj
  <fnt><aut>William Auld</aut><vrk>Dekadenco de
  lingvo</vrk><bib>Monato</bib>
  <lok>jaro 1996a, numero 2a, p. 21a</lok></fnt>.
      </ekz>
    </dif>
  </snc>
  <trd lng="be">&c_n;&c_je;&c_p;&c_ib;&c_s;&c_mol;&c_m;&c_je;&c_n;&c_n;&c_y;</trd>
  <trd lng="ca">analfabet</trd>
  <trdgrp lng="cs">
    <trd>analfabet</trd>,
    <trd>negramotn&yacute; &ccaron;lov&ecaron;k</trd>
  </trdgrp>
  <trd lng="de">Analphabet</trd>
  <trd lng="en">illiterate</trd>
  <trd lng="es">analfabeto</trd>
  <trd lng="fr">analphab&egrave;te<klr> (subst.)</klr></trd>
  <trdgrp lng="hu">
    <trd>&iacute;r&aacute;studatlan</trd>,
    <trd>analfab&eacute;ta</trd>
  </trdgrp>
  <trd lng="it">analfabeta</trd>
  <trd lng="nl">analfabeet</trd>
  <trd lng="pl">analfabeta</trd>
  <trd lng="pt">analfabeto</trd>
  <trd lng="ru">&c_n;&c_je;&c_g;&c_r;&c_a;&c_m;&c_o;&c_t;&c_n;&c_y;&c_j;</trd>
  <trdgrp lng="sk">
    <trd>negramotn&yacute;</trd>,
    <trd>analfabet</trd>
  </trdgrp>
  <trd lng="sv">analfabet</trd>
</drv>

<drv mrk="analfa.0eco">
  <kap><tld/>eco</kap>
  <snc>
    <dif>
      Eco de tiu, kiu scipovas nek legi nek skribi:
      <ekz>
        <tld/>eco inter virinoj kvaroble pli altas ol &ccirc;e viroj
  <fnt><aut>Bardhyl Selimi</aut><vrk>Kosovo: Novaj direktoj al la
  estonto</vrk><bib>Monato</bib><lok>jaro 2003a, numero 12a, p.
  10a</lok></fnt>;
      </ekz>
      <ekz>
        Unesko entreprenis tutmondan kampanjon kontra&ubreve; la <tld/>eco.
      </ekz>
    </dif>
  </snc>
  <trd lng="ca">analfabetisme</trd>
  <trd lng="cs">analfabetstv&iacute;</trd>
  <trd lng="de">Analphabetismus</trd>
  <trd lng="en">illiteracy</trd>
  <trd lng="fr">analphab&eacute;tisme</trd>
  <trdgrp lng="hu">
    <trd>&iacute;r&aacute;studatlans&aacute;g</trd>,
    <trd>analfabetizmus</trd>
  </trdgrp>
  <trd lng="pl">analfabetyzm</trd>
  <trd lng="pt">analfabetismo</trd>
  <trd lng="ru">&c_n;&c_je;&c_g;&c_r;&c_a;&c_m;&c_o;&c_t;&c_n;&c_o;&c_s;&c_t;&c_mol;</trd>
  <trd lng="sk">analfabetizmus</trd>
  <trd lng="sv">analfabetism</trd>
</drv>
</art>
<!--
$Log: analfa.xml,v $
Revision 1.25  2017/06/03 12:10:17  revo
Vito Redsky: +trd pl

Revision 1.24  2015/07/04 08:37:30  revo
aldono de trd cs per skripto de M. von Laer

Revision 1.23  2015/06/28 12:03:35  revo
aldono de trd sk per skripto de M. von Laer

Revision 1.22  2014/02/09 09:10:16  revo
Damien Brucker: +~a

Revision 1.21  2012/07/21 10:10:15  revo
Marc Rausell: ++ trd ca

Revision 1.20  2009/05/27 16:30:53  revo
Russ Williams: +trd en

Revision 1.19  2009/03/04 17:30:47  revo
Jerano Zachrisson: +trd sv

Revision 1.18  2005/09/28 16:32:01  revo
-->
</vortaro>
