<?xml version="1.0"?>
<!DOCTYPE vortaro SYSTEM "../dtd/vokoxml.dtd">

<vortaro>
<art mrk="$Id: analgezi.xml,v 1.7 2017/06/03 12:10:18 revo Exp $">
<kap>
  <rad>analgezi</rad>/o <fnt><bib>SPV</bib></fnt>
</kap>
<drv mrk="analgezi.0o">
  <kap><tld/>o</kap>
  <snc mrk="analgezi.0o.MED">
    <uzo tip="fak">MED</uzo>
    <ref tip="dif" cel="dolor.sen0eco.MED">sendoloreco</ref>
    <ekz>
      je la 19-a <klr>jarcento</klr>. evoluis la kono pri <tld/>o
      <klr>...</klr> per la malkovro, fare de usonaj medicinistoj, de la
      
      efikoj de etero
      <fnt><aut>E. Pauli</aut>, <vrk><url 
      ref="http://www.cfh.ufsc.br/~simpozio/">Enciklopedio 
      simpozio</url></vrk>, <lok>artikolo &leftquot;analgezio&rightquot;, [2001]</lok>
      </fnt>.        
    </ekz>
  </snc>
  <trd lng="ca">analg&egrave;sia</trd>
  <trd lng="cs">analgezie</trd>
  <trd lng="fr">analg&eacute;sie</trd>
  <trdgrp lng="nl">
    <trd>analgesie</trd>,
    <trd>gevoelloosheid<klr tip="ind"> (voor pijn)</klr></trd>
  </trdgrp>
    <trdgrp lng="pl">
    <trd>analgezja</trd>,
    <trd>znieczulenie</trd>,
  </trdgrp>
  <trdgrp lng="sk">
    <trd>analgia</trd>,
    <trd>analg&eacute;za</trd>,
    <trd>bezbolestnos&tcaron;</trd>
  </trdgrp>
</drv>
</art>

<!--
$Log: analgezi.xml,v $
Revision 1.7  2017/06/03 12:10:18  revo
Vito Redsky: +trd pl

Revision 1.6  2017/03/07 18:10:22  revo
Jeromo Vasxe: - anestezio en ekz

Revision 1.5  2015/07/04 08:37:30  revo
aldono de trd cs per skripto de M. von Laer

Revision 1.4  2015/06/28 12:03:35  revo
aldono de trd sk per skripto de M. von Laer

Revision 1.3  2012/01/03 15:10:20  revo
Marc Rausell: +trd ca

Revision 1.2  2009/07/08 16:31:45  revo
Paul Peeraerts: +trd nl

Revision 1.1  2009/07/03 16:30:47  revo
Jeromo Vasxe: nova artikolo

-->
</vortaro>
