<?xml version="1.0"?>
<!DOCTYPE vortaro SYSTEM "../dtd/vokoxml.dtd">

<vortaro>
<art mrk="$Id: analog.xml,v 1.23 2019/02/28 16:10:15 revo Exp $">
<kap>
  <ofc>7</ofc>
  <rad>analog</rad>/a <fnt><bib>PV</bib></fnt>
</kap>
<drv mrk="analog.0a">
  <kap><tld/>a</kap>
  <snc mrk="analog.0a.KOMUNE">
    <dif>
      <ref tip="vid" cel="simil.0a">Simila</ref>
      la&ubreve; kelkaj rilatoj al alia afero de malsama speco;
      parte simila:
      <ekz>
        <nom>Ha&scaron;ek</nom> pioniris novan verkstilon, <tld/>an al tiu de la tiutempaj dadaismaj
        pentristoj
        <fnt>
          <bib>Monato</bib>
          <aut>Stefan MacGill</aut>
          <vrk><url ref="https://www.monato.net/2006/008748.php">Ruzo en rifuzo</url></vrk>
        </fnt>;
      </ekz>
      <ekz>
        samtempe kun <nom>Darwin</nom> alia esploristo, <nom>Alfred Russel Wallace</nom>, elpa&scirc;is kun la
        teorio, kiu estas preska&ubreve; <tld/>a al tiu de <nom>Darwin</nom>
        <fnt>
          <bib>Monato</bib>
          <aut>Vladimir Lemelev</aut>
          <vrk><url ref="https://www.monato.net/2009/009787.php">Supervivo de plej ta&ubreve;ga teorio</url></vrk>
        </fnt>;
      </ekz>
      <ekz>
        <tld/>a&jcirc;o
        <fnt>
          <bib>Monato</bib>
          <vrk><url ref="http://steloj.de/esperanto/monato2/006852.html">Reago: &Ccirc;u vere kristana erao?</url></vrk>
        </fnt>.
      </ekz>
    </dif>
    <ref tip="sin" cel="analog1.0a">analogia</ref>
    <trdgrp lng="be">
      <trd>&c_a;&c_n;&c_a;&c_l;&c_ja;&c_g;&c_ib;&c_ch;&c_n;&c_y;</trd>,
      <trd>&c_p;&c_a;&c_d;&c_o;&c_b;&c_n;&c_y;</trd>
    </trdgrp>
    <trdgrp lng="de">
      <trd>entsprechend</trd>,
      <trd>gleichartig</trd>,
    </trdgrp>
    <trd lng="en">analogous</trd>
    <trd lng="fr">analogue</trd>
    <trd lng="es">an&aacute;logo</trd>
    <trd lng="nl">analoog</trd>
    <trdgrp lng="it">
      <trd>analogo</trd>,
      <trd>simile</trd>
    </trdgrp>
    <trdgrp lng="pl">
      <trd>analogiczny</trd>,
      <trd>brzmi&aogonek;cy jednakowo</trd>
      <trd>podobny</trd>,
      <trd>pokrewny</trd>
    </trdgrp>
    <trd lng="ru">&c_a;&c_n;&c_a;&c_l;&c_o;&c_g;&c_i;&c_ch;&c_n;&c_y;&c_j;</trd>
    <trdgrp lng="sk">
      <trd>obdobn&yacute;</trd>,
      <trd>analogick&yacute;</trd>
    </trdgrp>
  </snc>
  <snc mrk="analog.0a.BIO">
    <uzo tip="fak">BIO</uzo>
    <dif>
      Simila la&ubreve; funkcio sed la&ubreve; biologia historio ne samdevena:
      <ekz>
        la flugiloj de vesperto estas organo <tld/>a, sed ne simila,
        je la flugiloj de birdo.
      </ekz>
    </dif>
    <refgrp tip="vid">
      <ref cel="homolo.0a.BIO">homologa<sncref/></ref>
    </refgrp>
    <trd lng="fr">analogue<klr> (biol.)</klr></trd>
    <trd lng="pl">pokrewny<klr> (biol.)</klr></trd>
  </snc>
  <snc mrk="analog.0a.TEK">
    <uzo tip="fak">TEK</uzo>
    <dif>
      Funkcianta surbaze de fizika simulado, kaj precipe per kontinuaj
      grandoj; <ref tip="sin" cel="kontin3.0a">kontinua</ref>:
      <ekz>
        <tld/>a komputilo, <tld/>a televido, <tld/>a modelo;
      </ekz>
      <ekz>
        la <tld/>a sistemo malaperos favore al la jam funkcianta cifereca, &ccirc;e kiu sur
        unu frekvenco trovi&gcirc;as pluraj ciferecaj radio- kaj televid-stacioj
        <fnt>
          <bib>Monato</bib>
          <aut>Jean Pierre Vanden Daele</aut>
          <vrk><url ref="https://www.monato.net/2010/009970.php">Ricevi persatelite</url></vrk>
        </fnt>.
      </ekz>
    </dif>
    <refgrp tip="ant">
      <ref cel="cifer.0eca">cifereca</ref>
    </refgrp>
    <trd lng="be">&c_a;&c_n;&c_a;&c_l;&c_ja;&c_g;&c_a;&c_v;&c_y;</trd>
    <trd lng="en">analog</trd>
    <trd lng="es">anal&oacute;gico</trd>
    <trd lng="fr">analogique</trd>
    <trd lng="nl">analoog</trd>
    <trd lng="pl">analogowy</trd>
    <trd lng="it">analogico</trd>
    <trd lng="ru">&c_a;&c_n;&c_a;&c_l;&c_o;&c_g;&c_o;&c_v;&c_y;&c_j;</trd>
    <trd lng="sk">anal&oacute;gov&yacute;</trd>
  </snc>
  <trdgrp lng="cs">
    <trd>analogov&yacute;</trd>,
    <trd>spojit&yacute;</trd>,
    <trd>spojit&ecaron; se m&ecaron;n&iacute;c&iacute;</trd>
  </trdgrp>
<trd lng="de">analog</trd>
</drv>

<drv mrk="analog.0e">
  <kap>
    <tld/>e
  </kap>
  <snc>
    <dif>
       La&ubreve; <tld/>a maniero:
      <ekz>
        la turka registaro ankora&ubreve; ne agnoskis la genocidon, kiel <tld/>e la germana
        agnoskas la holoka&ubreve;ston
        <fnt>
          <bib>Monato</bib>
          <aut>Susanna Gevorgjan</aut>
          <vrk><url ref="https://www.monato.net/2006/008828.php">Krimo forgesita</url></vrk>
        </fnt>;
      </ekz>
      <ekz>
        mi ne povas forgesi, ke <nom>Hamas</nom> estas islama organiza&jcirc;o esence socihelpa, aganta
        por sanitara, civila, instrua asistado al la lo&gcirc;antaro, profunde
        enradiki&gcirc;inta en la palestina socio, <tld/>e kun samspecaj kristanaj
        organiza&jcirc;oj
        <fnt>
          <bib>Monato</bib>
          <aut>Sen Rodin</aut>
          <vrk><url ref="https://www.monato.net/2009/009725.php">Nu, karaj fratoj ...</url></vrk>
        </fnt>.
      </ekz>
    </dif>
  </snc>
  <trdgrp lng="de">
    <trd>analog</trd>,
    <trd>so wie</trd>,
    <trd>genauso wie</trd>
  </trdgrp>
</drv>

<drv mrk="analog.0eco">
  <kap><tld/>eco</kap>
  <snc>
    <dif>
      Parta simileco de malsamspecaj objektoj:
      <ekz>
        dimensia <tld/>eco estas studado de tio kiel n&#8239;-&#8239;1 dimensioj rilatas al n
        dimensioj, kaj tiam konkludado de tio kiel n dimensioj devus rilati al n&#8239;+&#8239;1
        dimensioj
        <fnt>
          <bib>Viki</bib>
          <lok><url ref="https://eo.wikipedia.org/?curid=229830">Kvara dimensio</url></lok>
        </fnt>.
      </ekz>
    </dif>
  </snc>
  <trdgrp lng="be">
    <trd>&c_a;&c_n;&c_a;&c_l;&c_ja;&c_g;&c_ib;&c_ch;&c_n;&c_a;&c_s;&c_mol;&c_c;&c_mol;</trd>,
    <trd>&c_a;&c_n;&c_a;&c_l;&c_ja;&c_g;&c_a;&c_v;&c_a;&c_s;&c_mol;&c_c;&c_mol;</trd>
  </trdgrp>
  <trdgrp lng="cs">
    <trd>analogie</trd>,
    <trd>obdoba</trd>,
    <trd>podobnost</trd>
  </trdgrp>
  <trdgrp lng="de">
     <trd>Entsprechung</trd>,
     <trd>Analogie</trd>
  </trdgrp>
  <trd lng="en">analogousness</trd>
  <trdgrp lng="fr">
    <trd>analogie</trd>,
    <trd>similitude</trd>
  </trdgrp>
  <trd lng="nl">analogie</trd>
  <trd lng="pl">analogiczno&sacute;&cacute;</trd>
  <trdgrp lng="ru">
    <trd>&c_a;&c_n;&c_a;&c_l;&c_o;&c_g;&c_i;&c_ch;&c_n;&c_o;&c_s;&c_t;&c_mol;</trd>;
    <trd>&c_a;&c_n;&c_a;&c_l;&c_o;&c_g;&c_o;&c_v;&c_o;&c_s;&c_t;&c_mol;</trd>
  </trdgrp>
  <trd lng="sk">obdobnos&tcaron;</trd>
</drv>
</art>
<!--
$Log: analog.xml,v $
Revision 1.23  2019/02/28 16:10:15  revo
Wolfram Diestel: +~e, +ekz-oj, ofc 7

Revision 1.22  2018/11/18 15:10:18  revo
Michel Cantigneaux: menciita en 7OA, sed oficiala de 1923

Revision 1.21  2017/05/22 19:10:14  revo
Vito Redsky: trd pl+trd ro

Revision 1.20  2015/07/04 08:37:30  revo
aldono de trd cs per skripto de M. von Laer

Revision 1.19  2015/06/28 12:03:35  revo
aldono de trd sk per skripto de M. von Laer

Revision 1.18  2013/11/27 02:10:17  revo
Jeromo Vasxe: + ref vid

Revision 1.17  2011/03/04 15:10:09  revo
Jeromo Vasxe: + disting. snc komuna/bio

Revision 1.16  2003/11/05 17:30:38  revo
-->
</vortaro>
