<?xml version="1.0"?>
<!DOCTYPE vortaro SYSTEM "../dtd/vokoxml.dtd">

<vortaro>
<art mrk="$Id: anal.xml,v 1.5 2016/12/20 15:10:12 revo Exp $">
<kap>
  <rad>anal</rad>/o <fnt><bib>PIV1</bib></fnt>
</kap>
<drv mrk="anal.0o">
  <kap><tld/>o</kap>
  <uzo tip="stl">RAR</uzo>
  <snc>
    <dif>
      <ref tip="dif" cel="kronik1.0o.verko">Kroniko <sncref/></ref>:
      <ekz>
        &ccirc;u viaj mo&scirc;toj ne legis <klr>...</klr> la <tld/>ojn kaj
        historiojn
        de Anglujo <klr>...</klr><fnt><bib>DonKihxoto</bib> <lok>&ccirc;apitro
        13a, p. 92a</lok></fnt>?
      </ekz>
    </dif>
  </snc>
  <trd lng="en">annal</trd>
  <trd lng="es">anal</trd>
  <trdgrp lng="fr">
    <trd>annale</trd>,
    <trd>chronique<klr> (subst.)</klr></trd>
  </trdgrp>
  <trdgrp lng="pl">
  <trd>anna&lstroke;</trd>,
  <trd>rocznik</trd>
  </trdgrp>
</drv>
</art>

<!--
$Log: anal.xml,v $
Revision 1.5  2016/12/20 15:10:12  revo
Wolfram Diestel: dif chirkau dif-ref

Revision 1.4  2013/04/04 19:10:26  revo
Sebastian Cyprych: +trd pl

Revision 1.3  2010/03/26 17:30:44  revo
Russ Williams: +trd en

Revision 1.2  2005/03/31 16:33:07  revo
Raul Salinas Monteagudo: +trd es

Revision 1.1  2003/07/30 19:00:20  revo
Jeromo Vasxe: nova artikolo

-->
</vortaro>
