<?xml version="1.0"?>
<!DOCTYPE vortaro SYSTEM "../dtd/vokoxml.dtd">

<vortaro>
<art mrk="$Id: analog1.xml,v 1.23 2019/03/05 08:10:14 revo Exp $">
<kap>
  <rad>analogi</rad>/o <fnt><bib>PV</bib></fnt>
</kap>
<drv mrk="analog1.0o">
  <kap><tld/>o</kap>
  <snc>
    <dif>
      <ref tip="dif" cel="analog.0eco">Analogeco</ref>:
      <ekz>
        oni povas diri: &leftquot;mi &ccirc;esas labori&rightquot; (mi komencas ne labori) a&ubreve; &leftquot;la pluvo &ccirc;esas&rightquot;
        (la pluvo komencas ne esti), sed ne estas bone forlogi&gcirc;i per la <tld/>o kun
        &leftquot;komenci&rightquot; kaj diri: &leftquot;mi &ccirc;esas mian laboron&rightquot;
        <fnt>
          <bib>LR</bib>
          <lok>Pri &leftquot;da&ubreve;ri&rightquot; kaj &leftquot;&ccirc;esi&rightquot;  </lok>
        </fnt>;
      </ekz>
      <ekz>
        kun la vortoj de <nom>Humboldt</nom>: &leftquot;oni iras de observado al eksperimento sur bazo de
        <tld/>oj kaj konataj le&gcirc;oj <klr>[&#8230;]</klr>&rightquot;
        <fnt>
          <bib>Monato</bib>
          <aut>Edward Kusters</aut>
          <vrk><url ref="https://www.monato.net/2006/009100.php"
              >Alfred Nobel: nobelo inter la sciencistoj kaj lingvistoj</url></vrk>
        </fnt>;
      </ekz>
      <ekz>
        <tld/>o instruas nin: se vivinta estas homo post la vivo, sekve ne plu vivanta
        kaj do mortinta, ekzistinta estas homo post sia ekzisto, sekve ne plu
        ekzistanta
        <fnt>
          <bib>Monato</bib>
          <aut>Geraldo Mattos</aut>
          <vrk><url ref="https://www.monato.net/2008/009422.php"
              >Rezulto de preseraro</url></vrk>
        </fnt>;
      </ekz>
      <ekz>
        li &ccirc;iam diris, <klr>[&#8230;]</klr> &ndash; ke manko de eduko estas pli terura ol kancero,
        kvankam tia <tld/>o estis iom stranga
        <fnt>
          <bib>Monato</bib>
          <aut>G. O. &Ograve;sh&oacute;-Davies</aut>
          <vrk><url ref="https://www.monato.net/2012/010421.php"
              >Po&scirc;telefono</url></vrk>
        </fnt>.
      </ekz>
    </dif>
  </snc>
  <trd lng="be">&c_a;&c_n;&c_a;&c_l;&c_jo;&c_g;&c_ib;&c_ja;</trd>
  <trd lng="bg">&c_a;&c_n;&c_a;&c_l;&c_o;&c_g;&c_i;&c_ja;</trd>
  <trd lng="ca">analogia</trd>
  <trdgrp lng="cs">
    <trd>analogie</trd>,
    <trd>obdoba</trd>,
    <trd>podobnost</trd>
  </trdgrp>
  <trdgrp lng="de">
    <trd>Entsprechung</trd>,
    <trd>Analogie</trd>
  </trdgrp>
  <trd lng="en">analogy</trd>
  <trd lng="es">analog&iacute;a</trd>
  <trd lng="fr">analogie</trd>
  <trd lng="hu">anal&oacute;gia</trd>
  <trd lng="it">analogia</trd>
  <trd lng="nl">analogie</trd>
  <trd lng="pl">analogia</trd>
  <trd lng="ro">analogie</trd>
  <trd lng="ru">&c_a;&c_n;&c_a;&c_l;&c_o;&c_g;&c_i;&c_ja;</trd>
  <trdgrp lng="sk">
    <trd>anal&oacute;gia</trd>,
    <trd>anal&oacute;gia</trd>,
    <trd>&uacute;pln&aacute; podoba</trd>
  </trdgrp>
</drv>

<drv mrk="analog1.0a">
  <kap><tld/>a</kap>
  <snc>
    <dif>
      Konforma al <tld/>o; analogeca:
      <ekz>
        se eta fi&scirc;ista konko scias eviti katastrofon, kial en <tld/>aj cirkonstancoj
        milionoj da homoj ne povus eviti la pereon?
        <fnt>
          <bib>Far1</bib>
          <lok>&Ccirc;apitro XX</lok>
        </fnt>;
      </ekz>
      <ekz>
        se ni volus esti pedante gramatikaj, tiam ni devus uzi la vorton &leftquot;&gcirc;i&rightquot; ne sole
        por &leftquot;homo&rightquot;, sed anka&ubreve; por &ccirc;iu alia <tld/>a vorto, ekzemple ni devus diri:
        &leftquot;ri&ccirc;ulo pensas, ke &ccirc;io devas servi al &gcirc;i&rightquot; (&ccirc;ar ni parolas ja ne sole pri
        ri&ccirc;aj viroj, sed anka&ubreve; pri ri&ccirc;aj virinoj)
        <fnt>
          <bib>LR</bib>
          <lok>8. Personaj pronomoj</lok>
        </fnt>.
      </ekz>
    </dif>
  </snc>
  <trd lng="be">&c_a;&c_n;&c_a;&c_l;&c_ja;&c_g;&c_ib;&c_ch;&c_n;&c_y;</trd>
  <trd lng="bg">&c_a;&c_n;&c_a;&c_l;&c_o;&c_g;&c_i;&c_ch;&c_je;&c_n;</trd>
  <trd lng="ca">an&agrave;leg</trd>
  <trdgrp lng="cs">
    <trd>analogick&yacute;</trd>,
    <trd>obdobn&yacute;</trd>
  </trdgrp>
  <trdgrp lng="de">
      <trd>entsprechend</trd>,
      <trd>analog</trd>,
      <trd>analogisch</trd>
  </trdgrp>
  <trd lng="en">analogical</trd>
  <trdgrp lng="es">
    <trd>an&aacute;logo</trd>,
    <trd>anal&oacute;gico</trd>
  </trdgrp>
  <trd lng="fr">analogique</trd>
  <trd lng="hu">anal&oacute;g</trd>
  <trd lng="nl">analoog</trd>
  <trd lng="pl">analogiczny</trd>
  <trd lng="ru">&c_a;&c_n;&c_a;&c_l;&c_o;&c_g;&c_i;&c_ch;&c_n;&c_y;&c_j;</trd>
  <trd lng="sk">analogick&yacute;</trd>
</drv>
</art>
<!--
$Log: analog1.xml,v $
Revision 1.23  2019/03/05 08:10:14  revo
Wolfram Diestel: +ekz-oj

Revision 1.22  2018/04/27 09:10:23  revo
Jeromo Vasxe: ref dif

Revision 1.21  2017/12/11 10:10:14  revo
Michel Cantigneaux: Gxi ne estas oficiala vorto laux la Akademia
Vortaro, nek de la 1OA nek alia ajn

Revision 1.20  2017/05/22 19:10:13  revo
Vito Redsky: trd pl+trd ro

Revision 1.19  2015/07/04 08:37:30  revo
aldono de trd cs per skripto de M. von Laer

Revision 1.18  2015/06/28 12:03:35  revo
aldono de trd sk per skripto de M. von Laer

Revision 1.17  2013/08/08 16:10:11  revo
Joop Eggen: +trd bg

-->
</vortaro>
