<?xml version="1.0"?>
<!DOCTYPE vortaro SYSTEM "../dtd/vokoxml.dtd">

<vortaro>
<art mrk="$Id: analeptik.xml,v 1.1 2018/05/02 13:10:17 revo Exp $">
<kap>
  <rad>analeptik</rad>/o <fnt><bib>PIV1</bib></fnt>
</kap>
<drv mrk="analeptik.0o">
  <kap><tld/>o</kap>
  <snc mrk="analeptik.0o.MED">
    <uzo tip="fak">MED</uzo>
    <dif>
      Substanco vigliga por iu korpa funkcio: por spiro,
      por kor-pulsado...:
      <ekz>
        Pavli&scirc; injektis koran <tld/>on
        <fnt>
          <aut>K. Buli&ccirc;ov, trad. E. Tikhonov</aut>
          <vrk><url ref="http://sxakludanto.narod.ru/la_setlejo.htm">
          La setlejo</url></vrk>
          <lok>[2011?]</lok>
        </fnt>.
      </ekz>
    </dif>
  </snc>
  <trd lng="fr">analeptique<klr> (subst.)</klr></trd>
</drv>
</art>

<!--
$Log: analeptik.xml,v $
Revision 1.1  2018/05/02 13:10:17  revo
Jeromo Vasxe: nova artikolo

-->
</vortaro>