<?xml version="1.0"?>
<!DOCTYPE vortaro SYSTEM "../dtd/vokoxml.dtd">

<vortaro>
<art mrk="$Id: analiz.xml,v 1.30 2017/06/03 12:10:19 revo Exp $">
<kap>
  <ofc>1</ofc>
  <rad>analiz</rad>/i <fnt><bib>PV</bib></fnt>
</kap>
<drv mrk="analiz.0i">
  <kap><tld/>i</kap>
  <gra><vspec>tr</vspec></gra>
  <snc>
    <dif>
      Diserigi tuta&jcirc;on, por pli bone esplori ties erojn:
      <ekz>
        <tld/>i &hcirc;emian solva&jcirc;on, frazon, libron.
      </ekz>
    </dif>
  </snc>
  <ref tip="ant" cel="sintez.0o">sintezo</ref>
  <trd lng="be">&c_a;&c_n;&c_a;&c_l;&c_ib;&c_z;&c_a;&c_v;&c_a;&c_c;&c_mol;</trd>
  <trdgrp lng="de">
    <trd>analysieren</trd>,
    <trd>zergliedern</trd>,
    <trd>zerlegen</trd>
  </trdgrp>
  <trd lng="en">analyse</trd>
  <trd lng="es">analizar</trd>
  <trd lng="fr">analyser</trd>
  <trd lng="nl">analyseren</trd>
  <trd lng="it">analizzare</trd>
  <trd lng="pl">analizowa&cacute;</trd>
  <trd lng="pt">analisar</trd>
  <trd lng="ru">&c_a;&c_n;&c_a;&c_l;&c_i;&c_z;&c_i;&c_r;&c_o;&c_v;&c_a;&c_t;&c_mol;</trd>
  <trd lng="sk">analyzova&tcaron;</trd>
  <trd lng="sv">analysera</trd>
  <trd lng="ms">analisis</trd>
  <trdgrp lng="sk">
    <trd>robi&tcaron; anal&yacute;zu</trd>,
    <trd>rozklada&tcaron;</trd>,
    <trd>rozobera&tcaron;</trd>
  </trdgrp>
  <trdgrp lng="cs">
    <trd>analyzovat</trd>,
    <trd>prov&eacute;st rozbor</trd>,
    <trd>rozebrat</trd>
  </trdgrp>
</drv>

<drv mrk="analiz.0a">
  <kap><tld/>a</kap>
  <snc mrk="analiz.0a.KOMUNE">
    <dif>
      Rilata al <tld/>o:
      <ekz>
        &leftquot;Plena <tld/>a gramatiko de Esperanto&rightquot;.
      </ekz>
    </dif>
    <trd lng="ru">&c_a;&c_n;&c_a;&c_l;&c_i;&c_t;&c_i;&c_ch;&c_je;&c_s;&c_k;&c_i;&c_j;</trd>
    <trd lng="pl">analityczny</trd>    
  </snc>
  <snc mrk="analiz.0a.LIN">
    <uzo tip="fak">LIN</uzo>
    <dif>
      Uzanta apartan vorton por gramatika funkcio; esprimanta
      <ref cel="fleksi.0o.paradigmo">fleksiojn</ref> plurvorte:
      <ekz>
        la pasivo en Esperanto estas esprimata per
        <ind><tld/>a formo</ind>;
        <trd lng="ru">&c_s;&c_l;&c_o;&c_zh;&c_n;&c_a;&c_ja;
&c_f;&c_o;&c_r;&c_m;&c_a;</trd>
      </ekz>
      <ekz>
        <ind><tld/>(em)a lingvo</ind>
        <klr>(kontraste al <ref tip="ant"
        cel="fand.kun0ema_lingvo">kunfandema lingvo</ref>)</klr>;
  <trd lng="be">&c_a;&c_n;&c_a;&c_l;&c_ib;&c_t;&c_y;&c_ch;&c_n;&c_a;&c_ja;
&c_m;&c_o;&c_v;&c_a;</trd>
        <trd lng="ru">&c_a;&c_n;&c_a;&c_l;&c_i;&c_t;&c_i;&c_ch;&c_je;&c_s;&c_k;&c_i;&c_j;
&c_ja;&c_z;&c_y;&c_k;</trd>
      </ekz>
      <ekz>
        dativon Esperanto esprimas per
        <ind><tld/>a kazo</ind>: <em>al + nomo</em>;
        <trd lng="ru">&c_a;&c_n;&c_a;&c_l;&c_i;&c_t;&c_i;&c_ch;&c_je;&c_s;&c_k;&c_i;&c_j;
&c_p;&c_a;&c_d;&c_je;&c_zh;</trd>
      </ekz>
      <ekz>
        <tld/>a verbotempo, superlativo, komparativo.
      </ekz>
    </dif>
    <trd lng="fr">analytique</trd>
    <trd lng="pl">analityczny</trd>
    <trdgrp lng="ru">
      <trd>&c_a;&c_n;&c_a;&c_l;&c_i;&c_t;&c_i;&c_ch;&c_je;&c_s;&c_k;&c_i;&c_j;</trd>,
      <trd>&c_s;&c_l;&c_o;&c_zh;&c_n;&c_y;&c_j;</trd>
    </trdgrp>
  </snc>
  <trd lng="be">&c_a;&c_n;&c_a;&c_l;&c_ib;&c_t;&c_y;&c_ch;&c_n;&c_y;</trd>
  <trd lng="cs">analytick&yacute;</trd>
  <trd lng="sk">analytick&yacute;</trd>
</drv>

<drv mrk="analiz.0o">
  <kap><tld/>o</kap>
  <snc>
    <dif>
      Dismeto a&ubreve; aparta konsidero de la partoj, aspektoj de io.
    </dif>
  </snc>
  <trd lng="be">&c_a;&c_n;&c_a;&c_l;&c_ib;&c_z;</trd>
  <trdgrp lng="cs">
    <trd>anal&yacute;za</trd>,
    <trd>rozbor</trd>,
    <trd>rozklad</trd>
  </trdgrp>
  <trd lng="en">analysis</trd>
  <trd lng="fr">analyse</trd>
  <trd lng="pl">analiza</trd>  
  <trd lng="ru">&c_a;&c_n;&c_a;&c_l;&c_i;&c_z;</trd>
  <trdgrp lng="sk">
    <trd>anal&yacute;za</trd>,
    <trd>rozbor</trd>,
    <trd>rozkladanie</trd>
  </trdgrp>
</drv>

<drv mrk="analiz.0ilo">
  <kap><tld/>ilo</kap>
  <snc mrk="analiz.0ilo.KOMP">
    <uzo tip="fak">KOMP</uzo>
    <dif>
      Programa a&ubreve; aparata rimedo por trovi atributojn a&ubreve;
      komponantojn de datumo:
      <ekz>
        leksika analizilo,
      </ekz>
      <ekz>
        <ind>sintaksa analizilo</ind>.
        <trd lng="en">parser</trd>
      </ekz>
    </dif>
  </snc>
  <trd lng="be">&c_a;&c_n;&c_a;&c_l;&c_ib;&c_z;&c_a;&c_t;&c_a;&c_r;</trd>
  <trdgrp lng="cs">
    <trd>analytick&yacute; p&rcaron;&iacute;stroj</trd>,
    <trd>analyz&aacute;tor</trd>
  </trdgrp>
  <trd lng="en">analyser</trd>
  <trd lng="fr">analyseur</trd>
  <trd lng="nl">analysator</trd>
  <trd lng="pl">analizator</trd>
  <trd lng="ru">&c_a;&c_n;&c_a;&c_l;&c_i;&c_z;&c_a;&c_t;&c_o;&c_r;</trd>
  <trd lng="sk">analyz&aacute;tor</trd>
</drv>

<drv mrk="analiz.0isto">
  <kap><tld/>isto</kap>
  <snc mrk="analiz.0isto.KOMUNE">
    <dif>
      Homo profesie observanta kaj <tld/>anta.
    </dif>
    <subsnc mrk="analiz.0isto.EKON">
      <uzo tip="fak">EKON</uzo>
      <dif>
        Fakulo analizanta ekonomian situacion kaj &gcirc;iajn ka&ubreve;zojn por 
        faciligi prognozojn; ekonomia <tld/>isto:
        <ekz>
          <tld/>isto de &Ccirc;ina Komerca Banko
          <fnt>
            <aut>&Ccirc;ina Radio Internacia</aut>,
            <vrk><url
            ref="http://esperanto.cri.cn/121/2008/12/25/1s90316.htm">
            Normala fenomeno...</url></vrk>,
            <lok>2008-12-25</lok>
          </fnt>.
        </ekz>
      </dif>
    </subsnc>
    <subsnc mrk="analiz.0isto.KOMP">
      <uzo tip="fak">KOMP</uzo>
      <dif>
        Komputisto <tld/>anta la bezonojn de uzantoj
        kaj proponanta solvojn por ilia kontentigo:
        <ekz>
          &leftquot;nia tuta mondo sidas sur komputilo <klr>...</klr>&rightquot;
          tiel plendis Angela Bennet, komputilsistema <tld/>isto, 
          en la minuto 78-a de la filmo <klr>...</klr> <ctl>la 
          reto</ctl>
          <fnt>
            <aut>F. Kraft</aut>,
            <vrk><url
            ref="http://storm.prohosting.com/jesuo/k34reto.htm">
            La reto...</url></vrk>,
            <lok>Kajeroj el la Sudo, 1997-04, numero 34a</lok>
          </fnt>
        </ekz>
      </dif>
    </subsnc>
  </snc>
  <trd lng="cs">analytik <klr>(chemik| matematik)</klr></trd>
  <trd lng="fr">analyste</trd>
  <trd lng="pl">analityk</trd>
  <trdgrp lng="sk">
    <trd>analytik <klr>(chemik, matematik)</klr></trd>,
    <trd>analytik <klr>(chemik| matematik)</klr></trd>
  </trdgrp>
</drv>
</art>
<!--
$Log: analiz.xml,v $
Revision 1.30  2017/06/03 12:10:19  revo
Vito Redsky: +trd pl

Revision 1.29  2017/05/01 13:10:16  revo
Wolfram Diestel: kor. ref

Revision 1.28  2017/01/27 15:10:18  revo
Adam Eng: +trd ms

Revision 1.27  2015/07/04 08:37:30  revo
aldono de trd cs per skripto de M. von Laer

Revision 1.26  2015/06/29 16:39:29  revo
aldono de trd sk per skripto de M. von Laer

Revision 1.25  2015/06/28 12:03:35  revo
aldono de trd sk per skripto de M. von Laer

Revision 1.24  2010/04/21 16:30:21  revo
Jeromo Vasxe: + ~isto

Revision 1.23  2010/03/13 17:30:40  revo
-->
</vortaro>
