<?xml version="1.0"?>
<!DOCTYPE vortaro SYSTEM "../dtd/vokoxml.dtd">

<vortaro>
<art mrk="$Id: ananas.xml,v 1.29 2018/08/28 19:10:17 revo Exp $">
<kap>
  <ofc>*</ofc>
  <rad>ananas</rad>/o
</kap>
<drv mrk="ananas.0o">
  <kap><ofc>*</ofc><tld/>o</kap>
  <snc>
    <dif>
      Man&gcirc;ebla &scirc;ajnfrukto de <tld/>ujo,
      unu- &gcirc;is tri-kilograma, konsistanta el la maturi&gcirc;inta infloresko, 
      kies tigo kaj beroj ktp kunkreskas en strobiloforman tuton:
      <ekz>
        en la mezo inter la folioj kronis la fruktan piramidon <tld/>o tute ora 
        <fnt>
          <bib>IK</bib>
        </fnt>;
      </ekz>
      <ekz>
        jam Kristoforo Kolumbo kunportis en 1493 la <tld/>on 
        de sia dua voja&gcirc;o al la Nova Mondo al Hispanio
        <fnt>
          <bib>Viki</bib>
          <lok><url ref="https://eo.wikipedia.org/?curid=508727">Bromeliacoj</url></lok>
        </fnt>.
      </ekz>
    </dif>
  </snc>
  <trd lng="be">&c_a;&c_n;&c_a;&c_n;&c_a;&c_s; <klr>(&c_p;&c_l;&c_o;&c_d;)</klr></trd>
  <trd lng="bg">&c_a;&c_n;&c_a;&c_n;&c_a;&c_s;</trd>
  <trd lng="br">aval-ananaz</trd>
  <trdgrp lng="ca">
    <trd>pinya tropical</trd>,
    <trd>anan&agrave;s</trd>
  </trdgrp>
  <trd lng="cs">ananas</trd>
  <trd lng="de">Ananas</trd>
  <trd lng="en">pineapple</trd>
  <trdgrp lng="es">
    <trd>pi&ntilde;a tropical</trd>,
    <trd>anan&aacute;s</trd>
  </trdgrp>
  <trd lng="fa">&a_A_madda;&a_n;&a_A;&a_n;&a_A;&a_s;</trd>
  <trd lng="fr">ananas</trd>
  <trd lng="hu">anan&aacute;sz</trd>
  <trd lng="nl">ananas</trd>
  <trd lng="pl">ananas</trd>
  <trdgrp lng="pt">
    <trd>anan&aacute;s</trd>,
    <trd>abacaxi</trd>
  </trdgrp>
  <trd lng="ro">ananas</trd>
  <trd lng="ru">&c_a;&c_n;&c_a;&c_n;&c_a;&c_s;</trd>
  <trd lng="sk">anan&aacute;s</trd>
  <trd lng="sv">ananas</trd>
</drv>

<drv mrk="ananas.0ujo">
  <kap><tld/>ujo</kap>
  <uzo tip="fak">BOT</uzo>
  <snc>
    <dif>
      <ref tip="lst" cel="genr.0o.BIO"
      lst="voko:botanikaj_genroj">Genro</ref> el familio
      <ref tip="malprt" cel="bromeli.0oj">bromeliacoj</ref>
      (<trd lng="la">Ananas</trd>), kies unu specio estas kulturata
      pro la man&gcirc;ebla &scirc;ajnfrukto.
    </dif>
  </snc>
  <trd lng="be">&c_a;&c_n;&c_a;&c_n;&c_a;&c_s; <klr>(&c_r;&c_a;&c_s;&c_mol;&c_l;&c_ib;&c_n;&c_a;)</klr></trd>
  <trdgrp lng="br">
    <trd>avalenn-ananaz</trd>,
    <trd>plantenn <ind>ananaz</ind></trd>
  </trdgrp>
  <trd lng="ca">anan&agrave;s</trd>
  <trd lng="cs">ananas</trd>
  <trd lng="de">Ananasbaum</trd>
  <trd lng="en">pineapple</trd>
  <trd lng="es">anan&aacute;s</trd>
  <trd lng="fa">&a_d;&a_r;&a_kh;&a_t; <ind>&a_A_madda;&a_n;&a_A;&a_n;&a_A;&a_s;</ind></trd>
  <trd lng="fr">ananas</trd>
  <trd lng="hu">anan&aacute;sz <klr
tip="amb">(n&ouml;v&eacute;ny)</klr></trd>
  <trd lng="ru">&c_a;&c_n;&c_a;&c_n;&c_a;&c_s; <klr
tip="amb">(&c_r;&c_a;&c_s;&c_t;&c_je;&c_n;&c_i;&c_je;)</klr></trd>
  <trd lng="sk">anan&aacute;s</trd>
</drv>
</art>
<!--
$Log: ananas.xml,v $
Revision 1.29  2018/08/28 19:10:17  revo
Wolfram Diestel: ~o: +ekz-oj, precizigis dif

Revision 1.28  2017/07/14 17:10:15  revo
Vito Redsky: +trd ro

Revision 1.27  2015/09/10 11:10:27  revo
Evandro Avellar: +trd pt

Revision 1.26  2015/07/04 08:37:30  revo
aldono de trd cs per skripto de M. von Laer

Revision 1.25  2015/06/28 12:03:35  revo
aldono de trd sk per skripto de M. von Laer

Revision 1.24  2014/09/13 09:10:12  revo
Agustin Garcia Lopez: +trd(es)

Revision 1.23  2013/08/26 09:10:55  revo
Wolfram Diestel: referenco al listo sciencoj

Revision 1.22  2012/07/31 16:10:14  revo
-->
</vortaro>
