<?xml version="1.0"?>
<!DOCTYPE vortaro SYSTEM "../dtd/vokoxml.dtd">

<vortaro>
<art mrk="$Id: anarhx.xml,v 1.22 2018/10/06 12:10:14 revo Exp $">
<kap>
  <ofc>3</ofc>
  <rad>anar&hcirc;i</rad>/o,
  <var><kap><ofc>3</ofc>
    <rad>anarki</rad>/o</kap>
  </var>
</kap>

<drv mrk="anarhx.0o">
  <kap><tld/>o,
    <var><kap>anarkio</kap></var>
  </kap>
  <snc>
    <dif>
      <ref tip="super" cel="arbitr.0o">Arbitro</ref>, perdo de kontrolo kaj prudento:
      <ekz>
        nur por gardi nian lingvon kontra&ubreve; <tld/>o de la flanko 
        de apartaj personoj, nia lingvo havas sian plej senpartie elektitan
        kaj el plej kompetentaj personoj konsistantan kaj konsistontan Lingvan Komitaton
        <fnt>
          <bib>Paroloj</bib>
          <vrk>Parolado anta&ubreve; la Kvara Kongreso Esperantista en Dresden en la 17a de a&ubreve;gusto 1908</vrk>
        </fnt>;
      </ekz>
      <ekz>
        la sola celo, kiun la Fundamento havas, estas nur: gardi la lingvon 
        kontra&ubreve; <tld/>o, kontra&ubreve; reformoj arbitraj kaj personaj, kontra&ubreve; dan&gcirc;era rompado,
        kontra&ubreve; for&jcirc;etado de malnovaj formoj, anta&ubreve; ol la novaj estos sufi&ccirc;e elprovitaj
        <fnt>
          <bib>LR</bib>
          <lok>1. La Fundamento</lok>
        </fnt>;
      </ekz>
      <ekz>
        malgra&ubreve; &ndash; pro &ndash; la soldatoj regas <tld/>o
        <fnt>
          <bib>Monato</bib>
          <aut>Paul Gubbins</aut>
          <vrk><url ref="http://www.esperanto.be/fel/2003/008119.html">Taglibro 
          de l' milito ... el la lando de &Scirc;ekspiro</url></vrk>
        </fnt>.
      </ekz>
    </dif>
  </snc>
  <snc mrk="anarhx.0o.POL">
    <uzo tip="fak">POL</uzo>
    <dif>
      Perdo de kontrolo, de regula funkciado en socio, en regado de lando:
      <ekz>
        militaj konfliktoj, interna malstabileco, anarkio
        <fnt>
          <bib>Monato</bib>
          <aut>Roland Rotsaert</aut>
          <vrk><url ref="http://steloj.de/esperanto/monato2/007258.html">Mondaj Financoj:
          Post la kunsido de financistoj en Prago</url></vrk>
        </fnt>.
      </ekz>
    </dif>
  </snc>
  <trd lng="be">&c_a;&c_n;&c_a;&c_r;&c_h;&c_ib;&c_ja;</trd>
  <trdgrp lng="bg">
    <trd>&c_a;&c_n;&c_a;&c_r;&c_h;&c_i;&c_ja;</trd>,
    <trd>&c_b;&c_je;&c_z;&c_v;&c_l;&c_a;&c_s;&c_t;&c_i;&c_je;</trd>
  </trdgrp>
  <trdgrp lng="de">
    <trd>Gesetzlosigkeit</trd>,
    <trd>Anarchie</trd>,
    <trd>Unordnung</trd>,
    <trd>Durcheinander</trd>,
    <trd>Chaos</trd>
  </trdgrp>
  <trd lng="en">anarchy</trd>
  <trd lng="es">anarqu&iacute;a</trd>
  <trd lng="fr">anarchie</trd>
  <trd lng="nl">anarchie</trd>
  <trd lng="no">anarki</trd>
  <trdgrp lng="pl">
    <trd>anarchia</trd>,
    <trd>bez&lstroke;ad</trd>,
    <trd>chaos</trd>
  </trdgrp>
  <trd lng="ru">&c_a;&c_n;&c_a;&c_r;&c_h;&c_i;&c_ja;</trd>
  <trd lng="sk">anarchia</trd>
  <trdgrp lng="sv">
    <trd>anarki</trd>,
    <trd>lagl&ouml;shet</trd>
  </trdgrp>
</drv>

<drv mrk="anarhx.0a">
  <kap><tld/>a,
   <var><kap>anarkia</kap></var>
  </kap>
  <snc>
    <dif>
      Senkontrola, malprudente senorda, arbitra:
      <ekz>
        <nom>Albert Cossery</nom> <klr>[&#8230;]</klr> &dash; la &leftquot;mesa&gcirc;o&rightquot; de lia verkaro estas iel <tld/>a,
        la&ubreve;das pigrecon, socian mar&gcirc;enecon, kontra&ubreve; la pezo, la stulteco, la krueleco de &ccirc;iuj
        potencoj, liaj herooj estas almozuloj, dormemaj ri&ccirc;uloj, &ccirc;iesulinoj, petolaj kaj sentabuaj
        farsuloj, kiujn li oponas al la diktatoreco de socia ordo kaj friponaj ri&ccirc;uloj
        <fnt>
          <bib>Viki</bib>
          <lok><url ref="https://eo.wikipedia.org/?curid=25419">Albert Cossery</url></lok>
        </fnt>;
      </ekz>
      <ekz>
        kiel konate ekde Aristotelo, anarkia o&hcirc;lokratio (= regado de la plebo) per sekva pa&scirc;o nepre fari&gcirc;as tiranio
        <fnt>
          <bib>Monato</bib>
          <aut>Vinko O&scaron;lak</aut>
          <vrk><url ref="http://www.monato.net/2010/010022.php">Dekstrismo en demokratio</url></vrk>
        </fnt>;
      </ekz>
      <ekz>
        ilia socio ne povus esti pli simpla, kaj estas, en pozitiva senco, anarkia, 
        la ikaranoj <klr>(utopianoj)</klr> konas nek registaron, nek policon
        <fnt>
          <bib>Monato</bib>
          <aut>Garvan Makaj'</aut>
          <vrk><url ref="http://www.monato.net/2015/011355.php">Komunika&jcirc;o de Ikaro</url></vrk>
        </fnt>.
      </ekz>
    </dif>
  </snc>
  <trd lng="be">&c_a;&c_n;&c_a;&c_r;&c_h;&c_ib;&c_ch;&c_n;&c_y;</trd>
  <trd lng="bg">&c_a;&c_n;&c_a;&c_r;&c_h;&c_i;&c_ch;&c_je;&c_n;</trd>
  <trdgrp lng="de">
    <trd>gesetzlos</trd>,
    <trd>anarchisch</trd>,
    <trd>chaotisch</trd>
  </trdgrp>
  <trdgrp lng="en">
    <trd>anarchic</trd>,
    <trd>anarchist</trd>,
    <trd>chaotic</trd>
  </trdgrp>
  <trdgrp lng="fr">
    <trd>anarchique</trd>,
    <trd>anarchiste<klr tip="amb"> (adj.)</klr></trd>
  </trdgrp>
  <trd lng="es">anarquista</trd>
  <trd lng="nl">anarchistisch</trd>
  <trd lng="no">anarkistisk</trd>
  <trdgrp lng="pl">
    <trd>anarchistyczny</trd>,
    <trd>bez&lstroke;adny</trd>,
    <trd>chaotyczny</trd>
  </trdgrp>
  <trdgrp lng="ru">
    <trd>&c_a;&c_n;&c_a;&c_r;&c_h;&c_i;&c_ch;&c_n;&c_y;&c_j;</trd>,
    <trd>&c_a;&c_n;&c_a;&c_r;&c_h;&c_i;&c_ch;&c_je;&c_s;&c_k;&c_i;&c_j;</trd>
  </trdgrp>
  <trd lng="sk">anarchistick&yacute;</trd>
  <trd lng="sv">anarkistisk</trd>
</drv>

<drv mrk="anarhx.0ismo">
  <kap><tld/>ismo,
    <var><kap>anarkiismo</kap></var>,
    <var><kap>anarkismo <fnt><bib>PV</bib></fnt></kap></var>
  </kap>
  <snc>
    <uzo tip="fak">POL</uzo>
    <dif>
      Socia kaj politika doktrino, kiu celas absolutan individuan liberecon
      kaj forigon de &ccirc;ia &scirc;tata regado; senregeco, senestreco:
      <ekz>
        <nom>Emma Goldman</nom> estis <tld/>-komunisto konata pro siaj <tld/>ismaj verkoj kaj paroladoj
        <fnt>
          <bib>Viki</bib>
          <lok><url ref="https://eo.wikipedia.org/?curid=49746">Emma Goldman</url></lok>
        </fnt>;
      </ekz>
      <ekz>
        la&ubreve; unu vidpunkto, Esperanto estis parto de juda-bol&scirc;evisma-anarkiisma
        konspiro (kia miksa&jcirc;o!) kaj tial abolenda, a&ubreve; almena&ubreve; zorge regenda fare de la diktatoraj re&gcirc;imoj
        <fnt>
          <bib>Monato</bib>
          <aut>Donald Broadribb</aut>
          <vrk><url ref="http://www.monato.net/2011/010155.php">Admirinda historilibro</url></vrk>
        </fnt>.
      </ekz>
    </dif>
  </snc>
  <trd lng="be">&c_a;&c_n;&c_a;&c_r;&c_h;&c_ib;&c_z;&c_m;</trd>
  <trd lng="bg">&c_a;&c_n;&c_a;&c_r;&c_h;&c_i;&c_z;&c_malmol;&c_m;</trd>
  <trdgrp lng="de">
    <trd>Gesetzlosigkeit</trd>,
    <trd>Anarchie</trd>
  </trdgrp>
  <trd lng="en">anarchism</trd>
  <trd lng="fr">anarchisme</trd>
  <trd lng="nl">anarchisme</trd>
  <trd lng="no">anarkisme</trd>
  <trd lng="pl">anarchizm</trd>
  <trd lng="ru">&c_a;&c_n;&c_a;&c_r;&c_h;&c_i;&c_z;&c_m;</trd>
  <trd lng="sv">anarkism</trd>
</drv>

<drv mrk="anarhx.0isto">
  <kap><tld/>isto,
    <var><kap>anarkiisto</kap></var>,
    <var><kap>anarkisto <fnt><bib>PV</bib></fnt></kap></var>
  </kap>
  <snc>
    <uzo tip="fak">POL</uzo>
    <dif>
      Adepto de anarkiismo:
      <ekz>
        <nom>Taiji Yamaga</nom> estis japana <tld/>isto, pacifisto kaj esperantisto
        <fnt>
          <bib>Viki</bib>
          <lok><url ref="https://eo.wikipedia.org/?curid=195709">Jamaga Tai&jcirc;i</url></lok>
        </fnt>;
      </ekz>
      <ekz>
        <nom>Ledon</nom> ja &ccirc;iam estis anarkiisto kaj liaj vidpunktoj (kelkfoje radikalaj)
        ne &ccirc;iam pla&ccirc;is al mi, povra neanarkiisto
        <fnt>
          <bib>Monato</bib>
          <aut>Claudinei Ribeiro</aut>
          <vrk><url ref="http://www.esperanto.be/fel/2003/008125.html">Memore al Gilbert Ledon</url></vrk>
        </fnt>;
      </ekz>     
      <ekz>
        la anarkistoj partoprenantaj la sindikatan laboron
        <fnt><bib>Lanti</bib>, <lok>&leftquot;ho malfidemulo!...&rightquot;</lok></fnt>.
      </ekz>
    </dif>
  </snc>
  <trd lng="be">&c_a;&c_n;&c_a;&c_r;&c_h;&c_ib;&c_s;&c_t;</trd>
  <trd lng="bg">&c_a;&c_n;&c_a;&c_r;&c_h;&c_i;&c_s;&c_t;</trd>
  <trd lng="de">Anarchist</trd>
  <trd lng="en">anarchist</trd>
  <trd lng="fr">anarchiste<klr tip="amb"> (subst.)</klr></trd>
  <trd lng="es">anarquista</trd>
  <trd lng="nl">anarchist</trd>
  <trd lng="no">anarkist</trd>
  <trd lng="pl">anarchista</trd>
  <trd lng="ru">&c_a;&c_n;&c_a;&c_r;&c_h;&c_i;&c_s;&c_t;</trd>
  <trd lng="sk">anarchista</trd>
  <trd lng="sv">anarkist</trd>
</drv>

<drv mrk="anarhx.0ulo">
  <kap><tld/>ulo,
    <var><kap>anarkiulo</kap></var>
  </kap>
  <snc>
    <dif>
      Homo kies konduto kaj vivmaniero estas senregula, senordega.
    </dif>
  </snc>
  <snc mrk="anarhx.0ulo.anarkiisto">
    <dif>
      <ref tip="dif" cel="anarhx.0isto">Anar&hcirc;iisto</ref>:
      <ekz>
        Goliardistoj estas, kaj estis, la&ubreve;tempe de studado almena&ubreve;, la naturaj a&ubreve; eksecaj anarkiuloj kaj kontestuloj de &ccirc;io kio socie stagnas
        <fnt>
          <bib>Viki</bib>
          <lok><url ref="https://eo.wikipedia.org/?curid=494765">Goliardio</url></lok>
        </fnt>.
      </ekz>
    </dif>
  </snc>
  <trd lng="be">&c_a;&c_n;&c_a;&c_r;&c_h;&c_ib;&c_s;&c_t;</trd>
  <trd lng="bg">&c_a;&c_n;&c_a;&c_r;&c_h;&c_i;&c_s;&c_t;</trd>
  <trdgrp lng="de">
    <trd>Anarch</trd>,
    <trd>Chaot</trd>
  </trdgrp>
  <trd lng="en">anarchist</trd>
  <trd lng="es">anarquista</trd>
  <trd lng="fr">anarchiste<klr tip="amb"> (subst.)</klr></trd>
  <trd lng="nl">anarchist</trd>
  <trd lng="no">anarkist</trd>
  <trd lng="pl">anarchista</trd>
  <trd lng="ru">&c_a;&c_n;&c_a;&c_r;&c_h;&c_i;&c_s;&c_t;</trd>
</drv>
</art>
<!--
$Log: anarhx.xml,v $
Revision 1.22  2018/10/06 12:10:14  revo
Wolfram Diestel: +var PV

Revision 1.21  2018/10/04 19:10:16  revo
Wolfram Diestel: +ekzoj, +var-oj, distingi snc KOMUNE de snc POL

Revision 1.20  2015/12/07 06:10:16  revo
Sebastian Cyprych: +trd pl

Revision 1.19  2015/04/10 19:10:15  revo
Filip van Laenen: +trd(nl,no)

Revision 1.18  2014/01/05 10:10:21  revo
Damien Brucker: +trd fr

Revision 1.17  2008/02/11 17:30:52  revo
Wieland Pusch: +trd bg

Revision 1.16  2004/09/30 16:31:45  revo
Jeromo Vasxe: kor 1 ref

Revision 1.15  2004/09/20 18:29:02  revo
-->
</vortaro>
