<?xml version="1.0"?>
<!DOCTYPE vortaro SYSTEM "../dtd/vokoxml.dtd">

<vortaro>
<art mrk="$Id: anased.xml,v 1.9 2018/10/13 14:10:18 revo Exp $">
<kap>
  <rad>anased</rad>/oj
</kap>
<drv mrk="anased.0oj">
  <kap>
    <tld/>oj
  </kap>
  <uzo tip="fak">ZOO</uzo>
  <snc>
    <dif>
      <ref tip="lst" cel="famili.0o.BIO"
      lst="voko:zoologiaj_familioj">Familio</ref> el la ordo
      <ref tip="malprt" cel="anser.0oformaj">anseroformaj</ref>
      birdoj (<trd lng="la">Anatidae</trd>):
      <ekz>
        la plej grava el la <tld/>aj trajtoj estas la beko, plateca kun mola
         &scirc;elo kaj ronda ekstremo, sur la rando de tiu beko, vicoj de premaj lamenetoj utilas por filtri akvon
        <fnt>
          <bib>Viki</bib>
          <lok><url ref="https://eo.wikipedia.org/?curid=16039">Anasedoj</url></lok>
        </fnt>.
      </ekz>
    </dif>
  </snc>
  <trd lng="be">&c_k;&c_a;&c_ch;&c_k;&c_ib; <klr tip="amb">(&c_s;&c_ja;&c_m;'&c_ja;)</klr></trd>
  <trd lng="ca">an&agrave;tids</trd>
  <trd lng="de">Enten</trd>
  <trd lng="fr">anatid&eacute;s</trd>
  <trd lng="hu">r&eacute;cef&eacute;l&eacute;k</trd>
  <trd lng="pl">kaczkowate</trd>
  <trdgrp lng="ru">
    <trd>&c_u;&c_t;&c_i;&c_n;&c_y;&c_je;</trd>,
    <trd>&c_u;&c_t;&c_k;&c_i; <klr tip="amb">(&c_s;&c_je;&c_m;&c_je;&c_j;&c_s;&c_t;&c_v;&c_o;)</klr></trd>
  </trdgrp>
</drv>
</art>

<!--
$Log: anased.xml,v $
Revision 1.9  2018/10/13 14:10:18  revo
Wolfram Diestel: + citajho

Revision 1.8  2017/06/14 22:10:16  revo
Vito Redsky: +trd pl

Revision 1.7  2013/08/31 08:11:06  revo
Wolfram Diestel: referenco al listozoo familioj

Revision 1.6  2012/08/19 19:10:26  revo
Marc Rausell: + trd ca

Revision 1.5  2004/07/26 17:23:58  revo
Dmitri Gabinski: +trd be

Revision 1.4  2002/06/20 17:31:37  revo
Jozefo Horvath: +trd hu

Revision 1.3  2001/11/21 17:35:44  revo
Yury Finkel: kor trd ru

Revision 1.2  2001/11/16 19:13:42  revo
-->
</vortaro>
